JDAY,DLT(s),ELWS(m),T2(C),U(ms-1),Q(m3s-1),SRON(Wm-2),EXT(m-1),DEPTH(m),WIDTH(m),SHADE,Tvolavg(C),NetRad(Wm-2),SWSolar(Wm-2),LWRad(Wm-2),BackRad(Wm-2),EvapF(Wm-2),ConducF(Wm-2),ReaerationCoeff(day-1),           Gen1,           ISS1,     EPI(g/m2),     SED(Organic matter in sediments g/m3),    SEDP(OrgP in sediments gP/m3),    SEDN(OrgN in sediments gN/m3),    SEDC(OrgCSediments gC/m3),PLIM_ALG1           ,PLIM_ALG2           ,PLIM_ALG3           ,NLIM_ALG1           ,NLIM_ALG2           ,NLIM_ALG3           ,LLIM_ALG1           ,LLIM_ALG2           ,LLIM_ALG3           ,EPLIM_1,ENLIM_1,ELLIM_1,
     1.000,     5.000,   468.080,     9.000,     0.000,     0.026,     0.000,     0.450,    34.870,   526.400,     1.000,     9.000,  -272.480,     0.000,   231.734,   349.198,    90.104,    64.912,     0.000,         0.000,         0.000,        10.000,     0.000,     0.000,     0.000,     0.000,         1.000,         1.000,         1.000,         1.000,         1.000,         1.000,         1.000,         1.000,         1.000,         1.000,         1.000,         1.000,
     1.101,   400.435,   467.958,     8.982,     0.036,   259.976,     0.000,     0.450,    34.748,   526.400,     1.000,     8.982,  -271.124,     0.000,   231.363,   349.110,    88.951,    64.426,     0.000,         0.101,         0.000,         9.898,     0.000,     0.000,     0.000,     0.000,         1.000,         1.000,         1.000,         1.000,         1.000,         1.000,         1.000,         1.000,         1.000,         0.000,         0.000,         0.000,
     1.201,   799.117,   467.861,     8.963,     0.038,   183.414,     0.000,     0.450,    34.651,   526.400,     1.000,     8.967,  -269.753,     0.000,   230.990,   349.012,    87.797,    63.933,     0.000,         0.201,         0.000,         9.799,     0.000,     0.000,     0.000,     0.000,         1.000,         1.000,         1.000,         1.000,         1.000,         1.000,         1.000,         1.000,         1.000,         0.000,         0.000,         0.000,
     1.300,   797.569,   467.768,     8.950,     0.042,   217.339,   327.391,     0.450,    34.558,   526.400,     1.000,     8.950,    40.244,   308.859,   230.649,   348.948,    86.797,    63.520,     0.000,         0.300,         0.000,         9.701,     0.000,     0.000,     0.000,     0.000,         1.000,         1.000,         1.000,         1.000,         1.000,         1.000,         1.000,         1.000,         1.000,         0.000,         0.000,         0.979,
     1.400,   795.131,   467.678,     8.922,     0.038,   175.195,     0.000,     0.450,    34.468,   526.400,     1.000,     8.939,  -267.291,     0.000,   230.284,   348.842,    85.692,    63.042,     0.000,         0.400,         0.000,         9.604,     0.000,     0.000,     0.000,     0.000,         1.000,         1.000,         1.000,         1.000,         1.000,         1.000,         1.000,         1.000,         1.000,         0.000,         0.000,         0.000,
     1.500,   792.708,   467.608,     8.921,     0.035,   163.719,     0.000,     0.450,    34.398,   526.400,     1.000,     8.921,  -266.295,     0.000,   229.918,   348.820,    84.723,    62.670,     0.000,         0.500,         0.000,         9.507,     0.000,     0.000,     0.000,     0.000,         1.000,         1.000,         1.000,         1.000,         1.000,         1.000,         1.000,         1.000,         1.000,         0.000,         0.000,         0.000,
     1.600,   790.277,   467.542,     8.911,     0.037,   163.590,   329.240,     0.450,    34.332,   526.400,     1.000,     8.911,    45.416,   310.604,   229.553,   348.758,    83.722,    62.261,     0.000,         0.600,         0.000,         9.412,     0.000,     0.000,     0.000,     0.000,         1.000,         1.000,         1.000,         1.000,         1.000,         1.000,         1.000,         1.000,         1.000,         0.000,         0.000,         0.988,
     1.700,   787.842,   467.476,     8.887,     0.033,   162.074,     0.000,     0.450,    34.266,   526.400,     1.000,     8.887,  -263.945,     0.000,   229.190,   348.649,    82.678,    61.808,     0.000,         0.700,         0.000,         9.317,     0.000,     0.000,     0.000,     0.000,         1.000,         1.000,         1.000,         1.000,         1.000,         1.000,         1.000,         1.000,         1.000,         0.000,         0.000,         0.000,
     1.801,   785.390,   467.406,     8.872,     0.035,   169.913,   330.470,     0.450,    34.196,   526.400,     1.000,     8.874,    48.985,   311.764,   228.826,   348.553,    81.671,    61.380,     0.000,         0.801,         0.000,         9.222,     0.000,     0.000,     0.000,     0.000,         1.000,         1.000,         1.000,         1.000,         1.000,         1.000,         1.000,         1.000,         1.000,         0.000,         0.000,         0.992,
     1.900,   782.986,   467.339,     8.858,     0.035,   165.622,     0.000,     0.450,    34.129,   526.400,     1.000,     8.858,  -261.829,     0.000,   228.470,   348.505,    80.770,    61.024,     0.000,         0.900,         0.000,         9.131,     0.000,     0.000,     0.000,     0.000,         1.000,         1.000,         1.000,         1.000,         1.000,         1.000,         1.000,         1.000,         1.000,         0.000,         0.000,         0.000,
     2.000,   780.555,   467.270,     8.836,     0.034,   164.141,     0.000,     0.450,    34.060,   526.400,     1.000,     8.836,  -260.704,     0.000,   228.112,   348.398,    79.806,    60.611,     0.000,         1.000,         0.000,         9.039,     0.000,     0.000,     0.000,     0.000,         1.000,         1.000,         1.000,         1.000,         1.000,         1.000,         1.000,         1.000,         1.000,         0.000,         0.000,         0.000,
     2.100,   778.122,   467.201,     8.801,     0.042,   168.388,     0.000,     0.450,    33.991,   526.400,     1.000,     8.819,  -264.728,     0.000,   228.677,   348.306,    82.935,    62.164,     0.000,         1.100,         0.000,         8.948,     0.000,     0.000,     0.000,     0.000,         1.000,         1.000,         1.000,         1.000,         1.000,         1.000,         1.000,         1.000,         1.000,         0.000,         0.000,         0.000,
     2.200,   775.694,   467.130,     8.816,     0.047,   169.444,   666.812,     0.450,    33.920,   526.400,     1.000,     8.815,   359.194,   629.068,   229.337,   348.242,    86.851,    64.118,     0.000,         1.200,         0.000,         8.858,     0.000,     0.000,     0.000,     0.000,         1.000,         1.000,         1.000,         1.000,         1.000,         1.000,         1.000,         1.000,         1.000,         0.000,         0.000,         0.726,
     2.301,   773.240,   467.059,     8.816,     0.042,   168.206,     0.000,     0.450,    33.849,   526.400,     1.000,     8.815,  -276.209,     0.000,   230.010,   348.336,    91.419,    66.463,     0.000,         1.301,         0.000,         8.768,     0.000,     0.000,     0.000,     0.000,         1.000,         1.000,         1.000,         1.000,         1.000,         1.000,         1.000,         1.000,         1.000,         0.000,         0.000,         0.000,
     2.400,   770.828,   466.988,     8.810,     0.054,   167.640,   447.958,     0.450,    33.778,   526.400,     1.000,     8.813,   140.335,   422.602,   230.678,   348.247,    95.998,    68.700,     0.000,         1.400,         0.000,         8.681,     0.001,     0.000,     0.000,     0.000,         1.000,         1.000,         1.000,         1.000,         1.000,         1.000,         1.000,         1.000,         1.000,         0.000,         0.000,         0.936,
     2.500,   768.402,   466.919,     8.796,     0.042,   165.581,     0.000,     0.450,    33.709,   526.400,     1.000,     8.800,  -289.022,     0.000,   231.357,   348.202,   101.030,    71.147,     0.000,         1.499,         0.000,         8.594,     0.001,     0.000,     0.000,     0.000,         1.000,         1.000,         1.000,         1.000,         1.000,         1.000,         1.000,         1.000,         1.000,         0.000,         0.000,         0.000,
     2.600,   765.968,   466.848,     8.745,     0.043,   168.425,     0.000,     0.450,    33.638,   526.400,     1.000,     8.781,  -296.146,     0.000,   232.043,   348.129,   106.378,    73.681,     0.000,         1.599,         0.000,         8.507,     0.001,     0.000,     0.000,     0.000,         1.000,         1.000,         1.000,         1.000,         1.000,         1.000,         1.000,         1.000,         1.000,         0.000,         0.000,         0.000,
     2.701,   763.517,   466.778,     8.764,     0.046,   170.902,     0.000,     0.450,    33.568,   526.400,     1.000,     8.769,  -304.403,     0.000,   232.794,   348.057,   112.584,    76.556,     0.000,         1.700,         0.000,         8.421,     0.001,     0.000,     0.000,     0.000,         1.000,         1.000,         1.000,         1.000,         1.000,         1.000,         1.000,         1.000,         1.000,         0.000,         0.000,         0.000,
     2.800,   761.111,   466.710,     8.742,     0.049,   166.924,     0.000,     0.450,    33.500,   526.400,     1.000,     8.754,  -311.612,     0.000,   233.437,   347.960,   118.080,    79.009,     0.000,         1.799,         0.000,         8.337,     0.001,     0.000,     0.000,     0.000,         1.000,         1.000,         1.000,         1.000,         1.000,         1.000,         1.000,         1.000,         1.000,         0.000,         0.000,         0.000,
     2.901,   758.654,   466.638,     8.731,     0.052,   164.633,     0.000,     0.450,    33.428,   526.400,     1.000,     8.731,  -319.498,     0.000,   234.199,   347.649,   124.449,    81.599,     0.000,         1.900,         0.000,         8.252,     0.001,     0.000,     0.000,     0.000,         1.000,         1.000,         1.000,         1.000,         1.000,         1.000,         1.000,         1.000,         1.000,         0.000,         0.000,         0.000,
     3.000,   756.250,   466.569,     8.719,     0.054,   163.783,     0.000,     0.450,    33.359,   526.400,     1.000,     8.720,  -328.239,     0.000,   234.910,   347.583,   131.143,    84.423,     0.000,         1.999,         0.000,         8.170,     0.001,     0.000,     0.000,     0.000,         1.000,         1.000,         1.000,         1.000,         1.000,         1.000,         1.000,         1.000,         1.000,         0.000,         0.000,         0.000,
     3.100,   753.819,   466.499,     8.690,     0.063,   161.446,     0.000,     0.450,    33.289,   508.800,     1.000,     8.690,  -322.027,     0.000,   236.192,   347.414,   129.135,    81.669,     0.000,         2.099,         0.000,         8.088,     0.001,     0.000,     0.000,     0.000,         1.000,         1.000,         1.000,         1.000,         1.000,         1.000,         1.000,         1.000,         1.000,         0.000,         0.000,         0.000,
     3.201,   751.362,   466.425,     8.656,     0.047,   163.833,     0.000,     0.450,    33.215,   508.800,     1.000,     8.657,  -315.816,     0.000,   237.496,   347.254,   127.115,    78.942,     0.000,         2.200,         0.000,         8.006,     0.001,     0.000,     0.000,     0.000,         1.000,         1.000,         1.000,         1.000,         1.000,         1.000,         1.000,         1.000,         1.000,         0.000,         0.000,         0.000,
     3.301,   748.942,   466.352,     8.640,     0.075,   165.427,     0.000,     0.450,    33.142,   508.800,     1.000,     8.640,  -311.755,     0.000,   238.720,   347.435,   125.980,    77.060,     0.000,         2.299,         0.000,         7.926,     0.001,     0.000,     0.000,     0.000,         1.000,         1.000,         1.000,         1.000,         1.000,         1.000,         1.000,         1.000,         1.000,         0.000,         0.000,         0.000,
     3.400,   746.527,   466.279,     8.616,     0.063,   161.104,     0.000,     0.450,    33.069,   508.800,     1.000,     8.616,  -305.177,     0.000,   240.173,   347.300,   123.828,    74.222,     0.000,         2.398,         0.000,         7.847,     0.001,     0.000,     0.000,     0.000,         1.000,         1.000,         1.000,         1.000,         1.000,         1.000,         1.000,         1.000,         1.000,         0.000,         0.000,         0.000,
     3.500,   744.097,   466.206,     8.604,     0.063,   161.498,     0.000,     0.450,    32.995,   508.800,     1.000,     8.605,  -299.395,     0.000,   241.548,   347.248,   121.961,    71.734,     0.000,         2.498,         0.000,         7.768,     0.001,     0.000,     0.000,     0.000,         1.000,         1.000,         1.000,         1.000,         1.000,         1.000,         1.000,         1.000,         1.000,         0.000,         0.000,         0.000,
     3.601,   741.640,   466.131,     8.582,     0.062,   165.543,   495.380,     0.450,    32.921,   508.800,     1.000,     8.582,   175.958,   467.339,   242.939,   346.764,   119.095,    68.461,     0.000,         2.599,         0.000,         7.689,     0.001,     0.000,     0.000,     0.000,         1.000,         1.000,         1.000,         1.000,         1.000,         1.000,         1.000,         1.000,         1.000,         0.000,         0.000,         0.907,
     3.700,   739.236,   466.057,     8.558,     0.068,   166.236,     0.000,     0.450,    32.847,   508.800,     1.000,     8.558,  -287.081,     0.000,   244.362,   347.017,   117.853,    66.572,     0.000,         2.698,         0.000,         7.612,     0.001,     0.000,     0.000,     0.000,         1.000,         1.000,         1.000,         1.000,         1.000,         1.000,         1.000,         1.000,         1.000,         0.000,         0.000,         0.000,
     3.801,   736.792,   465.983,     8.542,     0.067,   161.942,     0.000,     0.450,    32.773,   508.800,     1.000,     8.542,  -281.539,     0.000,   245.696,   346.952,   116.003,    64.280,     0.000,         2.798,         0.000,         7.535,     0.001,     0.000,     0.000,     0.001,         1.000,         1.000,         1.000,         1.000,         1.000,         1.000,         1.000,         1.000,         1.000,         0.000,         0.000,         0.000,
     3.901,   715.200,   465.912,     8.526,     0.030,   153.971,     0.000,     0.450,    32.702,   508.800,     1.000,     8.526,  -274.997,     0.000,   247.263,   346.859,   113.789,    61.611,     0.000,         2.898,         0.000,         7.459,     0.001,     0.000,     0.000,     0.000,         1.000,         1.000,         1.000,         1.000,         1.000,         1.000,         1.000,         1.000,         1.000,         0.000,         0.000,         0.000,
     4.000,   698.607,   465.843,     8.504,     0.045,   146.000,     0.000,     0.450,    32.633,   508.800,     1.000,     8.507,  -268.786,     0.000,   248.758,   346.767,   111.664,    59.112,     0.000,         2.997,         0.000,         7.385,     0.001,     0.000,     0.000,     0.000,         1.000,         1.000,         1.000,         1.000,         1.000,         1.000,         1.000,         1.000,         1.000,         0.000,         0.000,         0.000,
     4.101,   660.341,   465.770,     8.483,     0.059,   155.489,     0.000,     0.450,    32.560,   508.800,     1.000,     8.482,  -264.654,     0.000,   249.380,   346.713,   107.717,    59.604,     0.000,         3.098,         0.000,         7.310,     0.001,     0.000,     0.000,     0.000,         1.000,         1.000,         1.000,         1.000,         1.000,         1.000,         1.000,         1.000,         1.000,         0.000,         0.000,         0.000,
     4.201,   645.542,   465.701,     8.454,     0.067,   158.158,     0.000,     0.450,    32.491,   508.800,     1.000,     8.454,  -259.622,     0.000,   250.035,   346.507,   103.317,    59.833,     0.000,         3.198,         0.000,         7.237,     0.001,     0.000,     0.000,     0.000,         1.000,         1.000,         1.000,         1.000,         1.000,         1.000,         1.000,         1.000,         1.000,         0.000,         0.000,         0.000,
     4.300,   613.516,   465.641,     8.446,     0.042,   144.902,   393.187,     0.450,    32.431,   508.800,     1.000,     8.446,   115.665,   370.931,   250.730,   346.463,    99.185,    60.348,     0.000,         3.296,         0.000,         7.165,     0.001,     0.000,     0.000,     0.000,         1.000,         1.000,         1.000,         1.000,         1.000,         1.000,         1.000,         1.000,         1.000,         0.000,         0.000,         0.987,
     4.401,   591.438,   465.579,     8.426,     0.050,   142.381,   259.734,     0.450,    32.369,   508.800,     1.000,     8.426,    -5.259,   245.032,   251.444,   346.298,    94.820,    60.616,     0.000,         3.397,         0.000,         7.092,     0.001,     0.000,     0.000,     0.000,         1.000,         1.000,         1.000,         1.000,         1.000,         1.000,         1.000,         1.000,         1.000,         0.000,         0.000,         0.943,
     4.500,   559.139,   465.508,     8.409,     0.050,   159.208,   328.775,     0.450,    32.298,   491.300,     1.000,     8.409,    64.272,   310.165,   252.197,   346.281,    90.670,    61.139,     0.000,         3.496,         0.000,         7.021,     0.001,     0.000,     0.000,     0.000,         1.000,         1.000,         1.000,         1.000,         1.000,         1.000,         1.000,         1.000,         1.000,         0.000,         0.000,         0.988,
     4.600,   530.371,   465.430,     8.367,     0.050,   153.243,     0.000,     0.450,    32.220,   491.300,     1.000,     8.381,  -240.771,     0.000,   252.990,   346.147,    86.171,    61.444,     0.000,         3.595,         0.000,         6.951,     0.001,     0.000,     0.000,     0.000,         1.000,         1.000,         1.000,         1.000,         1.000,         1.000,         1.000,         1.000,         1.000,         0.000,         0.000,         0.000,
     4.701,   493.898,   465.354,     8.358,     0.080,   143.744,     0.000,     0.450,    32.144,   491.300,     1.000,     8.358,  -235.688,     0.000,   253.812,   346.039,    81.685,    61.777,     0.000,         3.696,         0.000,         6.880,     0.001,     0.000,     0.000,     0.000,         1.000,         1.000,         1.000,         1.000,         1.000,         1.000,         1.000,         1.000,         1.000,         0.000,         0.000,         0.000,
     4.801,   502.288,   465.281,     8.340,     0.066,   135.095,     0.000,     0.450,    32.071,   491.300,     1.000,     8.340,  -229.783,     0.000,   254.681,   345.798,    76.789,    61.877,     0.000,         3.796,         0.000,         6.811,     0.001,     0.000,     0.000,     0.001,         1.000,         1.000,         1.000,         1.000,         1.000,         1.000,         1.000,         1.000,         1.000,         0.000,         0.000,         0.000,
     4.900,   446.511,   465.209,     8.317,     0.076,   171.970,   468.388,     0.450,    31.999,   491.300,     1.000,     8.317,   216.710,   441.876,   255.561,   345.829,    72.479,    62.419,     0.000,         3.895,         0.000,         6.743,     0.001,     0.000,     0.000,     0.001,         1.000,         1.000,         1.000,         1.000,         1.000,         1.000,         1.000,         1.000,         1.000,         0.000,         0.000,         0.937,
     5.000,   401.752,   465.125,     8.292,     0.025,   162.018,     0.000,     0.450,    31.915,   491.300,     1.000,     8.292,  -219.451,     0.000,   256.520,   345.705,    67.560,    62.706,     0.000,         3.994,         0.000,         6.675,     0.001,     0.000,     0.000,     0.001,         1.000,         1.000,         1.000,         1.000,         1.000,         1.000,         1.000,         1.000,         1.000,         0.000,         0.000,         0.000,
     5.101,   367.450,   465.044,     8.261,     0.016,   171.398,     0.000,     0.450,    31.834,   491.300,     1.000,     8.261,  -214.858,     0.000,   256.395,   345.557,    65.642,    60.053,     0.000,         4.095,         0.000,         6.608,     0.001,     0.000,     0.000,     0.001,         1.000,         1.000,         1.000,         1.000,         1.000,         1.000,         1.000,         1.000,         1.000,         0.000,         0.000,         0.000,
     5.200,   328.212,   464.956,     8.232,     0.014,   160.272,     0.000,     0.450,    31.746,   491.300,     1.000,     8.232,  -210.436,     0.000,   256.267,   345.413,    63.774,    57.516,     0.000,         4.193,         0.000,         6.542,     0.001,     0.000,     0.000,     0.001,         1.000,         1.000,         1.000,         1.000,         1.000,         1.000,         1.000,         1.000,         1.000,         0.000,         0.000,         0.000,
     5.301,   521.913,   464.871,     8.203,     0.022,   168.816,     0.000,     0.450,    31.661,   491.300,     1.000,     8.203,  -206.240,     0.000,   256.140,   345.276,    61.974,    55.130,     0.000,         4.294,         0.000,         6.475,     0.001,     0.000,     0.000,     0.000,         1.000,         1.000,         1.000,         1.000,         1.000,         1.000,         1.000,         1.000,         1.000,         0.000,         0.000,         0.000,
     5.401,   158.959,   464.784,     8.177,     0.018,   141.291,   130.080,     0.450,    31.574,   491.300,     1.000,     8.180,   -79.394,   122.717,   256.009,   345.143,    60.178,    52.799,     0.000,         4.393,         0.000,         6.411,     0.001,     0.000,     0.000,     0.000,         1.000,         1.000,         1.000,         1.000,         1.000,         1.000,         1.000,         1.000,         1.000,         0.000,         0.000,         0.656,
     5.500,   338.169,   464.703,     8.152,     0.018,   156.653,   151.098,     0.450,    31.493,   491.300,     1.000,     8.157,   -55.724,   142.546,   255.881,   345.013,    58.487,    50.651,     0.000,         4.492,         0.000,         6.347,     0.001,     0.000,     0.000,     0.000,         1.000,         1.000,         1.000,         1.000,         1.000,         1.000,         1.000,         1.000,         1.000,         0.000,         0.000,         0.728,
     5.601,   390.233,   464.623,     8.131,     0.019,   209.399,     0.000,     0.450,    31.413,   491.300,     1.000,     8.133,  -194.762,     0.000,   255.754,   344.919,    56.920,    48.677,     0.000,         4.593,         0.000,         6.282,     0.001,     0.000,     0.000,     0.000,         1.000,         1.000,         1.000,         1.000,         1.000,         1.000,         1.000,         1.000,         1.000,         0.000,         0.000,         0.000,
     5.701,   139.909,   464.549,     8.101,     0.013,   160.718,     0.000,     0.450,    31.339,   491.300,     1.000,     8.106,  -191.301,     0.000,   255.626,   344.796,    55.364,    46.766,     0.000,         4.692,         0.000,         6.219,     0.001,     0.000,     0.000,     0.000,         1.000,         1.000,         1.000,         1.000,         1.000,         1.000,         1.000,         1.000,         1.000,         0.000,         0.000,         0.000,
     5.800,   218.293,   464.462,     8.081,     0.011,   137.477,     0.000,     0.450,    31.252,   477.300,     1.000,     8.083,  -188.072,     0.000,   255.499,   344.671,    53.902,    44.998,     0.000,         4.791,         0.000,         6.157,     0.001,     0.000,     0.000,     0.000,         1.000,         1.000,         1.000,         1.000,         1.000,         1.000,         1.000,         1.000,         1.000,         0.000,         0.000,         0.000,
     5.901,   329.898,   464.375,     8.058,     0.011,   142.435,     0.000,     0.450,    31.165,   477.300,     1.000,     8.059,  -185.112,     0.000,   255.373,   344.562,    52.550,    43.373,     0.000,         4.891,         0.000,         6.095,     0.001,     0.000,     0.000,     0.000,         1.000,         1.000,         1.000,         1.000,         1.000,         1.000,         1.000,         1.000,         1.000,         0.000,         0.000,         0.000,
     6.000,   153.900,   464.295,     8.036,     0.013,   177.266,     0.000,     0.450,    31.085,   477.300,     1.000,     8.038,  -182.232,     0.000,   255.243,   344.441,    51.230,    41.803,     0.000,         4.990,         0.000,         6.034,     0.001,     0.000,     0.000,     0.000,         1.000,         1.000,         1.000,         1.000,         1.000,         1.000,         1.000,         1.000,         1.000,         0.000,         0.000,         0.000,
     6.100,   151.144,   464.216,     8.014,     0.010,   145.303,   324.912,     0.450,    31.006,   477.300,     1.000,     8.014,   125.661,   306.521,   255.431,   344.342,    51.210,    40.739,     0.000,         5.089,         0.000,         5.973,     0.001,     0.000,     0.000,     0.000,         1.000,         1.000,         1.000,         1.000,         1.000,         1.000,         1.000,         1.000,         1.000,         0.000,         0.000,         0.995,
     6.201,   115.627,   464.133,     7.985,     0.013,   199.557,     0.000,     0.450,    30.923,   477.300,     1.000,     7.988,  -179.377,     0.000,   255.631,   344.217,    51.164,    39.628,     0.000,         5.190,         0.000,         5.913,     0.001,     0.000,     0.000,     0.001,         1.000,         1.000,         1.000,         1.000,         1.000,         1.000,         1.000,         1.000,         1.000,         0.000,         0.000,         0.000,
     6.300,    71.795,   464.049,     7.963,     0.010,   132.094,   123.238,     0.450,    30.839,   477.300,     1.000,     7.966,   -61.704,   116.263,   255.836,   344.110,    51.140,    38.552,     0.000,         5.288,         0.000,         5.854,     0.001,     0.000,     0.000,     0.001,         1.000,         1.000,         1.000,         1.000,         1.000,         1.000,         1.000,         1.000,         1.000,         0.000,         0.000,         0.704,
     6.400,    22.876,   463.964,     7.949,     0.011,   141.909,     0.000,     0.450,    30.754,   477.300,     1.000,     7.946,  -176.619,     0.000,   256.047,   344.024,    51.143,    37.499,     0.000,         5.387,         0.000,         5.795,     0.001,     0.000,     0.000,     0.001,         1.000,         1.000,         1.000,         1.000,         1.000,         1.000,         1.000,         1.000,         1.000,         0.000,         0.000,         0.000,
     6.500,   204.840,   463.886,     7.929,     0.011,   184.121,     0.000,     0.450,    30.676,   477.300,     1.000,     7.924,  -175.171,     0.000,   256.261,   343.904,    51.100,    36.428,     0.000,         5.487,         0.000,         5.737,     0.001,     0.000,     0.000,     0.001,         1.000,         1.000,         1.000,         1.000,         1.000,         1.000,         1.000,         1.000,         1.000,         0.000,         0.000,         0.000,
     6.601,   197.994,   463.809,     7.900,     0.009,   146.753,     0.000,     0.450,    30.599,   477.300,     1.000,     7.897,  -173.695,     0.000,   256.486,   343.785,    51.060,    35.336,     0.000,         5.587,         0.000,         5.679,     0.001,     0.000,     0.000,     0.001,         1.000,         1.000,         1.000,         1.000,         1.000,         1.000,         1.000,         1.000,         1.000,         0.000,         0.000,         0.000,
     6.700,   153.900,   463.729,     7.880,     0.010,   148.883,   399.092,     0.450,    30.519,   477.300,     1.000,     7.875,   204.204,   376.502,   256.713,   343.685,    51.042,    34.285,     0.000,         5.685,         0.000,         5.622,     0.001,     0.000,     0.000,     0.001,         1.000,         1.000,         1.000,         1.000,         1.000,         1.000,         1.000,         1.000,         1.000,         0.000,         0.000,         0.986,
     6.801,   153.900,   463.654,     7.855,     0.011,   152.962,     0.000,     0.450,    30.444,   477.300,     1.000,     7.849,  -170.814,     0.000,   256.952,   343.566,    51.002,    33.198,     0.000,         5.785,         0.000,         5.565,     0.001,     0.000,     0.000,     0.001,         1.000,         1.000,         1.000,         1.000,         1.000,         1.000,         1.000,         1.000,         1.000,         0.000,         0.000,         0.000,
     6.900,    40.527,   463.576,     7.841,     0.013,   171.871,     0.000,     0.450,    30.366,   477.300,     1.000,     7.831,  -169.503,     0.000,   257.193,   343.495,    51.022,    32.179,     0.000,         5.884,         0.000,         5.510,     0.001,     0.000,     0.000,     0.001,         1.000,         1.000,         1.000,         1.000,         1.000,         1.000,         1.000,         1.000,         1.000,         0.000,         0.000,         0.000,
     7.000,    36.842,   463.501,     7.819,     0.013,   164.533,     0.000,     0.450,    30.291,   466.900,     1.000,     7.809,  -168.062,     0.000,   257.442,   343.388,    50.995,    31.120,     0.000,         5.983,         0.000,         5.454,     0.001,     0.000,     0.000,     0.001,         1.000,         1.000,         1.000,         1.000,         1.000,         1.000,         1.000,         1.000,         1.000,         0.000,         0.000,         0.000,
     7.101,    78.975,   463.416,     7.805,     0.012,   138.960,     0.000,     0.450,    30.206,   466.900,     1.000,     7.791,  -165.988,     0.000,   256.610,   343.319,    49.426,    29.853,     0.000,         6.083,         0.000,         5.399,     0.001,     0.000,     0.000,     0.001,         1.000,         1.000,         1.000,         1.000,         1.000,         1.000,         1.000,         1.000,         1.000,         0.000,         0.000,         0.000,
     7.201,   108.204,   463.324,     7.782,     0.006,    58.270,     0.000,     0.450,    30.114,   466.900,     1.000,     7.768,  -163.762,     0.000,   255.824,   343.206,    47.812,    28.568,     0.000,         6.182,         0.000,         5.345,     0.001,     0.000,     0.000,     0.001,         1.000,         1.000,         1.000,         1.000,         1.000,         1.000,         1.000,         1.000,         1.000,         0.000,         0.000,         0.000,
     7.300,   105.115,   463.252,     7.764,     0.012,   143.460,   131.551,     0.450,    30.042,   466.900,     1.000,     7.749,   -37.508,   124.105,   255.081,   343.121,    46.237,    27.336,     0.000,         6.280,         0.000,         5.292,     0.001,     0.000,     0.000,     0.001,         1.000,         1.000,         1.000,         1.000,         1.000,         1.000,         1.000,         1.000,         1.000,         0.000,         0.000,         0.711,
     7.401,    95.040,   463.179,     7.747,     0.016,   190.597,   577.997,     0.450,    29.969,   466.900,     1.000,     7.730,   385.870,   545.280,   254.375,   343.030,    44.646,    26.109,     0.000,         6.380,         0.000,         5.238,     0.001,     0.000,     0.000,     0.001,         1.000,         1.000,         1.000,         1.000,         1.000,         1.000,         1.000,         1.000,         1.000,         0.000,         0.000,         0.835,
     7.500,   531.303,   463.097,     7.734,     0.014,   143.417,     0.000,     0.450,    29.887,   466.900,     1.000,     7.714,  -157.357,     0.000,   253.739,   342.969,    43.150,    24.977,     0.000,         6.478,         0.000,         5.186,     0.001,     0.000,     0.000,     0.000,         1.000,         1.000,         1.000,         1.000,         1.000,         1.000,         1.000,         1.000,         1.000,         0.000,         0.000,         0.000,
     7.600,   644.444,   463.015,     7.714,     0.017,   159.166,     0.000,     0.450,    29.805,   466.900,     1.000,     7.695,  -155.084,     0.000,   253.112,   342.879,    41.543,    23.774,     0.000,         6.577,         0.000,         5.134,     0.001,     0.000,     0.000,     0.000,         1.000,         1.000,         1.000,         1.000,         1.000,         1.000,         1.000,         1.000,         1.000,         0.000,         0.000,         0.000,
     7.701,   641.994,   462.936,     7.693,     0.019,   160.934,   191.068,     0.450,    29.726,   466.900,     1.000,     7.677,    27.482,   180.253,   252.544,   342.769,    39.949,    22.597,     0.000,         6.677,         0.000,         5.082,     0.001,     0.000,     0.000,     0.001,         1.000,         1.000,         1.000,         1.000,         1.000,         1.000,         1.000,         1.000,         1.000,         0.000,         0.000,         0.802,
     7.801,   639.566,   462.864,     7.661,     0.022,   159.942,     0.000,     0.450,    29.654,   466.900,     1.000,     7.651,  -150.267,     0.000,   252.016,   342.616,    38.287,    21.380,     0.000,         6.776,         0.000,         5.031,     0.001,     0.000,     0.000,     0.001,         1.000,         1.000,         1.000,         1.000,         1.000,         1.000,         1.000,         1.000,         1.000,         0.000,         0.000,         0.000,
     7.900,   637.152,   462.790,     7.644,     0.024,   159.284,     0.000,     0.450,    29.580,   466.900,     1.000,     7.634,  -148.027,     0.000,   251.546,   342.536,    36.751,    20.285,     0.000,         6.875,         0.000,         4.980,     0.001,     0.000,     0.000,     0.001,         1.000,         1.000,         1.000,         1.000,         1.000,         1.000,         1.000,         1.000,         1.000,         0.000,         0.000,         0.000,
     8.000,   634.722,   462.720,     7.617,     0.026,   159.439,   126.274,     0.450,    29.510,   466.900,     1.000,     7.611,   -26.429,   119.126,   251.115,   342.401,    35.131,    19.138,     0.000,         6.974,         0.000,         4.930,     0.001,     0.000,     0.000,     0.001,         1.000,         1.000,         1.000,         1.000,         1.000,         1.000,         1.000,         1.000,         1.000,         0.000,         0.000,         0.647,
     8.101,   632.274,   462.647,     7.582,     0.027,   150.893,     0.000,     0.450,    29.437,   466.900,     1.000,     7.581,  -144.162,     0.000,   252.153,   342.158,    34.638,    19.519,     0.000,         7.074,         0.000,         4.880,     0.001,     0.000,     0.000,     0.001,         1.000,         1.000,         1.000,         1.000,         1.000,         1.000,         1.000,         1.000,         1.000,         0.000,         0.000,         0.000,
     8.200,   629.861,   462.583,     7.551,     0.030,   163.333,     0.000,     0.450,    29.373,   466.900,     1.000,     7.551,  -143.257,     0.000,   253.296,   342.082,    34.359,    20.111,     0.000,         7.172,         0.000,         4.832,     0.001,     0.000,     0.000,     0.001,         1.000,         1.000,         1.000,         1.000,         1.000,         1.000,         1.000,         1.000,         1.000,         0.000,         0.000,         0.000,
     8.301,   627.404,   462.526,     7.520,     0.029,   135.460,     0.000,     0.450,    29.316,   466.900,     1.000,     7.521,  -142.023,     0.000,   254.529,   341.929,    33.982,    20.640,     0.000,         7.272,         0.000,         4.783,     0.001,     0.000,     0.000,     0.001,         1.000,         1.000,         1.000,         1.000,         1.000,         1.000,         1.000,         1.000,         1.000,         0.000,         0.000,         0.000,
     8.401,   624.980,   462.467,     7.489,     0.028,   144.191,     0.000,     0.450,    29.257,   456.400,     1.000,     7.489,  -140.753,     0.000,   255.811,   341.784,    33.612,    21.169,     0.000,         7.372,         0.000,         4.735,     0.001,     0.000,     0.000,     0.001,         1.000,         1.000,         1.000,         1.000,         1.000,         1.000,         1.000,         1.000,         1.000,         0.000,         0.000,         0.000,
     8.500,   622.569,   462.404,     7.455,     0.024,   134.295,     0.000,     0.450,    29.194,   456.400,     1.000,     7.455,  -139.326,     0.000,   257.189,   341.616,    33.206,    21.693,     0.000,         7.470,         0.001,         4.687,     0.001,     0.000,     0.000,     0.001,         1.000,         1.000,         1.000,         1.000,         1.000,         1.000,         1.000,         1.000,         1.000,         0.000,         0.000,         0.000,
     8.601,   620.114,   462.337,     7.421,     0.026,   158.775,     0.000,     0.450,    29.127,   456.400,     1.000,     7.421,  -137.839,     0.000,   258.640,   341.452,    32.798,    22.229,     0.000,         7.569,         0.001,         4.640,     0.001,     0.000,     0.000,     0.001,         1.000,         1.000,         1.000,         1.000,         1.000,         1.000,         1.000,         1.000,         1.000,         0.000,         0.000,         0.000,
     8.701,   617.684,   462.275,     7.381,     0.022,   161.193,     0.000,     0.450,    29.065,   456.400,     1.000,     7.380,  -136.174,     0.000,   260.163,   341.256,    32.344,    22.738,     0.000,         7.668,         0.002,         4.593,     0.001,     0.000,     0.000,     0.001,         1.000,         1.000,         1.000,         1.000,         1.000,         1.000,         1.000,         1.000,         1.000,         0.000,         0.000,         0.000,
     8.800,   615.277,   462.209,     7.342,     0.028,   156.267,     0.000,     0.450,    28.999,   456.400,     1.000,     7.340,  -134.432,     0.000,   261.783,   341.064,    31.883,    23.268,     0.000,         7.765,         0.003,         4.547,     0.001,     0.000,     0.000,     0.001,         1.000,         1.000,         1.000,         1.000,         1.000,         1.000,         1.000,         1.000,         1.000,         0.000,         0.000,         0.000,
     8.901,   612.820,   462.145,     7.300,     0.028,   159.245,     0.000,     0.450,    28.935,   456.400,     1.000,     7.294,  -132.606,     0.000,   263.446,   340.863,    31.406,    23.783,     0.000,         7.865,         0.003,         4.501,     0.001,     0.000,     0.000,     0.001,         1.000,         1.000,         1.000,         1.000,         1.000,         1.000,         1.000,         1.000,         1.000,         0.000,         0.000,         0.000,
     9.000,   610.416,   462.076,     7.254,     0.030,   176.847,    77.866,     0.450,    28.866,   456.400,     1.000,     7.241,   -57.150,    73.458,   265.199,   340.636,    30.887,    24.285,     0.000,         7.962,         0.004,         4.457,     0.001,     0.000,     0.000,     0.001,         1.000,         1.000,         1.000,         1.000,         1.000,         1.000,         1.000,         1.000,         1.000,         0.000,         0.000,         0.507,
     9.100,   607.986,   462.007,     7.205,     0.037,   168.896,     0.000,     0.450,    28.797,   456.400,     1.000,     7.184,  -139.339,     0.000,   262.426,   340.401,    35.663,    25.701,     0.000,         8.059,         0.005,         4.412,     0.001,     0.000,     0.000,     0.001,         1.000,         1.000,         1.000,         1.000,         1.000,         1.000,         1.000,         1.000,         1.000,         0.000,         0.000,         0.000,
     9.201,   605.529,   461.940,     7.150,     0.043,   162.404,     0.000,     0.450,    28.730,   456.400,     1.000,     7.119,  -148.433,     0.000,   259.659,   340.137,    40.718,    27.237,     0.000,         8.158,         0.006,         4.367,     0.001,     0.000,     0.000,     0.001,         1.000,         1.000,         1.000,         1.000,         1.000,         1.000,         1.000,         1.000,         1.000,         0.000,         0.000,         0.000,
     9.301,   603.093,   461.879,     7.094,     0.041,   174.282,     0.000,     0.450,    28.669,   456.400,     1.000,     7.053,  -157.768,     0.000,   256.993,   339.866,    45.990,    28.904,     0.000,         8.256,         0.007,         4.323,     0.001,     0.000,     0.000,     0.000,         1.000,         1.000,         1.000,         1.000,         1.000,         1.000,         1.000,         1.000,         1.000,         0.000,         0.000,         0.000,
     9.400,   600.694,   461.818,     7.035,     0.023,   134.008,     0.000,     0.450,    28.608,   456.400,     1.000,     6.985,  -167.170,     0.000,   254.458,   339.575,    51.396,    30.657,     0.000,         8.352,         0.008,         4.280,     0.001,     0.000,     0.000,     0.000,         1.000,         1.000,         1.000,         1.000,         1.000,         1.000,         1.000,         1.000,         1.000,         0.000,         0.000,         0.000,
     9.500,   598.264,   461.774,     6.980,     0.020,   133.214,     0.000,     0.450,    28.564,   456.400,     1.000,     6.921,  -177.020,     0.000,   252.007,   339.308,    57.123,    32.596,     0.000,         8.449,         0.009,         4.237,     0.001,     0.000,     0.000,     0.000,         1.000,         1.000,         1.000,         1.000,         1.000,         1.000,         1.000,         1.000,         1.000,         0.000,         0.000,         0.000,
     9.601,   595.799,   461.747,     6.935,     0.019,   156.036,     0.000,     0.450,    28.537,   456.400,     1.000,     6.869,  -187.399,     0.000,   249.655,   339.094,    63.198,    34.762,     0.000,         8.548,         0.009,         4.194,     0.001,     0.000,     0.000,     0.000,         1.000,         1.000,         1.000,         1.000,         1.000,         1.000,         1.000,         1.000,         1.000,         0.000,         0.000,         0.000,
     9.700,   593.403,   461.695,     6.874,     0.039,   209.765,     0.000,     0.450,    28.485,   456.400,     1.000,     6.804,  -197.794,     0.000,   247.401,   338.802,    69.424,    36.969,     0.000,         8.644,         0.010,         4.152,     0.001,     0.000,     0.000,     0.000,         1.000,         1.000,         1.000,         1.000,         1.000,         1.000,         1.000,         1.000,         1.000,         0.000,         0.000,         0.000,
     9.802,   590.935,   461.587,     6.776,     0.035,   126.056,   453.226,     0.450,    28.377,   456.400,     1.000,     6.706,   219.857,   427.572,   245.235,   338.311,    75.614,    39.024,     0.000,         8.742,         0.011,         4.110,     0.001,     0.000,     0.000,     0.000,         1.000,         1.000,         1.000,         1.000,         1.000,         1.000,         1.000,         1.000,         1.000,         0.000,         0.000,         0.967,
     9.902,   588.505,   461.503,     6.683,     0.043,   136.701,   545.113,     0.450,    28.293,   456.400,     1.000,     6.618,   296.256,   514.258,   243.191,   337.871,    82.064,    41.257,     0.000,         8.837,         0.011,         4.069,     0.001,     0.000,     0.000,     0.000,         1.000,         1.000,         1.000,         1.000,         1.000,         1.000,         1.000,         1.000,         1.000,         0.000,         0.000,         0.901,
    10.000,   362.887,   461.415,     6.595,     0.036,   251.724,   276.314,     0.450,    28.205,   448.000,     1.000,     6.534,    31.830,   260.673,   241.224,   337.461,    88.899,    43.707,     0.000,         8.930,         0.012,         4.028,     0.001,     0.000,     0.000,     0.001,         1.000,         1.000,         1.000,         1.000,         1.000,         1.000,         1.000,         1.000,         1.000,         0.000,         0.000,         0.965,
    10.100,   299.907,   461.325,     6.512,     0.026,   129.114,     0.000,     0.450,    28.115,   448.000,     1.000,     6.442,  -225.431,     0.000,   242.050,   337.053,    88.990,    41.437,     0.000,         9.025,         0.013,         3.988,     0.001,     0.000,     0.000,     0.001,         1.000,         1.000,         1.000,         1.000,         1.000,         1.000,         1.000,         1.000,         1.000,         0.000,         0.000,         0.000,
    10.202,   399.176,   461.260,     6.435,     0.035,   276.675,     0.000,     0.450,    28.050,   448.000,     1.000,     6.345,  -221.851,     0.000,   242.961,   336.688,    89.096,    39.028,     0.000,         9.120,         0.013,         3.947,     0.001,     0.000,     0.000,     0.001,         1.000,         1.000,         1.000,         1.000,         1.000,         1.000,         1.000,         1.000,         1.000,         0.000,         0.000,         0.000,
    10.300,   186.219,   461.166,     6.379,     0.019,    38.986,     0.000,     0.450,    27.956,   448.000,     1.000,     6.264,  -218.606,     0.000,   243.851,   336.402,    89.305,    36.749,     0.000,         9.213,         0.014,         3.908,     0.001,     0.000,     0.000,     0.001,         1.000,         1.000,         1.000,         1.000,         1.000,         1.000,         1.000,         1.000,         1.000,         0.000,         0.000,         0.000,
    10.402,   477.838,   461.099,     6.307,     0.031,   176.123,     0.000,     0.450,    27.889,   448.000,     1.000,     6.174,  -214.274,     0.000,   244.741,   335.912,    89.078,    34.025,     0.000,         9.308,         0.015,         3.868,     0.001,     0.000,     0.000,     0.001,         1.000,         1.000,         1.000,         1.000,         1.000,         1.000,         1.000,         1.000,         1.000,         0.000,         0.000,         0.000,
    10.500,   127.190,   461.019,     6.245,     0.032,   254.406,     0.000,     0.450,    27.809,   448.000,     1.000,     6.099,  -211.113,     0.000,   245.691,   335.707,    89.437,    31.661,     0.000,         9.398,         0.016,         3.830,     0.001,     0.000,     0.000,     0.001,         1.000,         1.000,         1.000,         1.000,         1.000,         1.000,         1.000,         1.000,         1.000,         0.000,         0.000,         0.000,
    10.600,   475.576,   460.934,     6.154,     0.024,   113.522,     0.000,     0.450,    27.724,   448.000,     1.000,     6.011,  -207.127,     0.000,   246.598,   335.333,    89.389,    29.003,     0.000,         9.486,         0.019,         3.791,     0.001,     0.000,     0.000,     0.001,         1.000,         1.000,         1.000,         1.000,         1.000,         1.000,         1.000,         1.000,         1.000,         0.000,         0.000,         0.000,
    10.702,   569.046,   460.858,     6.014,     0.045,   154.926,   548.908,     0.450,    27.648,   448.000,     1.000,     5.894,   316.451,   517.837,   247.561,   334.659,    88.729,    25.559,     0.000,         9.569,         0.023,         3.752,     0.001,     0.000,     0.000,     0.001,         1.000,         1.000,         1.000,         1.000,         1.000,         1.000,         1.000,         1.000,         1.000,         0.000,         0.000,         0.923,
    10.802,   566.623,   460.780,     5.867,     0.046,   153.264,    84.417,     0.450,    27.570,   448.000,     1.000,     5.774,  -115.801,    79.639,   248.520,   333.969,    87.984,    22.006,     0.000,         9.644,         0.029,         3.715,     0.001,     0.000,     0.000,     0.001,         1.000,         1.000,         1.000,         1.000,         1.000,         1.000,         1.000,         1.000,         1.000,         0.000,         0.000,         0.478,
    10.900,   564.236,   460.701,     5.698,     0.045,   151.303,     0.000,     0.450,    27.491,   448.000,     1.000,     5.632,  -188.664,     0.000,   249.490,   333.151,    86.926,    18.076,     0.000,         9.713,         0.036,         3.678,     0.001,     0.000,     0.000,     0.001,         1.000,         1.000,         1.000,         1.000,         1.000,         1.000,         1.000,         1.000,         1.000,         0.000,         0.000,         0.000,
    11.000,   561.805,   460.620,     5.534,     0.057,   150.867,     0.000,     0.450,    27.410,   448.000,     1.000,     5.487,  -181.868,     0.000,   250.473,   332.366,    85.893,    14.082,     0.000,         9.781,         0.044,         3.641,     0.001,     0.000,     0.000,     0.001,         1.000,         1.000,         1.000,         1.000,         1.000,         1.000,         1.000,         1.000,         1.000,         0.000,         0.000,         0.000,
    11.102,   559.324,   460.536,     5.371,     0.050,   151.209,     0.000,     0.450,    27.326,   448.000,     1.000,     5.339,  -173.535,     0.000,   250.962,   331.607,    81.688,    11.203,     0.000,         9.846,         0.052,         3.604,     0.001,     0.000,     0.000,     0.001,         1.000,         1.000,         1.000,         1.000,         1.000,         1.000,         1.000,         1.000,         1.000,         0.000,         0.000,         0.000,
    11.200,   556.944,   460.454,     5.196,     0.067,   149.100,     0.000,     0.451,    27.244,   441.800,     1.000,     5.178,  -164.906,     0.000,   251.447,   330.756,    77.354,     8.242,     0.000,         9.903,         0.062,         3.568,     0.001,     0.000,     0.000,     0.001,         1.000,         1.000,         1.000,         1.000,         1.000,         1.000,         1.000,         1.000,         1.000,         0.000,         0.000,         0.000,
    11.302,   554.465,   460.366,     5.024,     0.055,   148.010,     0.000,     0.451,    27.156,   441.800,     1.000,     5.016,  -156.726,     0.000,   251.933,   329.953,    73.233,     5.473,     0.000,         9.955,         0.071,         3.532,     0.001,     0.000,     0.000,     0.001,         1.000,         1.000,         1.000,         1.000,         1.000,         1.000,         1.000,         1.000,         1.000,         0.000,         0.000,         0.000,
    11.402,   552.034,   460.279,     4.863,     0.074,   150.156,   698.227,     0.451,    27.069,   441.800,     1.000,     4.863,   509.824,   658.704,   252.420,   329.175,    69.276,     2.849,     0.000,         9.996,         0.081,         3.496,     0.001,     0.000,     0.000,     0.001,         1.000,         1.000,         1.000,         1.000,         1.000,         1.000,         1.000,         1.000,         1.000,         0.000,         0.000,         0.727,
    11.500,   549.652,   460.189,     4.700,     0.074,   145.779,   603.419,     0.451,    26.979,   441.800,     1.000,     4.700,   428.039,   569.263,   252.911,   328.399,    65.423,     0.314,     0.000,        10.011,         0.092,         3.462,     0.001,     0.000,     0.000,     0.001,         1.000,         1.000,         1.000,         1.000,         1.000,         1.000,         1.000,         1.000,         1.000,         0.000,         0.000,         0.814,
    11.602,   547.168,   460.096,     4.516,     0.052,   147.435,     0.000,     0.451,    26.886,   441.800,     1.000,     4.516,  -133.464,     0.000,   253.403,   327.558,    61.565,    -2.256,     0.000,         9.977,         0.105,         3.426,     0.001,     0.000,     0.000,     0.001,         1.000,         1.000,         1.000,         1.000,         1.000,         1.000,         1.000,         1.000,         1.000,         0.000,         0.000,         0.000,
    11.702,   544.738,   460.005,     4.294,     0.068,   146.204,     0.000,     0.451,    26.795,   441.800,     1.000,     4.294,  -124.924,     0.000,   253.899,   326.510,    57.443,    -5.131,     0.000,         9.859,         0.122,         3.392,     0.001,     0.000,     0.000,     0.001,         1.000,         1.000,         1.000,         1.000,         1.000,         1.000,         1.000,         1.000,         1.000,         0.000,         0.000,         0.000,
    11.800,   542.361,   459.915,     4.118,     0.089,   143.916,   442.085,     0.451,    26.705,   441.800,     1.000,     4.118,   299.576,   417.061,   254.396,   325.656,    53.776,    -7.551,     0.000,         9.711,         0.138,         3.359,     0.001,     0.000,     0.000,     0.001,         1.000,         1.000,         1.000,         1.000,         1.000,         1.000,         1.000,         1.000,         1.000,         0.000,         0.000,         0.941,
    11.902,   539.874,   459.821,     3.985,     0.037,   142.364,   713.578,     0.451,    26.611,   441.800,     1.000,     3.985,   557.547,   673.186,   250.542,   325.037,    50.603,    -9.458,     0.000,         9.643,         0.152,         3.324,     0.001,     0.000,     0.000,     0.001,         1.000,         1.000,         1.000,         1.000,         1.000,         1.000,         1.000,         1.000,         1.000,         0.000,         0.000,         0.789,
    12.000,   537.500,   459.733,     3.458,     0.060,   142.418,   407.559,     0.452,    26.523,   441.800,     1.000,     3.854,   283.149,   384.489,   251.154,   322.567,    44.545,   -14.617,     0.000,         9.008,         0.193,         3.291,     0.001,     0.000,     0.000,     0.001,         1.000,         1.000,         1.000,         1.000,         1.000,         1.000,         1.000,         1.000,         1.000,         0.000,         0.000,         0.984,
    12.100,   535.069,   459.645,     3.413,     0.040,   133.015,     0.000,     0.452,    26.435,   441.800,     1.000,     3.803,   -96.148,     0.000,   252.098,   322.379,    41.565,   -15.699,     0.000,         8.816,         0.215,         3.258,     0.002,     0.000,     0.000,     0.001,         1.000,         1.000,         1.000,         1.000,         1.000,         1.000,         1.000,         1.000,         1.000,         0.000,         0.000,         0.000,
    12.202,   532.580,   459.550,     3.353,     0.047,   143.031,   103.695,     0.452,    26.340,   441.800,     1.000,     3.750,     6.935,    97.825,   253.047,   322.124,    38.617,   -16.805,     0.000,         8.627,         0.227,         3.225,     0.002,     0.000,     0.000,     0.001,         1.000,         1.000,         1.000,         1.000,         1.000,         1.000,         1.000,         1.000,         1.000,         0.000,         0.000,         0.577,
    12.302,   530.150,   459.458,     3.318,     0.059,   141.099,   313.609,     0.452,    26.248,   435.600,     1.000,     3.725,   210.090,   295.857,   254.004,   321.852,    35.770,   -17.851,     0.000,         8.248,         0.245,         3.193,     0.002,     0.000,     0.000,     0.001,         1.000,         1.000,         1.000,         1.000,         1.000,         1.000,         1.000,         1.000,         1.000,         0.000,         0.000,         0.983,
    12.400,   527.778,   459.352,     3.276,     0.056,   142.103,     0.000,     0.453,    26.142,   435.600,     1.000,     3.701,   -81.363,     0.000,   254.959,   321.700,    33.240,   -18.619,     0.000,         8.129,         0.251,         3.162,     0.002,     0.000,     0.000,     0.001,         1.000,         1.000,         1.000,         1.000,         1.000,         1.000,         1.000,         1.000,         1.000,         0.000,         0.000,         0.000,
    12.500,   525.347,   459.251,     3.244,     0.059,   142.998,     0.000,     0.453,    26.041,   435.600,     1.000,     3.688,   -77.184,     0.000,   255.921,   321.564,    30.840,   -19.299,     0.000,         8.069,         0.250,         3.130,     0.002,     0.000,     0.000,     0.001,         1.000,         1.000,         1.000,         1.000,         1.000,         1.000,         1.000,         1.000,         1.000,         0.000,         0.000,         0.000,
    12.603,   522.851,   459.150,     3.258,     0.066,   139.676,   475.939,     0.452,    25.940,   435.600,     1.000,     3.695,   375.521,   448.999,   256.887,   321.509,    28.656,   -19.799,     0.000,         7.861,         0.248,         3.098,     0.002,     0.000,     0.000,     0.001,         1.000,         1.000,         1.000,         1.000,         1.000,         1.000,         1.000,         1.000,         1.000,         0.000,         0.000,         0.932,
    12.700,   520.486,   459.048,     3.227,     0.063,   139.820,     0.000,     0.453,    25.838,   435.600,     1.000,     3.700,   -70.066,     0.000,   257.854,   321.492,    26.627,   -20.199,     0.000,         7.777,         0.241,         3.068,     0.002,     0.000,     0.000,     0.001,         1.000,         1.000,         1.000,         1.000,         1.000,         1.000,         1.000,         1.000,         1.000,         0.000,         0.000,         0.000,
    12.803,   517.990,   458.936,     3.223,     0.070,   132.772,     0.000,     0.452,    25.726,   435.600,     1.000,     3.709,   -66.832,     0.000,   258.827,   321.491,    24.709,   -20.541,     0.000,         7.504,         0.237,         3.036,     0.002,     0.000,     0.000,     0.001,         1.000,         1.000,         1.000,         1.000,         1.000,         1.000,         1.000,         1.000,         1.000,         0.000,         0.000,         0.000,
    12.903,   515.559,   458.840,     3.311,     0.053,   169.058,     0.000,     0.453,    25.630,   435.600,     1.000,     3.716,   -65.088,     0.000,   259.806,   321.884,    23.336,   -20.327,     0.000,         7.749,         0.269,         3.006,     0.002,     0.000,     0.000,     0.001,         1.000,         1.000,         1.000,         1.000,         1.000,         1.000,         1.000,         1.000,         1.000,         0.000,         0.000,         0.000,
    13.000,   513.194,   458.742,     3.322,     0.042,   137.359,   353.656,     0.453,    25.532,   435.600,     1.000,     3.718,   271.500,   333.638,   260.782,   321.905,    21.613,   -20.598,     0.000,         7.619,         0.267,         2.976,     0.002,     0.000,     0.000,     0.001,         1.000,         1.000,         1.000,         1.000,         1.000,         1.000,         1.000,         1.000,         1.000,         0.000,         0.000,         0.983,
    13.103,   510.693,   458.626,     3.349,     0.040,   129.397,     0.000,     0.453,    25.416,   435.600,     1.000,     3.714,   -61.108,     0.000,   261.061,   322.065,    21.986,   -21.882,     0.000,         7.723,         0.272,         2.946,     0.002,     0.000,     0.000,     0.001,         1.000,         1.000,         1.000,         1.000,         1.000,         1.000,         1.000,         1.000,         1.000,         0.000,         0.000,         0.000,
    13.201,   388.801,   458.517,     3.320,     0.018,   239.650,     0.000,     0.453,    25.307,   435.600,     1.000,     3.696,   -58.906,     0.000,   261.325,   321.928,    22.003,   -23.701,     0.000,         7.762,         0.257,         2.917,     0.002,     0.000,     0.000,     0.001,         1.000,         1.000,         1.000,         1.000,         1.000,         1.000,         1.000,         1.000,         1.000,         0.000,         0.000,         0.000,
    13.300,   425.767,   458.406,     3.339,     0.010,   157.693,     0.000,     0.452,    25.196,   427.700,     1.000,     3.670,   -57.286,     0.000,   261.597,   322.017,    22.263,   -25.398,     0.000,         7.837,         0.245,         2.888,     0.002,     0.000,     0.000,     0.001,         1.000,         1.000,         1.000,         1.000,         1.000,         1.000,         1.000,         1.000,         1.000,         0.000,         0.000,         0.000,
    13.401,   399.176,   458.290,     3.353,     0.010,   183.700,     0.000,     0.452,    25.080,   427.700,     1.000,     3.644,   -55.442,     0.000,   261.865,   322.091,    22.452,   -27.237,     0.000,         7.898,         0.230,         2.859,     0.002,     0.000,     0.000,     0.001,         1.000,         1.000,         1.000,         1.000,         1.000,         1.000,         1.000,         1.000,         1.000,         0.000,         0.000,         0.000,
    13.500,   184.256,   458.157,     3.333,     0.007,    48.236,     0.000,     0.452,    24.947,   427.700,     1.000,     3.622,   -52.559,     0.000,   262.140,   321.986,    22.298,   -29.584,     0.000,         7.947,         0.219,         2.830,     0.002,     0.000,     0.000,     0.001,         1.000,         1.000,         1.000,         1.000,         1.000,         1.000,         1.000,         1.000,         1.000,         0.000,         0.000,         0.000,
    13.600,   225.324,   458.056,     3.368,     0.017,   190.545,     0.000,     0.452,    24.846,   427.700,     1.000,     3.605,   -50.545,     0.000,   262.413,   322.146,    22.444,   -31.632,     0.000,         7.993,         0.203,         2.802,     0.002,     0.000,     0.000,     0.001,         1.000,         1.000,         1.000,         1.000,         1.000,         1.000,         1.000,         1.000,         1.000,         0.000,         0.000,         0.000,
    13.700,   200.229,   457.935,     3.407,     0.020,   100.518,     0.000,     0.452,    24.725,   427.700,     1.000,     3.597,   -48.452,     0.000,   262.681,   322.326,    22.531,   -33.724,     0.000,         8.021,         0.208,         2.774,     0.002,     0.000,     0.000,     0.001,         1.000,         1.000,         1.000,         1.000,         1.000,         1.000,         1.000,         1.000,         1.000,         0.000,         0.000,         0.000,
    13.803,   493.677,   457.806,     3.439,     0.061,   142.440,     0.000,     0.452,    24.596,   427.700,     1.000,     3.597,   -45.952,     0.000,   262.954,   322.484,    22.464,   -36.042,     0.000,         7.978,         0.248,         2.745,     0.002,     0.000,     0.000,     0.001,         1.000,         1.000,         1.000,         1.000,         1.000,         1.000,         1.000,         1.000,         1.000,         0.000,         0.000,         0.000,
    13.900,   491.319,   457.691,     3.443,     0.060,   138.358,     0.000,     0.453,    24.481,   427.700,     1.000,     3.615,   -42.389,     0.000,   263.225,   322.485,    21.959,   -38.830,     0.000,         7.974,         0.264,         2.719,     0.002,     0.000,     0.000,     0.001,         1.000,         1.000,         1.000,         1.000,         1.000,         1.000,         1.000,         1.000,         1.000,         0.000,         0.000,         0.000,
    14.000,   488.889,   457.575,     3.470,     0.066,   136.940,     0.000,     0.453,    24.365,   427.700,     1.000,     3.626,   -39.171,     0.000,   263.497,   322.621,    21.537,   -41.491,     0.000,         8.146,         0.277,         2.691,     0.002,     0.000,     0.000,     0.001,         1.000,         1.000,         1.000,         1.000,         1.000,         1.000,         1.000,         1.000,         1.000,         0.000,         0.000,         0.000,
    14.103,   486.380,   457.459,     3.478,     0.072,   132.322,     0.000,     0.453,    24.249,   427.700,     1.000,     3.634,   -60.802,     0.000,   258.865,   322.676,    28.207,   -31.215,     0.000,         8.010,         0.279,         2.663,     0.002,     0.000,     0.000,     0.001,         1.000,         1.000,         1.000,         1.000,         1.000,         1.000,         1.000,         1.000,         1.000,         0.000,         0.000,         0.000,
    14.200,   484.028,   457.349,     3.477,     0.066,   129.862,     0.000,     0.453,    24.139,   418.400,     1.000,     3.634,   -80.197,     0.000,   254.255,   322.583,    33.703,   -21.834,     0.000,         8.032,         0.279,         2.638,     0.002,     0.000,     0.000,     0.001,         1.000,         1.000,         1.000,         1.000,         1.000,         1.000,         1.000,         1.000,         1.000,         0.000,         0.000,         0.000,
    14.303,   481.517,   457.227,     3.470,     0.087,   132.147,     0.000,     0.453,    24.017,   418.400,     1.000,     3.643,   -94.199,     0.000,   254.402,   322.663,    38.675,   -12.736,     0.000,         7.543,         0.281,         2.610,     0.002,     0.000,     0.000,     0.001,         1.000,         1.000,         1.000,         1.000,         1.000,         1.000,         1.000,         1.000,         1.000,         0.000,         0.000,         0.000,
    14.403,   479.084,   457.115,     3.431,     0.086,   131.362,     0.000,     0.453,    23.905,   418.400,     1.000,     3.650,  -109.242,     0.000,   250.845,   322.484,    42.405,    -4.803,     0.000,         7.504,         0.285,         2.584,     0.002,     0.000,     0.000,     0.001,         1.000,         1.000,         1.000,         1.000,         1.000,         1.000,         1.000,         1.000,         1.000,         0.000,         0.000,         0.000,
    14.500,   476.736,   457.004,     3.346,     0.073,   133.313,    79.545,     0.453,    23.794,   418.400,     1.000,     3.646,   -46.603,    75.042,   247.424,   322.040,    45.010,     2.019,     0.000,         7.870,         0.274,         2.559,     0.002,     0.000,     0.000,     0.001,         1.000,         1.000,         1.000,         1.000,         1.000,         1.000,         1.000,         1.000,         1.000,         0.000,         0.000,         0.517,
    14.604,   474.218,   456.878,     3.406,     0.086,   124.115,     0.000,     0.453,    23.668,   418.400,     1.000,     3.644,  -136.624,     0.000,   244.135,   322.437,    48.432,     9.889,     0.000,         8.169,         0.285,         2.533,     0.002,     0.000,     0.000,     0.001,         1.000,         1.000,         1.000,         1.000,         1.000,         1.000,         1.000,         1.000,         1.000,         0.000,         0.000,         0.000,
    14.704,   471.790,   456.783,     3.428,     0.053,   122.873,    65.158,     0.453,    23.573,   418.400,     1.000,     3.629,   -87.128,    61.470,   240.966,   322.446,    50.651,    16.468,     0.000,         8.046,         0.289,         2.507,     0.002,     0.000,     0.000,     0.001,         1.000,         1.000,         1.000,         1.000,         1.000,         1.000,         1.000,         1.000,         1.000,         0.000,         0.000,         0.385,
    14.800,   469.444,   456.678,     3.356,     0.040,   126.580,     0.000,     0.453,    23.468,   418.400,     1.000,     3.597,  -157.932,     0.000,   237.917,   322.093,    51.841,    21.916,     0.000,         7.722,         0.288,         2.483,     0.002,     0.000,     0.000,     0.001,         1.000,         1.000,         1.000,         1.000,         1.000,         1.000,         1.000,         1.000,         1.000,         0.000,         0.000,         0.000,
    14.904,   466.921,   456.554,     3.298,     0.050,   137.169,     0.000,     0.453,    23.344,   418.400,     1.000,     3.565,  -166.894,     0.000,   234.985,   321.873,    52.849,    27.156,     0.000,         7.457,         0.288,         2.457,     0.002,     0.000,     0.000,     0.001,         1.000,         1.000,         1.000,         1.000,         1.000,         1.000,         1.000,         1.000,         1.000,         0.000,         0.000,         0.000,
    15.000,   225.134,   456.447,     3.215,     0.029,   133.786,     0.000,     0.453,    23.237,   418.400,     1.000,     3.551,  -174.065,     0.000,   232.194,   321.446,    53.217,    31.595,     0.000,         7.016,         0.284,         2.433,     0.002,     0.000,     0.000,     0.001,         1.000,         1.000,         1.000,         1.000,         1.000,         1.000,         1.000,         1.000,         1.000,         0.000,         0.000,         0.000,
    15.100,   256.991,   456.342,     3.046,     0.014,    91.316,     0.000,     0.453,    23.132,   409.000,     1.000,     3.528,  -169.139,     0.000,   231.937,   320.654,    50.790,    29.632,     0.000,         6.902,         0.266,         2.409,     0.002,     0.000,     0.000,     0.001,         1.000,         1.000,         1.000,         1.000,         1.000,         1.000,         1.000,         1.000,         1.000,         0.000,         0.000,         0.000,
    15.202,   394.646,   456.239,     2.967,     0.011,   112.338,     0.000,     0.453,    23.029,   409.000,     1.000,     3.511,  -166.058,     0.000,   231.727,   320.326,    49.068,    28.391,     0.000,         6.782,         0.250,         2.385,     0.002,     0.000,     0.000,     0.001,         1.000,         1.000,         1.000,         1.000,         1.000,         1.000,         1.000,         1.000,         1.000,         0.000,         0.000,         0.000,
    15.303,   439.094,   456.122,     2.735,     0.013,   130.551,     0.000,     0.452,    22.912,   409.000,     1.000,     3.485,  -160.339,     0.000,   231.514,   319.254,    46.480,    26.119,     0.000,         6.730,         0.226,         2.361,     0.002,     0.000,     0.000,     0.001,         1.000,         1.000,         1.000,         1.000,         1.000,         1.000,         1.000,         1.000,         1.000,         0.000,         0.000,         0.000,
    15.400,   169.290,   456.028,     2.619,     0.011,   147.082,     0.000,     0.452,    22.818,   409.000,     1.000,     3.468,  -156.610,     0.000,   231.299,   318.664,    44.597,    24.647,     0.000,         6.702,         0.204,         2.338,     0.002,     0.000,     0.000,     0.001,         1.000,         1.000,         1.000,         1.000,         1.000,         1.000,         1.000,         1.000,         1.000,         0.000,         0.000,         0.000,
    15.500,   130.973,   455.918,     2.401,     0.009,   124.301,   665.205,     0.452,    22.708,   409.000,     1.000,     3.448,   476.017,   627.552,   231.089,   317.627,    42.335,    22.662,     0.000,         6.690,         0.179,         2.316,     0.002,     0.000,     0.000,     0.001,         1.000,         1.000,         1.000,         1.000,         1.000,         1.000,         1.000,         1.000,         1.000,         0.000,         0.000,         0.712,
    15.601,   139.909,   455.814,     2.599,     0.014,    98.909,    48.496,     0.452,    22.604,   409.000,     1.000,     3.436,  -107.668,    45.751,   230.879,   318.564,    42.349,    23.385,     0.000,         6.659,         0.195,         2.292,     0.002,     0.000,     0.000,     0.001,         1.000,         1.000,         1.000,         1.000,         1.000,         1.000,         1.000,         1.000,         1.000,         0.000,         0.000,         0.298,
    15.700,   222.692,   455.715,     2.662,     0.021,   126.313,   220.239,     0.452,    22.505,   409.000,     1.000,     3.423,    54.696,   207.773,   230.672,   318.850,    41.666,    23.232,     0.000,         6.567,         0.202,         2.270,     0.002,     0.000,     0.000,     0.001,         1.000,         1.000,         1.000,         1.000,         1.000,         1.000,         1.000,         1.000,         1.000,         0.000,         0.000,         0.870,
    15.801,   139.909,   455.606,     2.649,     0.022,   133.969,    48.685,     0.452,    22.396,   409.000,     1.000,     3.414,  -105.761,    45.929,   230.461,   318.810,    40.666,    22.675,     0.000,         6.501,         0.199,         2.248,     0.002,     0.000,     0.000,     0.001,         1.000,         1.000,         1.000,         1.000,         1.000,         1.000,         1.000,         1.000,         1.000,         0.000,         0.000,         0.310,
    15.901,   247.857,   455.503,     2.602,     0.022,   139.550,   533.132,     0.452,    22.293,   409.000,     1.000,     3.406,   353.328,   502.955,   230.255,   318.522,    39.492,    21.866,     0.000,         6.452,         0.191,         2.225,     0.002,     0.000,     0.000,     0.001,         1.000,         1.000,         1.000,         1.000,         1.000,         1.000,         1.000,         1.000,         1.000,         0.000,         0.000,         0.915,
    16.000,    71.795,   455.387,     2.609,     0.017,   109.627,     0.000,     0.452,    22.177,   399.300,     1.000,     3.409,  -148.869,     0.000,   230.045,   318.619,    38.749,    21.546,     0.000,         6.424,         0.182,         2.204,     0.002,     0.000,     0.000,     0.001,         1.000,         1.000,         1.000,         1.000,         1.000,         1.000,         1.000,         1.000,         1.000,         0.000,         0.000,         0.000,
    16.101,   134.951,   455.254,     2.558,     0.022,   144.915,     0.000,     0.452,    22.044,   399.300,     1.000,     3.413,  -144.155,     0.000,   231.591,   318.398,    38.141,    19.207,     0.000,         6.434,         0.171,         2.182,     0.002,     0.000,     0.000,     0.001,         1.000,         1.000,         1.000,         1.000,         1.000,         1.000,         1.000,         1.000,         1.000,         0.000,         0.000,         0.000,
    16.200,    53.941,   455.129,     2.583,     0.014,    87.594,   534.234,     0.452,    21.919,   399.300,     1.000,     3.431,   363.703,   503.995,   233.165,   318.481,    37.798,    17.178,     0.000,         6.424,         0.160,         2.161,     0.002,     0.000,     0.000,     0.001,         1.000,         1.000,         1.000,         1.000,         1.000,         1.000,         1.000,         1.000,         1.000,         0.000,         0.000,         0.882,
    16.300,    65.268,   454.997,     2.527,     0.017,   117.166,   520.609,     0.451,    21.787,   399.300,     1.000,     3.447,   355.928,   491.140,   234.777,   318.228,    37.078,    14.683,     0.000,         6.406,         0.147,         2.140,     0.002,     0.000,     0.000,     0.001,         1.000,         1.000,         1.000,         1.000,         1.000,         1.000,         1.000,         1.000,         1.000,         0.000,         0.000,         0.881,
    16.400,    92.506,   454.869,     2.522,     0.020,   140.974,     0.000,     0.451,    21.659,   399.300,     1.000,     3.474,  -130.850,     0.000,   236.414,   318.236,    36.577,    12.452,     0.000,         6.384,         0.133,         2.120,     0.002,     0.000,     0.000,     0.001,         1.000,         1.000,         1.000,         1.000,         1.000,         1.000,         1.000,         1.000,         1.000,         0.000,         0.000,         0.000,
    16.500,   428.125,   454.755,     2.902,     0.032,   101.061,    19.230,     0.452,    21.545,   399.300,     1.000,     3.508,  -113.846,    18.142,   238.091,   319.965,    37.827,    12.287,     0.000,         6.331,         0.179,         2.097,     0.002,     0.000,     0.000,     0.001,         1.000,         1.000,         1.000,         1.000,         1.000,         1.000,         1.000,         1.000,         1.000,         0.000,         0.000,         0.129,
    16.600,   425.694,   454.615,     3.344,     0.038,   115.157,     0.000,     0.452,    21.405,   399.300,     1.000,     3.575,  -134.250,     0.000,   239.801,   322.034,    39.485,    12.533,     0.000,         6.244,         0.235,         2.076,     0.002,     0.000,     0.000,     0.001,         1.000,         1.000,         1.000,         1.000,         1.000,         1.000,         1.000,         1.000,         1.000,         0.000,         0.000,         0.000,
    16.703,   423.183,   454.482,     3.515,     0.040,   133.456,     0.000,     0.453,    21.272,   399.300,     1.000,     3.641,  -132.192,     0.000,   241.550,   322.823,    39.764,    11.155,     0.000,         6.122,         0.267,         2.054,     0.002,     0.000,     0.000,     0.001,         1.000,         1.000,         1.000,         1.000,         1.000,         1.000,         1.000,         1.000,         1.000,         0.000,         0.000,         0.000,
    16.803,   420.754,   454.379,     3.708,     0.037,   118.066,     0.000,     0.454,    21.169,   389.300,     1.000,     3.718,  -130.481,     0.000,   243.337,   323.744,    40.172,     9.901,     0.000,         6.636,         0.361,         2.034,     0.002,     0.000,     0.000,     0.001,         1.000,         1.000,         1.000,         1.000,         1.000,         1.000,         1.000,         1.000,         1.000,         0.000,         0.000,         0.000,
    16.900,   418.403,   454.240,     3.804,     0.042,   139.066,     0.000,     0.454,    21.030,   389.300,     1.000,     3.804,  -127.007,     0.000,   245.162,   324.185,    40.000,     7.984,     0.000,         6.757,         0.369,         2.014,     0.002,     0.000,     0.000,     0.001,         1.000,         1.000,         1.000,         1.000,         1.000,         1.000,         1.000,         1.000,         1.000,         0.000,         0.000,         0.000,
    17.000,   415.972,   454.105,     3.918,     0.033,   121.861,     0.000,     0.454,    20.895,   389.300,     1.000,     3.921,  -123.733,     0.000,   247.017,   324.717,    39.894,     6.140,     0.000,         6.591,         0.377,         1.994,     0.002,     0.000,     0.000,     0.001,         1.000,         1.000,         1.000,         1.000,         1.000,         1.000,         1.000,         1.000,         1.000,         0.000,         0.000,         0.000,
    17.103,   413.469,   453.967,     4.126,     0.035,   121.326,     0.000,     0.454,    20.757,   389.300,     1.000,     4.061,  -123.801,     0.000,   248.255,   325.649,    40.256,     6.151,     0.000,         6.239,         0.383,         1.973,     0.002,     0.000,     0.000,     0.001,         1.000,         1.000,         1.000,         1.000,         1.000,         1.000,         1.000,         1.000,         1.000,         0.000,         0.000,         0.000,
    17.200,   411.111,   453.835,     4.473,     0.045,   126.199,     0.000,     0.454,    20.625,   389.300,     1.000,     4.223,  -126.511,     0.000,   249.496,   327.328,    41.524,     7.154,     0.000,         5.754,         0.387,         1.954,     0.002,     0.000,     0.000,     0.001,         1.000,         1.000,         1.000,         1.000,         1.000,         1.000,         1.000,         1.000,         1.000,         0.000,         0.000,         0.000,
    17.303,   408.611,   453.685,     4.796,     0.042,   132.502,     0.000,     0.454,    20.475,   389.300,     1.000,     4.409,  -128.493,     0.000,   250.757,   328.807,    42.562,     7.881,     0.000,         5.280,         0.405,         1.931,     0.003,     0.000,     0.000,     0.001,         1.000,         1.000,         1.000,         1.000,         1.000,         1.000,         1.000,         1.000,         1.000,         0.000,         0.000,         0.000,
    17.403,   406.184,   453.540,     5.069,     0.047,   133.212,    57.863,     0.454,    20.330,   389.300,     1.000,     4.585,   -75.199,    54.588,   252.035,   330.094,    43.375,     8.353,     0.000,         4.896,         0.437,         1.912,     0.003,     0.000,     0.000,     0.001,         1.000,         1.000,         1.000,         1.000,         1.000,         1.000,         1.000,         1.000,         1.000,         0.000,         0.000,         0.362,
    17.500,   403.819,   453.403,     5.252,     0.041,   134.761,   521.870,     0.455,    20.193,   379.300,     1.000,     4.724,   362.730,   492.331,   253.330,   330.965,    43.675,     8.290,     0.000,         4.515,         0.470,         1.893,     0.003,     0.000,     0.000,     0.001,         1.000,         1.000,         1.000,         1.000,         1.000,         1.000,         1.000,         1.000,         1.000,         0.000,         0.000,         0.918,
    17.602,   401.333,   453.248,     5.253,     0.036,   134.930,     0.000,     0.455,    20.038,   379.300,     1.000,     4.801,  -126.583,     0.000,   254.646,   331.035,    42.975,     7.218,     0.000,         4.303,         0.496,         1.874,     0.003,     0.000,     0.000,     0.001,         1.000,         1.000,         1.000,         1.000,         1.000,         1.000,         1.000,         1.000,         1.000,         0.000,         0.000,         0.000,
    17.703,   398.896,   453.094,     5.273,     0.039,   136.320,     0.000,     0.455,    19.884,   379.300,     1.000,     4.869,  -123.892,     0.000,   255.985,   331.204,    42.396,     6.276,     0.000,         4.350,         0.515,         1.855,     0.003,     0.000,     0.000,     0.001,         1.000,         1.000,         1.000,         1.000,         1.000,         1.000,         1.000,         1.000,         1.000,         0.000,         0.000,         0.000,
    17.800,   396.528,   452.943,     5.321,     0.051,   137.786,   568.711,     0.455,    19.733,   379.300,     1.000,     4.914,   415.702,   536.520,   257.337,   331.263,    41.681,     5.211,     0.000,         4.371,         0.536,         1.837,     0.003,     0.000,     0.000,     0.001,         1.000,         1.000,         1.000,         1.000,         1.000,         1.000,         1.000,         1.000,         1.000,         0.000,         0.000,         0.828,
    17.902,   394.050,   452.788,     5.304,     0.055,   139.088,   421.718,     0.456,    19.578,   379.300,     1.000,     4.916,   280.500,   397.847,   258.707,   331.209,    40.829,     4.017,     0.000,         4.403,         0.561,         1.816,     0.003,     0.000,     0.000,     0.001,         1.000,         1.000,         1.000,         1.000,         1.000,         1.000,         1.000,         1.000,         1.000,         0.000,         0.000,         0.981,
    18.000,   391.666,   452.640,     5.276,     0.049,   137.482,     0.000,     0.456,    19.430,   379.300,     1.000,     4.892,  -113.852,     0.000,   260.101,   331.152,    39.972,     2.828,     0.000,         4.439,         0.588,         1.799,     0.003,     0.000,     0.000,     0.001,         1.000,         1.000,         1.000,         1.000,         1.000,         1.000,         1.000,         1.000,         1.000,         0.000,         0.000,         0.000,
    18.100,   389.236,   452.487,     5.215,     0.053,   142.077,     0.000,     0.456,    19.277,   379.300,     1.000,     4.834,  -114.770,     0.000,   259.635,   330.873,    39.966,     3.567,     0.000,         4.476,         0.605,         1.780,     0.003,     0.000,     0.000,     0.001,         1.000,         1.000,         1.000,         1.000,         1.000,         1.000,         1.000,         1.000,         1.000,         0.000,         0.000,         0.000,
    18.202,   386.765,   452.330,     5.086,     0.055,   138.470,     0.000,     0.456,    19.120,   368.400,     1.000,     4.731,  -114.679,     0.000,   259.125,   330.264,    39.564,     3.977,     0.000,         4.538,         0.625,         1.762,     0.003,     0.000,     0.000,     0.001,         1.000,         1.000,         1.000,         1.000,         1.000,         1.000,         1.000,         1.000,         1.000,         0.000,         0.000,         0.000,
    18.300,   133.038,   452.173,     4.898,     0.018,   102.397,     0.000,     0.456,    18.963,   368.400,     1.000,     4.591,  -113.449,     0.000,   258.614,   329.335,    38.728,     3.999,     0.000,         4.603,         0.622,         1.745,     0.003,     0.000,     0.000,     0.001,         1.000,         1.000,         1.000,         1.000,         1.000,         1.000,         1.000,         1.000,         1.000,         0.000,         0.000,         0.000,
    18.400,   186.219,   452.030,     4.743,     0.022,   177.228,     0.000,     0.456,    18.820,   368.400,     1.000,     4.458,  -112.871,     0.000,   258.111,   328.602,    38.099,     4.281,     0.000,         4.695,         0.590,         1.727,     0.003,     0.000,     0.000,     0.001,         1.000,         1.000,         1.000,         1.000,         1.000,         1.000,         1.000,         1.000,         1.000,         0.000,         0.000,         0.000,
    18.502,   343.404,   451.871,     4.527,     0.023,   110.622,     0.000,     0.456,    18.661,   368.400,     1.000,     4.313,  -111.339,     0.000,   257.626,   327.635,    37.111,     4.219,     0.000,         4.726,         0.588,         1.709,     0.003,     0.000,     0.000,     0.001,         1.000,         1.000,         1.000,         1.000,         1.000,         1.000,         1.000,         1.000,         1.000,         0.000,         0.000,         0.000,
    18.601,   377.053,   451.741,     4.201,     0.043,   144.824,     0.000,     0.456,    18.531,   368.400,     1.000,     4.134,  -107.760,     0.000,   257.152,   326.150,    35.372,     3.390,     0.000,         4.675,         0.612,         1.692,     0.003,     0.000,     0.000,     0.001,         1.000,         1.000,         1.000,         1.000,         1.000,         1.000,         1.000,         1.000,         1.000,         0.000,         0.000,         0.000,
    18.700,   374.652,   451.610,     3.897,     0.047,   143.471,     0.000,     0.456,    18.400,   368.400,     1.000,     3.949,  -104.158,     0.000,   256.675,   324.683,    33.586,     2.565,     0.000,         4.958,         0.627,         1.675,     0.003,     0.000,     0.000,     0.001,         1.000,         1.000,         1.000,         1.000,         1.000,         1.000,         1.000,         1.000,         1.000,         0.000,         0.000,         0.000,
    18.801,   372.195,   451.481,     3.642,     0.046,   143.720,     0.000,     0.456,    18.271,   368.400,     1.000,     3.768,  -101.533,     0.000,   256.205,   323.504,    32.109,     2.125,     0.000,         4.500,         0.653,         1.658,     0.003,     0.000,     0.000,     0.001,         1.000,         1.000,         1.000,         1.000,         1.000,         1.000,         1.000,         1.000,         1.000,         0.000,         0.000,         0.000,
    18.901,   369.768,   451.354,     3.502,     0.049,   148.397,   104.752,     0.457,    18.144,   356.600,     1.000,     3.636,    -1.903,    98.823,   255.742,   322.815,    31.230,     2.423,     0.000,         4.058,         0.698,         1.641,     0.003,     0.000,     0.000,     0.001,         1.000,         1.000,         1.000,         1.000,         1.000,         1.000,         1.000,         1.000,         1.000,         0.000,         0.000,         0.591,
    19.000,   367.361,   451.225,     3.507,     0.057,   152.214,   360.919,     0.457,    18.015,   356.600,     1.000,     3.594,   238.156,   340.489,   255.285,   322.739,    31.157,     3.722,     0.000,         3.597,         0.741,         1.625,     0.003,     0.000,     0.000,     0.001,         1.000,         1.000,         1.000,         1.000,         1.000,         1.000,         1.000,         1.000,         1.000,         0.000,         0.000,         0.993,
    19.101,   364.914,   451.123,     3.533,     0.049,   134.974,     0.000,     0.458,    17.913,   356.600,     1.000,     3.606,  -106.529,     0.000,   254.832,   322.952,    31.656,     6.752,     0.000,         3.219,         0.796,         1.609,     0.003,     0.000,     0.000,     0.001,         1.000,         1.000,         1.000,         1.000,         1.000,         1.000,         1.000,         1.000,         1.000,         0.000,         0.000,         0.000,
    19.201,   362.488,   451.036,     3.611,     0.049,   132.450,    60.020,     0.458,    17.826,   356.600,     1.000,     3.643,   -54.791,    56.622,   254.413,   323.300,    32.369,    10.157,     0.000,         2.922,         0.833,         1.593,     0.003,     0.000,     0.000,     0.001,         1.000,         1.000,         1.000,         1.000,         1.000,         1.000,         1.000,         1.000,         1.000,         0.000,         0.000,         0.407,
    19.300,   360.069,   450.952,     3.670,     0.053,   130.005,     0.000,     0.458,    17.742,   356.600,     1.000,     3.693,  -116.134,     0.000,   254.028,   323.584,    33.003,    13.575,     0.000,         2.748,         0.851,         1.577,     0.003,     0.000,     0.000,     0.001,         1.000,         1.000,         1.000,         1.000,         1.000,         1.000,         1.000,         1.000,         1.000,         0.000,         0.000,         0.000,
    19.400,   357.632,   450.872,     3.833,     0.062,   135.698,     0.000,     0.459,    17.662,   356.600,     1.000,     3.833,  -123.267,     0.000,   253.677,   324.411,    34.491,    18.042,     0.000,         2.912,         0.907,         1.561,     0.003,     0.000,     0.000,     0.001,         1.000,         1.000,         1.000,         1.000,         1.000,         1.000,         1.000,         1.000,         1.000,         0.000,         0.000,         0.000,
    19.500,   355.200,   450.791,     4.106,     0.053,   137.330,     0.000,     0.459,    17.581,   356.600,     1.000,     4.059,  -131.981,     0.000,   253.359,   325.561,    36.549,    23.231,     0.000,         2.616,         0.923,         1.545,     0.003,     0.000,     0.000,     0.001,         1.000,         1.000,         1.000,         1.000,         1.000,         1.000,         1.000,         1.000,         1.000,         0.000,         0.000,         0.000,
    19.600,   352.777,   450.717,     4.577,     0.040,   136.711,   132.998,     0.459,    17.507,   356.600,     1.000,     4.370,   -20.006,   125.470,   253.075,   327.742,    40.403,    30.406,     0.000,         2.320,         0.937,         1.529,     0.004,     0.000,     0.000,     0.002,         1.000,         1.000,         1.000,         1.000,         1.000,         1.000,         1.000,         1.000,         1.000,         0.000,         0.000,         0.656,
    19.700,   350.347,   450.644,     5.059,     0.048,   136.655,     0.000,     0.459,    17.434,   356.600,     1.000,     4.691,  -160.274,     0.000,   252.824,   330.119,    44.811,    38.168,     0.000,         2.031,         0.946,         1.514,     0.004,     0.000,     0.000,     0.002,         1.000,         1.000,         1.000,         1.000,         1.000,         1.000,         1.000,         1.000,         1.000,         0.000,         0.000,         0.000,
    19.802,   327.749,   450.573,     5.365,     0.057,   135.921,   494.254,     0.459,    17.363,   356.600,     1.000,     4.919,   295.190,   466.278,   252.597,   331.496,    47.674,    44.514,     0.000,         1.928,         0.942,         1.498,     0.004,     0.000,     0.000,     0.002,         1.000,         1.000,         1.000,         1.000,         1.000,         1.000,         1.000,         1.000,         1.000,         0.000,         0.000,         0.949,
    19.900,   345.486,   450.511,     5.464,     0.028,   133.723,     0.000,     0.459,    17.301,   356.600,     1.000,     5.054,  -177.995,     0.000,   252.412,   332.017,    49.059,    49.331,     0.000,         1.965,         0.922,         1.484,     0.005,     0.000,     0.000,     0.002,         1.000,         1.000,         1.000,         1.000,         1.000,         1.000,         1.000,         1.000,         1.000,         0.000,         0.000,         0.000,
    20.000,   343.055,   450.449,     5.406,     0.029,   156.581,     0.000,     0.459,    17.239,   356.600,     1.000,     5.081,  -181.062,     0.000,   252.260,   331.699,    48.903,    52.720,     0.000,         1.985,         0.902,         1.469,     0.005,     0.000,     0.000,     0.002,         1.000,         1.000,         1.000,         1.000,         1.000,         1.000,         1.000,         1.000,         1.000,         0.000,         0.000,         0.000,
    20.102,   340.581,   450.369,     5.352,     0.029,   151.385,   294.192,     0.459,    17.159,   344.800,     1.000,     5.098,    99.055,   277.539,   252.525,   331.436,    48.064,    51.509,     0.000,         1.976,         0.884,         1.454,     0.005,     0.000,     0.000,     0.002,         1.000,         1.000,         1.000,         1.000,         1.000,         1.000,         1.000,         1.000,         1.000,         0.000,         0.000,         0.973,
    20.200,   191.302,   450.270,     5.312,     0.027,   150.797,     0.000,     0.459,    17.060,   344.800,     1.000,     5.116,  -176.499,     0.000,   252.791,   331.298,    47.464,    50.528,     0.000,         1.948,         0.864,         1.439,     0.005,     0.000,     0.000,     0.002,         1.000,         1.000,         1.000,         1.000,         1.000,         1.000,         1.000,         1.000,         1.000,         0.000,         0.000,         0.000,
    20.302,   335.727,   450.187,     5.264,     0.027,   155.123,   431.987,     0.458,    16.977,   344.800,     1.000,     5.125,   233.489,   407.534,   253.059,   331.054,    46.681,    49.370,     0.000,         1.909,         0.838,         1.425,     0.005,     0.000,     0.000,     0.002,         1.000,         1.000,         1.000,         1.000,         1.000,         1.000,         1.000,         1.000,         1.000,         0.000,         0.000,         0.969,
    20.402,   333.294,   450.097,     5.207,     0.025,   140.270,     0.000,     0.458,    16.887,   344.800,     1.000,     5.104,  -171.594,     0.000,   253.332,   330.807,    45.900,    48.219,     0.000,         1.871,         0.812,         1.410,     0.005,     0.000,     0.000,     0.002,         1.000,         1.000,         1.000,         1.000,         1.000,         1.000,         1.000,         1.000,         1.000,         0.000,         0.000,         0.000,
    20.500,    60.374,   449.998,     5.130,     0.016,    89.987,   298.961,     0.458,    16.788,   344.800,     1.000,     5.052,   113.448,   282.038,   253.604,   330.427,    44.906,    46.862,     0.000,         1.840,         0.783,         1.396,     0.005,     0.000,     0.000,     0.002,         1.000,         1.000,         1.000,         1.000,         1.000,         1.000,         1.000,         1.000,         1.000,         0.000,         0.000,         0.991,
    20.600,    55.614,   449.922,     5.014,     0.022,   154.688,   134.686,     0.458,    16.712,   344.800,     1.000,     4.959,   -37.885,   127.063,   253.877,   329.892,    43.670,    45.263,     0.000,         1.756,         0.754,         1.382,     0.005,     0.000,     0.000,     0.002,         1.000,         1.000,         1.000,         1.000,         1.000,         1.000,         1.000,         1.000,         1.000,         0.000,         0.000,         0.740,
    20.701,   314.304,   449.833,     4.848,     0.048,   220.468,     0.000,     0.457,    16.623,   344.800,     1.000,     4.817,  -160.453,     0.000,   254.145,   329.141,    42.114,    43.343,     0.000,         1.666,         0.731,         1.368,     0.006,     0.000,     0.000,     0.003,         1.000,         1.000,         1.000,         1.000,         1.000,         1.000,         1.000,         1.000,         1.000,         0.000,         0.000,         0.000,
    20.800,   323.611,   449.750,     4.580,     0.035,   158.855,     0.000,     0.457,    16.540,   344.800,     1.000,     4.586,  -153.603,     0.000,   254.424,   327.835,    39.693,    40.498,     0.000,         1.621,         0.733,         1.355,     0.006,     0.000,     0.000,     0.003,         1.000,         1.000,         1.000,         1.000,         1.000,         1.000,         1.000,         1.000,         1.000,         0.000,         0.000,         0.000,
    20.901,   321.151,   449.660,     4.294,     0.034,   149.745,   233.988,     0.457,    16.450,   344.800,     1.000,     4.297,    73.986,   220.743,   254.699,   326.490,    37.305,    37.662,     0.000,         1.526,         0.713,         1.341,     0.006,     0.000,     0.000,     0.003,         1.000,         1.000,         1.000,         1.000,         1.000,         1.000,         1.000,         1.000,         1.000,         0.000,         0.000,         0.890,
    21.000,   232.378,   449.572,     3.954,     0.033,   146.368,   395.516,     0.457,    16.362,   344.800,     1.000,     3.970,   234.188,   373.128,   254.980,   324.881,    34.598,    34.441,     0.000,         1.457,         0.685,         1.327,     0.006,     0.000,     0.000,     0.003,         1.000,         1.000,         1.000,         1.000,         1.000,         1.000,         1.000,         1.000,         1.000,         0.000,         0.000,         0.986,
    21.100,   153.900,   449.490,     3.541,     0.038,   168.937,    67.358,     0.456,    16.280,   344.800,     1.000,     3.620,   -66.018,    63.545,   255.646,   322.954,    31.796,    30.460,     0.000,         1.417,         0.615,         1.314,     0.006,     0.000,     0.000,     0.003,         1.000,         1.000,         1.000,         1.000,         1.000,         1.000,         1.000,         1.000,         1.000,         0.000,         0.000,         0.411,
    21.201,   260.039,   449.381,     3.160,     0.035,   148.711,     0.000,     0.456,    16.171,   344.800,     1.000,     3.282,  -120.718,     0.000,   256.312,   321.222,    29.197,    26.610,     0.000,         1.379,         0.578,         1.301,     0.006,     0.000,     0.000,     0.003,         1.000,         1.000,         1.000,         1.000,         1.000,         1.000,         1.000,         1.000,         1.000,         0.000,         0.000,         0.000,
    21.301,   311.427,   449.277,     2.857,     0.042,   168.557,     0.000,     0.456,    16.067,   327.700,     1.000,     2.994,  -113.085,     0.000,   256.986,   319.843,    27.046,    23.181,     0.000,         1.338,         0.582,         1.288,     0.006,     0.000,     0.000,     0.003,         1.000,         1.000,         1.000,         1.000,         1.000,         1.000,         1.000,         1.000,         1.000,         0.000,         0.000,         0.000,
    21.400,   309.028,   449.184,     2.563,     0.036,   138.451,     0.000,     0.455,    15.974,   327.700,     1.000,     2.767,  -104.916,     0.000,   257.675,   318.413,    24.721,    19.457,     0.000,         1.314,         0.537,         1.275,     0.006,     0.000,     0.000,     0.003,         1.000,         1.000,         1.000,         1.000,         1.000,         1.000,         1.000,         1.000,         1.000,         0.000,         0.000,         0.000,
    21.501,   247.857,   449.080,     2.541,     0.045,   185.130,     0.000,     0.456,    15.870,   327.700,     1.000,     2.706,  -102.425,     0.000,   258.370,   318.318,    24.402,    18.076,     0.000,         1.277,         0.542,         1.263,     0.006,     0.000,     0.000,     0.003,         1.000,         1.000,         1.000,         1.000,         1.000,         1.000,         1.000,         1.000,         1.000,         0.000,         0.000,         0.000,
    21.600,   188.685,   448.979,     2.538,     0.040,   144.452,     0.000,     0.455,    15.769,   327.700,     1.000,     2.674,  -100.228,     0.000,   259.071,   318.313,    24.192,    16.794,     0.000,         1.249,         0.534,         1.251,     0.006,     0.000,     0.000,     0.003,         1.000,         1.000,         1.000,         1.000,         1.000,         1.000,         1.000,         1.000,         1.000,         0.000,         0.000,         0.000,
    21.700,   149.962,   448.877,     2.519,     0.044,   153.910,    38.474,     0.455,    15.667,   327.700,     1.000,     2.670,   -61.146,    36.297,   259.783,   318.209,    23.785,    15.232,     0.000,         1.227,         0.503,         1.239,     0.006,     0.000,     0.000,     0.003,         1.000,         1.000,         1.000,         1.000,         1.000,         1.000,         1.000,         1.000,         1.000,         0.000,         0.000,         0.286,
    21.801,   232.334,   448.769,     2.504,     0.042,   158.562,     0.000,     0.455,    15.559,   327.700,     1.000,     2.671,   -94.784,     0.000,   260.495,   318.156,    23.424,    13.700,     0.000,         1.209,         0.489,         1.227,     0.006,     0.000,     0.000,     0.003,         1.000,         1.000,         1.000,         1.000,         1.000,         1.000,         1.000,         1.000,         1.000,         0.000,         0.000,         0.000,
    21.901,   296.858,   448.662,     2.640,     0.060,   153.330,   137.528,     0.456,    15.452,   327.700,     1.000,     2.681,    34.529,   129.743,   261.203,   318.759,    24.176,    13.483,     0.000,         1.189,         0.587,         1.214,     0.007,     0.000,     0.001,     0.003,         1.000,         1.000,         1.000,         1.000,         1.000,         1.000,         1.000,         1.000,         1.000,         0.000,         0.000,         0.674,
    22.000,   294.444,   448.556,     2.681,     0.064,   155.679,     0.000,     0.456,    15.346,   327.700,     1.000,     2.696,   -93.613,     0.000,   261.928,   318.960,    24.218,    12.363,     0.000,         1.172,         0.595,         1.203,     0.007,     0.000,     0.001,     0.003,         1.000,         1.000,         1.000,         1.000,         1.000,         1.000,         1.000,         1.000,         1.000,         0.000,         0.000,         0.000,
    22.101,   291.996,   448.447,     2.697,     0.063,   151.751,     0.000,     0.456,    15.237,   327.700,     1.000,     2.714,   -95.860,     0.000,   261.152,   319.047,    24.061,    13.904,     0.000,         1.153,         0.604,         1.191,     0.007,     0.000,     0.001,     0.003,         1.000,         1.000,         1.000,         1.000,         1.000,         1.000,         1.000,         1.000,         1.000,         0.000,         0.000,         0.000,
    22.201,   289.571,   448.336,     2.739,     0.059,   151.990,     0.000,     0.456,    15.126,   305.400,     1.000,     2.747,   -98.442,     0.000,   260.343,   319.190,    24.003,    15.592,     0.000,         1.139,         0.610,         1.179,     0.007,     0.000,     0.001,     0.003,         1.000,         1.000,         1.000,         1.000,         1.000,         1.000,         1.000,         1.000,         1.000,         0.000,         0.000,         0.000,
    22.300,   287.153,   448.220,     2.825,     0.064,   150.010,   304.171,     0.456,    15.010,   305.400,     1.000,     2.823,   184.858,   286.954,   259.542,   319.572,    24.355,    17.711,     0.000,         1.189,         0.620,         1.167,     0.007,     0.000,     0.001,     0.003,         1.000,         1.000,         1.000,         1.000,         1.000,         1.000,         1.000,         1.000,         1.000,         0.000,         0.000,         0.984,
    22.400,   284.712,   448.098,     2.914,     0.059,   149.223,     0.000,     0.456,    14.888,   305.400,     1.000,     2.924,  -106.098,     0.000,   258.745,   320.044,    24.849,    19.951,     0.000,         1.160,         0.614,         1.156,     0.007,     0.000,     0.001,     0.003,         1.000,         1.000,         1.000,         1.000,         1.000,         1.000,         1.000,         1.000,         1.000,         0.000,         0.000,         0.000,
    22.500,   282.289,   447.977,     3.036,     0.065,   143.769,     0.000,     0.456,    14.767,   305.400,     1.000,     3.057,  -110.428,     0.000,   257.957,   320.606,    25.482,    22.297,     0.000,         1.132,         0.606,         1.144,     0.007,     0.000,     0.001,     0.003,         1.000,         1.000,         1.000,         1.000,         1.000,         1.000,         1.000,         1.000,         1.000,         0.000,         0.000,         0.000,
    22.600,   279.861,   447.850,     3.172,     0.083,   144.807,     0.000,     0.456,    14.640,   305.400,     1.000,     3.208,  -114.996,     0.000,   257.173,   321.239,    26.218,    24.712,     0.000,         1.095,         0.590,         1.133,     0.007,     0.000,     0.001,     0.003,         1.000,         1.000,         1.000,         1.000,         1.000,         1.000,         1.000,         1.000,         1.000,         0.000,         0.000,         0.000,
    22.700,   277.423,   447.721,     3.380,     0.057,   145.491,     0.000,     0.456,    14.511,   305.400,     1.000,     3.380,  -121.038,     0.000,   256.370,   322.204,    27.482,    27.722,     0.000,         1.089,         0.625,         1.121,     0.007,     0.000,     0.001,     0.003,         1.000,         1.000,         1.000,         1.000,         1.000,         1.000,         1.000,         1.000,         1.000,         0.000,         0.000,         0.000,
    22.800,   274.995,   447.589,     3.544,     0.060,   143.052,     0.000,     0.456,    14.379,   305.400,     1.000,     3.552,  -125.924,     0.000,   255.611,   322.960,    28.385,    30.190,     0.000,         1.050,         0.621,         1.110,     0.007,     0.000,     0.001,     0.003,         1.000,         1.000,         1.000,         1.000,         1.000,         1.000,         1.000,         1.000,         1.000,         0.000,         0.000,         0.000,
    22.900,   272.569,   447.454,     3.692,     0.059,   141.540,     0.000,     0.456,    14.244,   305.400,     1.000,     3.704,  -130.464,     0.000,   254.835,   323.654,    29.154,    32.491,     0.000,         1.009,         0.619,         1.099,     0.007,     0.000,     0.001,     0.003,         1.000,         1.000,         1.000,         1.000,         1.000,         1.000,         1.000,         1.000,         1.000,         0.000,         0.000,         0.000,
    23.000,   270.139,   447.316,     3.745,     0.052,   139.476,     0.000,     0.456,    14.106,   283.100,     1.000,     3.777,  -132.896,     0.000,   254.075,   323.903,    29.174,    33.894,     0.000,         0.991,         0.648,         1.088,     0.007,     0.000,     0.001,     0.003,         1.000,         1.000,         1.000,         1.000,         1.000,         1.000,         1.000,         1.000,         1.000,         0.000,         0.000,         0.000,
    23.100,   267.708,   447.159,     3.708,     0.061,   139.821,     0.000,     0.456,    13.949,   283.100,     1.000,     3.763,  -136.014,     0.000,   253.188,   323.728,    30.898,    34.576,     0.000,         0.940,         0.651,         1.077,     0.007,     0.000,     0.001,     0.003,         1.000,         1.000,         1.000,         1.000,         1.000,         1.000,         1.000,         1.000,         1.000,         0.000,         0.000,         0.000,
    23.200,   265.277,   446.994,     3.687,     0.060,   138.266,     0.000,     0.457,    13.784,   283.100,     1.000,     3.746,  -139.229,     0.000,   252.306,   323.592,    32.621,    35.322,     0.000,         0.907,         0.657,         1.066,     0.007,     0.000,     0.001,     0.003,         1.000,         1.000,         1.000,         1.000,         1.000,         1.000,         1.000,         1.000,         1.000,         0.000,         0.000,         0.000,
    23.303,   262.775,   446.813,     3.583,     0.073,   138.387,     0.000,     0.457,    13.603,   283.100,     1.000,     3.699,  -141.358,     0.000,   251.423,   323.223,    33.912,    35.646,     0.000,         0.895,         0.662,         1.055,     0.007,     0.000,     0.001,     0.003,         1.000,         1.000,         1.000,         1.000,         1.000,         1.000,         1.000,         1.000,         1.000,         0.000,         0.000,         0.000,
    23.400,   260.416,   446.649,     3.520,     0.061,   135.548,     0.000,     0.457,    13.439,   283.100,     1.000,     3.632,  -143.363,     0.000,   250.561,   322.857,    35.112,    35.955,     0.000,         0.876,         0.686,         1.045,     0.007,     0.000,     0.001,     0.003,         1.000,         1.000,         1.000,         1.000,         1.000,         1.000,         1.000,         1.000,         1.000,         0.000,         0.000,         0.000,
    23.500,   257.986,   446.467,     3.385,     0.063,   133.976,     0.000,     0.457,    13.257,   283.100,     1.000,     3.536,  -144.169,     0.000,   249.693,   322.220,    35.851,    35.791,     0.000,         0.869,         0.691,         1.034,     0.007,     0.000,     0.001,     0.003,         1.000,         1.000,         1.000,         1.000,         1.000,         1.000,         1.000,         1.000,         1.000,         0.000,         0.000,         0.000,
    23.600,   255.555,   446.285,     3.243,     0.067,   132.100,    96.050,     0.457,    13.075,   262.300,     1.000,     3.417,   -54.178,    90.613,   248.848,   321.570,    36.486,    35.584,     0.000,         0.859,         0.691,         1.024,     0.007,     0.000,     0.001,     0.003,         1.000,         1.000,         1.000,         1.000,         1.000,         1.000,         1.000,         1.000,         1.000,         0.000,         0.000,         0.557,
    23.703,   253.058,   446.097,     3.150,     0.007,   114.372,   440.044,     0.457,    12.887,   262.300,     1.000,     3.273,   269.062,   415.135,   247.991,   321.069,    37.335,    35.661,     0.000,         0.899,         0.698,         1.013,     0.007,     0.000,     0.001,     0.003,         1.000,         1.000,         1.000,         1.000,         1.000,         1.000,         1.000,         1.000,         1.000,         0.000,         0.000,         0.962,
    23.800,   198.333,   445.906,     2.997,     0.005,   115.728,   445.061,     0.457,    12.696,   262.300,     1.000,     3.130,   273.324,   419.869,   247.153,   320.403,    37.861,    35.433,     0.000,         0.948,         0.660,         1.004,     0.007,     0.000,     0.001,     0.003,         1.000,         1.000,         1.000,         1.000,         1.000,         1.000,         1.000,         1.000,         1.000,         0.000,         0.000,         0.948,
    23.903,   248.199,   445.720,     2.943,     0.036,   122.170,     0.000,     0.457,    12.510,   262.300,     1.000,     2.981,  -148.933,     0.000,   246.318,   320.199,    39.036,    36.015,     0.000,         0.937,         0.698,         0.993,     0.008,     0.000,     0.001,     0.003,         1.000,         1.000,         1.000,         1.000,         1.000,         1.000,         1.000,         1.000,         1.000,         0.000,         0.000,         0.000,
    24.000,   245.833,   445.537,     2.753,     0.064,   123.254,     0.000,     0.457,    12.327,   262.300,     1.000,     2.853,  -148.263,     0.000,   245.492,   319.289,    39.106,    35.360,     0.000,         0.870,         0.709,         0.984,     0.008,     0.000,     0.001,     0.003,         1.000,         1.000,         1.000,         1.000,         1.000,         1.000,         1.000,         1.000,         1.000,         0.000,         0.000,         0.000,
    24.100,   243.402,   445.339,     2.622,     0.069,   125.188,     0.000,     0.457,    12.129,   262.300,     1.000,     2.747,  -148.267,     0.000,   245.264,   318.688,    39.329,    35.515,     0.000,         0.824,         0.719,         0.974,     0.008,     0.000,     0.001,     0.003,         1.000,         1.000,         1.000,         1.000,         1.000,         1.000,         1.000,         1.000,         1.000,         0.000,         0.000,         0.000,
    24.202,   240.919,   445.125,     2.551,     0.068,   122.676,     0.000,     0.458,    11.915,   243.000,     1.000,     2.647,  -149.626,     0.000,   245.038,   318.406,    40.022,    36.237,     0.000,         0.813,         0.757,         0.964,     0.008,     0.000,     0.001,     0.003,         1.000,         1.000,         1.000,         1.000,         1.000,         1.000,         1.000,         1.000,         1.000,         0.000,         0.000,         0.000,
    24.302,   238.484,   444.913,     2.436,     0.073,   120.666,   448.556,     0.458,    11.703,   243.000,     1.000,     2.546,   273.657,   423.167,   244.815,   317.774,    40.202,    36.348,     0.000,         0.797,         0.751,         0.955,     0.008,     0.000,     0.001,     0.003,         1.000,         1.000,         1.000,         1.000,         1.000,         1.000,         1.000,         1.000,         1.000,         0.000,         0.000,         0.947,
    24.400,   236.111,   444.699,     2.319,     0.065,   119.471,   446.385,     0.458,    11.489,   243.000,     1.000,     2.449,   271.191,   421.118,   244.594,   317.272,    40.566,    36.684,     0.000,         0.773,         0.776,         0.946,     0.007,     0.000,     0.001,     0.003,         1.000,         1.000,         1.000,         1.000,         1.000,         1.000,         1.000,         1.000,         1.000,         0.000,         0.000,         0.975,
    24.500,   233.680,   444.484,     2.280,     0.066,   119.085,   444.207,     0.458,    11.274,   243.000,     1.000,     2.347,   267.322,   419.063,   244.375,   317.092,    41.412,    37.612,     0.000,         0.777,         0.818,         0.937,     0.007,     0.000,     0.001,     0.003,         1.000,         1.000,         1.000,         1.000,         1.000,         1.000,         1.000,         1.000,         1.000,         0.000,         0.000,         0.973,
    24.602,   231.204,   444.261,     2.163,     0.069,   118.827,   442.019,     0.458,    11.051,   223.600,     1.000,     2.241,   265.095,   416.999,   244.157,   316.528,    41.685,    37.848,     0.000,         0.742,         0.843,         0.928,     0.007,     0.000,     0.001,     0.003,         1.000,         1.000,         1.000,         1.000,         1.000,         1.000,         1.000,         1.000,         1.000,         0.000,         0.000,         0.968,
    24.700,   228.819,   444.031,     2.023,     0.078,   115.971,     0.000,     0.459,    10.821,   223.600,     1.000,     2.124,  -151.927,     0.000,   243.942,   315.933,    41.909,    38.025,     0.000,         0.698,         0.873,         0.920,     0.007,     0.000,     0.001,     0.003,         1.000,         1.000,         1.000,         1.000,         1.000,         1.000,         1.000,         1.000,         1.000,         0.000,         0.000,         0.000,
    24.802,   226.347,   443.793,     1.910,     0.083,   117.177,     0.000,     0.459,    10.582,   223.600,     1.000,     2.021,  -152.565,     0.000,   243.728,   315.481,    42.345,    38.468,     0.000,         0.651,         0.898,         0.912,     0.007,     0.000,     0.001,     0.003,         1.000,         1.000,         1.000,         1.000,         1.000,         1.000,         1.000,         1.000,         1.000,         0.000,         0.000,         0.000,
    24.902,   223.919,   443.555,     1.866,     0.072,   114.884,     0.000,     0.459,    10.345,   223.600,     1.000,     1.925,  -154.084,     0.000,   243.517,   315.227,    43.082,    39.293,     0.000,         0.633,         0.939,         0.904,     0.007,     0.000,     0.001,     0.003,         1.000,         1.000,         1.000,         1.000,         1.000,         1.000,         1.000,         1.000,         1.000,         0.000,         0.000,         0.000,
    25.000,   221.528,   443.315,     1.797,     0.065,   106.184,   433.208,     0.460,    10.105,   223.600,     1.000,     1.823,   253.744,   408.687,   243.307,   314.820,    43.590,    39.839,     0.000,         0.615,         0.963,         0.897,     0.007,     0.000,     0.001,     0.003,         1.000,         1.000,         1.000,         1.000,         1.000,         1.000,         1.000,         1.000,         1.000,         0.000,         0.000,         0.974,
    25.101,   219.062,   443.045,     1.663,     0.068,    95.238,   204.364,     0.460,     9.835,   207.200,     1.000,     1.737,    39.670,   192.796,   242.975,   314.274,    43.098,    38.728,     0.000,         0.580,         0.944,         0.890,     0.007,     0.000,     0.001,     0.003,         1.000,         1.000,         1.000,         1.000,         1.000,         1.000,         1.000,         1.000,         1.000,         0.000,         0.000,         0.891,
    25.201,   204.840,   442.818,     1.519,     0.033,    95.750,   202.972,     0.459,     9.608,   207.200,     1.000,     1.640,    40.775,   191.483,   242.646,   313.602,    42.344,    37.408,     0.000,         0.573,         0.908,         0.883,     0.007,     0.000,     0.001,     0.003,         1.000,         1.000,         1.000,         1.000,         1.000,         1.000,         1.000,         1.000,         1.000,         0.000,         0.000,         0.907,
    25.300,   214.236,   442.570,     1.535,     0.074,   108.785,     0.000,     0.460,     9.360,   207.200,     1.000,     1.560,  -151.389,     0.000,   242.320,   313.696,    42.563,    37.450,     0.000,         0.541,         0.975,         0.877,     0.007,     0.000,     0.001,     0.003,         1.000,         1.000,         1.000,         1.000,         1.000,         1.000,         1.000,         1.000,         1.000,         0.000,         0.000,         0.000,
    25.401,   211.775,   442.324,     1.474,     0.083,   112.936,     0.000,     0.460,     9.114,   207.200,     1.000,     1.496,  -150.527,     0.000,   242.000,   313.443,    42.212,    36.871,     0.000,         0.512,         0.979,         0.871,     0.007,     0.000,     0.001,     0.003,         1.000,         1.000,         1.000,         1.000,         1.000,         1.000,         1.000,         1.000,         1.000,         0.000,         0.000,         0.000,
    25.500,   209.375,   442.072,     1.402,     0.090,   111.245,     0.000,     0.460,     8.862,   193.400,     1.000,     1.438,  -149.205,     0.000,   241.682,   313.091,    41.664,    36.133,     0.000,         0.478,         0.969,         0.866,     0.007,     0.000,     0.001,     0.003,         1.000,         1.000,         1.000,         1.000,         1.000,         1.000,         1.000,         1.000,         1.000,         0.000,         0.000,         0.000,
    25.600,   206.944,   441.815,     1.336,     0.093,   110.739,   197.348,     0.460,     8.605,   193.400,     1.000,     1.395,    38.208,   186.177,   241.369,   312.772,    41.106,    35.461,     0.000,         0.441,         0.976,         0.861,     0.007,     0.000,     0.001,     0.003,         1.000,         1.000,         1.000,         1.000,         1.000,         1.000,         1.000,         1.000,         1.000,         0.000,         0.000,         0.897,
    25.701,   204.488,   441.554,     1.342,     0.091,   111.834,   101.345,     0.460,     8.344,   193.400,     1.000,     1.365,   -52.369,    95.608,   241.060,   312.805,    40.908,    35.325,     0.000,         0.393,         1.017,         0.856,     0.008,     0.000,     0.001,     0.004,         1.000,         1.000,         1.000,         1.000,         1.000,         1.000,         1.000,         1.000,         1.000,         0.000,         0.000,         0.549,
    25.801,   202.063,   441.296,     1.327,     0.093,   110.341,   194.513,     0.460,     8.086,   193.400,     1.000,     1.331,    36.106,   183.503,   240.756,   312.694,    40.493,    34.966,     0.000,         0.356,         1.048,         0.851,     0.008,     0.000,     0.001,     0.004,         1.000,         1.000,         1.000,         1.000,         1.000,         1.000,         1.000,         1.000,         1.000,         0.000,         0.000,         0.847,
    25.900,   199.653,   441.022,     1.258,     0.104,   111.278,   406.552,     0.460,     7.812,   179.700,     1.000,     1.288,   237.394,   383.539,   240.454,   312.399,    39.845,    34.355,     0.000,         0.319,         1.018,         0.847,     0.008,     0.000,     0.001,     0.004,         1.000,         1.000,         1.000,         1.000,         1.000,         1.000,         1.000,         1.000,         1.000,         0.000,         0.000,         0.979,
    26.000,   197.222,   440.745,     1.204,     0.111,   109.659,   403.538,     0.460,     7.535,   179.700,     1.000,     1.238,   235.721,   380.696,   240.157,   312.125,    39.210,    33.798,     0.000,         0.298,         1.001,         0.843,     0.008,     0.000,     0.001,     0.004,         1.000,         1.000,         1.000,         1.000,         1.000,         1.000,         1.000,         1.000,         1.000,         0.000,         0.000,         0.970,
    26.101,   194.773,   440.463,     1.179,     0.116,   110.953,     0.000,     0.460,     7.253,   179.700,     1.000,     1.189,  -142.916,     0.000,   240.126,   312.087,    38.039,    32.915,     0.000,         0.280,         1.021,         0.838,     0.010,     0.000,     0.001,     0.004,         1.000,         1.000,         1.000,         1.000,         1.000,         1.000,         1.000,         1.000,         1.000,         0.000,         0.000,         0.000,
    26.200,   192.361,   440.153,     1.134,     0.124,   109.967,     0.000,     0.460,     6.943,   164.300,     1.000,     1.142,  -140.317,     0.000,   240.100,   311.878,    36.712,    31.827,     0.000,         0.261,         1.006,         0.835,     0.010,     0.000,     0.001,     0.004,         1.000,         1.000,         1.000,         1.000,         1.000,         1.000,         1.000,         1.000,         1.000,         0.000,         0.000,         0.000,
    26.300,   189.921,   439.806,     1.049,     0.125,    96.947,     0.000,     0.460,     6.596,   164.300,     1.000,     1.115,  -137.200,     0.000,   240.075,   311.493,    35.239,    30.544,     0.000,         0.243,         0.952,         0.832,     0.010,     0.000,     0.001,     0.004,         1.000,         1.000,         1.000,         1.000,         1.000,         1.000,         1.000,         1.000,         1.000,         0.000,         0.000,         0.000,
    26.400,   187.491,   439.492,     1.093,     0.149,   108.672,     0.000,     0.460,     6.282,   164.300,     1.000,     1.101,  -136.019,     0.000,   240.050,   311.690,    34.351,    30.028,     0.000,         0.235,         0.985,         0.828,     0.011,     0.000,     0.001,     0.005,         1.000,         1.000,         1.000,         1.000,         1.000,         1.000,         1.000,         1.000,         1.000,         0.000,         0.000,         0.000,
    26.500,   185.069,   439.144,     1.097,     0.171,   109.032,   198.879,     0.460,     5.934,   147.300,     1.000,     1.111,    53.420,   187.622,   240.027,   311.678,    33.282,    29.269,     0.000,         0.189,         1.011,         0.825,     0.011,     0.000,     0.001,     0.005,         1.000,         1.000,         1.000,         1.000,         1.000,         1.000,         1.000,         1.000,         1.000,         0.000,         0.000,         0.868,
    26.600,   182.633,   438.778,     1.115,     0.190,   111.728,   421.782,     0.460,     5.568,   147.300,     1.000,     1.138,   265.345,   397.908,   240.005,   311.711,    32.271,    28.585,     0.000,         0.151,         1.032,         0.822,     0.011,     0.000,     0.001,     0.005,         1.000,         1.000,         1.000,         1.000,         1.000,         1.000,         1.000,         1.000,         1.000,         0.000,         0.000,         0.961,
    26.700,   180.204,   438.394,     1.162,     0.211,   109.780,   424.803,     0.461,     5.184,   147.300,     1.000,     1.169,   269.169,   400.757,   239.983,   311.945,    31.463,    28.163,     0.000,         0.135,         1.059,         0.817,     0.015,     0.000,     0.001,     0.007,         1.000,         1.000,         1.000,         1.000,         1.000,         1.000,         1.000,         1.000,         1.000,         0.000,         0.000,         0.980,
    26.800,   177.778,   437.963,     1.129,     0.256,   111.385,     0.000,     0.460,     4.753,   130.200,     1.000,     1.145,  -129.632,     0.000,   239.962,   311.854,    30.372,    27.368,     0.000,         0.118,         1.055,         0.814,     0.015,     0.000,     0.001,     0.007,         1.000,         1.000,         1.000,         1.000,         1.000,         1.000,         1.000,         1.000,         1.000,         0.000,         0.000,         0.000,
    26.902,   175.299,   437.529,     1.130,     0.288,   108.717,     0.000,     0.461,     4.319,   130.200,     1.000,     1.134,  -127.962,     0.000,   239.942,   311.853,    29.362,    26.689,     0.000,         0.103,         1.065,         0.810,     0.020,     0.000,     0.002,     0.009,         1.000,         1.000,         1.000,         1.000,         1.000,         1.000,         1.000,         1.000,         1.000,         0.000,         0.000,         0.000,
    27.000,   172.916,   437.082,     1.107,     0.329,   108.567,   387.466,     0.460,     3.872,   108.600,     1.000,     1.108,   239.539,   365.534,   239.924,   311.732,    28.283,    25.905,     0.000,         0.088,         1.062,         0.807,     0.020,     0.000,     0.002,     0.009,         1.000,         1.000,         1.000,         1.000,         1.000,         1.000,         1.000,         1.000,         1.000,         0.000,         0.000,         0.988,
    27.100,   170.486,   436.647,     1.193,     0.388,   104.351,     0.000,     0.461,     3.437,   108.600,     1.000,     1.194,  -124.917,     0.000,   238.995,   312.125,    27.578,    24.208,     0.000,         0.075,         1.065,         0.803,     0.027,     0.000,     0.002,     0.012,         1.000,         1.000,         1.000,         1.000,         1.000,         1.000,         1.000,         1.000,         1.000,         0.000,         0.000,         0.000,
    27.202,   168.014,   436.244,     1.398,     0.488,   102.324,     0.000,     0.461,     3.034,   108.600,     1.000,     1.401,  -125.439,     0.000,   238.146,   313.061,    27.354,    23.169,     0.000,         0.066,         1.063,         0.799,     0.027,     0.000,     0.002,     0.012,         1.000,         1.000,         1.000,         1.000,         1.000,         1.000,         1.000,         1.000,         1.000,         0.000,         0.000,         0.000,
    27.302,   165.587,   435.899,     1.616,     0.558,    94.087,     0.000,     0.461,     2.689,    82.500,     1.000,     1.616,  -126.067,     0.000,   237.376,   314.051,    27.178,    22.214,     0.000,         0.060,         1.065,         0.793,     0.034,     0.000,     0.003,     0.015,         1.000,         1.000,         1.000,         1.000,         1.000,         1.000,         1.000,         1.000,         1.000,         0.000,         0.000,         0.000,
    27.400,   163.194,   435.741,     1.828,     0.597,    92.745,     0.000,     0.461,     2.531,    82.500,     1.000,     1.828,  -126.576,     0.000,   236.687,   315.021,    26.985,    21.257,     0.000,         0.045,         1.060,         0.787,     0.111,     0.001,     0.009,     0.050,         1.000,         1.000,         1.000,         1.000,         1.000,         1.000,         1.000,         1.000,         1.000,         0.000,         0.000,         0.000,
