JDAY,DLT(s),ELWS(m),T2(C),U(ms-1),Q(m3s-1),SRON(Wm-2),EXT(m-1),DEPTH(m),WIDTH(m),SHADE,Tvolavg(C),NetRad(Wm-2),SWSolar(Wm-2),LWRad(Wm-2),BackRad(Wm-2),EvapF(Wm-2),ConducF(Wm-2),ReaerationCoeff(day-1),           Gen1,           ISS1,     EPI(g/m2),     SED(Organic matter in sediments g/m3),    SEDP(OrgP in sediments gP/m3),    SEDN(OrgN in sediments gN/m3),    SEDC(OrgCSediments gC/m3),PLIM_ALG1           ,PLIM_ALG2           ,PLIM_ALG3           ,NLIM_ALG1           ,NLIM_ALG2           ,NLIM_ALG3           ,LLIM_ALG1           ,LLIM_ALG2           ,LLIM_ALG3           ,EPLIM_1,ENLIM_1,ELLIM_1,
     1.000,     5.000,   468.080,     9.000,     0.000,     0.029,     0.000,     0.450,    28.810,   514.300,     1.000,     9.000,  -272.480,     0.000,   231.734,   349.198,    90.104,    64.912,     0.000,         0.000,         0.000,        10.000,     0.000,     0.000,     0.000,     0.000,         1.000,         1.000,         1.000,         1.000,         1.000,         1.000,         1.000,         1.000,         1.000,         1.000,         1.000,         1.000,
     1.101,   400.435,   467.975,     8.976,     0.053,   193.222,     0.000,     0.450,    28.705,   514.300,     1.000,     8.976,  -271.011,     0.000,   231.363,   349.081,    88.905,    64.389,     0.000,         0.101,         0.000,         9.898,     0.000,     0.000,     0.000,     0.000,         1.000,         1.000,         1.000,         1.000,         1.000,         1.000,         1.000,         1.000,         1.000,         0.000,         0.000,         0.000,
     1.201,   799.117,   467.863,     8.955,     0.050,   165.746,     0.000,     0.450,    28.593,   514.300,     1.000,     8.955,  -269.594,     0.000,   230.990,   348.970,    87.733,    63.881,     0.000,         0.201,         0.000,         9.799,     0.000,     0.000,     0.000,     0.000,         1.000,         1.000,         1.000,         1.000,         1.000,         1.000,         1.000,         1.000,         1.000,         0.000,         0.000,         0.000,
     1.300,   797.569,   467.767,     8.931,     0.051,   185.276,   327.391,     0.450,    28.497,   514.300,     1.000,     8.930,    40.599,   308.859,   230.649,   348.852,    86.653,    63.404,     0.000,         0.300,         0.000,         9.701,     0.000,     0.000,     0.000,     0.000,         1.000,         1.000,         1.000,         1.000,         1.000,         1.000,         1.000,         1.000,         1.000,         0.000,         0.000,         0.979,
     1.400,   795.131,   467.677,     8.905,     0.047,   149.953,     0.000,     0.450,    28.407,   514.300,     1.000,     8.915,  -266.940,     0.000,   230.284,   348.747,    85.550,    62.927,     0.000,         0.400,         0.000,         9.604,     0.000,     0.000,     0.000,     0.000,         1.000,         1.000,         1.000,         1.000,         1.000,         1.000,         1.000,         1.000,         1.000,         0.000,         0.000,         0.000,
     1.500,   792.708,   467.608,     8.888,     0.047,   142.202,     0.000,     0.450,    28.338,   514.300,     1.000,     8.888,  -265.720,     0.000,   229.918,   348.662,    84.493,    62.483,     0.000,         0.500,         0.000,         9.507,     0.000,     0.000,     0.000,     0.000,         1.000,         1.000,         1.000,         1.000,         1.000,         1.000,         1.000,         1.000,         1.000,         0.000,         0.000,         0.000,
     1.600,   790.277,   467.542,     8.873,     0.047,   141.900,   329.240,     0.450,    28.272,   514.300,     1.000,     8.873,    46.101,   310.604,   229.553,   348.568,    83.449,    62.039,     0.000,         0.600,         0.000,         9.412,     0.000,     0.000,     0.000,     0.000,         1.000,         1.000,         1.000,         1.000,         1.000,         1.000,         1.000,         1.000,         1.000,         0.000,         0.000,         0.988,
     1.700,   787.842,   467.476,     8.837,     0.047,   141.058,     0.000,     0.450,    28.206,   514.300,     1.000,     8.837,  -263.088,     0.000,   229.190,   348.409,    82.338,    61.531,     0.000,         0.700,         0.000,         9.317,     0.000,     0.000,     0.000,     0.000,         1.000,         1.000,         1.000,         1.000,         1.000,         1.000,         1.000,         1.000,         1.000,         0.000,         0.000,         0.000,
     1.801,   785.390,   467.406,     8.814,     0.049,   147.831,   330.470,     0.450,    28.136,   514.300,     1.000,     8.816,    49.994,   311.764,   228.826,   348.268,    81.272,    61.055,     0.000,         0.801,         0.000,         9.222,     0.000,     0.000,     0.000,     0.000,         1.000,         1.000,         1.000,         1.000,         1.000,         1.000,         1.000,         1.000,         1.000,         0.000,         0.000,         0.992,
     1.900,   782.986,   467.338,     8.791,     0.049,   143.106,     0.000,     0.450,    28.068,   514.300,     1.000,     8.791,  -260.698,     0.000,   228.470,   348.182,    80.325,    60.660,     0.000,         0.900,         0.000,         9.131,     0.000,     0.000,     0.000,     0.000,         1.000,         1.000,         1.000,         1.000,         1.000,         1.000,         1.000,         1.000,         1.000,         0.000,         0.000,         0.000,
     2.000,   780.555,   467.269,     8.758,     0.051,   142.321,     0.000,     0.450,    27.999,   514.300,     1.000,     8.758,  -259.380,     0.000,   228.112,   348.017,    79.288,    60.187,     0.000,         1.000,         0.000,         9.039,     0.000,     0.000,     0.000,     0.000,         1.000,         1.000,         1.000,         1.000,         1.000,         1.000,         1.000,         1.000,         1.000,         0.000,         0.000,         0.000,
     2.100,   778.122,   467.200,     8.730,     0.047,   145.733,     0.000,     0.450,    27.930,   514.300,     1.000,     8.730,  -263.211,     0.000,   228.677,   347.881,    82.334,    61.672,     0.000,         1.100,         0.000,         8.948,     0.000,     0.000,     0.000,     0.000,         1.000,         1.000,         1.000,         1.000,         1.000,         1.000,         1.000,         1.000,         1.000,         0.000,         0.000,         0.000,
     2.200,   775.694,   467.129,     8.719,     0.057,   146.222,   666.812,     0.450,    27.859,   514.300,     1.000,     8.719,   360.965,   629.068,   229.337,   347.765,    86.141,    63.535,     0.000,         1.199,         0.000,         8.858,     0.000,     0.000,     0.000,     0.000,         1.000,         1.000,         1.000,         1.000,         1.000,         1.000,         1.000,         1.000,         1.000,         0.000,         0.000,         0.726,
     2.301,   773.240,   467.058,     8.714,     0.051,   144.947,     0.000,     0.450,    27.788,   514.300,     1.000,     8.715,  -274.281,     0.000,   230.010,   347.836,    90.634,    65.821,     0.000,         1.300,         0.000,         8.768,     0.000,     0.000,     0.000,     0.000,         1.000,         1.000,         1.000,         1.000,         1.000,         1.000,         1.000,         1.000,         1.000,         0.000,         0.000,         0.000,
     2.400,   770.828,   466.988,     8.707,     0.068,   144.629,   447.958,     0.450,    27.718,   514.300,     1.000,     8.707,   142.353,   422.602,   230.678,   347.743,    95.166,    68.018,     0.000,         1.399,         0.000,         8.681,     0.000,     0.000,     0.000,     0.000,         1.000,         1.000,         1.000,         1.000,         1.000,         1.000,         1.000,         1.000,         1.000,         0.000,         0.000,         0.936,
     2.500,   768.402,   466.918,     8.686,     0.054,   142.955,     0.000,     0.450,    27.648,   514.300,     1.000,     8.686,  -286.776,     0.000,   231.357,   347.664,   100.092,    70.377,     0.000,         1.499,         0.000,         8.594,     0.000,     0.000,     0.000,     0.000,         1.000,         1.000,         1.000,         1.000,         1.000,         1.000,         1.000,         1.000,         1.000,         0.000,         0.000,         0.000,
     2.600,   765.968,   466.848,     8.622,     0.054,   145.186,     0.000,     0.450,    27.578,   514.300,     1.000,     8.656,  -293.482,     0.000,   232.043,   347.518,   105.252,    72.755,     0.000,         1.599,         0.000,         8.507,     0.001,     0.000,     0.000,     0.000,         1.000,         1.000,         1.000,         1.000,         1.000,         1.000,         1.000,         1.000,         1.000,         0.000,         0.000,         0.000,
     2.701,   763.517,   466.777,     8.631,     0.058,   148.193,     0.000,     0.450,    27.507,   514.300,     1.000,     8.636,  -301.410,     0.000,   232.794,   347.402,   111.301,    75.501,     0.000,         1.700,         0.000,         8.421,     0.001,     0.000,     0.000,     0.000,         1.000,         1.000,         1.000,         1.000,         1.000,         1.000,         1.000,         1.000,         1.000,         0.000,         0.000,         0.000,
     2.800,   761.111,   466.708,     8.603,     0.062,   144.457,     0.000,     0.450,    27.438,   514.300,     1.000,     8.612,  -308.349,     0.000,   233.437,   347.273,   116.667,    77.846,     0.000,         1.798,         0.000,         8.337,     0.001,     0.000,     0.000,     0.000,         1.000,         1.000,         1.000,         1.000,         1.000,         1.000,         1.000,         1.000,         1.000,         0.000,         0.000,         0.000,
     2.901,   758.654,   466.636,     8.577,     0.065,   141.721,     0.000,     0.450,    27.366,   514.300,     1.000,     8.577,  -315.763,     0.000,   234.199,   346.900,   122.815,    80.247,     0.000,         1.899,         0.000,         8.252,     0.001,     0.000,     0.000,     0.000,         1.000,         1.000,         1.000,         1.000,         1.000,         1.000,         1.000,         1.000,         1.000,         0.000,         0.000,         0.000,
     3.000,   756.250,   466.567,     8.558,     0.073,   141.255,     0.000,     0.450,    27.297,   514.300,     1.000,     8.559,  -324.100,     0.000,   234.910,   346.789,   129.313,    82.908,     0.000,         1.998,         0.000,         8.170,     0.001,     0.000,     0.000,     0.000,         1.000,         1.000,         1.000,         1.000,         1.000,         1.000,         1.000,         1.000,         1.000,         0.000,         0.000,         0.000,
     3.100,   753.819,   466.498,     8.515,     0.064,   138.534,     0.000,     0.450,    27.228,   499.100,     1.000,     8.515,  -317.684,     0.000,   236.192,   346.579,   127.218,    80.078,     0.000,         2.098,         0.000,         8.088,     0.001,     0.000,     0.000,     0.000,         1.000,         1.000,         1.000,         1.000,         1.000,         1.000,         1.000,         1.000,         1.000,         0.000,         0.000,         0.000,
     3.201,   751.362,   466.424,     8.466,     0.067,   139.978,     0.000,     0.450,    27.154,   499.100,     1.000,     8.466,  -310.961,     0.000,   237.496,   346.317,   124.977,    77.163,     0.000,         2.199,         0.000,         8.006,     0.001,     0.000,     0.000,     0.000,         1.000,         1.000,         1.000,         1.000,         1.000,         1.000,         1.000,         1.000,         1.000,         0.000,         0.000,         0.000,
     3.301,   748.942,   466.350,     8.440,     0.060,   142.285,     0.000,     0.450,    27.080,   499.100,     1.000,     8.440,  -306.690,     0.000,   238.720,   346.457,   123.747,    75.206,     0.000,         2.298,         0.000,         7.926,     0.001,     0.000,     0.000,     0.000,         1.000,         1.000,         1.000,         1.000,         1.000,         1.000,         1.000,         1.000,         1.000,         0.000,         0.000,         0.000,
     3.400,   746.527,   466.278,     8.404,     0.061,   138.294,     0.000,     0.450,    27.008,   499.100,     1.000,     8.404,  -299.787,     0.000,   240.173,   346.256,   121.456,    72.248,     0.000,         2.397,         0.000,         7.847,     0.001,     0.000,     0.000,     0.000,         1.000,         1.000,         1.000,         1.000,         1.000,         1.000,         1.000,         1.000,         1.000,         0.000,         0.000,         0.000,
     3.500,   744.097,   466.204,     8.383,     0.075,   137.830,     0.000,     0.450,    26.934,   499.100,     1.000,     8.386,  -293.839,     0.000,   241.548,   346.168,   119.518,    69.700,     0.000,         2.497,         0.000,         7.768,     0.001,     0.000,     0.000,     0.000,         1.000,         1.000,         1.000,         1.000,         1.000,         1.000,         1.000,         1.000,         1.000,         0.000,         0.000,         0.000,
     3.601,   741.640,   466.129,     8.352,     0.067,   141.889,   495.380,     0.450,    26.859,   499.100,     1.000,     8.352,   181.691,   467.339,   242.939,   345.645,   116.584,    66.358,     0.000,         2.598,         0.000,         7.689,     0.001,     0.000,     0.000,     0.000,         1.000,         1.000,         1.000,         1.000,         1.000,         1.000,         1.000,         1.000,         1.000,         0.000,         0.000,         0.907,
     3.700,   739.236,   466.056,     8.315,     0.077,   142.609,     0.000,     0.450,    26.786,   499.100,     1.000,     8.315,  -280.963,     0.000,   244.362,   345.822,   115.172,    64.331,     0.000,         2.696,         0.000,         7.612,     0.001,     0.000,     0.000,     0.000,         1.000,         1.000,         1.000,         1.000,         1.000,         1.000,         1.000,         1.000,         1.000,         0.000,         0.000,         0.000,
     3.801,   736.792,   465.982,     8.292,     0.077,   138.820,     0.000,     0.450,    26.712,   499.100,     1.000,     8.292,  -275.283,     0.000,   245.696,   345.727,   113.263,    61.988,     0.000,         2.796,         0.000,         7.535,     0.001,     0.000,     0.000,     0.000,         1.000,         1.000,         1.000,         1.000,         1.000,         1.000,         1.000,         1.000,         1.000,         0.000,         0.000,         0.000,
     3.901,   715.200,   465.911,     8.268,     0.073,   132.073,     0.000,     0.450,    26.641,   499.100,     1.000,     8.268,  -268.544,     0.000,   247.263,   345.592,   110.967,    59.248,     0.000,         2.896,         0.000,         7.459,     0.001,     0.000,     0.000,     0.000,         1.000,         1.000,         1.000,         1.000,         1.000,         1.000,         1.000,         1.000,         1.000,         0.000,         0.000,         0.000,
     4.000,   698.607,   465.842,     8.239,     0.060,   121.947,     0.000,     0.450,    26.572,   499.100,     1.000,     8.242,  -262.165,     0.000,   248.758,   345.463,   108.772,    56.687,     0.000,         2.995,         0.000,         7.385,     0.001,     0.000,     0.000,     0.000,         1.000,         1.000,         1.000,         1.000,         1.000,         1.000,         1.000,         1.000,         1.000,         0.000,         0.000,         0.000,
     4.101,   660.341,   465.769,     8.209,     0.061,   133.180,     0.000,     0.450,    26.499,   499.100,     1.000,     8.206,  -257.815,     0.000,   249.380,   345.355,   104.737,    57.102,     0.000,         3.096,         0.000,         7.310,     0.001,     0.000,     0.000,     0.000,         1.000,         1.000,         1.000,         1.000,         1.000,         1.000,         1.000,         1.000,         1.000,         0.000,         0.000,         0.000,
     4.201,   645.542,   465.700,     8.168,     0.054,   137.456,     0.000,     0.450,    26.430,   499.100,     1.000,     8.168,  -252.619,     0.000,   250.035,   345.104,   100.277,    57.274,     0.000,         3.196,         0.000,         7.237,     0.001,     0.000,     0.000,     0.000,         1.000,         1.000,         1.000,         1.000,         1.000,         1.000,         1.000,         1.000,         1.000,         0.000,         0.000,         0.000,
     4.300,   613.516,   465.639,     8.156,     0.059,   125.672,   393.187,     0.450,    26.369,   499.100,     1.000,     8.156,   122.719,   370.931,   250.730,   345.038,    96.130,    57.774,     0.000,         3.294,         0.000,         7.165,     0.001,     0.000,     0.000,     0.000,         1.000,         1.000,         1.000,         1.000,         1.000,         1.000,         1.000,         1.000,         1.000,         0.000,         0.000,         0.987,
     4.401,   591.438,   465.577,     8.127,     0.076,   123.154,   259.734,     0.450,    26.307,   499.100,     1.000,     8.127,     2.330,   245.032,   251.444,   344.751,    91.545,    57.849,     0.000,         3.395,         0.000,         7.092,     0.001,     0.000,     0.000,     0.000,         1.000,         1.000,         1.000,         1.000,         1.000,         1.000,         1.000,         1.000,         1.000,         0.000,         0.000,         0.943,
     4.500,   559.139,   465.506,     8.102,     0.086,   136.468,   328.775,     0.450,    26.236,   483.900,     1.000,     8.102,    71.599,   310.165,   252.197,   344.776,    87.515,    58.473,     0.000,         3.493,         0.000,         7.021,     0.001,     0.000,     0.000,     0.000,         1.000,         1.000,         1.000,         1.000,         1.000,         1.000,         1.000,         1.000,         1.000,         0.000,         0.000,         0.988,
     4.600,   530.371,   465.428,     8.050,     0.085,   130.494,     0.000,     0.450,    26.158,   483.900,     1.000,     8.064,  -233.287,     0.000,   252.990,   344.596,    82.958,    58.724,     0.000,         3.593,         0.000,         6.951,     0.001,     0.000,     0.000,     0.001,         1.000,         1.000,         1.000,         1.000,         1.000,         1.000,         1.000,         1.000,         1.000,         0.000,         0.000,         0.000,
     4.701,   493.898,   465.353,     8.035,     0.054,   119.300,     0.000,     0.450,    26.083,   483.900,     1.000,     8.035,  -228.103,     0.000,   253.812,   344.453,    78.438,    59.025,     0.000,         3.693,         0.000,         6.880,     0.001,     0.000,     0.000,     0.001,         1.000,         1.000,         1.000,         1.000,         1.000,         1.000,         1.000,         1.000,         1.000,         0.000,         0.000,         0.000,
     4.801,   502.288,   465.279,     8.010,     0.080,   114.959,     0.000,     0.450,    26.009,   483.900,     1.000,     8.010,  -222.135,     0.000,   254.681,   344.184,    73.528,    59.104,     0.000,         3.793,         0.000,         6.811,     0.001,     0.000,     0.000,     0.001,         1.000,         1.000,         1.000,         1.000,         1.000,         1.000,         1.000,         1.000,         1.000,         0.000,         0.000,         0.000,
     4.900,   446.511,   465.207,     7.980,     0.080,   147.013,   468.388,     0.450,    25.937,   483.900,     1.000,     7.980,   224.514,   441.876,   255.561,   344.169,    69.159,    59.595,     0.000,         3.891,         0.000,         6.743,     0.001,     0.000,     0.000,     0.001,         1.000,         1.000,         1.000,         1.000,         1.000,         1.000,         1.000,         1.000,         1.000,         0.000,         0.000,         0.937,
     5.000,   401.752,   465.123,     7.947,     0.037,   140.117,     0.000,     0.450,    25.853,   483.900,     1.000,     7.947,  -211.582,     0.000,   256.520,   344.016,    64.222,    59.863,     0.000,         3.991,         0.000,         6.675,     0.001,     0.000,     0.000,     0.001,         1.000,         1.000,         1.000,         1.000,         1.000,         1.000,         1.000,         1.000,         1.000,         0.000,         0.000,         0.000,
     5.101,   367.450,   465.042,     7.907,     0.021,   145.063,     0.000,     0.450,    25.772,   483.900,     1.000,     7.907,  -207.050,     0.000,   256.395,   343.824,    62.365,    57.256,     0.000,         4.091,         0.000,         6.608,     0.001,     0.000,     0.000,     0.001,         1.000,         1.000,         1.000,         1.000,         1.000,         1.000,         1.000,         1.000,         1.000,         0.000,         0.000,         0.000,
     5.200,   328.212,   464.955,     7.871,     0.018,   133.471,     0.000,     0.450,    25.685,   483.900,     1.000,     7.871,  -202.730,     0.000,   256.267,   343.644,    60.574,    54.779,     0.000,         4.190,         0.000,         6.542,     0.001,     0.000,     0.000,     0.001,         1.000,         1.000,         1.000,         1.000,         1.000,         1.000,         1.000,         1.000,         1.000,         0.000,         0.000,         0.000,
     5.301,   521.913,   464.870,     7.835,     0.043,   140.832,     0.000,     0.450,    25.600,   483.900,     1.000,     7.835,  -198.332,     0.000,   256.140,   343.400,    58.726,    52.346,     0.000,         4.290,         0.000,         6.475,     0.001,     0.000,     0.000,     0.001,         1.000,         1.000,         1.000,         1.000,         1.000,         1.000,         1.000,         1.000,         1.000,         0.000,         0.000,         0.000,
     5.401,   158.959,   464.782,     7.804,     0.032,   105.696,   130.080,     0.450,    25.512,   483.900,     1.000,     7.806,   -71.929,   122.717,   256.009,   343.312,    57.146,    50.196,     0.000,         4.389,         0.000,         6.411,     0.001,     0.000,     0.000,     0.001,         1.000,         1.000,         1.000,         1.000,         1.000,         1.000,         1.000,         1.000,         1.000,         0.000,         0.000,         0.656,
     5.500,   338.169,   464.704,     7.776,     0.033,   128.034,   151.098,     0.450,    25.434,   483.900,     1.000,     7.776,   -48.485,   142.546,   255.881,   343.181,    55.580,    48.151,     0.000,         4.488,         0.000,         6.347,     0.001,     0.000,     0.000,     0.001,         1.000,         1.000,         1.000,         1.000,         1.000,         1.000,         1.000,         1.000,         1.000,         0.000,         0.000,         0.728,
     5.601,   390.233,   464.624,     7.746,     0.039,   189.202,     0.000,     0.450,    25.354,   483.900,     1.000,     7.746,  -187.540,     0.000,   255.754,   343.034,    54.052,    46.208,     0.000,         4.588,         0.000,         6.282,     0.001,     0.000,     0.000,     0.001,         1.000,         1.000,         1.000,         1.000,         1.000,         1.000,         1.000,         1.000,         1.000,         0.000,         0.000,         0.000,
     5.701,   139.909,   464.544,     7.706,     0.027,   137.419,     0.000,     0.450,    25.274,   483.900,     1.000,     7.711,  -184.108,     0.000,   255.626,   342.862,    52.541,    44.331,     0.000,         4.687,         0.000,         6.219,     0.001,     0.000,     0.000,     0.001,         1.000,         1.000,         1.000,         1.000,         1.000,         1.000,         1.000,         1.000,         1.000,         0.000,         0.000,         0.000,
     5.800,   218.293,   464.455,     7.681,     0.022,   109.099,     0.000,     0.450,    25.185,   469.400,     1.000,     7.681,  -180.942,     0.000,   255.499,   342.698,    51.135,    42.608,     0.000,         4.786,         0.000,         6.157,     0.001,     0.000,     0.000,     0.001,         1.000,         1.000,         1.000,         1.000,         1.000,         1.000,         1.000,         1.000,         1.000,         0.000,         0.000,         0.000,
     5.901,   329.898,   464.375,     7.651,     0.024,   124.444,     0.000,     0.450,    25.105,   469.400,     1.000,     7.651,  -178.121,     0.000,   255.373,   342.575,    49.868,    41.052,     0.000,         4.886,         0.000,         6.095,     0.001,     0.000,     0.000,     0.001,         1.000,         1.000,         1.000,         1.000,         1.000,         1.000,         1.000,         1.000,         1.000,         0.000,         0.000,         0.000,
     6.000,   153.900,   464.295,     7.623,     0.026,   146.927,     0.000,     0.450,    25.025,   469.400,     1.000,     7.625,  -175.322,     0.000,   255.243,   342.423,    48.610,    39.532,     0.000,         4.984,         0.000,         6.034,     0.001,     0.000,     0.000,     0.001,         1.000,         1.000,         1.000,         1.000,         1.000,         1.000,         1.000,         1.000,         1.000,         0.000,         0.000,         0.000,
     6.100,   151.144,   464.213,     7.594,     0.022,   135.045,   324.912,     0.450,    24.943,   469.400,     1.000,     7.594,   132.674,   306.521,   255.431,   342.291,    48.554,    38.433,     0.000,         5.084,         0.000,         5.973,     0.001,     0.000,     0.000,     0.001,         1.000,         1.000,         1.000,         1.000,         1.000,         1.000,         1.000,         1.000,         1.000,         0.000,         0.000,         0.995,
     6.201,   115.627,   464.127,     7.557,     0.028,   180.959,     0.000,     0.450,    24.857,   469.400,     1.000,     7.560,  -172.237,     0.000,   255.631,   342.126,    48.463,    37.280,     0.000,         5.183,         0.000,         5.913,     0.001,     0.000,     0.000,     0.001,         1.000,         1.000,         1.000,         1.000,         1.000,         1.000,         1.000,         1.000,         1.000,         0.000,         0.000,         0.000,
     6.300,    71.795,   464.047,     7.524,     0.019,   107.301,   123.238,     0.450,    24.777,   469.400,     1.000,     7.527,   -54.382,   116.263,   255.836,   341.963,    48.374,    36.144,     0.000,         5.282,         0.000,         5.854,     0.001,     0.000,     0.000,     0.001,         1.000,         1.000,         1.000,         1.000,         1.000,         1.000,         1.000,         1.000,         1.000,         0.000,         0.000,         0.704,
     6.400,    22.876,   463.967,     7.492,     0.023,   127.236,     0.000,     0.450,    24.697,   469.400,     1.000,     7.492,  -169.013,     0.000,   256.047,   341.791,    48.273,    34.996,     0.000,         5.380,         0.002,         5.795,     0.002,     0.000,     0.000,     0.001,         1.000,         1.000,         1.000,         1.000,         1.000,         1.000,         1.000,         1.000,         1.000,         0.000,         0.000,         0.000,
     6.500,   204.840,   463.881,     7.442,     0.032,   151.578,     0.000,     0.450,    24.611,   469.400,     1.000,     7.442,  -167.113,     0.000,   256.261,   341.535,    48.065,    33.774,     0.000,         5.479,         0.004,         5.737,     0.001,     0.000,     0.000,     0.001,         1.000,         1.000,         1.000,         1.000,         1.000,         1.000,         1.000,         1.000,         1.000,         0.000,         0.000,         0.000,
     6.601,   197.994,   463.808,     7.370,     0.024,   121.003,     0.000,     0.450,    24.538,   469.400,     1.000,     7.371,  -164.921,     0.000,   256.486,   341.202,    47.761,    32.444,     0.000,         5.577,         0.009,         5.679,     0.001,     0.000,     0.000,     0.001,         1.000,         1.000,         1.000,         1.000,         1.000,         1.000,         1.000,         1.000,         1.000,         0.000,         0.000,         0.000,
     6.700,   153.900,   463.730,     7.313,     0.024,   123.339,   399.092,     0.450,    24.460,   469.400,     1.000,     7.291,   213.589,   376.502,   256.713,   340.918,    47.520,    31.189,     0.000,         5.674,         0.010,         5.622,     0.002,     0.000,     0.000,     0.001,         1.000,         1.000,         1.000,         1.000,         1.000,         1.000,         1.000,         1.000,         1.000,         0.000,         0.000,         0.986,
     6.801,   153.900,   463.652,     7.250,     0.024,   130.920,     0.000,     0.450,    24.382,   469.400,     1.000,     7.185,  -160.826,     0.000,   256.952,   340.616,    47.260,    29.901,     0.000,         5.773,         0.009,         5.565,     0.002,     0.000,     0.000,     0.001,         1.000,         1.000,         1.000,         1.000,         1.000,         1.000,         1.000,         1.000,         1.000,         0.000,         0.000,         0.000,
     6.900,    40.527,   463.576,     7.209,     0.027,   153.221,     0.000,     0.450,    24.306,   469.400,     1.000,     7.071,  -159.100,     0.000,   257.193,   340.419,    47.130,    28.744,     0.000,         5.870,         0.010,         5.510,     0.002,     0.000,     0.000,     0.001,         1.000,         1.000,         1.000,         1.000,         1.000,         1.000,         1.000,         1.000,         1.000,         0.000,         0.000,         0.000,
     7.000,    36.842,   463.501,     7.158,     0.024,   141.667,     0.000,     0.450,    24.231,   455.500,     1.000,     6.940,  -157.190,     0.000,   257.442,   340.169,    46.934,    27.528,     0.000,         5.967,         0.010,         5.454,     0.002,     0.000,     0.000,     0.001,         1.000,         1.000,         1.000,         1.000,         1.000,         1.000,         1.000,         1.000,         1.000,         0.000,         0.000,         0.000,
     7.101,    78.975,   463.414,     7.125,     0.019,   122.112,     0.000,     0.450,    24.144,   455.500,     1.000,     6.815,  -154.888,     0.000,   256.610,   340.012,    45.294,    26.193,     0.000,         6.066,         0.009,         5.399,     0.002,     0.000,     0.000,     0.001,         1.000,         1.000,         1.000,         1.000,         1.000,         1.000,         1.000,         1.000,         1.000,         0.000,         0.000,         0.000,
     7.201,   108.204,   463.318,     7.078,     0.003,    16.138,     0.000,     0.450,    24.048,   455.500,     1.000,     6.693,  -152.351,     0.000,   255.824,   339.784,    43.579,    24.812,     0.000,         6.164,         0.009,         5.345,     0.002,     0.000,     0.000,     0.001,         1.000,         1.000,         1.000,         1.000,         1.000,         1.000,         1.000,         1.000,         1.000,         0.000,         0.000,         0.000,
     7.300,   105.115,   463.249,     7.044,     0.021,   135.740,   131.551,     0.450,    23.979,   455.500,     1.000,     6.580,   -25.897,   124.105,   255.081,   339.617,    41.946,    23.521,     0.000,         6.261,         0.009,         5.292,     0.002,     0.000,     0.000,     0.001,         1.000,         1.000,         1.000,         1.000,         1.000,         1.000,         1.000,         1.000,         1.000,         0.000,         0.000,         0.711,
     7.401,    95.040,   463.179,     7.011,     0.027,   166.173,   577.997,     0.450,    23.909,   455.500,     1.000,     6.477,   397.692,   545.280,   254.375,   339.440,    40.292,    22.232,     0.000,         6.359,         0.008,         5.238,     0.002,     0.000,     0.000,     0.001,         1.000,         1.000,         1.000,         1.000,         1.000,         1.000,         1.000,         1.000,         1.000,         0.000,         0.000,         0.835,
     7.500,   531.303,   463.094,     6.988,     0.025,   119.806,     0.000,     0.450,    23.824,   455.500,     1.000,     6.392,  -145.527,     0.000,   253.739,   339.356,    38.806,    21.104,     0.000,         6.457,         0.008,         5.186,     0.002,     0.000,     0.000,     0.001,         1.000,         1.000,         1.000,         1.000,         1.000,         1.000,         1.000,         1.000,         1.000,         0.000,         0.000,         0.000,
     7.600,   644.444,   463.014,     6.953,     0.036,   134.768,     0.000,     0.450,    23.744,   455.500,     1.000,     6.303,  -143.042,     0.000,   253.112,   339.178,    37.136,    19.839,     0.000,         6.554,         0.007,         5.134,     0.002,     0.000,     0.000,     0.001,         1.000,         1.000,         1.000,         1.000,         1.000,         1.000,         1.000,         1.000,         1.000,         0.000,         0.000,         0.000,
     7.701,   641.994,   462.936,     6.921,     0.039,   138.859,   191.068,     0.450,    23.666,   455.500,     1.000,     6.205,    39.623,   180.253,   252.544,   339.017,    35.521,    18.636,     0.000,         6.652,         0.007,         5.082,     0.002,     0.000,     0.000,     0.001,         1.000,         1.000,         1.000,         1.000,         1.000,         1.000,         1.000,         1.000,         1.000,         0.000,         0.000,         0.802,
     7.801,   639.566,   462.863,     6.859,     0.039,   138.092,     0.000,     0.450,    23.593,   455.500,     1.000,     6.088,  -137.760,     0.000,   252.016,   338.727,    33.744,    17.306,     0.000,         6.749,         0.007,         5.031,     0.002,     0.000,     0.000,     0.001,         1.000,         1.000,         1.000,         1.000,         1.000,         1.000,         1.000,         1.000,         1.000,         0.000,         0.000,         0.000,
     7.900,   637.152,   462.790,     6.830,     0.040,   137.832,     0.000,     0.450,    23.520,   455.500,     1.000,     5.980,  -135.404,     0.000,   251.546,   338.589,    32.180,    16.181,     0.000,         6.845,         0.007,         4.980,     0.002,     0.000,     0.000,     0.001,         1.000,         1.000,         1.000,         1.000,         1.000,         1.000,         1.000,         1.000,         1.000,         0.000,         0.000,         0.000,
     8.000,   634.722,   462.719,     6.772,     0.042,   137.509,   126.274,     0.450,    23.449,   455.500,     1.000,     5.861,   -13.387,   119.126,   251.115,   338.300,    30.426,    14.902,     0.000,         6.941,         0.007,         4.930,     0.002,     0.000,     0.000,     0.001,         1.000,         1.000,         1.000,         1.000,         1.000,         1.000,         1.000,         1.000,         1.000,         0.000,         0.000,         0.647,
     8.101,   632.274,   462.646,     6.683,     0.044,   132.504,     0.000,     0.450,    23.376,   455.500,     1.000,     5.732,  -130.376,     0.000,   252.153,   337.838,    29.667,    15.024,     0.000,         7.035,         0.007,         4.880,     0.002,     0.000,     0.000,     0.001,         1.000,         1.000,         1.000,         1.000,         1.000,         1.000,         1.000,         1.000,         1.000,         0.000,         0.000,         0.000,
     8.200,   629.861,   462.582,     6.585,     0.044,   143.747,     0.000,     0.450,    23.312,   455.500,     1.000,     5.606,  -128.282,     0.000,   253.296,   337.408,    28.958,    15.212,     0.000,         7.127,         0.008,         4.832,     0.002,     0.000,     0.000,     0.001,         1.000,         1.000,         1.000,         1.000,         1.000,         1.000,         1.000,         1.000,         1.000,         0.000,         0.000,         0.000,
     8.301,   627.404,   462.524,     6.467,     0.046,   123.267,     0.000,     0.450,    23.254,   455.500,     1.000,     5.478,  -125.658,     0.000,   254.529,   336.841,    28.083,    15.264,     0.000,         7.218,         0.008,         4.783,     0.002,     0.000,     0.000,     0.001,         1.000,         1.000,         1.000,         1.000,         1.000,         1.000,         1.000,         1.000,         1.000,         0.000,         0.000,         0.000,
     8.401,   624.980,   462.466,     6.328,     0.054,   126.555,     0.000,     0.450,    23.196,   441.600,     1.000,     5.350,  -122.660,     0.000,   255.811,   336.178,    27.094,    15.199,     0.000,         7.296,         0.012,         4.735,     0.002,     0.000,     0.000,     0.001,         1.000,         1.000,         1.000,         1.000,         1.000,         1.000,         1.000,         1.000,         1.000,         0.000,         0.000,         0.000,
     8.500,   622.569,   462.403,     6.183,     0.054,   117.876,     0.000,     0.450,    23.133,   441.600,     1.000,     5.221,  -119.426,     0.000,   257.189,   335.473,    26.044,    15.098,     0.000,         7.372,         0.014,         4.687,     0.002,     0.000,     0.000,     0.001,         1.000,         1.000,         1.000,         1.000,         1.000,         1.000,         1.000,         1.000,         1.000,         0.000,         0.000,         0.000,
     8.601,   620.114,   462.336,     6.028,     0.062,   139.387,     0.000,     0.450,    23.066,   441.600,     1.000,     5.094,  -116.019,     0.000,   258.640,   334.742,    24.953,    14.964,     0.000,         7.441,         0.018,         4.640,     0.002,     0.000,     0.000,     0.001,         1.000,         1.000,         1.000,         1.000,         1.000,         1.000,         1.000,         1.000,         1.000,         0.000,         0.000,         0.000,
     8.701,   617.684,   462.274,     5.823,     0.068,   142.785,     0.000,     0.450,    23.004,   441.600,     1.000,     4.964,  -111.715,     0.000,   260.163,   333.760,    23.568,    14.551,     0.000,         7.490,         0.025,         4.593,     0.002,     0.000,     0.000,     0.001,         1.000,         1.000,         1.000,         1.000,         1.000,         1.000,         1.000,         1.000,         1.000,         0.000,         0.000,         0.000,
     8.800,   615.277,   462.207,     5.650,     0.066,   140.409,     0.000,     0.450,    22.937,   441.600,     1.000,     4.849,  -107.741,     0.000,   261.783,   332.915,    22.320,    14.290,     0.000,         7.533,         0.032,         4.547,     0.002,     0.000,     0.000,     0.001,         1.000,         1.000,         1.000,         1.000,         1.000,         1.000,         1.000,         1.000,         1.000,         0.000,         0.000,         0.000,
     8.901,   612.820,   462.144,     5.375,     0.069,   140.907,     0.000,     0.450,    22.874,   441.600,     1.000,     4.734,  -102.333,     0.000,   263.446,   331.649,    20.594,    13.537,     0.000,         7.543,         0.045,         4.501,     0.002,     0.000,     0.000,     0.001,         1.000,         1.000,         1.000,         1.000,         1.000,         1.000,         1.000,         1.000,         1.000,         0.000,         0.000,         0.000,
     9.000,   610.416,   462.076,     5.188,     0.077,   154.021,    77.866,     0.451,    22.806,   441.600,     1.000,     4.629,   -24.427,    73.458,   265.199,   330.713,    19.222,    13.150,     0.000,         7.563,         0.055,         4.457,     0.002,     0.000,     0.000,     0.001,         1.000,         1.000,         1.000,         1.000,         1.000,         1.000,         1.000,         1.000,         1.000,         0.000,         0.000,         0.507,
     9.100,   607.986,   462.007,     5.012,     0.069,   148.038,     0.000,     0.451,    22.737,   441.600,     1.000,     4.538,  -103.551,     0.000,   262.426,   329.832,    22.805,    13.340,     0.000,         7.587,         0.063,         4.412,     0.002,     0.000,     0.000,     0.001,         1.000,         1.000,         1.000,         1.000,         1.000,         1.000,         1.000,         1.000,         1.000,         0.000,         0.000,         0.000,
     9.201,   605.529,   461.939,     4.818,     0.090,   144.962,     0.000,     0.451,    22.669,   441.600,     1.000,     4.453,  -109.516,     0.000,   259.659,   328.970,    26.619,    13.586,     0.000,         7.542,         0.086,         4.367,     0.002,     0.000,     0.000,     0.001,         1.000,         1.000,         1.000,         1.000,         1.000,         1.000,         1.000,         1.000,         1.000,         0.000,         0.000,         0.000,
     9.301,   603.093,   461.878,     4.608,     0.073,   152.835,     0.000,     0.451,    22.608,   441.600,     1.000,     4.376,  -115.110,     0.000,   256.993,   327.991,    30.411,    13.700,     0.000,         7.523,         0.108,         4.323,     0.003,     0.000,     0.000,     0.001,         1.000,         1.000,         1.000,         1.000,         1.000,         1.000,         1.000,         1.000,         1.000,         0.000,         0.000,         0.000,
     9.400,   600.694,   461.816,     4.378,     0.050,   120.982,     0.000,     0.451,    22.546,   441.600,     1.000,     4.306,  -120.157,     0.000,   254.458,   326.888,    34.100,    13.627,     0.000,         7.457,         0.157,         4.280,     0.003,     0.000,     0.000,     0.001,         1.000,         1.000,         1.000,         1.000,         1.000,         1.000,         1.000,         1.000,         1.000,         0.000,         0.000,         0.000,
     9.500,   598.264,   461.772,     4.254,     0.051,   121.900,     0.000,     0.452,    22.502,   441.600,     1.000,     4.249,  -127.182,     0.000,   252.007,   326.299,    38.616,    14.273,     0.000,         7.434,         0.189,         4.237,     0.003,     0.000,     0.000,     0.001,         1.000,         1.000,         1.000,         1.000,         1.000,         1.000,         1.000,         1.000,         1.000,         0.000,         0.000,         0.000,
     9.601,   595.799,   461.749,     4.204,     0.057,   134.743,     0.000,     0.452,    22.479,   441.600,     1.000,     4.204,  -135.685,     0.000,   249.655,   326.061,    43.788,    15.491,     0.000,         7.449,         0.242,         4.194,     0.003,     0.000,     0.000,     0.001,         1.000,         1.000,         1.000,         1.000,         1.000,         1.000,         1.000,         1.000,         1.000,         0.000,         0.000,         0.000,
     9.700,   593.403,   461.699,     4.147,     0.066,   173.519,     0.000,     0.452,    22.429,   441.600,     1.000,     4.147,  -144.299,     0.000,   247.401,   325.794,    49.144,    16.761,     0.000,         7.446,         0.248,         4.152,     0.003,     0.000,     0.000,     0.001,         1.000,         1.000,         1.000,         1.000,         1.000,         1.000,         1.000,         1.000,         1.000,         0.000,         0.000,         0.000,
     9.802,   590.935,   461.586,     4.071,     0.065,   111.820,   453.226,     0.453,    22.316,   441.600,     1.000,     4.071,   274.808,   427.572,   245.235,   325.427,    54.602,    17.970,     0.000,         7.386,         0.256,         4.110,     0.003,     0.000,     0.000,     0.001,         1.000,         1.000,         1.000,         1.000,         1.000,         1.000,         1.000,         1.000,         1.000,         0.000,         0.000,         0.967,
     9.902,   588.505,   461.501,     3.998,     0.073,   115.146,   545.113,     0.453,    22.231,   441.600,     1.000,     3.998,   352.824,   514.258,   243.191,   325.086,    60.250,    19.289,     0.000,         7.321,         0.263,         4.069,     0.003,     0.000,     0.000,     0.001,         1.000,         1.000,         1.000,         1.000,         1.000,         1.000,         1.000,         1.000,         1.000,         0.000,         0.000,         0.901,
    10.000,   362.887,   461.425,     3.746,     0.056,   240.477,   276.314,     0.452,    22.155,   425.600,     1.000,     3.928,    94.030,   260.673,   241.224,   323.904,    64.787,    19.176,     0.000,         7.198,         0.241,         4.028,     0.003,     0.000,     0.000,     0.001,         1.000,         1.000,         1.000,         1.000,         1.000,         1.000,         1.000,         1.000,         1.000,         0.000,         0.000,         0.964,
    10.100,   299.907,   461.342,     3.562,     0.042,   142.929,     0.000,     0.452,    22.072,   425.600,     1.000,     3.855,  -160.715,     0.000,   242.050,   323.088,    63.933,    15.743,     0.000,         7.122,         0.232,         3.988,     0.003,     0.000,     0.000,     0.001,         1.000,         1.000,         1.000,         1.000,         1.000,         1.000,         1.000,         1.000,         1.000,         0.000,         0.000,         0.000,
    10.202,   399.176,   461.252,     3.480,     0.053,   261.730,     0.000,     0.452,    21.982,   425.600,     1.000,     3.780,  -156.285,     0.000,   242.961,   322.695,    63.696,    12.855,     0.000,         7.002,         0.235,         3.947,     0.003,     0.000,     0.000,     0.001,         1.000,         1.000,         1.000,         1.000,         1.000,         1.000,         1.000,         1.000,         1.000,         0.000,         0.000,         0.000,
    10.300,   186.219,   461.150,     3.280,     0.013,   -29.181,     0.000,     0.452,    21.880,   425.600,     1.000,     3.709,  -149.255,     0.000,   243.851,   321.746,    62.478,     8.882,     0.000,         6.927,         0.222,         3.908,     0.003,     0.000,     0.000,     0.001,         1.000,         1.000,         1.000,         1.000,         1.000,         1.000,         1.000,         1.000,         1.000,         0.000,         0.000,         0.000,
    10.402,   477.838,   461.096,     3.169,     0.042,   158.942,     0.000,     0.452,    21.826,   425.600,     1.000,     3.633,  -144.355,     0.000,   244.741,   321.285,    62.043,     5.768,     0.000,         6.812,         0.223,         3.869,     0.003,     0.000,     0.000,     0.001,         1.000,         1.000,         1.000,         1.000,         1.000,         1.000,         1.000,         1.000,         1.000,         0.000,         0.000,         0.000,
    10.500,   127.190,   461.020,     3.073,     0.053,   222.078,     0.000,     0.452,    21.750,   425.600,     1.000,     3.583,  -138.922,     0.000,   245.691,   320.773,    61.508,     2.333,     0.000,         6.706,         0.210,         3.831,     0.003,     0.000,     0.000,     0.001,         1.000,         1.000,         1.000,         1.000,         1.000,         1.000,         1.000,         1.000,         1.000,         0.000,         0.000,         0.000,
    10.600,   475.576,   460.936,     3.215,     0.060,    88.447,     0.000,     0.452,    21.666,   425.600,     1.000,     3.544,  -138.985,     0.000,   246.598,   321.405,    62.922,     1.255,     0.000,         6.524,         0.254,         3.792,     0.003,     0.000,     0.000,     0.001,         1.000,         1.000,         1.000,         1.000,         1.000,         1.000,         1.000,         1.000,         1.000,         0.000,         0.000,         0.000,
    10.702,   569.046,   460.856,     3.233,     0.055,   133.258,   548.908,     0.453,    21.586,   425.600,     1.000,     3.502,   381.888,   517.837,   247.561,   321.433,    63.296,    -1.218,     0.000,         6.187,         0.305,         3.754,     0.003,     0.000,     0.000,     0.001,         1.000,         1.000,         1.000,         1.000,         1.000,         1.000,         1.000,         1.000,         1.000,         0.000,         0.000,         0.923,
    10.802,   566.623,   460.778,     3.208,     0.083,   130.861,    84.417,     0.453,    21.508,   425.600,     1.000,     3.474,   -52.939,    79.639,   248.520,   321.401,    63.544,    -3.848,     0.000,         5.943,         0.333,         3.716,     0.003,     0.000,     0.000,     0.001,         1.000,         1.000,         1.000,         1.000,         1.000,         1.000,         1.000,         1.000,         1.000,         0.000,         0.000,         0.478,
    10.900,   564.236,   460.699,     3.190,     0.083,   128.790,     0.000,     0.454,    21.429,   425.600,     1.000,     3.463,  -128.863,     0.000,   249.490,   321.320,    63.687,    -6.654,     0.000,         5.647,         0.354,         3.680,     0.003,     0.000,     0.000,     0.001,         1.000,         1.000,         1.000,         1.000,         1.000,         1.000,         1.000,         1.000,         1.000,         0.000,         0.000,         0.000,
    11.000,   561.805,   460.618,     3.194,     0.101,   128.146,     0.000,     0.454,    21.348,   425.600,     1.000,     3.473,  -125.553,     0.000,   250.473,   321.344,    64.007,    -9.326,     0.000,         5.377,         0.367,         3.643,     0.003,     0.000,     0.000,     0.001,         1.000,         1.000,         1.000,         1.000,         1.000,         1.000,         1.000,         1.000,         1.000,         0.000,         0.000,         0.000,
    11.102,   559.324,   460.534,     3.223,     0.079,   127.944,     0.000,     0.454,    21.264,   425.600,     1.000,     3.490,  -122.605,     0.000,   250.962,   321.492,    62.008,    -9.932,     0.000,         5.216,         0.382,         3.606,     0.003,     0.000,     0.000,     0.001,         1.000,         1.000,         1.000,         1.000,         1.000,         1.000,         1.000,         1.000,         1.000,         0.000,         0.000,         0.000,
    11.200,   556.944,   460.451,     3.311,     0.086,   125.237,     0.000,     0.454,    21.181,   407.400,     1.000,     3.501,  -120.130,     0.000,   251.447,   321.727,    60.154,   -10.305,     0.000,         5.122,         0.400,         3.570,     0.003,     0.000,     0.000,     0.001,         1.000,         1.000,         1.000,         1.000,         1.000,         1.000,         1.000,         1.000,         1.000,         0.000,         0.000,         0.000,
    11.302,   554.465,   460.363,     3.327,     0.108,   124.814,     0.000,     0.454,    21.093,   407.400,     1.000,     3.532,  -117.778,     0.000,   251.933,   321.980,    58.357,   -10.627,     0.000,         4.969,         0.397,         3.534,     0.003,     0.000,     0.000,     0.001,         1.000,         1.000,         1.000,         1.000,         1.000,         1.000,         1.000,         1.000,         1.000,         0.000,         0.000,         0.000,
    11.402,   552.034,   460.277,     3.377,     0.088,   124.389,   698.227,     0.454,    21.007,   407.400,     1.000,     3.561,   544.193,   658.704,   252.420,   322.032,    56.234,   -11.334,     0.000,         4.880,         0.391,         3.499,     0.003,     0.000,     0.000,     0.001,         1.000,         1.000,         1.000,         1.000,         1.000,         1.000,         1.000,         1.000,         1.000,         0.000,         0.000,         0.728,
    11.500,   549.652,   460.188,     3.423,     0.102,   121.218,   603.419,     0.454,    20.918,   407.400,     1.000,     3.592,   456.729,   569.263,   252.911,   322.348,    54.595,   -11.498,     0.000,         4.836,         0.398,         3.464,     0.003,     0.000,     0.000,     0.001,         1.000,         1.000,         1.000,         1.000,         1.000,         1.000,         1.000,         1.000,         1.000,         0.000,         0.000,         0.814,
    11.602,   547.168,   460.095,     3.427,     0.070,   122.437,     0.000,     0.454,    20.825,   407.400,     1.000,     3.608,  -109.581,     0.000,   253.403,   322.444,    52.611,   -12.072,     0.000,         4.869,         0.394,         3.429,     0.003,     0.000,     0.000,     0.001,         1.000,         1.000,         1.000,         1.000,         1.000,         1.000,         1.000,         1.000,         1.000,         0.000,         0.000,         0.000,
    11.702,   544.738,   460.003,     3.466,     0.069,   121.072,     0.000,     0.454,    20.733,   407.400,     1.000,     3.624,  -107.184,     0.000,   253.899,   322.654,    50.840,   -12.411,     0.000,         5.132,         0.395,         3.394,     0.003,     0.000,     0.000,     0.001,         1.000,         1.000,         1.000,         1.000,         1.000,         1.000,         1.000,         1.000,         1.000,         0.000,         0.000,         0.000,
    11.800,   542.361,   459.913,     3.421,     0.084,   118.598,   442.085,     0.454,    20.643,   407.400,     1.000,     3.643,   314.668,   417.061,   254.396,   322.323,    48.206,   -13.739,     0.000,         5.126,         0.367,         3.361,     0.003,     0.000,     0.000,     0.001,         1.000,         1.000,         1.000,         1.000,         1.000,         1.000,         1.000,         1.000,         1.000,         0.000,         0.000,         0.941,
    11.902,   539.874,   459.819,     3.602,     0.061,   117.317,   713.578,     0.454,    20.549,   407.400,     1.000,     3.666,   566.072,   673.186,   250.542,   323.128,    47.467,   -12.939,     0.000,         5.103,         0.405,         3.326,     0.004,     0.000,     0.000,     0.002,         1.000,         1.000,         1.000,         1.000,         1.000,         1.000,         1.000,         1.000,         1.000,         0.000,         0.000,         0.790,
    12.000,   537.500,   459.731,     3.599,     0.064,   117.946,   407.559,     0.454,    20.461,   407.400,     1.000,     3.671,   280.389,   384.489,   251.154,   323.196,    45.547,   -13.488,     0.000,         5.106,         0.408,         3.294,     0.004,     0.000,     0.000,     0.002,         1.000,         1.000,         1.000,         1.000,         1.000,         1.000,         1.000,         1.000,         1.000,         0.000,         0.000,         0.984,
    12.100,   535.069,   459.644,     3.575,     0.067,   110.511,     0.000,     0.454,    20.374,   407.400,     1.000,     3.671,   -99.287,     0.000,   252.098,   323.114,    42.694,   -14.423,     0.000,         4.958,         0.402,         3.261,     0.004,     0.000,     0.000,     0.002,         1.000,         1.000,         1.000,         1.000,         1.000,         1.000,         1.000,         1.000,         1.000,         0.000,         0.000,         0.000,
    12.202,   532.580,   459.549,     3.581,     0.067,   117.431,   103.695,     0.454,    20.279,   407.400,     1.000,     3.680,     2.718,    97.825,   253.047,   323.138,    40.120,   -15.104,     0.000,         4.851,         0.394,         3.227,     0.004,     0.000,     0.000,     0.002,         1.000,         1.000,         1.000,         1.000,         1.000,         1.000,         1.000,         1.000,         1.000,         0.000,         0.000,         0.577,
    12.302,   530.150,   459.456,     3.535,     0.075,   115.196,   313.609,     0.454,    20.186,   389.200,     1.000,     3.674,   205.921,   295.857,   254.004,   322.881,    37.241,   -16.181,     0.000,         4.620,         0.377,         3.195,     0.004,     0.000,     0.000,     0.002,         1.000,         1.000,         1.000,         1.000,         1.000,         1.000,         1.000,         1.000,         1.000,         0.000,         0.000,         0.983,
    12.400,   527.778,   459.352,     3.524,     0.076,   114.685,     0.000,     0.454,    20.082,   389.200,     1.000,     3.664,   -85.998,     0.000,   254.959,   322.874,    34.860,   -16.777,     0.000,         4.482,         0.383,         3.164,     0.004,     0.000,     0.000,     0.002,         1.000,         1.000,         1.000,         1.000,         1.000,         1.000,         1.000,         1.000,         1.000,         0.000,         0.000,         0.000,
    12.500,   525.347,   459.251,     3.437,     0.064,   115.574,     0.000,     0.454,    19.980,   389.200,     1.000,     3.650,   -80.586,     0.000,   255.921,   322.448,    32.016,   -17.957,     0.000,         4.382,         0.357,         3.132,     0.004,     0.000,     0.000,     0.002,         1.000,         1.000,         1.000,         1.000,         1.000,         1.000,         1.000,         1.000,         1.000,         0.000,         0.000,         0.000,
    12.603,   522.851,   459.149,     3.476,     0.067,   113.182,   475.939,     0.454,    19.879,   389.200,     1.000,     3.636,   371.701,   448.999,   256.887,   322.527,    29.965,   -18.306,     0.000,         4.337,         0.359,         3.100,     0.004,     0.000,     0.000,     0.002,         1.000,         1.000,         1.000,         1.000,         1.000,         1.000,         1.000,         1.000,         1.000,         0.000,         0.000,         0.932,
    12.700,   520.486,   459.047,     3.425,     0.082,   111.000,     0.000,     0.454,    19.777,   389.200,     1.000,     3.627,   -73.454,     0.000,   257.854,   322.417,    27.777,   -18.886,     0.000,         4.280,         0.342,         3.069,     0.004,     0.000,     0.000,     0.002,         1.000,         1.000,         1.000,         1.000,         1.000,         1.000,         1.000,         1.000,         1.000,         0.000,         0.000,         0.000,
    12.803,   517.990,   458.935,     3.426,     0.062,   101.877,     0.000,     0.454,    19.665,   389.200,     1.000,     3.622,   -70.225,     0.000,   258.827,   322.439,    25.851,   -19.238,     0.000,         4.285,         0.338,         3.038,     0.004,     0.000,     0.000,     0.002,         1.000,         1.000,         1.000,         1.000,         1.000,         1.000,         1.000,         1.000,         1.000,         0.000,         0.000,         0.000,
    12.903,   515.559,   458.838,     3.461,     0.067,   147.825,     0.000,     0.454,    19.568,   389.200,     1.000,     3.609,   -67.539,     0.000,   259.806,   322.585,    24.155,   -19.396,     0.000,         4.336,         0.362,         3.007,     0.004,     0.000,     0.000,     0.002,         1.000,         1.000,         1.000,         1.000,         1.000,         1.000,         1.000,         1.000,         1.000,         0.000,         0.000,         0.000,
    13.000,   513.194,   458.741,     3.464,     0.057,   111.002,   353.656,     0.454,    19.471,   389.200,     1.000,     3.599,   269.226,   333.638,   260.782,   322.570,    22.366,   -19.742,     0.000,         4.328,         0.356,         2.978,     0.004,     0.000,     0.000,     0.002,         1.000,         1.000,         1.000,         1.000,         1.000,         1.000,         1.000,         1.000,         1.000,         0.000,         0.000,         0.983,
    13.103,   510.693,   458.626,     3.473,     0.053,    98.591,     0.000,     0.454,    19.356,   389.200,     1.000,     3.587,   -63.180,     0.000,   261.061,   322.647,    22.683,   -21.090,     0.000,         4.332,         0.358,         2.947,     0.004,     0.000,     0.000,     0.002,         1.000,         1.000,         1.000,         1.000,         1.000,         1.000,         1.000,         1.000,         1.000,         0.000,         0.000,         0.000,
    13.201,   388.801,   458.516,     3.421,     0.020,   207.152,     0.000,     0.453,    19.246,   389.200,     1.000,     3.568,   -60.657,     0.000,   261.325,   322.401,    22.601,   -23.020,     0.000,         4.368,         0.342,         2.918,     0.004,     0.000,     0.000,     0.002,         1.000,         1.000,         1.000,         1.000,         1.000,         1.000,         1.000,         1.000,         1.000,         0.000,         0.000,         0.000,
    13.300,   425.767,   458.400,     3.440,     0.009,   129.447,     0.000,     0.453,    19.130,   369.600,     1.000,     3.559,   -59.101,     0.000,   261.597,   322.486,    22.893,   -24.681,     0.000,         4.412,         0.331,         2.889,     0.004,     0.000,     0.000,     0.002,         1.000,         1.000,         1.000,         1.000,         1.000,         1.000,         1.000,         1.000,         1.000,         0.000,         0.000,         0.000,
    13.401,   399.176,   458.270,     3.451,     0.011,   168.228,     0.000,     0.453,    19.000,   369.600,     1.000,     3.554,   -57.269,     0.000,   261.865,   322.542,    23.096,   -26.505,     0.000,         4.435,         0.320,         2.860,     0.004,     0.000,     0.000,     0.002,         1.000,         1.000,         1.000,         1.000,         1.000,         1.000,         1.000,         1.000,         1.000,         0.000,         0.000,         0.000,
    13.500,   184.256,   458.160,     3.430,     0.008,    21.038,     0.000,     0.453,    18.890,   369.600,     1.000,     3.548,   -54.482,     0.000,   262.140,   322.439,    22.985,   -28.802,     0.000,         4.425,         0.316,         2.832,     0.004,     0.000,     0.000,     0.002,         1.000,         1.000,         1.000,         1.000,         1.000,         1.000,         1.000,         1.000,         1.000,         0.000,         0.000,         0.000,
    13.600,   225.324,   458.052,     3.463,     0.012,   152.856,     0.000,     0.453,    18.782,   369.600,     1.000,     3.553,   -52.503,     0.000,   262.413,   322.586,    23.155,   -30.824,     0.000,         4.423,         0.297,         2.803,     0.004,     0.000,     0.000,     0.002,         1.000,         1.000,         1.000,         1.000,         1.000,         1.000,         1.000,         1.000,         1.000,         0.000,         0.000,         0.000,
    13.700,   200.229,   457.932,     3.506,     0.018,    70.095,     0.000,     0.453,    18.662,   369.600,     1.000,     3.564,   -50.620,     0.000,   262.681,   322.790,    23.331,   -32.819,     0.000,         4.392,         0.315,         2.775,     0.005,     0.000,     0.000,     0.002,         1.000,         1.000,         1.000,         1.000,         1.000,         1.000,         1.000,         1.000,         1.000,         0.000,         0.000,         0.000,
    13.803,   493.677,   457.806,     3.534,     0.081,   110.715,     0.000,     0.454,    18.536,   369.600,     1.000,     3.569,   -48.117,     0.000,   262.954,   322.925,    23.273,   -35.127,     0.000,         4.201,         0.361,         2.746,     0.005,     0.000,     0.000,     0.002,         1.000,         1.000,         1.000,         1.000,         1.000,         1.000,         1.000,         1.000,         1.000,         0.000,         0.000,         0.000,
    13.900,   491.319,   457.689,     3.540,     0.096,   108.042,     0.000,     0.454,    18.419,   369.600,     1.000,     3.577,   -44.755,     0.000,   263.225,   322.944,    22.854,   -37.819,     0.000,         4.072,         0.369,         2.719,     0.005,     0.000,     0.000,     0.002,         1.000,         1.000,         1.000,         1.000,         1.000,         1.000,         1.000,         1.000,         1.000,         0.000,         0.000,         0.000,
    14.000,   488.889,   457.573,     3.559,     0.075,   106.335,     0.000,     0.454,    18.303,   369.600,     1.000,     3.590,   -41.381,     0.000,   263.497,   323.030,    22.384,   -40.536,     0.000,         3.952,         0.371,         2.692,     0.005,     0.000,     0.000,     0.002,         1.000,         1.000,         1.000,         1.000,         1.000,         1.000,         1.000,         1.000,         1.000,         0.000,         0.000,         0.000,
    14.103,   486.380,   457.456,     3.617,     0.083,   103.699,     0.000,     0.454,    18.186,   369.600,     1.000,     3.624,   -64.133,     0.000,   258.865,   323.309,    29.475,   -29.787,     0.000,         3.984,         0.420,         2.664,     0.005,     0.000,     0.000,     0.002,         1.000,         1.000,         1.000,         1.000,         1.000,         1.000,         1.000,         1.000,         1.000,         0.000,         0.000,         0.000,
    14.200,   484.028,   457.346,     3.663,     0.100,   100.265,     0.000,     0.454,    18.076,   348.600,     1.000,     3.673,   -84.950,     0.000,   254.255,   323.516,    35.501,   -19.812,     0.000,         3.969,         0.439,         2.638,     0.005,     0.000,     0.000,     0.002,         1.000,         1.000,         1.000,         1.000,         1.000,         1.000,         1.000,         1.000,         1.000,         0.000,         0.000,         0.000,
    14.303,   481.517,   457.225,     3.754,     0.094,   102.284,     0.000,     0.454,    17.955,   348.600,     1.000,     3.753,  -100.332,     0.000,   254.402,   323.903,    40.981,   -10.149,     0.000,         3.922,         0.454,         2.611,     0.005,     0.000,     0.000,     0.002,         1.000,         1.000,         1.000,         1.000,         1.000,         1.000,         1.000,         1.000,         1.000,         0.000,         0.000,         0.000,
    14.403,   479.084,   457.113,     3.855,     0.086,   102.211,     0.000,     0.455,    17.843,   348.600,     1.000,     3.855,  -118.458,     0.000,   250.845,   324.404,    45.848,    -0.950,     0.000,         3.887,         0.471,         2.585,     0.005,     0.000,     0.000,     0.002,         1.000,         1.000,         1.000,         1.000,         1.000,         1.000,         1.000,         1.000,         1.000,         0.000,         0.000,         0.000,
    14.500,   476.736,   457.002,     3.883,     0.108,   103.292,    79.545,     0.455,    17.732,   348.600,     1.000,     3.936,   -58.234,    75.042,   247.424,   324.540,    49.314,     6.846,     0.000,         3.783,         0.464,         2.560,     0.005,     0.000,     0.000,     0.002,         1.000,         1.000,         1.000,         1.000,         1.000,         1.000,         1.000,         1.000,         1.000,         0.000,         0.000,         0.517,
    14.604,   474.218,   456.875,     4.089,     0.097,    97.980,     0.000,     0.455,    17.605,   348.600,     1.000,     4.049,  -150.321,     0.000,   244.135,   325.466,    53.484,    15.505,     0.000,         3.732,         0.497,         2.533,     0.005,     0.000,     0.000,     0.002,         1.000,         1.000,         1.000,         1.000,         1.000,         1.000,         1.000,         1.000,         1.000,         0.000,         0.000,         0.000,
    14.704,   471.790,   456.783,     4.219,     0.071,    94.042,    65.158,     0.455,    17.513,   348.600,     1.000,     4.139,  -103.168,    61.470,   240.966,   326.097,    56.530,    22.977,     0.000,         3.665,         0.518,         2.507,     0.005,     0.000,     0.000,     0.002,         1.000,         1.000,         1.000,         1.000,         1.000,         1.000,         1.000,         1.000,         1.000,         0.000,         0.000,         0.385,
    14.800,   469.444,   456.678,     4.262,     0.058,    99.110,     0.000,     0.455,    17.408,   348.600,     1.000,     4.222,  -175.968,     0.000,   237.917,   326.323,    58.390,    29.171,     0.000,         3.691,         0.529,         2.483,     0.005,     0.000,     0.000,     0.002,         1.000,         1.000,         1.000,         1.000,         1.000,         1.000,         1.000,         1.000,         1.000,         0.000,         0.000,         0.000,
    14.904,   466.921,   456.552,     4.372,     0.066,   107.157,     0.000,     0.455,    17.282,   348.600,     1.000,     4.323,  -187.381,     0.000,   234.985,   326.820,    60.228,    35.317,     0.000,         3.615,         0.546,         2.457,     0.005,     0.000,     0.000,     0.002,         1.000,         1.000,         1.000,         1.000,         1.000,         1.000,         1.000,         1.000,         1.000,         0.000,         0.000,         0.000,
    15.000,   225.134,   456.466,     4.475,     0.050,   153.264,     0.000,     0.456,    17.196,   348.600,     1.000,     4.406,  -197.712,     0.000,   232.194,   327.322,    61.659,    40.925,     0.000,         3.569,         0.560,         2.433,     0.005,     0.000,     0.000,     0.002,         1.000,         1.000,         1.000,         1.000,         1.000,         1.000,         1.000,         1.000,         1.000,         0.000,         0.000,         0.000,
    15.100,   256.991,   456.363,     4.534,     0.031,   107.148,     0.000,     0.456,    17.093,   327.700,     1.000,     4.498,  -196.337,     0.000,   231.937,   327.598,    60.393,    40.282,     0.000,         3.597,         0.570,         2.409,     0.005,     0.000,     0.000,     0.002,         1.000,         1.000,         1.000,         1.000,         1.000,         1.000,         1.000,         1.000,         1.000,         0.000,         0.000,         0.000,
    15.202,   394.646,   456.228,     4.651,     0.015,    90.808,     0.000,     0.456,    16.958,   327.700,     1.000,     4.625,  -195.937,     0.000,   231.727,   328.149,    59.534,    39.981,     0.000,         3.577,         0.585,         2.384,     0.005,     0.000,     0.000,     0.002,         1.000,         1.000,         1.000,         1.000,         1.000,         1.000,         1.000,         1.000,         1.000,         0.000,         0.000,         0.000,
    15.303,   439.094,   456.129,     4.725,     0.024,   104.697,     0.000,     0.456,    16.859,   327.700,     1.000,     4.709,  -194.693,     0.000,   231.514,   328.490,    58.369,    39.348,     0.000,         3.574,         0.597,         2.360,     0.005,     0.000,     0.000,     0.002,         1.000,         1.000,         1.000,         1.000,         1.000,         1.000,         1.000,         1.000,         1.000,         0.000,         0.000,         0.000,
    15.400,   169.290,   456.024,     4.837,     0.017,   110.217,     0.000,     0.456,    16.754,   327.700,     1.000,     4.822,  -194.044,     0.000,   231.299,   328.986,    57.427,    38.930,     0.000,         3.534,         0.610,         2.337,     0.005,     0.000,     0.000,     0.002,         1.000,         1.000,         1.000,         1.000,         1.000,         1.000,         1.000,         1.000,         1.000,         0.000,         0.000,         0.000,
    15.500,   130.973,   455.924,     4.931,     0.019,   109.417,   665.205,     0.456,    16.654,   327.700,     1.000,     4.917,   434.087,   627.552,   231.089,   329.477,    56.542,    38.535,     0.000,         3.496,         0.621,         2.314,     0.005,     0.000,     0.000,     0.002,         1.000,         1.000,         1.000,         1.000,         1.000,         1.000,         1.000,         1.000,         1.000,         0.000,         0.000,         0.714,
    15.601,   139.909,   455.800,     5.044,     0.009,    30.397,    48.496,     0.456,    16.530,   327.700,     1.000,     5.029,  -147.360,    45.751,   230.879,   330.022,    55.753,    38.215,     0.000,         3.443,         0.632,         2.290,     0.006,     0.000,     0.000,     0.003,         1.000,         1.000,         1.000,         1.000,         1.000,         1.000,         1.000,         1.000,         1.000,         0.000,         0.000,         0.298,
    15.700,   222.692,   455.715,     5.154,     0.034,    97.908,   220.239,     0.456,    16.445,   327.700,     1.000,     5.138,    15.073,   207.773,   230.672,   330.534,    54.968,    37.869,     0.000,         3.377,         0.645,         2.267,     0.006,     0.000,     0.000,     0.003,         1.000,         1.000,         1.000,         1.000,         1.000,         1.000,         1.000,         1.000,         1.000,         0.000,         0.000,         0.869,
    15.801,   139.909,   455.594,     5.246,     0.026,    76.477,    48.685,     0.457,    16.324,   327.700,     1.000,     5.229,  -146.146,    45.929,   230.461,   330.976,    54.119,    37.441,     0.000,         3.315,         0.657,         2.244,     0.006,     0.000,     0.000,     0.003,         1.000,         1.000,         1.000,         1.000,         1.000,         1.000,         1.000,         1.000,         1.000,         0.000,         0.000,         0.310,
    15.901,   247.857,   455.497,     5.341,     0.031,    96.635,   533.132,     0.457,    16.227,   327.700,     1.000,     5.325,   311.431,   502.955,   230.255,   331.406,    53.332,    37.041,     0.000,         3.238,         0.674,         2.222,     0.006,     0.000,     0.000,     0.003,         1.000,         1.000,         1.000,         1.000,         1.000,         1.000,         1.000,         1.000,         1.000,         0.000,         0.000,         0.915,
    16.000,    71.795,   455.385,     5.410,     0.025,    80.171,     0.000,     0.457,    16.115,   306.400,     1.000,     5.395,  -190.792,     0.000,   230.045,   331.764,    52.498,    36.575,     0.000,         3.174,         0.690,         2.200,     0.006,     0.000,     0.000,     0.003,         1.000,         1.000,         1.000,         1.000,         1.000,         1.000,         1.000,         1.000,         1.000,         0.000,         0.000,         0.000,
    16.101,   134.951,   455.261,     5.440,     0.037,   108.474,     0.000,     0.457,    15.991,   306.400,     1.000,     5.429,  -187.617,     0.000,   231.591,   331.908,    52.448,    34.853,     0.000,         3.102,         0.711,         2.177,     0.006,     0.000,     0.000,     0.003,         1.000,         1.000,         1.000,         1.000,         1.000,         1.000,         1.000,         1.000,         1.000,         0.000,         0.000,         0.000,
    16.200,    53.941,   455.122,     5.455,     0.014,    54.632,   534.234,     0.457,    15.852,   306.400,     1.000,     5.447,   319.897,   503.995,   233.165,   331.973,    52.284,    33.005,     0.000,         3.015,         0.736,         2.155,     0.006,     0.000,     0.000,     0.003,         1.000,         1.000,         1.000,         1.000,         1.000,         1.000,         1.000,         1.000,         1.000,         0.000,         0.000,         0.882,
    16.300,    65.268,   454.993,     5.426,     0.029,    95.809,   520.609,     0.458,    15.723,   306.400,     1.000,     5.424,   311.420,   491.140,   234.777,   331.819,    51.832,    30.847,     0.000,         2.951,         0.762,         2.134,     0.006,     0.000,     0.000,     0.003,         1.000,         1.000,         1.000,         1.000,         1.000,         1.000,         1.000,         1.000,         1.000,         0.000,         0.000,         0.882,
    16.400,    92.506,   454.864,     5.377,     0.026,    92.888,     0.000,     0.458,    15.594,   306.400,     1.000,     5.383,  -175.154,     0.000,   236.414,   331.641,    51.313,    28.615,     0.000,         2.894,         0.785,         2.112,     0.006,     0.000,     0.000,     0.003,         1.000,         1.000,         1.000,         1.000,         1.000,         1.000,         1.000,         1.000,         1.000,         0.000,         0.000,         0.000,
    16.500,   428.125,   454.755,     5.338,     0.052,    82.483,    19.230,     0.458,    15.485,   306.400,     1.000,     5.338,  -152.153,    18.142,   238.091,   331.422,    50.698,    26.265,     0.000,         2.831,         0.813,         2.091,     0.006,     0.000,     0.001,     0.003,         1.000,         1.000,         1.000,         1.000,         1.000,         1.000,         1.000,         1.000,         1.000,         0.000,         0.000,         0.128,
    16.600,   425.694,   454.615,     5.283,     0.056,    88.273,     0.000,     0.458,    15.345,   306.400,     1.000,     5.270,  -165.246,     0.000,   239.801,   331.191,    50.020,    23.837,     0.000,         2.743,         0.833,         2.070,     0.006,     0.000,     0.001,     0.003,         1.000,         1.000,         1.000,         1.000,         1.000,         1.000,         1.000,         1.000,         1.000,         0.000,         0.000,         0.000,
    16.703,   423.183,   454.481,     5.099,     0.064,   100.623,     0.000,     0.459,    15.211,   306.400,     1.000,     5.099,  -157.898,     0.000,   241.550,   330.343,    48.535,    20.570,     0.000,         2.668,         0.865,         2.049,     0.006,     0.000,     0.001,     0.003,         1.000,         1.000,         1.000,         1.000,         1.000,         1.000,         1.000,         1.000,         1.000,         0.000,         0.000,         0.000,
    16.803,   420.754,   454.381,     4.874,     0.052,    88.701,     0.000,     0.459,    15.111,   284.700,     1.000,     4.874,  -149.461,     0.000,   243.337,   329.242,    46.670,    16.886,     0.000,         2.609,         0.885,         2.028,     0.006,     0.000,     0.001,     0.003,         1.000,         1.000,         1.000,         1.000,         1.000,         1.000,         1.000,         1.000,         1.000,         0.000,         0.000,         0.000,
    16.900,   418.403,   454.238,     4.515,     0.065,   102.907,     0.000,     0.459,    14.968,   284.700,     1.000,     4.515,  -138.731,     0.000,   245.162,   327.553,    44.010,    12.331,     0.000,         2.536,         0.908,         2.008,     0.006,     0.000,     0.001,     0.003,         1.000,         1.000,         1.000,         1.000,         1.000,         1.000,         1.000,         1.000,         1.000,         0.000,         0.000,         0.000,
    17.000,   415.972,   454.104,     4.142,     0.064,    92.385,     0.000,     0.459,    14.834,   284.700,     1.000,     4.142,  -127.541,     0.000,   247.017,   325.801,    41.196,     7.561,     0.000,         2.470,         0.927,         1.988,     0.007,     0.000,     0.001,     0.003,         1.000,         1.000,         1.000,         1.000,         1.000,         1.000,         1.000,         1.000,         1.000,         0.000,         0.000,         0.000,
    17.103,   413.469,   453.967,     3.559,     0.071,    91.490,     0.000,     0.459,    14.697,   284.700,     1.000,     3.759,  -115.248,     0.000,   248.255,   323.200,    37.356,     2.947,     0.000,         2.344,         0.864,         1.968,     0.007,     0.000,     0.001,     0.003,         1.000,         1.000,         1.000,         1.000,         1.000,         1.000,         1.000,         1.000,         1.000,         0.000,         0.000,         0.000,
    17.200,   411.111,   453.835,     3.184,     0.078,    94.780,     0.000,     0.459,    14.565,   284.700,     1.000,     3.428,  -105.762,     0.000,   249.496,   321.365,    34.502,    -0.610,     0.000,         2.223,         0.823,         1.948,     0.007,     0.000,     0.001,     0.003,         1.000,         1.000,         1.000,         1.000,         1.000,         1.000,         1.000,         1.000,         1.000,         0.000,         0.000,         0.000,
    17.303,   408.611,   453.685,     2.937,     0.072,    98.576,     0.000,     0.459,    14.415,   284.700,     1.000,     3.148,   -98.681,     0.000,   250.757,   320.214,    32.474,    -3.249,     0.000,         2.140,         0.881,         1.928,     0.006,     0.000,     0.001,     0.003,         1.000,         1.000,         1.000,         1.000,         1.000,         1.000,         1.000,         1.000,         1.000,         0.000,         0.000,         0.000,
    17.403,   406.184,   453.540,     2.837,     0.071,    99.596,    57.863,     0.459,    14.270,   284.700,     1.000,     2.988,   -39.265,    54.588,   252.035,   319.713,    31.192,    -5.017,     0.000,         2.091,         0.922,         1.909,     0.006,     0.000,     0.001,     0.003,         1.000,         1.000,         1.000,         1.000,         1.000,         1.000,         1.000,         1.000,         1.000,         0.000,         0.000,         0.361,
    17.500,   403.819,   453.403,     2.841,     0.072,   100.777,   521.870,     0.459,    14.133,   263.000,     1.000,     2.928,   401.831,   492.331,   253.330,   319.643,    30.394,    -6.207,     0.000,         2.046,         0.954,         1.891,     0.006,     0.000,     0.001,     0.003,         1.000,         1.000,         1.000,         1.000,         1.000,         1.000,         1.000,         1.000,         1.000,         0.000,         0.000,         0.919,
    17.602,   401.333,   453.248,     2.866,     0.067,   100.492,     0.000,     0.460,    13.978,   263.000,     1.000,     2.929,   -88.037,     0.000,   254.646,   319.840,    29.887,    -7.045,     0.000,         2.030,         0.986,         1.872,     0.006,     0.000,     0.001,     0.003,         1.000,         1.000,         1.000,         1.000,         1.000,         1.000,         1.000,         1.000,         1.000,         0.000,         0.000,         0.000,
    17.703,   398.896,   453.094,     2.976,     0.083,   101.210,     0.000,     0.460,    13.824,   263.000,     1.000,     2.981,   -86.899,     0.000,   255.985,   320.436,    29.814,    -7.365,     0.000,         2.037,         1.037,         1.853,     0.006,     0.000,     0.001,     0.003,         1.000,         1.000,         1.000,         1.000,         1.000,         1.000,         1.000,         1.000,         1.000,         0.000,         0.000,         0.000,
    17.800,   396.528,   452.944,     3.059,     0.087,   104.544,   568.711,     0.460,    13.674,   263.000,     1.000,     3.059,   451.943,   536.520,   257.337,   320.682,    29.357,    -8.125,     0.000,         2.055,         1.069,         1.835,     0.006,     0.000,     0.001,     0.003,         1.000,         1.000,         1.000,         1.000,         1.000,         1.000,         1.000,         1.000,         1.000,         0.000,         0.000,         0.829,
    17.902,   394.050,   452.788,     3.204,     0.071,   104.321,   421.718,     0.461,    13.518,   263.000,     1.000,     3.204,   314.155,   397.847,   258.707,   321.358,    29.372,    -8.331,     0.000,         1.976,         1.094,         1.816,     0.006,     0.000,     0.000,     0.003,         1.000,         1.000,         1.000,         1.000,         1.000,         1.000,         1.000,         1.000,         1.000,         0.000,         0.000,         0.980,
    18.000,   391.666,   452.640,     3.450,     0.077,   104.222,     0.000,     0.461,    13.370,   263.000,     1.000,     3.450,   -84.309,     0.000,   260.101,   322.489,    29.886,    -7.966,     0.000,         1.863,         1.121,         1.799,     0.006,     0.000,     0.000,     0.003,         1.000,         1.000,         1.000,         1.000,         1.000,         1.000,         1.000,         1.000,         1.000,         0.000,         0.000,         0.000,
    18.100,   389.236,   452.487,     3.798,     0.080,   106.983,     0.000,     0.461,    13.217,   263.000,     1.000,     3.798,   -91.648,     0.000,   259.635,   324.213,    31.975,    -4.905,     0.000,         1.733,         1.152,         1.780,     0.006,     0.000,     0.000,     0.003,         1.000,         1.000,         1.000,         1.000,         1.000,         1.000,         1.000,         1.000,         1.000,         0.000,         0.000,         0.000,
    18.202,   386.765,   452.330,     4.236,     0.082,   103.893,     0.000,     0.462,    13.060,   244.400,     1.000,     4.183,  -100.112,     0.000,   259.125,   326.146,    34.469,    -1.378,     0.000,         1.569,         1.149,         1.762,     0.006,     0.000,     0.000,     0.003,         1.000,         1.000,         1.000,         1.000,         1.000,         1.000,         1.000,         1.000,         1.000,         0.000,         0.000,         0.000,
    18.300,   133.038,   452.188,     4.566,     0.050,    97.044,     0.000,     0.462,    12.918,   244.400,     1.000,     4.522,  -107.687,     0.000,   258.614,   327.737,    36.694,     1.871,     0.000,         1.477,         1.189,         1.745,     0.006,     0.000,     0.000,     0.003,         1.000,         1.000,         1.000,         1.000,         1.000,         1.000,         1.000,         1.000,         1.000,         0.000,         0.000,         0.000,
    18.400,   186.219,   452.046,     4.907,     0.076,   155.932,     0.000,     0.462,    12.776,   244.400,     1.000,     4.859,  -115.615,     0.000,   258.111,   329.349,    39.077,     5.300,     0.000,         1.384,         1.205,         1.727,     0.006,     0.000,     0.000,     0.003,         1.000,         1.000,         1.000,         1.000,         1.000,         1.000,         1.000,         1.000,         1.000,         0.000,         0.000,         0.000,
    18.502,   343.404,   451.888,     5.154,     0.073,    92.213,     0.000,     0.462,    12.618,   244.400,     1.000,     5.118,  -122.153,     0.000,   257.626,   330.527,    40.997,     8.256,     0.000,         1.311,         1.218,         1.710,     0.006,     0.000,     0.001,     0.003,         1.000,         1.000,         1.000,         1.000,         1.000,         1.000,         1.000,         1.000,         1.000,         0.000,         0.000,         0.000,
    18.601,   377.053,   451.741,     5.406,     0.097,   115.258,     0.000,     0.462,    12.471,   244.400,     1.000,     5.353,  -129.020,     0.000,   257.152,   331.735,    43.052,    11.385,     0.000,         1.219,         1.211,         1.693,     0.006,     0.000,     0.001,     0.003,         1.000,         1.000,         1.000,         1.000,         1.000,         1.000,         1.000,         1.000,         1.000,         0.000,         0.000,         0.000,
    18.700,   374.652,   451.610,     5.581,     0.098,   113.630,     0.000,     0.462,    12.340,   244.400,     1.000,     5.545,  -134.643,     0.000,   256.675,   332.552,    44.643,    14.123,     0.000,         1.155,         1.202,         1.676,     0.006,     0.000,     0.001,     0.003,         1.000,         1.000,         1.000,         1.000,         1.000,         1.000,         1.000,         1.000,         1.000,         0.000,         0.000,         0.000,
    18.801,   372.195,   451.481,     5.732,     0.101,   115.776,     0.000,     0.462,    12.211,   244.400,     1.000,     5.707,  -140.157,     0.000,   256.205,   333.294,    46.186,    16.881,     0.000,         1.085,         1.177,         1.659,     0.006,     0.000,     0.001,     0.003,         1.000,         1.000,         1.000,         1.000,         1.000,         1.000,         1.000,         1.000,         1.000,         0.000,         0.000,         0.000,
    18.901,   369.768,   451.354,     5.775,     0.106,   120.212,   104.752,     0.462,    12.084,   228.700,     1.000,     5.775,   -44.852,    98.823,   255.742,   333.503,    46.955,    18.958,     0.000,         1.043,         1.165,         1.642,     0.006,     0.000,     0.001,     0.003,         1.000,         1.000,         1.000,         1.000,         1.000,         1.000,         1.000,         1.000,         1.000,         0.000,         0.000,         0.590,
    19.000,   367.361,   451.226,     5.776,     0.098,   124.108,   360.919,     0.461,    11.956,   228.700,     1.000,     5.776,   194.079,   340.489,   255.285,   333.500,    47.393,    20.802,     0.000,         0.975,         1.127,         1.626,     0.006,     0.000,     0.001,     0.003,         1.000,         1.000,         1.000,         1.000,         1.000,         1.000,         1.000,         1.000,         1.000,         0.000,         0.000,         0.993,
    19.101,   364.914,   451.123,     5.748,     0.103,   116.639,     0.000,     0.461,    11.853,   228.700,     1.000,     5.748,  -149.561,     0.000,   254.832,   333.318,    47.578,    23.498,     0.000,         0.907,         1.082,         1.609,     0.006,     0.000,     0.001,     0.003,         1.000,         1.000,         1.000,         1.000,         1.000,         1.000,         1.000,         1.000,         1.000,         0.000,         0.000,         0.000,
    19.201,   362.488,   451.036,     5.684,     0.105,   114.821,    60.020,     0.461,    11.766,   228.700,     1.000,     5.684,   -95.996,    56.622,   254.413,   333.092,    47.685,    26.254,     0.000,         0.849,         1.039,         1.593,     0.006,     0.000,     0.001,     0.003,         1.000,         1.000,         1.000,         1.000,         1.000,         1.000,         1.000,         1.000,         1.000,         0.000,         0.000,         0.407,
    19.300,   360.069,   450.953,     5.542,     0.121,   114.637,     0.000,     0.460,    11.683,   228.700,     1.000,     5.553,  -154.220,     0.000,   254.028,   332.518,    47.202,    28.527,     0.000,         0.794,         0.985,         1.577,     0.006,     0.000,     0.001,     0.003,         1.000,         1.000,         1.000,         1.000,         1.000,         1.000,         1.000,         1.000,         1.000,         0.000,         0.000,         0.000,
    19.400,   357.632,   450.873,     5.368,     0.127,   120.001,     0.000,     0.460,    11.603,   228.700,     1.000,     5.392,  -154.838,     0.000,   253.677,   331.718,    46.310,    30.487,     0.000,         0.754,         0.957,         1.561,     0.006,     0.000,     0.001,     0.003,         1.000,         1.000,         1.000,         1.000,         1.000,         1.000,         1.000,         1.000,         1.000,         0.000,         0.000,         0.000,
    19.500,   355.200,   450.792,     5.211,     0.134,   122.642,     0.000,     0.459,    11.522,   228.700,     1.000,     5.211,  -155.192,     0.000,   253.359,   330.858,    45.283,    32.410,     0.000,         0.724,         0.937,         1.546,     0.006,     0.000,     0.001,     0.003,         1.000,         1.000,         1.000,         1.000,         1.000,         1.000,         1.000,         1.000,         1.000,         0.000,         0.000,         0.000,
    19.600,   352.777,   450.717,     5.035,     0.110,   123.172,   132.998,     0.459,    11.447,   228.700,     1.000,     5.035,   -30.129,   125.470,   253.075,   330.016,    44.247,    34.411,     0.000,         0.695,         0.910,         1.530,     0.007,     0.000,     0.001,     0.003,         1.000,         1.000,         1.000,         1.000,         1.000,         1.000,         1.000,         1.000,         1.000,         0.000,         0.000,         0.656,
    19.700,   350.347,   450.647,     4.838,     0.111,   124.370,     0.000,     0.459,    11.377,   228.700,     1.000,     4.838,  -155.645,     0.000,   252.824,   329.096,    43.037,    36.336,     0.000,         0.671,         0.888,         1.515,     0.007,     0.000,     0.001,     0.003,         1.000,         1.000,         1.000,         1.000,         1.000,         1.000,         1.000,         1.000,         1.000,         0.000,         0.000,         0.000,
    19.802,   327.749,   450.575,     4.597,     0.111,   125.326,   494.254,     0.459,    11.305,   228.700,     1.000,     4.597,   311.610,   466.278,   252.597,   327.919,    41.350,    37.996,     0.000,         0.647,         0.867,         1.499,     0.007,     0.000,     0.001,     0.003,         1.000,         1.000,         1.000,         1.000,         1.000,         1.000,         1.000,         1.000,         1.000,         0.000,         0.000,         0.949,
    19.900,   345.486,   450.515,     4.358,     0.076,   118.955,     0.000,     0.459,    11.245,   228.700,     1.000,     4.358,  -153.653,     0.000,   252.412,   326.781,    39.669,    39.615,     0.000,         0.625,         0.849,         1.484,     0.007,     0.000,     0.001,     0.003,         1.000,         1.000,         1.000,         1.000,         1.000,         1.000,         1.000,         1.000,         1.000,         0.000,         0.000,         0.000,
    20.000,   343.055,   450.442,     4.086,     0.115,   141.919,     0.000,     0.458,    11.172,   228.700,     1.000,     4.086,  -151.950,     0.000,   252.260,   325.508,    37.698,    41.004,     0.000,         0.603,         0.836,         1.469,     0.007,     0.000,     0.001,     0.003,         1.000,         1.000,         1.000,         1.000,         1.000,         1.000,         1.000,         1.000,         1.000,         0.000,         0.000,         0.000,
    20.102,   340.581,   450.363,     3.749,     0.086,   136.699,   294.192,     0.458,    11.093,   213.000,     1.000,     3.805,   133.874,   277.539,   252.525,   323.930,    34.794,    37.467,     0.000,         0.576,         0.791,         1.454,     0.007,     0.000,     0.001,     0.003,         1.000,         1.000,         1.000,         1.000,         1.000,         1.000,         1.000,         1.000,         1.000,         0.000,         0.000,         0.973,
    20.200,   191.302,   450.287,     3.503,     0.089,   137.130,     0.000,     0.458,    11.017,   213.000,     1.000,     3.559,  -137.545,     0.000,   252.791,   322.793,    32.733,    34.810,     0.000,         0.558,         0.788,         1.440,     0.007,     0.000,     0.001,     0.003,         1.000,         1.000,         1.000,         1.000,         1.000,         1.000,         1.000,         1.000,         1.000,         0.000,         0.000,         0.000,
    20.302,   335.727,   450.178,     3.256,     0.076,   140.722,   431.987,     0.458,    10.908,   213.000,     1.000,     3.291,   276.259,   407.534,   253.059,   321.595,    30.644,    32.096,     0.000,         0.537,         0.774,         1.425,     0.007,     0.000,     0.001,     0.003,         1.000,         1.000,         1.000,         1.000,         1.000,         1.000,         1.000,         1.000,         1.000,         0.000,         0.000,         0.969,
    20.402,   333.294,   450.098,     3.000,     0.103,   124.553,     0.000,     0.458,    10.828,   213.000,     1.000,     3.043,  -125.525,     0.000,   253.332,   320.487,    28.769,    29.602,     0.000,         0.520,         0.776,         1.411,     0.007,     0.000,     0.001,     0.003,         1.000,         1.000,         1.000,         1.000,         1.000,         1.000,         1.000,         1.000,         1.000,         0.000,         0.000,         0.000,
    20.500,    60.374,   450.028,     2.838,     0.073,   108.218,   298.961,     0.458,    10.758,   213.000,     1.000,     2.869,   160.873,   282.038,   253.604,   319.670,    27.406,    27.694,     0.000,         0.515,         0.766,         1.397,     0.007,     0.000,     0.001,     0.003,         1.000,         1.000,         1.000,         1.000,         1.000,         1.000,         1.000,         1.000,         1.000,         0.000,         0.000,         0.990,
    20.600,    55.614,   449.892,     2.789,     0.086,   117.964,   134.686,     0.458,    10.622,   213.000,     1.000,     2.792,     7.582,   127.063,   253.877,   319.457,    26.994,    26.907,     0.000,         0.497,         0.771,         1.384,     0.007,     0.000,     0.001,     0.003,         1.000,         1.000,         1.000,         1.000,         1.000,         1.000,         1.000,         1.000,         1.000,         0.000,         0.000,         0.743,
    20.701,   314.304,   449.847,     2.749,     0.167,   193.631,     0.000,     0.458,    10.577,   213.000,     1.000,     2.765,  -117.991,     0.000,   254.145,   319.282,    26.645,    26.209,     0.000,         0.480,         0.760,         1.370,     0.008,     0.000,     0.001,     0.003,         1.000,         1.000,         1.000,         1.000,         1.000,         1.000,         1.000,         1.000,         1.000,         0.000,         0.000,         0.000,
    20.800,   323.611,   449.744,     2.749,     0.136,   144.950,     0.000,     0.458,    10.474,   213.000,     1.000,     2.752,  -117.009,     0.000,   254.424,   319.229,    26.478,    25.726,     0.000,         0.466,         0.762,         1.356,     0.008,     0.000,     0.001,     0.003,         1.000,         1.000,         1.000,         1.000,         1.000,         1.000,         1.000,         1.000,         1.000,         0.000,         0.000,         0.000,
    20.901,   321.151,   449.664,     2.754,     0.124,   133.358,   233.988,     0.458,    10.394,   213.000,     1.000,     2.753,   104.278,   220.743,   254.699,   319.278,    26.457,    25.431,     0.000,         0.455,         0.759,         1.343,     0.008,     0.000,     0.001,     0.003,         1.000,         1.000,         1.000,         1.000,         1.000,         1.000,         1.000,         1.000,         1.000,         0.000,         0.000,         0.890,
    21.000,   232.378,   449.580,     2.743,     0.115,   127.079,   395.516,     0.457,    10.310,   213.000,     1.000,     2.747,   257.594,   373.128,   254.980,   319.235,    26.299,    24.980,     0.000,         0.444,         0.747,         1.330,     0.008,     0.000,     0.001,     0.003,         1.000,         1.000,         1.000,         1.000,         1.000,         1.000,         1.000,         1.000,         1.000,         0.000,         0.000,         0.986,
    21.100,   153.900,   449.495,     2.745,     0.134,   152.215,    67.358,     0.457,    10.225,   213.000,     1.000,     2.752,   -50.426,    63.545,   255.646,   319.249,    26.279,    24.089,     0.000,         0.428,         0.725,         1.317,     0.008,     0.000,     0.001,     0.003,         1.000,         1.000,         1.000,         1.000,         1.000,         1.000,         1.000,         1.000,         1.000,         0.000,         0.000,         0.410,
    21.201,   260.039,   449.378,     2.729,     0.107,   128.258,     0.000,     0.457,    10.108,   213.000,     1.000,     2.754,  -112.011,     0.000,   256.312,   319.185,    26.123,    23.016,     0.000,         0.417,         0.704,         1.304,     0.008,     0.000,     0.001,     0.003,         1.000,         1.000,         1.000,         1.000,         1.000,         1.000,         1.000,         1.000,         1.000,         0.000,         0.000,         0.000,
    21.301,   311.427,   449.294,     2.749,     0.158,   158.488,     0.000,     0.457,    10.024,   197.100,     1.000,     2.753,  -110.612,     0.000,   256.986,   319.274,    26.173,    22.152,     0.000,         0.411,         0.712,         1.291,     0.008,     0.000,     0.001,     0.003,         1.000,         1.000,         1.000,         1.000,         1.000,         1.000,         1.000,         1.000,         1.000,         0.000,         0.000,         0.000,
    21.400,   309.028,   449.175,     2.789,     0.113,   111.741,     0.000,     0.457,     9.904,   197.100,     1.000,     2.794,  -109.514,     0.000,   257.675,   319.454,    26.346,    21.389,     0.000,         0.401,         0.712,         1.278,     0.008,     0.000,     0.001,     0.003,         1.000,         1.000,         1.000,         1.000,         1.000,         1.000,         1.000,         1.000,         1.000,         0.000,         0.000,         0.000,
    21.501,   247.857,   449.075,     2.868,     0.168,   166.076,     0.000,     0.457,     9.805,   197.100,     1.000,     2.889,  -109.237,     0.000,   258.370,   319.831,    26.824,    20.951,     0.000,         0.391,         0.707,         1.265,     0.008,     0.000,     0.001,     0.003,         1.000,         1.000,         1.000,         1.000,         1.000,         1.000,         1.000,         1.000,         1.000,         0.000,         0.000,         0.000,
    21.600,   188.685,   448.970,     3.000,     0.134,   132.309,     0.000,     0.457,     9.700,   197.100,     1.000,     3.006,  -109.904,     0.000,   259.071,   320.422,    27.660,    20.893,     0.000,         0.383,         0.716,         1.253,     0.008,     0.000,     0.001,     0.003,         1.000,         1.000,         1.000,         1.000,         1.000,         1.000,         1.000,         1.000,         1.000,         0.000,         0.000,         0.000,
    21.700,   149.962,   448.875,     3.139,     0.137,   130.127,    38.474,     0.457,     9.605,   197.100,     1.000,     3.146,   -74.571,    36.297,   259.783,   321.078,    28.632,    20.940,     0.000,         0.378,         0.721,         1.240,     0.008,     0.000,     0.001,     0.003,         1.000,         1.000,         1.000,         1.000,         1.000,         1.000,         1.000,         1.000,         1.000,         0.000,         0.000,         0.286,
    21.801,   232.334,   448.773,     3.283,     0.142,   130.695,     0.000,     0.457,     9.503,   197.100,     1.000,     3.288,  -111.332,     0.000,   260.495,   321.624,    29.440,    20.763,     0.000,         0.370,         0.727,         1.228,     0.008,     0.000,     0.001,     0.003,         1.000,         1.000,         1.000,         1.000,         1.000,         1.000,         1.000,         1.000,         1.000,         0.000,         0.000,         0.000,
    21.901,   296.858,   448.663,     3.443,     0.162,   134.143,   137.528,     0.457,     9.393,   197.100,     1.000,     3.443,    16.462,   129.743,   261.203,   322.468,    30.815,    21.201,     0.000,         0.364,         0.734,         1.216,     0.009,     0.000,     0.001,     0.004,         1.000,         1.000,         1.000,         1.000,         1.000,         1.000,         1.000,         1.000,         1.000,         0.000,         0.000,         0.674,
    22.000,   294.444,   448.561,     3.601,     0.166,   138.139,     0.000,     0.457,     9.291,   197.100,     1.000,     3.601,  -114.766,     0.000,   261.928,   323.216,    32.059,    21.420,     0.000,         0.356,         0.738,         1.203,     0.009,     0.000,     0.001,     0.004,         1.000,         1.000,         1.000,         1.000,         1.000,         1.000,         1.000,         1.000,         1.000,         0.000,         0.000,         0.000,
    22.101,   291.996,   448.451,     3.762,     0.178,   133.764,     0.000,     0.458,     9.181,   197.100,     1.000,     3.762,  -120.227,     0.000,   261.152,   323.995,    33.100,    24.284,     0.000,         0.330,         0.761,         1.191,     0.009,     0.000,     0.001,     0.004,         1.000,         1.000,         1.000,         1.000,         1.000,         1.000,         1.000,         1.000,         1.000,         0.000,         0.000,         0.000,
    22.201,   289.571,   448.340,     3.901,     0.162,   133.271,     0.000,     0.458,     9.070,   181.100,     1.000,     3.902,  -124.857,     0.000,   260.343,   324.610,    33.802,    26.788,     0.000,         0.306,         0.785,         1.179,     0.009,     0.000,     0.001,     0.004,         1.000,         1.000,         1.000,         1.000,         1.000,         1.000,         1.000,         1.000,         1.000,         0.000,         0.000,         0.000,
    22.300,   287.153,   448.223,     3.946,     0.175,   130.053,   304.171,     0.458,     8.953,   181.100,     1.000,     3.945,   159.523,   286.954,   259.542,   324.825,    33.748,    28.400,     0.000,         0.293,         0.795,         1.168,     0.009,     0.000,     0.001,     0.004,         1.000,         1.000,         1.000,         1.000,         1.000,         1.000,         1.000,         1.000,         1.000,         0.000,         0.000,         0.984,
    22.400,   284.712,   448.103,     3.893,     0.172,   128.926,     0.000,     0.458,     8.833,   181.100,     1.000,     3.903,  -127.918,     0.000,   258.745,   324.618,    32.923,    29.122,     0.000,         0.288,         0.806,         1.156,     0.009,     0.000,     0.001,     0.004,         1.000,         1.000,         1.000,         1.000,         1.000,         1.000,         1.000,         1.000,         1.000,         0.000,         0.000,         0.000,
    22.500,   282.289,   447.980,     3.791,     0.178,   123.657,     0.000,     0.458,     8.710,   181.100,     1.000,     3.810,  -127.311,     0.000,   257.957,   324.185,    31.714,    29.370,     0.000,         0.279,         0.820,         1.144,     0.009,     0.000,     0.001,     0.004,         1.000,         1.000,         1.000,         1.000,         1.000,         1.000,         1.000,         1.000,         1.000,         0.000,         0.000,         0.000,
    22.600,   279.861,   447.856,     3.651,     0.182,   125.007,     0.000,     0.458,     8.586,   181.100,     1.000,     3.684,  -124.982,     0.000,   257.173,   323.381,    29.890,    28.884,     0.000,         0.271,         0.829,         1.133,     0.009,     0.000,     0.001,     0.004,         1.000,         1.000,         1.000,         1.000,         1.000,         1.000,         1.000,         1.000,         1.000,         0.000,         0.000,         0.000,
    22.700,   277.423,   447.729,     3.561,     0.178,   124.849,     0.000,     0.458,     8.459,   181.100,     1.000,     3.574,  -124.905,     0.000,   256.370,   323.043,    28.903,    29.330,     0.000,         0.267,         0.850,         1.121,     0.011,     0.000,     0.001,     0.005,         1.000,         1.000,         1.000,         1.000,         1.000,         1.000,         1.000,         1.000,         1.000,         0.000,         0.000,         0.000,
    22.800,   274.995,   447.595,     3.469,     0.174,   120.334,     0.000,     0.459,     8.325,   181.100,     1.000,     3.474,  -124.437,     0.000,   255.611,   322.634,    27.839,    29.574,     0.000,         0.268,         0.868,         1.110,     0.011,     0.000,     0.001,     0.005,         1.000,         1.000,         1.000,         1.000,         1.000,         1.000,         1.000,         1.000,         1.000,         0.000,         0.000,         0.000,
    22.900,   272.569,   447.461,     3.383,     0.173,   118.698,     0.000,     0.459,     8.191,   181.100,     1.000,     3.384,  -123.978,     0.000,   254.835,   322.217,    26.780,    29.817,     0.000,         0.264,         0.883,         1.099,     0.011,     0.000,     0.001,     0.005,         1.000,         1.000,         1.000,         1.000,         1.000,         1.000,         1.000,         1.000,         1.000,         0.000,         0.000,         0.000,
    23.000,   270.139,   447.324,     3.260,     0.201,   118.004,     0.000,     0.459,     8.054,   165.000,     1.000,     3.274,  -122.816,     0.000,   254.075,   321.643,    25.501,    29.746,     0.000,         0.254,         0.881,         1.088,     0.011,     0.000,     0.001,     0.005,         1.000,         1.000,         1.000,         1.000,         1.000,         1.000,         1.000,         1.000,         1.000,         0.000,         0.000,         0.000,
    23.100,   267.708,   447.165,     3.139,     0.200,   115.866,     0.000,     0.459,     7.895,   165.000,     1.000,     3.156,  -124.000,     0.000,   253.188,   321.017,    26.541,    29.629,     0.000,         0.243,         0.874,         1.077,     0.011,     0.000,     0.001,     0.005,         1.000,         1.000,         1.000,         1.000,         1.000,         1.000,         1.000,         1.000,         1.000,         0.000,         0.000,         0.000,
    23.200,   265.277,   447.002,     3.040,     0.194,   113.995,     0.000,     0.459,     7.732,   165.000,     1.000,     3.058,  -126.181,     0.000,   252.306,   320.631,    27.906,    29.950,     0.000,         0.234,         0.868,         1.066,     0.011,     0.000,     0.001,     0.005,         1.000,         1.000,         1.000,         1.000,         1.000,         1.000,         1.000,         1.000,         1.000,         0.000,         0.000,         0.000,
    23.303,   262.775,   446.823,     2.924,     0.209,   112.369,     0.000,     0.459,     7.553,   165.000,     1.000,     2.967,  -127.796,     0.000,   251.423,   320.126,    29.035,    30.057,     0.000,         0.225,         0.885,         1.055,     0.011,     0.000,     0.001,     0.005,         1.000,         1.000,         1.000,         1.000,         1.000,         1.000,         1.000,         1.000,         1.000,         0.000,         0.000,         0.000,
    23.400,   260.416,   446.658,     2.862,     0.192,   109.847,     0.000,     0.459,     7.388,   165.000,     1.000,     2.866,  -130.057,     0.000,   250.561,   319.801,    30.348,    30.469,     0.000,         0.226,         0.918,         1.045,     0.014,     0.000,     0.001,     0.006,         1.000,         1.000,         1.000,         1.000,         1.000,         1.000,         1.000,         1.000,         1.000,         0.000,         0.000,         0.000,
    23.500,   257.986,   446.475,     2.734,     0.190,   105.672,     0.000,     0.459,     7.205,   165.000,     1.000,     2.734,  -131.100,     0.000,   249.693,   319.198,    31.202,    30.393,     0.000,         0.218,         0.922,         1.035,     0.014,     0.000,     0.001,     0.006,         1.000,         1.000,         1.000,         1.000,         1.000,         1.000,         1.000,         1.000,         1.000,         0.000,         0.000,         0.000,
    23.600,   255.555,   446.291,     2.646,     0.219,   105.214,    96.050,     0.459,     7.021,   145.100,     1.000,     2.653,   -42.118,    90.613,   248.848,   318.763,    32.221,    30.596,     0.000,         0.202,         0.915,         1.025,     0.014,     0.000,     0.001,     0.006,         1.000,         1.000,         1.000,         1.000,         1.000,         1.000,         1.000,         1.000,         1.000,         0.000,         0.000,         0.556,
    23.703,   253.058,   446.110,     2.586,     0.136,    95.171,   440.044,     0.459,     6.840,   145.100,     1.000,     2.584,   280.111,   415.135,   247.991,   318.481,    33.446,    31.089,     0.000,         0.204,         0.933,         1.014,     0.014,     0.000,     0.001,     0.006,         1.000,         1.000,         1.000,         1.000,         1.000,         1.000,         1.000,         1.000,         1.000,         0.000,         0.000,         0.963,
    23.800,   198.333,   445.944,     2.484,     0.111,   101.076,   445.061,     0.459,     6.674,   145.100,     1.000,     2.485,   283.382,   419.869,   247.153,   318.032,    34.343,    31.265,     0.000,         0.205,         0.944,         1.005,     0.014,     0.000,     0.001,     0.006,         1.000,         1.000,         1.000,         1.000,         1.000,         1.000,         1.000,         1.000,         1.000,         0.000,         0.000,         0.951,
    23.903,   248.199,   445.749,     2.392,     0.217,   101.632,     0.000,     0.460,     6.479,   145.100,     1.000,     2.393,  -138.122,     0.000,   246.318,   317.636,    35.269,    31.535,     0.000,         0.192,         0.967,         0.995,     0.018,     0.000,     0.001,     0.008,         1.000,         1.000,         1.000,         1.000,         1.000,         1.000,         1.000,         1.000,         1.000,         0.000,         0.000,         0.000,
    24.000,   245.833,   445.553,     2.308,     0.216,    95.608,     0.000,     0.460,     6.283,   145.100,     1.000,     2.310,  -139.650,     0.000,   245.492,   317.233,    36.126,    31.783,     0.000,         0.169,         1.011,         0.986,     0.018,     0.000,     0.001,     0.008,         1.000,         1.000,         1.000,         1.000,         1.000,         1.000,         1.000,         1.000,         1.000,         0.000,         0.000,         0.000,
    24.100,   243.402,   445.356,     2.212,     0.234,    97.606,     0.000,     0.461,     6.086,   145.100,     1.000,     2.224,  -140.287,     0.000,   245.264,   316.793,    36.573,    32.184,     0.000,         0.125,         1.079,         0.976,     0.018,     0.000,     0.001,     0.008,         1.000,         1.000,         1.000,         1.000,         1.000,         1.000,         1.000,         1.000,         1.000,         0.000,         0.000,         0.000,
    24.202,   240.919,   445.142,     2.136,     0.273,    96.979,     0.000,     0.461,     5.872,   121.400,     1.000,     2.151,  -141.496,     0.000,   245.038,   316.486,    37.216,    32.832,     0.000,         0.111,         1.098,         0.967,     0.018,     0.000,     0.001,     0.008,         1.000,         1.000,         1.000,         1.000,         1.000,         1.000,         1.000,         1.000,         1.000,         0.000,         0.000,         0.000,
    24.302,   238.484,   444.936,     2.050,     0.272,    94.438,   448.556,     0.461,     5.666,   121.400,     1.000,     2.048,   281.083,   423.167,   244.815,   316.031,    37.645,    33.222,     0.000,         0.108,         1.110,         0.958,     0.018,     0.000,     0.001,     0.008,         1.000,         1.000,         1.000,         1.000,         1.000,         1.000,         1.000,         1.000,         1.000,         0.000,         0.000,         0.948,
    24.400,   236.111,   444.724,     1.979,     0.262,    91.290,   446.385,     0.461,     5.454,   121.400,     1.000,     1.980,   277.878,   421.118,   244.594,   315.710,    38.267,    33.857,     0.000,         0.104,         1.113,         0.950,     0.019,     0.000,     0.002,     0.009,         1.000,         1.000,         1.000,         1.000,         1.000,         1.000,         1.000,         1.000,         1.000,         0.000,         0.000,         0.975,
    24.500,   233.680,   444.514,     1.916,     0.298,    90.841,   444.207,     0.461,     5.244,   121.400,     1.000,     1.919,   274.561,   419.063,   244.375,   315.413,    38.923,    34.541,     0.000,         0.095,         1.117,         0.942,     0.019,     0.000,     0.002,     0.009,         1.000,         1.000,         1.000,         1.000,         1.000,         1.000,         1.000,         1.000,         1.000,         0.000,         0.000,         0.974,
    24.602,   231.204,   444.290,     1.847,     0.301,    91.682,   442.019,     0.461,     5.020,    97.700,     1.000,     1.849,   271.396,   416.999,   244.157,   315.075,    39.522,    35.163,     0.000,         0.090,         1.124,         0.934,     0.019,     0.000,     0.002,     0.009,         1.000,         1.000,         1.000,         1.000,         1.000,         1.000,         1.000,         1.000,         1.000,         0.000,         0.000,         0.969,
    24.700,   228.819,   444.065,     1.749,     0.313,    86.744,     0.000,     0.461,     4.795,    97.700,     1.000,     1.752,  -146.447,     0.000,   243.942,   314.676,    40.033,    35.680,     0.000,         0.086,         1.138,         0.927,     0.019,     0.000,     0.002,     0.009,         1.000,         1.000,         1.000,         1.000,         1.000,         1.000,         1.000,         1.000,         1.000,         0.000,         0.000,         0.000,
    24.802,   226.347,   443.845,     1.707,     0.365,    89.629,     0.000,     0.461,     4.575,    97.700,     1.000,     1.715,  -148.220,     0.000,   243.728,   314.489,    40.858,    36.601,     0.000,         0.077,         1.149,         0.919,     0.019,     0.000,     0.002,     0.009,         1.000,         1.000,         1.000,         1.000,         1.000,         1.000,         1.000,         1.000,         1.000,         0.000,         0.000,         0.000,
    24.902,   223.919,   443.605,     1.641,     0.391,    85.729,     0.000,     0.461,     4.335,    97.700,     1.000,     1.656,  -149.519,     0.000,   243.517,   314.192,    41.520,    37.324,     0.000,         0.064,         1.138,         0.913,     0.020,     0.000,     0.002,     0.009,         1.000,         1.000,         1.000,         1.000,         1.000,         1.000,         1.000,         1.000,         1.000,         0.000,         0.000,         0.000,
    25.000,   221.528,   443.312,     1.566,     0.323,    59.974,   433.208,     0.461,     4.042,    97.700,     1.000,     1.575,   258.240,   408.687,   243.307,   313.807,    42.054,    37.893,     0.000,         0.066,         1.140,         0.906,     0.020,     0.000,     0.002,     0.009,         1.000,         1.000,         1.000,         1.000,         1.000,         1.000,         1.000,         1.000,         1.000,         0.000,         0.000,         0.974,
    25.101,   219.062,   443.203,     1.512,     0.453,    91.964,   204.364,     0.461,     3.933,    78.200,     1.000,     1.526,    42.765,   192.796,   242.975,   313.555,    42.054,    37.397,     0.000,         0.065,         1.142,         0.900,     0.020,     0.000,     0.002,     0.009,         1.000,         1.000,         1.000,         1.000,         1.000,         1.000,         1.000,         1.000,         1.000,         0.000,         0.000,         0.876,
    25.201,   204.840,   442.939,     1.450,     0.263,    82.486,   202.972,     0.461,     3.669,    78.200,     1.000,     1.459,    42.115,   191.483,   242.646,   313.280,    41.898,    36.836,     0.000,         0.061,         1.138,         0.895,     0.020,     0.000,     0.002,     0.009,         1.000,         1.000,         1.000,         1.000,         1.000,         1.000,         1.000,         1.000,         1.000,         0.000,         0.000,         0.897,
    25.300,   214.236,   442.736,     1.443,     0.467,    85.235,     0.000,     0.462,     3.466,    78.200,     1.000,     1.443,  -149.619,     0.000,   242.320,   313.259,    41.979,    36.701,     0.000,         0.032,         1.192,         0.889,     0.023,     0.000,     0.002,     0.010,         1.000,         1.000,         1.000,         1.000,         1.000,         1.000,         1.000,         1.000,         1.000,         0.000,         0.000,         0.000,
    25.401,   211.775,   442.552,     1.412,     0.565,    84.705,     0.000,     0.462,     3.282,    78.200,     1.000,     1.415,  -149.379,     0.000,   242.000,   313.152,    41.837,    36.390,     0.000,         0.025,         1.192,         0.884,     0.023,     0.000,     0.002,     0.010,         1.000,         1.000,         1.000,         1.000,         1.000,         1.000,         1.000,         1.000,         1.000,         0.000,         0.000,         0.000,
    25.500,   209.375,   442.368,     1.369,     0.570,    87.199,     0.000,     0.462,     3.098,    78.200,     1.000,     1.375,  -148.612,     0.000,   241.682,   312.936,    41.473,    35.886,     0.000,         0.022,         1.176,         0.879,     0.023,     0.000,     0.002,     0.010,         1.000,         1.000,         1.000,         1.000,         1.000,         1.000,         1.000,         1.000,         1.000,         0.000,         0.000,         0.000,
    25.600,   206.944,   442.163,     1.331,     0.601,    83.505,   197.348,     0.462,     2.893,    62.600,     1.000,     1.332,    38.293,   186.177,   241.369,   312.749,    41.079,    35.426,     0.000,         0.020,         1.172,         0.874,     0.023,     0.000,     0.002,     0.010,         1.000,         1.000,         1.000,         1.000,         1.000,         1.000,         1.000,         1.000,         1.000,         0.000,         0.000,         0.866,
    25.701,   204.488,   442.035,     1.290,     0.728,    88.133,   101.345,     0.462,     2.765,    62.600,     1.000,     1.291,   -51.514,    95.608,   241.060,   312.569,    40.638,    34.975,     0.000,         0.019,         1.161,         0.869,     0.027,     0.000,     0.002,     0.012,         1.000,         1.000,         1.000,         1.000,         1.000,         1.000,         1.000,         1.000,         1.000,         0.000,         0.000,         0.508,
    25.801,   202.063,   441.942,     1.248,     0.775,    88.230,   194.513,     0.462,     2.672,    62.600,     1.000,     1.250,    37.257,   183.503,   240.756,   312.368,    40.134,    34.500,     0.000,         0.017,         1.150,         0.865,     0.027,     0.000,     0.002,     0.012,         1.000,         1.000,         1.000,         1.000,         1.000,         1.000,         1.000,         1.000,         1.000,         0.000,         0.000,         0.785,
    25.900,   199.653,   441.877,     1.208,     0.824,    89.127,   406.552,     0.461,     2.607,    62.600,     1.000,     1.209,   238.187,   383.539,   240.454,   312.168,    39.601,    34.037,     0.000,         0.017,         1.138,         0.861,     0.027,     0.000,     0.002,     0.012,         1.000,         1.000,         1.000,         1.000,         1.000,         1.000,         1.000,         1.000,         1.000,         0.000,         0.000,         0.978,
    26.000,   197.222,   441.848,     1.168,     0.853,    89.834,   403.538,     0.461,     2.578,    62.600,     1.000,     1.169,   236.181,   380.696,   240.157,   311.988,    39.070,    33.615,     0.000,         0.016,         1.127,         0.858,     0.027,     0.000,     0.002,     0.012,         1.000,         1.000,         1.000,         1.000,         1.000,         1.000,         1.000,         1.000,         1.000,         0.000,         0.000,         0.979,
    26.101,   194.773,   441.661,     1.151,     0.906,    89.783,     0.000,     0.461,     2.391,    62.600,     1.000,     1.151,  -142.442,     0.000,   240.126,   311.944,    37.896,    32.728,     0.000,         0.015,         1.117,         0.854,     0.105,     0.001,     0.008,     0.047,         1.000,         1.000,         1.000,         1.000,         1.000,         1.000,         1.000,         1.000,         1.000,         0.000,         0.000,         0.000,
    26.200,   192.361,   441.653,     1.155,     0.913,    89.648,     0.000,     0.461,     2.383,    62.600,     1.000,     1.155,  -140.593,     0.000,   240.100,   311.962,    36.795,    31.936,     0.000,         0.014,         1.116,         0.850,     0.106,     0.001,     0.008,     0.047,         1.000,         1.000,         1.000,         1.000,         1.000,         1.000,         1.000,         1.000,         1.000,         0.000,         0.000,         0.000,
    26.300,   189.921,   441.702,     1.150,     0.796,    81.642,     0.000,     0.461,     2.432,    62.600,     1.000,     1.150,  -138.631,     0.000,   240.075,   311.934,    35.666,    31.106,     0.000,         0.015,         1.115,         0.847,     0.106,     0.001,     0.008,     0.048,         1.000,         1.000,         1.000,         1.000,         1.000,         1.000,         1.000,         1.000,         1.000,         0.000,         0.000,         0.000,
