JDAY,DLT(s),ELWS(m),T2(C),U(ms-1),Q(m3s-1),SRON(Wm-2),EXT(m-1),DEPTH(m),WIDTH(m),SHADE,Tvolavg(C),NetRad(Wm-2),SWSolar(Wm-2),LWRad(Wm-2),BackRad(Wm-2),EvapF(Wm-2),ConducF(Wm-2),ReaerationCoeff(day-1),           Gen1,           ISS1,     EPI(g/m2),     SED(Organic matter in sediments g/m3),    SEDP(OrgP in sediments gP/m3),    SEDN(OrgN in sediments gN/m3),    SEDC(OrgCSediments gC/m3),PLIM_ALG1           ,PLIM_ALG2           ,PLIM_ALG3           ,NLIM_ALG1           ,NLIM_ALG2           ,NLIM_ALG3           ,LLIM_ALG1           ,LLIM_ALG2           ,LLIM_ALG3           ,EPLIM_1,ENLIM_1,ELLIM_1,
     1.000,     5.000,   468.077,     9.000,     0.024,     0.000,     0.000,     0.450,    45.977,   624.100,     1.000,     9.000,  -272.480,     0.000,   231.734,   349.198,    90.104,    64.912,     0.000,         0.000,         0.000,        10.000,     0.000,     0.000,     0.000,     0.000,         1.000,         1.000,         1.000,         1.000,         1.000,         1.000,         1.000,         1.000,         1.000,         1.000,         1.000,         1.000,
     1.101,   400.435,   467.951,     8.984,     0.027,     0.000,     0.000,     0.450,    45.851,   624.100,     1.000,     8.984,  -271.167,     0.000,   231.363,   349.122,    88.969,    64.440,     0.000,         0.101,         0.000,         9.898,     0.000,     0.000,     0.000,     0.000,         1.000,         1.000,         1.000,         1.000,         1.000,         1.000,         1.000,         1.000,         1.000,         0.000,         0.000,         0.000,
     1.201,   799.117,   467.860,     8.971,     0.015,     0.000,     0.000,     0.450,    45.760,   624.100,     1.000,     8.971,  -269.918,     0.000,   230.990,   349.056,    87.865,    63.988,     0.000,         0.201,         0.000,         9.799,     0.000,     0.000,     0.000,     0.000,         1.000,         1.000,         1.000,         1.000,         1.000,         1.000,         1.000,         1.000,         1.000,         0.000,         0.000,         0.000,
     1.300,   797.569,   467.768,     8.955,     0.021,     0.000,   327.391,     0.450,    45.668,   624.100,     1.000,     8.956,    40.159,   308.859,   230.649,   348.970,    86.831,    63.548,     0.000,         0.300,         0.000,         9.701,     0.000,     0.000,     0.000,     0.000,         1.000,         1.000,         1.000,         1.000,         1.000,         1.000,         1.000,         1.000,         1.000,         0.000,         0.000,         0.979,
     1.400,   795.131,   467.678,     8.937,     0.016,     0.000,     0.000,     0.450,    45.578,   624.100,     1.000,     8.946,  -267.512,     0.000,   230.284,   348.902,    85.780,    63.114,     0.000,         0.400,         0.000,         9.604,     0.000,     0.000,     0.000,     0.000,         1.000,         1.000,         1.000,         1.000,         1.000,         1.000,         1.000,         1.000,         1.000,         0.000,         0.000,         0.000,
     1.500,   792.708,   467.608,     8.930,     0.016,     0.000,     0.000,     0.450,    45.508,   624.100,     1.000,     8.930,  -266.396,     0.000,   229.918,   348.848,    84.764,    62.703,     0.000,         0.500,         0.000,         9.507,     0.000,     0.000,     0.000,     0.000,         1.000,         1.000,         1.000,         1.000,         1.000,         1.000,         1.000,         1.000,         1.000,         0.000,         0.000,         0.000,
     1.600,   790.277,   467.542,     8.921,     0.015,     0.000,   329.240,     0.450,    45.442,   624.100,     1.000,     8.921,    45.245,   310.604,   229.553,   348.805,    83.790,    62.316,     0.000,         0.600,         0.000,         9.412,     0.000,     0.000,     0.000,     0.000,         1.000,         1.000,         1.000,         1.000,         1.000,         1.000,         1.000,         1.000,         1.000,         0.000,         0.000,         0.988,
     1.700,   787.842,   467.476,     8.899,     0.014,     0.000,     0.000,     0.450,    45.376,   624.100,     1.000,     8.899,  -264.166,     0.000,   229.190,   348.711,    82.766,    61.880,     0.000,         0.700,         0.000,         9.317,     0.000,     0.000,     0.000,     0.000,         1.000,         1.000,         1.000,         1.000,         1.000,         1.000,         1.000,         1.000,         1.000,         0.000,         0.000,         0.000,
     1.801,   785.390,   467.407,     8.886,     0.016,     0.000,   330.470,     0.450,    45.307,   624.100,     1.000,     8.887,    48.742,   311.764,   228.826,   348.622,    81.767,    61.459,     0.000,         0.801,         0.000,         9.222,     0.000,     0.000,     0.000,     0.000,         1.000,         1.000,         1.000,         1.000,         1.000,         1.000,         1.000,         1.000,         1.000,         0.000,         0.000,         0.992,
     1.900,   782.986,   467.338,     8.873,     0.015,     0.000,     0.000,     0.450,    45.238,   624.100,     1.000,     8.873,  -262.096,     0.000,   228.470,   348.581,    80.875,    61.109,     0.000,         0.900,         0.000,         9.131,     0.000,     0.000,     0.000,     0.000,         1.000,         1.000,         1.000,         1.000,         1.000,         1.000,         1.000,         1.000,         1.000,         0.000,         0.000,         0.000,
     2.000,   780.555,   467.270,     8.854,     0.015,     0.000,     0.000,     0.450,    45.170,   624.100,     1.000,     8.854,  -261.009,     0.000,   228.112,   348.486,    79.926,    60.709,     0.000,         1.000,         0.000,         9.039,     0.000,     0.000,     0.000,     0.000,         1.000,         1.000,         1.000,         1.000,         1.000,         1.000,         1.000,         1.000,         1.000,         0.000,         0.000,         0.000,
     2.100,   778.122,   467.201,     8.812,     0.017,     0.000,     0.000,     0.450,    45.101,   624.100,     1.000,     8.839,  -265.080,     0.000,   228.677,   348.404,    83.075,    62.278,     0.000,         1.100,         0.000,         8.948,     0.000,     0.000,     0.000,     0.000,         1.000,         1.000,         1.000,         1.000,         1.000,         1.000,         1.000,         1.000,         1.000,         0.000,         0.000,         0.000,
     2.200,   775.694,   467.130,     8.834,     0.018,     0.000,   666.812,     0.450,    45.030,   624.100,     1.000,     8.836,   358.845,   629.068,   229.337,   348.336,    86.991,    64.232,     0.000,         1.200,         0.000,         8.858,     0.000,     0.000,     0.000,     0.000,         1.000,         1.000,         1.000,         1.000,         1.000,         1.000,         1.000,         1.000,         1.000,         0.000,         0.000,         0.726,
     2.301,   773.240,   467.059,     8.835,     0.016,     0.000,     0.000,     0.450,    44.959,   624.100,     1.000,     8.835,  -276.598,     0.000,   230.010,   348.437,    91.578,    66.593,     0.000,         1.301,         0.000,         8.768,     0.000,     0.000,     0.000,     0.000,         1.000,         1.000,         1.000,         1.000,         1.000,         1.000,         1.000,         1.000,         1.000,         0.000,         0.000,         0.000,
     2.400,   770.828,   466.988,     8.831,     0.016,     0.000,   447.958,     0.450,    44.888,   624.100,     1.000,     8.832,   139.951,   422.602,   230.678,   348.343,    96.157,    68.830,     0.000,         1.400,         0.000,         8.681,     0.000,     0.000,     0.000,     0.000,         1.000,         1.000,         1.000,         1.000,         1.000,         1.000,         1.000,         1.000,         1.000,         0.000,         0.000,         0.936,
     2.500,   768.402,   466.919,     8.811,     0.015,     0.000,     0.000,     0.450,    44.819,   624.100,     1.000,     8.822,  -289.455,     0.000,   231.357,   348.305,   101.212,    71.295,     0.000,         1.499,         0.000,         8.594,     0.000,     0.000,     0.000,     0.000,         1.000,         1.000,         1.000,         1.000,         1.000,         1.000,         1.000,         1.000,         1.000,         0.000,         0.000,         0.000,
     2.600,   765.968,   466.848,     8.773,     0.016,     0.000,     0.000,     0.450,    44.748,   624.100,     1.000,     8.805,  -296.722,     0.000,   232.043,   348.261,   106.622,    73.881,     0.000,         1.600,         0.000,         8.507,     0.000,     0.000,     0.000,     0.000,         1.000,         1.000,         1.000,         1.000,         1.000,         1.000,         1.000,         1.000,         1.000,         0.000,         0.000,         0.000,
     2.701,   763.517,   466.778,     8.790,     0.016,     0.000,     0.000,     0.450,    44.678,   624.100,     1.000,     8.795,  -304.987,     0.000,   232.794,   348.185,   112.835,    76.761,     0.000,         1.700,         0.000,         8.421,     0.000,     0.000,     0.000,     0.000,         1.000,         1.000,         1.000,         1.000,         1.000,         1.000,         1.000,         1.000,         1.000,         0.000,         0.000,         0.000,
     2.800,   761.111,   466.710,     8.773,     0.016,     0.000,     0.000,     0.450,    44.610,   624.100,     1.000,     8.782,  -312.318,     0.000,   233.437,   348.108,   118.387,    79.261,     0.000,         1.799,         0.000,         8.337,     0.001,     0.000,     0.000,     0.000,         1.000,         1.000,         1.000,         1.000,         1.000,         1.000,         1.000,         1.000,         1.000,         0.000,         0.000,         0.000,
     2.901,   758.654,   466.638,     8.762,     0.016,     0.000,     0.000,     0.450,    44.538,   624.100,     1.000,     8.762,  -321.302,     0.000,   234.199,   348.010,   125.241,    82.249,     0.000,         1.900,         0.000,         8.252,     0.001,     0.000,     0.000,     0.000,         1.000,         1.000,         1.000,         1.000,         1.000,         1.000,         1.000,         1.000,         1.000,         0.000,         0.000,         0.000,
     3.000,   756.250,   466.569,     8.752,     0.016,     0.000,     0.000,     0.450,    44.469,   624.100,     1.000,     8.753,  -330.212,     0.000,   234.910,   347.961,   132.018,    85.143,     0.000,         1.999,         0.000,         8.170,     0.001,     0.000,     0.000,     0.000,         1.000,         1.000,         1.000,         1.000,         1.000,         1.000,         1.000,         1.000,         1.000,         0.000,         0.000,         0.000,
     3.100,   753.819,   466.499,     8.721,     0.015,     0.000,     0.000,     0.450,    44.399,   607.700,     1.000,     8.727,  -323.059,     0.000,   236.192,   347.613,   129.592,    82.046,     0.000,         2.099,         0.000,         8.088,     0.001,     0.000,     0.000,     0.000,         1.000,         1.000,         1.000,         1.000,         1.000,         1.000,         1.000,         1.000,         1.000,         0.000,         0.000,         0.000,
     3.201,   751.362,   466.425,     8.691,     0.015,     0.000,     0.000,     0.450,    44.325,   607.700,     1.000,     8.698,  -316.876,     0.000,   237.496,   347.458,   127.584,    79.330,     0.000,         2.200,         0.000,         8.006,     0.001,     0.000,     0.000,     0.000,         1.000,         1.000,         1.000,         1.000,         1.000,         1.000,         1.000,         1.000,         1.000,         0.000,         0.000,         0.000,
     3.301,   748.942,   466.352,     8.678,     0.016,     0.000,     0.000,     0.450,    44.252,   607.700,     1.000,     8.684,  -312.805,     0.000,   238.720,   347.638,   126.445,    77.443,     0.000,         2.299,         0.000,         7.926,     0.001,     0.000,     0.000,     0.000,         1.000,         1.000,         1.000,         1.000,         1.000,         1.000,         1.000,         1.000,         1.000,         0.000,         0.000,         0.000,
     3.400,   746.527,   466.279,     8.663,     0.016,     0.000,     0.000,     0.450,    44.179,   607.700,     1.000,     8.664,  -306.323,     0.000,   240.173,   347.522,   124.334,    74.640,     0.000,         2.398,         0.000,         7.847,     0.001,     0.000,     0.000,     0.000,         1.000,         1.000,         1.000,         1.000,         1.000,         1.000,         1.000,         1.000,         1.000,         0.000,         0.000,         0.000,
     3.500,   744.097,   466.206,     8.654,     0.016,     0.000,     0.000,     0.450,    44.106,   607.700,     1.000,     8.655,  -300.675,     0.000,   241.548,   347.496,   122.526,    72.201,     0.000,         2.498,         0.000,         7.768,     0.001,     0.000,     0.000,     0.000,         1.000,         1.000,         1.000,         1.000,         1.000,         1.000,         1.000,         1.000,         1.000,         0.000,         0.000,         0.000,
     3.601,   741.640,   466.131,     8.620,     0.015,     0.000,   495.380,     0.450,    44.031,   607.700,     1.000,     8.636,   174.584,   467.339,   242.939,   347.031,   119.699,    68.964,     0.000,         2.599,         0.000,         7.689,     0.001,     0.000,     0.000,     0.000,         1.000,         1.000,         1.000,         1.000,         1.000,         1.000,         1.000,         1.000,         1.000,         0.000,         0.000,         0.907,
     3.700,   739.236,   466.057,     8.609,     0.017,     0.000,     0.000,     0.450,    43.957,   607.700,     1.000,     8.617,  -288.192,     0.000,   244.362,   347.234,   118.343,    66.978,     0.000,         2.698,         0.000,         7.612,     0.001,     0.000,     0.000,     0.000,         1.000,         1.000,         1.000,         1.000,         1.000,         1.000,         1.000,         1.000,         1.000,         0.000,         0.000,         0.000,
     3.801,   736.792,   465.983,     8.596,     0.016,     0.000,     0.000,     0.450,    43.883,   607.700,     1.000,     8.605,  -283.313,     0.000,   245.696,   347.298,   116.784,    64.927,     0.000,         2.799,         0.000,         7.535,     0.001,     0.000,     0.000,     0.000,         1.000,         1.000,         1.000,         1.000,         1.000,         1.000,         1.000,         1.000,         1.000,         0.000,         0.000,         0.000,
     3.901,   715.200,   465.912,     8.593,     0.015,     0.000,     0.000,     0.450,    43.812,   607.700,     1.000,     8.593,  -276.689,     0.000,   247.263,   347.190,   114.533,    62.229,     0.000,         2.898,         0.000,         7.459,     0.001,     0.000,     0.000,     0.000,         1.000,         1.000,         1.000,         1.000,         1.000,         1.000,         1.000,         1.000,         1.000,         0.000,         0.000,         0.000,
     4.000,   698.607,   465.842,     8.576,     0.015,     0.000,     0.000,     0.450,    43.742,   607.700,     1.000,     8.579,  -270.588,     0.000,   248.758,   347.120,   112.455,    59.769,     0.000,         2.997,         0.000,         7.385,     0.001,     0.000,     0.000,     0.000,         1.000,         1.000,         1.000,         1.000,         1.000,         1.000,         1.000,         1.000,         1.000,         0.000,         0.000,         0.000,
     4.101,   660.341,   465.770,     8.562,     0.017,     0.000,     0.000,     0.450,    43.670,   607.700,     1.000,     8.559,  -266.594,     0.000,   249.380,   347.097,   108.567,    60.310,     0.000,         3.098,         0.000,         7.310,     0.001,     0.000,     0.000,     0.000,         1.000,         1.000,         1.000,         1.000,         1.000,         1.000,         1.000,         1.000,         1.000,         0.000,         0.000,         0.000,
     4.201,   645.542,   465.701,     8.538,     0.015,     0.000,     0.000,     0.450,    43.601,   607.700,     1.000,     8.538,  -261.683,     0.000,   250.035,   346.919,   104.217,    60.583,     0.000,         3.198,         0.000,         7.237,     0.001,     0.000,     0.000,     0.000,         1.000,         1.000,         1.000,         1.000,         1.000,         1.000,         1.000,         1.000,         1.000,         0.000,         0.000,         0.000,
     4.300,   613.516,   465.641,     8.531,     0.015,     0.000,   393.187,     0.450,    43.541,   607.700,     1.000,     8.533,   113.649,   370.931,   250.730,   346.869,   100.063,    61.079,     0.000,         3.297,         0.000,         7.165,     0.001,     0.000,     0.000,     0.000,         1.000,         1.000,         1.000,         1.000,         1.000,         1.000,         1.000,         1.000,         1.000,         0.000,         0.000,         0.987,
     4.401,   591.438,   465.579,     8.512,     0.014,     0.000,   259.734,     0.450,    43.479,   607.700,     1.000,     8.518,    -7.096,   245.032,   251.444,   346.672,    95.618,    61.282,     0.000,         3.397,         0.000,         7.092,     0.001,     0.000,     0.000,     0.000,         1.000,         1.000,         1.000,         1.000,         1.000,         1.000,         1.000,         1.000,         1.000,         0.000,         0.000,         0.943,
     4.500,   559.139,   465.508,     8.507,     0.016,     0.000,   328.775,     0.450,    43.408,   591.300,     1.000,     8.507,    61.924,   310.165,   252.197,   346.762,    91.688,    61.988,     0.000,         3.496,         0.000,         7.021,     0.001,     0.000,     0.000,     0.000,         1.000,         1.000,         1.000,         1.000,         1.000,         1.000,         1.000,         1.000,         1.000,         0.000,         0.000,         0.988,
     4.600,   530.371,   465.430,     8.473,     0.016,     0.000,     0.000,     0.450,    43.330,   591.300,     1.000,     8.486,  -243.278,     0.000,   252.990,   346.665,    87.254,    62.349,     0.000,         3.596,         0.000,         6.951,     0.001,     0.000,     0.000,     0.000,         1.000,         1.000,         1.000,         1.000,         1.000,         1.000,         1.000,         1.000,         1.000,         0.000,         0.000,         0.000,
     4.701,   493.898,   465.353,     8.471,     0.015,     0.000,     0.000,     0.450,    43.253,   591.300,     1.000,     8.471,  -238.339,     0.000,   253.812,   346.591,    82.827,    62.733,     0.000,         3.697,         0.000,         6.880,     0.001,     0.000,     0.000,     0.000,         1.000,         1.000,         1.000,         1.000,         1.000,         1.000,         1.000,         1.000,         1.000,         0.000,         0.000,         0.000,
     4.801,   502.288,   465.281,     8.450,     0.014,     0.000,     0.000,     0.450,    43.181,   591.300,     1.000,     8.459,  -232.448,     0.000,   254.681,   346.358,    77.934,    62.837,     0.000,         3.797,         0.000,         6.811,     0.001,     0.000,     0.000,     0.000,         1.000,         1.000,         1.000,         1.000,         1.000,         1.000,         1.000,         1.000,         1.000,         0.000,         0.000,         0.000,
     4.900,   446.511,   465.209,     8.444,     0.017,     0.000,   468.388,     0.450,    43.109,   591.300,     1.000,     8.444,   213.778,   441.876,   255.561,   346.450,    73.736,    63.473,     0.000,         3.895,         0.000,         6.743,     0.001,     0.000,     0.000,     0.000,         1.000,         1.000,         1.000,         1.000,         1.000,         1.000,         1.000,         1.000,         1.000,         0.000,         0.000,         0.937,
     5.000,   401.752,   465.126,     8.428,     0.016,     0.000,     0.000,     0.450,    43.026,   591.300,     1.000,     8.428,  -222.578,     0.000,   256.520,   346.373,    68.897,    63.828,     0.000,         3.995,         0.000,         6.675,     0.001,     0.000,     0.000,     0.000,         1.000,         1.000,         1.000,         1.000,         1.000,         1.000,         1.000,         1.000,         1.000,         0.000,         0.000,         0.000,
     5.101,   367.450,   465.044,     8.406,     0.018,     0.000,     0.000,     0.450,    42.944,   591.300,     1.000,     8.406,  -218.083,     0.000,   256.395,   346.271,    67.007,    61.201,     0.000,         4.096,         0.000,         6.608,     0.001,     0.000,     0.000,     0.000,         1.000,         1.000,         1.000,         1.000,         1.000,         1.000,         1.000,         1.000,         1.000,         0.000,         0.000,         0.000,
     5.200,   328.212,   464.956,     8.388,     0.017,     0.000,     0.000,     0.450,    42.856,   591.300,     1.000,     8.388,  -213.778,     0.000,   256.267,   346.177,    65.173,    58.695,     0.000,         4.195,         0.000,         6.542,     0.001,     0.000,     0.000,     0.001,         1.000,         1.000,         1.000,         1.000,         1.000,         1.000,         1.000,         1.000,         1.000,         0.000,         0.000,         0.000,
     5.301,   521.913,   464.870,     8.364,     0.018,     0.000,     0.000,     0.450,    42.770,   591.300,     1.000,     8.369,  -209.358,     0.000,   256.140,   346.013,    63.266,    56.220,     0.000,         4.295,         0.000,         6.475,     0.001,     0.000,     0.000,     0.000,         1.000,         1.000,         1.000,         1.000,         1.000,         1.000,         1.000,         1.000,         1.000,         0.000,         0.000,         0.000,
     5.401,   158.959,   464.784,     8.354,     0.027,     0.000,   130.080,     0.450,    42.684,   591.300,     1.000,     8.356,   -82.938,   122.717,   256.009,   346.008,    61.631,    54.025,     0.000,         4.395,         0.000,         6.411,     0.001,     0.000,     0.000,     0.000,         1.000,         1.000,         1.000,         1.000,         1.000,         1.000,         1.000,         1.000,         1.000,         0.000,         0.000,         0.656,
     5.500,   338.169,   464.702,     8.343,     0.019,     0.000,   151.098,     0.450,    42.602,   591.300,     1.000,     8.343,   -59.416,   142.546,   255.881,   345.943,    59.984,    51.916,     0.000,         4.494,         0.000,         6.347,     0.001,     0.000,     0.000,     0.000,         1.000,         1.000,         1.000,         1.000,         1.000,         1.000,         1.000,         1.000,         1.000,         0.000,         0.000,         0.728,
     5.601,   390.233,   464.623,     8.327,     0.018,     0.000,     0.000,     0.450,    42.523,   591.300,     1.000,     8.330,  -198.451,     0.000,   255.754,   345.877,    58.399,    49.928,     0.000,         4.594,         0.000,         6.282,     0.001,     0.000,     0.000,     0.000,         1.000,         1.000,         1.000,         1.000,         1.000,         1.000,         1.000,         1.000,         1.000,         0.000,         0.000,         0.000,
     5.701,   139.909,   464.550,     8.309,     0.017,     0.000,     0.000,     0.450,    42.450,   591.300,     1.000,     8.315,  -195.124,     0.000,   255.626,   345.820,    56.880,    48.050,     0.000,         4.694,         0.000,         6.219,     0.001,     0.000,     0.000,     0.000,         1.000,         1.000,         1.000,         1.000,         1.000,         1.000,         1.000,         1.000,         1.000,         0.000,         0.000,         0.000,
     5.800,   218.293,   464.465,     8.302,     0.017,     0.000,     0.000,     0.450,    42.365,   576.200,     1.000,     8.302,  -192.020,     0.000,   255.499,   345.758,    55.450,    46.311,     0.000,         4.793,         0.000,         6.157,     0.001,     0.000,     0.000,     0.000,         1.000,         1.000,         1.000,         1.000,         1.000,         1.000,         1.000,         1.000,         1.000,         0.000,         0.000,         0.000,
     5.901,   329.898,   464.375,     8.289,     0.019,     0.000,     0.000,     0.450,    42.275,   576.200,     1.000,     8.289,  -189.083,     0.000,   255.373,   345.686,    54.090,    44.681,     0.000,         4.893,         0.000,         6.095,     0.001,     0.000,     0.000,     0.001,         1.000,         1.000,         1.000,         1.000,         1.000,         1.000,         1.000,         1.000,         1.000,         0.000,         0.000,         0.000,
     6.000,   153.900,   464.295,     8.277,     0.018,     0.000,     0.000,     0.450,    42.195,   576.200,     1.000,     8.279,  -186.334,     0.000,   255.243,   345.634,    52.803,    43.140,     0.000,         4.992,         0.000,         6.034,     0.001,     0.000,     0.000,     0.001,         1.000,         1.000,         1.000,         1.000,         1.000,         1.000,         1.000,         1.000,         1.000,         0.000,         0.000,         0.000,
     6.100,   151.144,   464.217,     8.266,     0.017,     0.000,   324.912,     0.450,    42.117,   576.200,     1.000,     8.266,   121.409,   306.521,   255.431,   345.580,    52.839,    42.124,     0.000,         5.091,         0.000,         5.973,     0.001,     0.000,     0.000,     0.001,         1.000,         1.000,         1.000,         1.000,         1.000,         1.000,         1.000,         1.000,         1.000,         0.000,         0.000,         0.995,
     6.201,   115.627,   464.136,     8.251,     0.018,     0.000,     0.000,     0.450,    42.036,   576.200,     1.000,     8.252,  -183.804,     0.000,   255.631,   345.507,    52.858,    41.071,     0.000,         5.192,         0.000,         5.913,     0.001,     0.000,     0.000,     0.001,         1.000,         1.000,         1.000,         1.000,         1.000,         1.000,         1.000,         1.000,         1.000,         0.000,         0.000,         0.000,
     6.300,    71.795,   464.050,     8.236,     0.018,     0.000,   123.238,     0.450,    41.950,   576.200,     1.000,     8.240,   -66.298,   116.263,   255.836,   345.450,    52.896,    40.050,     0.000,         5.291,         0.000,         5.854,     0.001,     0.000,     0.000,     0.001,         1.000,         1.000,         1.000,         1.000,         1.000,         1.000,         1.000,         1.000,         1.000,         0.000,         0.000,         0.704,
     6.400,    22.876,   463.963,     8.229,     0.019,     0.000,     0.000,     0.450,    41.863,   576.200,     1.000,     8.230,  -181.321,     0.000,   256.047,   345.397,    52.939,    39.032,     0.000,         5.390,         0.000,         5.795,     0.001,     0.000,     0.000,     0.001,         1.000,         1.000,         1.000,         1.000,         1.000,         1.000,         1.000,         1.000,         1.000,         0.000,         0.000,         0.000,
     6.500,   204.840,   463.888,     8.217,     0.018,     0.000,     0.000,     0.450,    41.788,   576.200,     1.000,     8.218,  -180.006,     0.000,   256.261,   345.317,    52.945,    38.004,     0.000,         5.490,         0.000,         5.737,     0.001,     0.000,     0.000,     0.001,         1.000,         1.000,         1.000,         1.000,         1.000,         1.000,         1.000,         1.000,         1.000,         0.000,         0.000,         0.000,
     6.601,   197.994,   463.810,     8.201,     0.019,     0.000,     0.000,     0.450,    41.710,   576.200,     1.000,     8.203,  -178.710,     0.000,   256.486,   345.252,    52.972,    36.972,     0.000,         5.590,         0.000,         5.679,     0.001,     0.000,     0.000,     0.001,         1.000,         1.000,         1.000,         1.000,         1.000,         1.000,         1.000,         1.000,         1.000,         0.000,         0.000,         0.000,
     6.700,   153.900,   463.727,     8.192,     0.017,     0.000,   399.092,     0.450,    41.627,   576.200,     1.000,     8.192,   198.987,   376.502,   256.713,   345.213,    53.030,    35.986,     0.000,         5.689,         0.000,         5.622,     0.001,     0.000,     0.000,     0.001,         1.000,         1.000,         1.000,         1.000,         1.000,         1.000,         1.000,         1.000,         1.000,         0.000,         0.000,         0.986,
     6.801,   153.900,   463.654,     8.178,     0.018,     0.000,     0.000,     0.450,    41.554,   576.200,     1.000,     8.178,  -176.197,     0.000,   256.952,   345.145,    53.051,    34.954,     0.000,         5.789,         0.000,         5.565,     0.001,     0.000,     0.000,     0.001,         1.000,         1.000,         1.000,         1.000,         1.000,         1.000,         1.000,         1.000,         1.000,         0.000,         0.000,         0.000,
     6.900,    40.527,   463.575,     8.170,     0.017,     0.000,     0.000,     0.450,    41.475,   576.200,     1.000,     8.170,  -174.990,     0.000,   257.193,   345.106,    53.109,    33.968,     0.000,         5.888,         0.000,         5.510,     0.001,     0.000,     0.000,     0.001,         1.000,         1.000,         1.000,         1.000,         1.000,         1.000,         1.000,         1.000,         1.000,         0.000,         0.000,         0.000,
     7.000,    36.842,   463.500,     8.158,     0.017,     0.000,     0.000,     0.450,    41.400,   562.300,     1.000,     8.158,  -173.714,     0.000,   257.442,   345.049,    53.143,    32.964,     0.000,         5.988,         0.000,         5.454,     0.001,     0.000,     0.000,     0.001,         1.000,         1.000,         1.000,         1.000,         1.000,         1.000,         1.000,         1.000,         1.000,         0.000,         0.000,         0.000,
     7.101,    78.975,   463.418,     8.150,     0.018,     0.000,     0.000,     0.450,    41.318,   562.300,     1.000,     8.150,  -171.698,     0.000,   256.610,   345.008,    51.589,    31.711,     0.000,         6.088,         0.000,         5.399,     0.001,     0.000,     0.000,     0.001,         1.000,         1.000,         1.000,         1.000,         1.000,         1.000,         1.000,         1.000,         1.000,         0.000,         0.000,         0.000,
     7.201,   108.204,   463.328,     8.138,     0.018,     0.000,     0.000,     0.450,    41.228,   562.300,     1.000,     8.138,  -169.626,     0.000,   255.824,   344.951,    50.026,    30.473,     0.000,         6.187,         0.000,         5.345,     0.001,     0.000,     0.000,     0.001,         1.000,         1.000,         1.000,         1.000,         1.000,         1.000,         1.000,         1.000,         1.000,         0.000,         0.000,         0.000,
     7.300,   105.115,   463.253,     8.129,     0.017,     0.000,   131.551,     0.450,    41.153,   562.300,     1.000,     8.129,   -43.447,   124.105,   255.081,   344.899,    48.474,    29.261,     0.000,         6.286,         0.000,         5.292,     0.001,     0.000,     0.000,     0.001,         1.000,         1.000,         1.000,         1.000,         1.000,         1.000,         1.000,         1.000,         1.000,         0.000,         0.000,         0.711,
     7.401,    95.040,   463.178,     8.120,     0.018,     0.000,   577.997,     0.450,    41.078,   562.300,     1.000,     8.121,   379.847,   545.280,   254.375,   344.844,    46.907,    28.057,     0.000,         6.386,         0.000,         5.238,     0.001,     0.000,     0.000,     0.001,         1.000,         1.000,         1.000,         1.000,         1.000,         1.000,         1.000,         1.000,         1.000,         0.000,         0.000,         0.835,
     7.500,   531.303,   463.098,     8.112,     0.019,     0.000,     0.000,     0.450,    40.998,   562.300,     1.000,     8.115,  -163.484,     0.000,   253.739,   344.825,    45.445,    26.954,     0.000,         6.484,         0.000,         5.186,     0.001,     0.000,     0.000,     0.001,         1.000,         1.000,         1.000,         1.000,         1.000,         1.000,         1.000,         1.000,         1.000,         0.000,         0.000,         0.000,
     7.600,   644.444,   463.015,     8.107,     0.018,     0.000,     0.000,     0.450,    40.915,   562.300,     1.000,     8.107,  -161.385,     0.000,   253.112,   344.798,    43.896,    25.803,     0.000,         6.585,         0.000,         5.134,     0.001,     0.000,     0.000,     0.001,         1.000,         1.000,         1.000,         1.000,         1.000,         1.000,         1.000,         1.000,         1.000,         0.000,         0.000,         0.000,
     7.701,   641.994,   462.937,     8.099,     0.018,     0.000,   191.068,     0.450,    40.837,   562.300,     1.000,     8.101,    21.052,   180.253,   252.544,   344.739,    42.342,    24.663,     0.000,         6.685,         0.000,         5.082,     0.001,     0.000,     0.000,     0.001,         1.000,         1.000,         1.000,         1.000,         1.000,         1.000,         1.000,         1.000,         1.000,         0.000,         0.000,         0.802,
     7.801,   639.566,   462.864,     8.088,     0.019,     0.000,     0.000,     0.450,    40.764,   562.300,     1.000,     8.089,  -157.029,     0.000,   252.016,   344.699,    40.797,    23.549,     0.000,         6.784,         0.000,         5.031,     0.001,     0.000,     0.000,     0.001,         1.000,         1.000,         1.000,         1.000,         1.000,         1.000,         1.000,         1.000,         1.000,         0.000,         0.000,         0.000,
     7.900,   637.152,   462.790,     8.082,     0.019,     0.000,     0.000,     0.450,    40.690,   562.300,     1.000,     8.085,  -154.932,     0.000,   251.546,   344.675,    39.306,    22.496,     0.000,         6.883,         0.000,         4.980,     0.001,     0.000,     0.000,     0.001,         1.000,         1.000,         1.000,         1.000,         1.000,         1.000,         1.000,         1.000,         1.000,         0.000,         0.000,         0.000,
     8.000,   634.722,   462.720,     8.076,     0.019,     0.000,   126.274,     0.450,    40.620,   562.300,     1.000,     8.076,   -33.599,   119.126,   251.115,   344.635,    37.776,    21.429,     0.000,         6.982,         0.000,         4.930,     0.001,     0.000,     0.000,     0.001,         1.000,         1.000,         1.000,         1.000,         1.000,         1.000,         1.000,         1.000,         1.000,         0.000,         0.000,         0.647,
     8.101,   632.274,   462.648,     8.061,     0.018,     0.000,     0.000,     0.450,    40.548,   562.300,     1.000,     8.063,  -151.926,     0.000,   252.153,   344.567,    37.505,    22.007,     0.000,         7.082,         0.000,         4.880,     0.002,     0.000,     0.000,     0.001,         1.000,         1.000,         1.000,         1.000,         1.000,         1.000,         1.000,         1.000,         1.000,         0.000,         0.000,         0.000,
     8.200,   629.861,   462.583,     8.047,     0.020,     0.000,     0.000,     0.450,    40.483,   562.300,     1.000,     8.050,  -151.072,     0.000,   253.296,   344.496,    37.250,    22.621,     0.000,         7.181,         0.000,         4.832,     0.002,     0.000,     0.000,     0.001,         1.000,         1.000,         1.000,         1.000,         1.000,         1.000,         1.000,         1.000,         1.000,         0.000,         0.000,         0.000,
     8.301,   627.404,   462.526,     8.035,     0.014,     0.000,     0.000,     0.450,    40.426,   562.300,     1.000,     8.035,  -150.212,     0.000,   254.529,   344.447,    37.017,    23.278,     0.000,         7.282,         0.000,         4.783,     0.002,     0.000,     0.000,     0.001,         1.000,         1.000,         1.000,         1.000,         1.000,         1.000,         1.000,         1.000,         1.000,         0.000,         0.000,         0.000,
     8.401,   624.980,   462.467,     8.021,     0.016,     0.000,     0.000,     0.450,    40.367,   548.400,     1.000,     8.021,  -149.233,     0.000,   255.811,   344.379,    36.758,    23.907,     0.000,         7.381,         0.000,         4.735,     0.002,     0.000,     0.000,     0.001,         1.000,         1.000,         1.000,         1.000,         1.000,         1.000,         1.000,         1.000,         1.000,         0.000,         0.000,         0.000,
     8.500,   622.569,   462.404,     8.007,     0.015,     0.000,     0.000,     0.450,    40.304,   548.400,     1.000,     8.007,  -148.164,     0.000,   257.189,   344.308,    36.489,    24.556,     0.000,         7.479,         0.000,         4.687,     0.002,     0.000,     0.000,     0.001,         1.000,         1.000,         1.000,         1.000,         1.000,         1.000,         1.000,         1.000,         1.000,         0.000,         0.000,         0.000,
     8.601,   620.114,   462.338,     7.994,     0.019,     0.000,     0.000,     0.450,    40.238,   548.400,     1.000,     7.994,  -147.031,     0.000,   258.640,   344.239,    36.218,    25.215,     0.000,         7.580,         0.000,         4.640,     0.002,     0.000,     0.000,     0.001,         1.000,         1.000,         1.000,         1.000,         1.000,         1.000,         1.000,         1.000,         1.000,         0.000,         0.000,         0.000,
     8.701,   617.684,   462.275,     7.979,     0.018,     0.000,     0.000,     0.450,    40.175,   548.400,     1.000,     7.979,  -145.839,     0.000,   260.163,   344.172,    35.944,    25.886,     0.000,         7.679,         0.000,         4.593,     0.002,     0.000,     0.000,     0.001,         1.000,         1.000,         1.000,         1.000,         1.000,         1.000,         1.000,         1.000,         1.000,         0.000,         0.000,         0.000,
     8.800,   615.277,   462.210,     7.967,     0.017,     0.000,     0.000,     0.450,    40.110,   548.400,     1.000,     7.967,  -144.580,     0.000,   261.783,   344.111,    35.669,    26.584,     0.000,         7.777,         0.000,         4.547,     0.002,     0.000,     0.000,     0.001,         1.000,         1.000,         1.000,         1.000,         1.000,         1.000,         1.000,         1.000,         1.000,         0.000,         0.000,         0.000,
     8.901,   612.820,   462.145,     7.953,     0.018,     0.000,     0.000,     0.450,    40.045,   548.400,     1.000,     7.953,  -143.263,     0.000,   263.446,   344.047,    35.387,    27.275,     0.000,         7.878,         0.000,         4.501,     0.002,     0.000,     0.000,     0.001,         1.000,         1.000,         1.000,         1.000,         1.000,         1.000,         1.000,         1.000,         1.000,         0.000,         0.000,         0.000,
     9.000,   610.416,   462.076,     7.938,     0.020,     0.000,    77.866,     0.450,    39.976,   548.400,     1.000,     7.938,   -68.374,    73.458,   265.199,   343.973,    35.085,    27.975,     0.000,         7.976,         0.000,         4.457,     0.002,     0.000,     0.000,     0.001,         1.000,         1.000,         1.000,         1.000,         1.000,         1.000,         1.000,         1.000,         1.000,         0.000,         0.000,         0.507,
     9.100,   607.986,   462.007,     7.924,     0.019,     0.000,     0.000,     0.450,    39.907,   548.400,     1.000,     7.924,  -151.453,     0.000,   262.426,   343.903,    40.243,    29.733,     0.000,         8.075,         0.000,         4.412,     0.002,     0.000,     0.000,     0.001,         1.000,         1.000,         1.000,         1.000,         1.000,         1.000,         1.000,         1.000,         1.000,         0.000,         0.000,         0.000,
     9.201,   605.529,   461.941,     7.907,     0.018,     0.000,     0.000,     0.450,    39.841,   548.400,     1.000,     7.907,  -161.565,     0.000,   259.659,   343.820,    45.738,    31.666,     0.000,         8.175,         0.000,         4.367,     0.002,     0.000,     0.000,     0.001,         1.000,         1.000,         1.000,         1.000,         1.000,         1.000,         1.000,         1.000,         1.000,         0.000,         0.000,         0.000,
     9.301,   603.093,   461.879,     7.889,     0.020,     0.000,     0.000,     0.450,    39.779,   548.400,     1.000,     7.889,  -171.994,     0.000,   256.993,   343.732,    51.488,    33.767,     0.000,         8.275,         0.000,         4.323,     0.002,     0.000,     0.000,     0.001,         1.000,         1.000,         1.000,         1.000,         1.000,         1.000,         1.000,         1.000,         1.000,         0.000,         0.000,         0.000,
     9.400,   600.694,   461.818,     7.870,     0.015,     0.000,     0.000,     0.450,    39.718,   548.400,     1.000,     7.870,  -182.626,     0.000,   254.458,   343.639,    57.435,    36.010,     0.000,         8.373,         0.000,         4.280,     0.002,     0.000,     0.000,     0.001,         1.000,         1.000,         1.000,         1.000,         1.000,         1.000,         1.000,         1.000,         1.000,         0.000,         0.000,         0.000,
     9.500,   598.264,   461.775,     7.851,     0.014,     0.000,     0.000,     0.450,    39.675,   548.400,     1.000,     7.851,  -193.707,     0.000,   252.007,   343.546,    63.715,    38.452,     0.000,         8.472,         0.000,         4.237,     0.002,     0.000,     0.000,     0.001,         1.000,         1.000,         1.000,         1.000,         1.000,         1.000,         1.000,         1.000,         1.000,         0.000,         0.000,         0.000,
     9.601,   595.799,   461.746,     7.833,     0.019,     0.000,     0.000,     0.450,    39.646,   548.400,     1.000,     7.833,  -205.167,     0.000,   249.655,   343.450,    70.294,    41.078,     0.000,         8.572,         0.000,         4.194,     0.002,     0.000,     0.000,     0.001,         1.000,         1.000,         1.000,         1.000,         1.000,         1.000,         1.000,         1.000,         1.000,         0.000,         0.000,         0.000,
     9.700,   593.403,   461.692,     7.814,     0.026,     0.000,     0.000,     0.450,    39.592,   548.400,     1.000,     7.814,  -217.095,     0.000,   247.401,   343.364,    77.214,    43.918,     0.000,         8.670,         0.000,         4.152,     0.002,     0.000,     0.000,     0.001,         1.000,         1.000,         1.000,         1.000,         1.000,         1.000,         1.000,         1.000,         1.000,         0.000,         0.000,         0.000,
     9.802,   590.935,   461.588,     7.790,     0.015,     0.000,   453.226,     0.450,    39.488,   548.400,     1.000,     7.792,   198.354,   427.572,   245.235,   343.209,    84.373,    46.870,     0.000,         8.771,         0.000,         4.110,     0.002,     0.000,     0.000,     0.001,         1.000,         1.000,         1.000,         1.000,         1.000,         1.000,         1.000,         1.000,         1.000,         0.000,         0.000,         0.967,
     9.902,   588.505,   461.504,     7.771,     0.018,     0.000,   545.113,     0.450,    39.404,   548.400,     1.000,     7.771,   272.207,   514.258,   243.191,   343.148,    91.952,    50.142,     0.000,         8.870,         0.000,         4.069,     0.002,     0.000,     0.000,     0.001,         1.000,         1.000,         1.000,         1.000,         1.000,         1.000,         1.000,         1.000,         1.000,         0.000,         0.000,         0.901,
    10.000,   362.887,   461.410,     7.746,     0.020,     0.000,   276.314,     0.450,    39.310,   534.300,     1.000,     7.748,     5.399,   260.673,   241.224,   343.043,    99.864,    53.591,     0.000,         8.967,         0.000,         4.028,     0.002,     0.000,     0.000,     0.001,         1.000,         1.000,         1.000,         1.000,         1.000,         1.000,         1.000,         1.000,         1.000,         0.000,         0.000,         0.966,
    10.100,   299.907,   461.320,     7.724,     0.021,     0.000,     0.000,     0.450,    39.220,   534.300,     1.000,     7.724,  -253.561,     0.000,   242.050,   342.927,   100.676,    52.007,     0.000,         9.067,         0.000,         3.988,     0.002,     0.000,     0.000,     0.001,         1.000,         1.000,         1.000,         1.000,         1.000,         1.000,         1.000,         1.000,         1.000,         0.000,         0.000,         0.000,
    10.202,   399.176,   461.264,     7.699,     0.022,     0.000,     0.000,     0.450,    39.164,   534.300,     1.000,     7.703,  -251.416,     0.000,   242.961,   342.791,   101.398,    50.189,     0.000,         9.167,         0.000,         3.947,     0.002,     0.000,     0.000,     0.001,         1.000,         1.000,         1.000,         1.000,         1.000,         1.000,         1.000,         1.000,         1.000,         0.000,         0.000,         0.000,
    10.300,   186.219,   461.171,     7.678,     0.019,     0.000,     0.000,     0.450,    39.071,   534.300,     1.000,     7.678,  -249.472,     0.000,   243.851,   342.702,   102.172,    48.449,     0.000,         9.265,         0.000,         3.908,     0.002,     0.000,     0.000,     0.001,         1.000,         1.000,         1.000,         1.000,         1.000,         1.000,         1.000,         1.000,         1.000,         0.000,         0.000,         0.000,
    10.402,   477.838,   461.100,     7.646,     0.019,     0.000,     0.000,     0.450,    39.000,   534.300,     1.000,     7.653,  -246.967,     0.000,   244.741,   342.514,   102.715,    46.479,     0.000,         9.365,         0.000,         3.868,     0.002,     0.000,     0.000,     0.001,         1.000,         1.000,         1.000,         1.000,         1.000,         1.000,         1.000,         1.000,         1.000,         0.000,         0.000,         0.000,
    10.500,   127.190,   461.019,     7.632,     0.020,     0.000,     0.000,     0.450,    38.919,   534.300,     1.000,     7.635,  -244.801,     0.000,   245.691,   342.429,   103.519,    44.543,     0.000,         9.462,         0.000,         3.830,     0.002,     0.000,     0.000,     0.001,         1.000,         1.000,         1.000,         1.000,         1.000,         1.000,         1.000,         1.000,         1.000,         0.000,         0.000,         0.000,
    10.600,   475.576,   460.934,     7.613,     0.021,     0.000,     0.000,     0.450,    38.834,   534.300,     1.000,     7.616,  -242.835,     0.000,   246.598,   342.380,   104.338,    42.714,     0.000,         9.561,         0.000,         3.791,     0.002,     0.000,     0.000,     0.001,         1.000,         1.000,         1.000,         1.000,         1.000,         1.000,         1.000,         1.000,         1.000,         0.000,         0.000,         0.000,
    10.702,   569.046,   460.859,     7.590,     0.019,     0.000,   548.908,     0.450,    38.759,   534.300,     1.000,     7.590,   277.472,   517.837,   247.561,   342.268,   105.053,    40.606,     0.000,         9.663,         0.000,         3.752,     0.002,     0.000,     0.000,     0.001,         1.000,         1.000,         1.000,         1.000,         1.000,         1.000,         1.000,         1.000,         1.000,         0.000,         0.000,         0.923,
    10.802,   566.623,   460.781,     7.564,     0.019,     0.000,    84.417,     0.450,    38.681,   534.300,     1.000,     7.564,  -158.148,    79.639,   248.520,   342.147,   105.721,    38.438,     0.000,         9.761,         0.000,         3.715,     0.002,     0.000,     0.000,     0.001,         1.000,         1.000,         1.000,         1.000,         1.000,         1.000,         1.000,         1.000,         1.000,         0.000,         0.000,         0.478,
    10.900,   564.236,   460.702,     7.538,     0.019,     0.000,     0.000,     0.450,    38.602,   534.300,     1.000,     7.538,  -235.073,     0.000,   249.490,   342.019,   106.358,    36.185,     0.000,         9.859,         0.000,         3.678,     0.002,     0.000,     0.000,     0.001,         1.000,         1.000,         1.000,         1.000,         1.000,         1.000,         1.000,         1.000,         1.000,         0.000,         0.000,         0.000,
    11.000,   561.805,   460.621,     7.512,     0.019,     0.000,     0.000,     0.450,    38.521,   534.300,     1.000,     7.512,  -232.248,     0.000,   250.473,   341.891,   106.982,    33.848,     0.000,         9.958,         0.000,         3.641,     0.002,     0.000,     0.000,     0.001,         1.000,         1.000,         1.000,         1.000,         1.000,         1.000,         1.000,         1.000,         1.000,         0.000,         0.000,         0.000,
    11.102,   559.324,   460.537,     7.481,     0.020,     0.000,     0.000,     0.450,    38.437,   534.300,     1.000,     7.481,  -226.333,     0.000,   250.962,   341.744,   103.648,    31.902,     0.000,        10.059,         0.000,         3.604,     0.002,     0.000,     0.000,     0.001,         1.000,         1.000,         1.000,         1.000,         1.000,         1.000,         1.000,         1.000,         1.000,         0.000,         0.000,         0.000,
    11.200,   556.944,   460.454,     7.450,     0.020,     0.000,     0.000,     0.450,    38.354,   520.100,     1.000,     7.454,  -219.942,     0.000,   251.447,   341.495,   100.081,    29.813,     0.000,        10.155,         0.000,         3.568,     0.002,     0.000,     0.000,     0.001,         1.000,         1.000,         1.000,         1.000,         1.000,         1.000,         1.000,         1.000,         1.000,         0.000,         0.000,         0.000,
    11.302,   554.465,   460.367,     7.426,     0.020,     0.000,     0.000,     0.450,    38.267,   520.100,     1.000,     7.429,  -214.839,     0.000,   251.933,   341.470,    97.078,    28.224,     0.000,        10.256,         0.000,         3.532,     0.002,     0.000,     0.000,     0.001,         1.000,         1.000,         1.000,         1.000,         1.000,         1.000,         1.000,         1.000,         1.000,         0.000,         0.000,         0.000,
    11.402,   552.034,   460.280,     7.400,     0.023,     0.000,   698.227,     0.450,    38.180,   520.100,     1.000,     7.405,   449.627,   658.704,   252.420,   341.294,    93.808,    26.396,     0.000,        10.355,         0.000,         3.496,     0.002,     0.000,     0.000,     0.001,         1.000,         1.000,         1.000,         1.000,         1.000,         1.000,         1.000,         1.000,         1.000,         0.000,         0.000,         0.727,
    11.500,   549.652,   460.190,     7.379,     0.020,     0.000,   603.419,     0.450,    38.090,   520.100,     1.000,     7.379,   365.239,   569.263,   252.911,   341.239,    90.849,    24.847,     0.000,        10.452,         0.000,         3.462,     0.002,     0.000,     0.000,     0.001,         1.000,         1.000,         1.000,         1.000,         1.000,         1.000,         1.000,         1.000,         1.000,         0.000,         0.000,         0.814,
    11.602,   547.168,   460.097,     7.346,     0.020,     0.000,     0.000,     0.450,    37.997,   520.100,     1.000,     7.346,  -198.599,     0.000,   253.403,   341.087,    87.748,    23.167,     0.000,        10.553,         0.000,         3.426,     0.002,     0.000,     0.000,     0.001,         1.000,         1.000,         1.000,         1.000,         1.000,         1.000,         1.000,         1.000,         1.000,         0.000,         0.000,         0.000,
    11.702,   544.738,   460.005,     7.313,     0.020,     0.000,     0.000,     0.450,    37.905,   520.100,     1.000,     7.313,  -193.225,     0.000,   253.899,   340.925,    84.680,    21.518,     0.000,        10.652,         0.000,         3.392,     0.002,     0.000,     0.000,     0.001,         1.000,         1.000,         1.000,         1.000,         1.000,         1.000,         1.000,         1.000,         1.000,         0.000,         0.000,         0.000,
    11.800,   542.361,   459.915,     7.279,     0.022,     0.000,   442.085,     0.450,    37.815,   520.100,     1.000,     7.286,   229.192,   417.061,   254.396,   340.745,    81.634,    19.886,     0.000,        10.748,         0.000,         3.359,     0.002,     0.000,     0.000,     0.001,         1.000,         1.000,         1.000,         1.000,         1.000,         1.000,         1.000,         1.000,         1.000,         0.000,         0.000,         0.941,
    11.902,   539.874,   459.822,     7.261,     0.020,     0.000,   713.578,     0.450,    37.722,   520.100,     1.000,     7.261,   485.752,   673.186,   250.542,   340.661,    78.840,    18.476,     0.000,        10.850,         0.000,         3.324,     0.002,     0.000,     0.000,     0.001,         1.000,         1.000,         1.000,         1.000,         1.000,         1.000,         1.000,         1.000,         1.000,         0.000,         0.000,         0.789,
    12.000,   537.500,   459.734,     7.231,     0.020,     0.000,   407.559,     0.450,    37.634,   520.100,     1.000,     7.231,   202.115,   384.489,   251.154,   340.522,    75.994,    17.014,     0.000,        10.946,         0.000,         3.291,     0.002,     0.000,     0.000,     0.001,         1.000,         1.000,         1.000,         1.000,         1.000,         1.000,         1.000,         1.000,         1.000,         0.000,         0.000,         0.984,
    12.100,   535.069,   459.646,     7.200,     0.026,     0.000,     0.000,     0.450,    37.546,   520.100,     1.000,     7.201,  -175.171,     0.000,   252.098,   340.371,    71.959,    14.938,     0.000,        11.045,         0.000,         3.258,     0.002,     0.000,     0.000,     0.001,         1.000,         1.000,         1.000,         1.000,         1.000,         1.000,         1.000,         1.000,         1.000,         0.000,         0.000,         0.000,
    12.202,   532.580,   459.551,     7.178,     0.021,     0.000,   103.695,     0.450,    37.451,   520.100,     1.000,     7.174,   -70.621,    97.825,   253.047,   340.266,    68.171,    13.055,     0.000,        11.145,         0.000,         3.225,     0.002,     0.000,     0.000,     0.001,         1.000,         1.000,         1.000,         1.000,         1.000,         1.000,         1.000,         1.000,         1.000,         0.000,         0.000,         0.577,
    12.302,   530.150,   459.459,     7.150,     0.021,     0.000,   313.609,     0.450,    37.359,   505.800,     1.000,     7.144,   134.048,   295.857,   254.004,   340.126,    64.468,    11.220,     0.000,        11.244,         0.000,         3.192,     0.002,     0.000,     0.000,     0.001,         1.000,         1.000,         1.000,         1.000,         1.000,         1.000,         1.000,         1.000,         1.000,         0.000,         0.000,         0.983,
    12.400,   527.778,   459.353,     7.121,     0.022,     0.000,     0.000,     0.450,    37.253,   505.800,     1.000,     7.113,  -155.497,     0.000,   254.959,   339.988,    60.957,     9.511,     0.000,        11.340,         0.000,         3.161,     0.002,     0.000,     0.000,     0.001,         1.000,         1.000,         1.000,         1.000,         1.000,         1.000,         1.000,         1.000,         1.000,         0.000,         0.000,         0.000,
    12.500,   525.347,   459.252,     7.092,     0.022,     0.000,     0.000,     0.450,    37.152,   505.800,     1.000,     7.082,  -149.413,     0.000,   255.921,   339.849,    57.588,     7.897,     0.000,        11.438,         0.000,         3.129,     0.002,     0.000,     0.000,     0.001,         1.000,         1.000,         1.000,         1.000,         1.000,         1.000,         1.000,         1.000,         1.000,         0.000,         0.000,         0.000,
    12.603,   522.851,   459.151,     7.069,     0.022,     0.000,   475.939,     0.450,    37.051,   505.800,     1.000,     7.056,   305.776,   448.999,   256.887,   339.620,    54.235,     6.255,     0.000,        11.539,         0.001,         3.097,     0.002,     0.000,     0.000,     0.001,         1.000,         1.000,         1.000,         1.000,         1.000,         1.000,         1.000,         1.000,         1.000,         0.000,         0.000,         0.931,
    12.700,   520.486,   459.048,     7.046,     0.022,     0.000,     0.000,     0.450,    36.948,   505.800,     1.000,     7.032,  -138.224,     0.000,   257.854,   339.629,    51.407,     5.042,     0.000,        11.635,         0.001,         3.067,     0.002,     0.000,     0.000,     0.001,         1.000,         1.000,         1.000,         1.000,         1.000,         1.000,         1.000,         1.000,         1.000,         0.000,         0.000,         0.000,
    12.803,   517.990,   458.937,     7.024,     0.023,     0.000,     0.000,     0.450,    36.837,   505.800,     1.000,     7.009,  -132.946,     0.000,   258.827,   339.512,    48.524,     3.737,     0.000,        11.736,         0.001,         3.035,     0.002,     0.000,     0.000,     0.001,         1.000,         1.000,         1.000,         1.000,         1.000,         1.000,         1.000,         1.000,         1.000,         0.000,         0.000,         0.000,
    12.903,   515.559,   458.841,     7.004,     0.022,     0.000,     0.000,     0.450,    36.741,   505.800,     1.000,     6.985,  -127.985,     0.000,   259.806,   339.425,    45.818,     2.547,     0.000,        11.834,         0.001,         3.004,     0.002,     0.000,     0.000,     0.001,         1.000,         1.000,         1.000,         1.000,         1.000,         1.000,         1.000,         1.000,         1.000,         0.000,         0.000,         0.000,
    13.000,   513.194,   458.742,     6.988,     0.022,     0.000,   353.656,     0.450,    36.642,   505.800,     1.000,     6.966,   210.378,   333.638,   260.782,   339.341,    43.263,     1.438,     0.000,        11.930,         0.001,         2.975,     0.002,     0.000,     0.000,     0.001,         1.000,         1.000,         1.000,         1.000,         1.000,         1.000,         1.000,         1.000,         1.000,         0.000,         0.000,         0.983,
    13.103,   510.693,   458.627,     6.970,     0.023,     0.000,     0.000,     0.450,    36.527,   505.800,     1.000,     6.946,  -123.832,     0.000,   261.061,   339.263,    44.554,     1.077,     0.000,        12.031,         0.001,         2.944,     0.002,     0.000,     0.000,     0.001,         1.000,         1.000,         1.000,         1.000,         1.000,         1.000,         1.000,         1.000,         1.000,         0.000,         0.000,         0.000,
    13.201,   388.801,   458.518,     6.945,     0.023,     0.000,     0.000,     0.450,    36.418,   505.800,     1.000,     6.921,  -124.322,     0.000,   261.325,   339.141,    45.878,     0.628,     0.000,        12.127,         0.001,         2.915,     0.002,     0.000,     0.000,     0.001,         1.000,         1.000,         1.000,         1.000,         1.000,         1.000,         1.000,         1.000,         1.000,         0.000,         0.000,         0.000,
    13.300,   425.767,   458.409,     6.932,     0.024,     0.000,     0.000,     0.450,    36.309,   491.800,     1.000,     6.901,  -125.046,     0.000,   261.597,   339.073,    47.378,     0.192,     0.000,        12.224,         0.001,         2.886,     0.002,     0.000,     0.000,     0.001,         1.000,         1.000,         1.000,         1.000,         1.000,         1.000,         1.000,         1.000,         1.000,         0.000,         0.000,         0.000,
    13.401,   399.176,   458.299,     6.912,     0.024,     0.000,     0.000,     0.450,    36.199,   491.800,     1.000,     6.877,  -125.634,     0.000,   261.865,   338.980,    48.852,    -0.333,     0.000,        12.322,         0.001,         2.857,     0.002,     0.000,     0.000,     0.001,         1.000,         1.000,         1.000,         1.000,         1.000,         1.000,         1.000,         1.000,         1.000,         0.000,         0.000,         0.000,
    13.500,   184.256,   458.162,     6.891,     0.025,     0.000,     0.000,     0.450,    36.062,   491.800,     1.000,     6.848,  -126.129,     0.000,   262.140,   338.875,    50.351,    -0.957,     0.000,        12.419,         0.001,         2.829,     0.002,     0.000,     0.000,     0.001,         1.000,         1.000,         1.000,         1.000,         1.000,         1.000,         1.000,         1.000,         1.000,         0.000,         0.000,         0.000,
    13.600,   225.324,   458.055,     6.890,     0.025,     0.000,     0.000,     0.450,    35.955,   491.800,     1.000,     6.816,  -127.058,     0.000,   262.413,   338.883,    52.045,    -1.457,     0.000,        12.515,         0.001,         2.800,     0.002,     0.000,     0.000,     0.001,         1.000,         1.000,         1.000,         1.000,         1.000,         1.000,         1.000,         1.000,         1.000,         0.000,         0.000,         0.000,
    13.700,   200.229,   457.935,     6.856,     0.025,     0.000,     0.000,     0.450,    35.835,   491.800,     1.000,     6.778,  -126.991,     0.000,   262.681,   338.707,    53.313,    -2.347,     0.000,        12.613,         0.001,         2.772,     0.002,     0.000,     0.000,     0.001,         1.000,         1.000,         1.000,         1.000,         1.000,         1.000,         1.000,         1.000,         1.000,         0.000,         0.000,         0.000,
    13.803,   493.677,   457.806,     6.824,     0.027,     0.000,     0.000,     0.450,    35.706,   491.800,     1.000,     6.709,  -126.876,     0.000,   262.954,   338.556,    54.579,    -3.305,     0.000,        12.714,         0.001,         2.743,     0.002,     0.000,     0.000,     0.001,         1.000,         1.000,         1.000,         1.000,         1.000,         1.000,         1.000,         1.000,         1.000,         0.000,         0.000,         0.000,
    13.900,   491.319,   457.692,     6.766,     0.027,     0.000,     0.000,     0.450,    35.592,   491.800,     1.000,     6.608,  -125.831,     0.000,   263.225,   338.274,    55.431,    -4.649,     0.000,        12.809,         0.002,         2.717,     0.002,     0.000,     0.000,     0.001,         1.000,         1.000,         1.000,         1.000,         1.000,         1.000,         1.000,         1.000,         1.000,         0.000,         0.000,         0.000,
    14.000,   488.889,   457.575,     6.692,     0.028,     0.000,     0.000,     0.450,    35.475,   491.800,     1.000,     6.474,  -124.042,     0.000,   263.497,   337.917,    55.934,    -6.313,     0.000,        12.906,         0.002,         2.689,     0.002,     0.000,     0.000,     0.001,         1.000,         1.000,         1.000,         1.000,         1.000,         1.000,         1.000,         1.000,         1.000,         0.000,         0.000,         0.000,
    14.103,   486.380,   457.459,     6.577,     0.027,     0.000,     0.000,     0.450,    35.359,   491.800,     1.000,     6.330,  -139.877,     0.000,   258.865,   337.375,    59.981,     1.385,     0.000,        13.004,         0.004,         2.661,     0.002,     0.000,     0.000,     0.001,         1.000,         1.000,         1.000,         1.000,         1.000,         1.000,         1.000,         1.000,         1.000,         0.000,         0.000,         0.000,
    14.200,   484.028,   457.349,     6.410,     0.026,     0.000,     0.000,     0.450,    35.249,   478.000,     1.000,     6.218,  -152.943,     0.000,   254.255,   336.554,    62.626,     8.018,     0.000,        13.084,         0.008,         2.635,     0.002,     0.000,     0.000,     0.001,         1.000,         1.000,         1.000,         1.000,         1.000,         1.000,         1.000,         1.000,         1.000,         0.000,         0.000,         0.000,
    14.303,   481.517,   457.227,     6.362,     0.027,     0.000,     0.000,     0.450,    35.127,   478.000,     1.000,     6.125,  -163.270,     0.000,   254.402,   336.348,    65.918,    15.407,     0.000,        13.180,         0.008,         2.608,     0.002,     0.000,     0.000,     0.001,         1.000,         1.000,         1.000,         1.000,         1.000,         1.000,         1.000,         1.000,         1.000,         0.000,         0.000,         0.000,
    14.403,   479.084,   457.115,     6.277,     0.026,     0.000,     0.000,     0.450,    35.015,   478.000,     1.000,     6.052,  -174.896,     0.000,   250.845,   335.913,    68.041,    21.786,     0.000,        13.268,         0.010,         2.582,     0.002,     0.000,     0.000,     0.001,         1.000,         1.000,         1.000,         1.000,         1.000,         1.000,         1.000,         1.000,         1.000,         0.000,         0.000,         0.000,
    14.500,   476.736,   457.004,     6.202,     0.026,     0.000,    79.545,     0.450,    34.904,   478.000,     1.000,     5.994,  -110.571,    75.042,   247.424,   335.550,    69.713,    27.775,     0.000,        13.349,         0.011,         2.557,     0.002,     0.000,     0.000,     0.001,         1.000,         1.000,         1.000,         1.000,         1.000,         1.000,         1.000,         1.000,         1.000,         0.000,         0.000,         0.517,
    14.604,   474.218,   456.879,     6.158,     0.024,     0.000,     0.000,     0.450,    34.779,   478.000,     1.000,     5.956,  -195.966,     0.000,   244.135,   335.353,    71.176,    33.571,     0.000,        13.443,         0.011,         2.530,     0.002,     0.000,     0.000,     0.001,         1.000,         1.000,         1.000,         1.000,         1.000,         1.000,         1.000,         1.000,         1.000,         0.000,         0.000,         0.000,
    14.704,   471.790,   456.782,     6.114,     0.024,     0.000,    65.158,     0.450,    34.682,   478.000,     1.000,     5.917,  -143.716,    61.470,   240.966,   335.144,    72.137,    38.871,     0.000,        13.530,         0.012,         2.505,     0.002,     0.000,     0.000,     0.001,         1.000,         1.000,         1.000,         1.000,         1.000,         1.000,         1.000,         1.000,         1.000,         0.000,         0.000,         0.386,
    14.800,   469.444,   456.678,     6.051,     0.024,     0.000,     0.000,     0.450,    34.578,   478.000,     1.000,     5.872,  -212.952,     0.000,   237.917,   334.827,    72.496,    43.546,     0.000,        13.614,         0.012,         2.480,     0.002,     0.000,     0.000,     0.001,         1.000,         1.000,         1.000,         1.000,         1.000,         1.000,         1.000,         1.000,         1.000,         0.000,         0.000,         0.000,
    14.904,   466.921,   456.554,     5.985,     0.026,     0.000,     0.000,     0.450,    34.454,   478.000,     1.000,     5.826,  -219.910,     0.000,   234.985,   334.523,    72.532,    47.840,     0.000,        13.702,         0.013,         2.455,     0.002,     0.000,     0.000,     0.001,         1.000,         1.000,         1.000,         1.000,         1.000,         1.000,         1.000,         1.000,         1.000,         0.000,         0.000,         0.000,
    15.000,   225.134,   456.443,     5.935,     0.025,     0.000,     0.000,     0.450,    34.343,   478.000,     1.000,     5.792,  -226.250,     0.000,   232.194,   334.275,    72.365,    51.804,     0.000,        13.783,         0.013,         2.431,     0.002,     0.000,     0.000,     0.001,         1.000,         1.000,         1.000,         1.000,         1.000,         1.000,         1.000,         1.000,         1.000,         0.000,         0.000,         0.000,
    15.100,   256.991,   456.336,     5.889,     0.024,     0.000,     0.000,     0.450,    34.236,   464.200,     1.000,     5.765,  -222.138,     0.000,   231.937,   334.054,    69.990,    50.031,     0.000,        13.870,         0.014,         2.406,     0.002,     0.000,     0.000,     0.001,         1.000,         1.000,         1.000,         1.000,         1.000,         1.000,         1.000,         1.000,         1.000,         0.000,         0.000,         0.000,
    15.202,   394.646,   456.242,     5.872,     0.024,     0.000,     0.000,     0.450,    34.142,   464.200,     1.000,     5.753,  -218.651,     0.000,   231.727,   333.975,    67.925,    48.478,     0.000,        13.964,         0.014,         2.382,     0.002,     0.000,     0.000,     0.001,         1.000,         1.000,         1.000,         1.000,         1.000,         1.000,         1.000,         1.000,         1.000,         0.000,         0.000,         0.000,
    15.303,   439.094,   456.120,     5.843,     0.024,     0.000,     0.000,     0.450,    34.020,   464.200,     1.000,     5.735,  -215.014,     0.000,   231.514,   333.836,    65.814,    46.878,     0.000,        14.058,         0.014,         2.358,     0.002,     0.000,     0.000,     0.001,         1.000,         1.000,         1.000,         1.000,         1.000,         1.000,         1.000,         1.000,         1.000,         0.000,         0.000,         0.000,
    15.400,   169.290,   456.026,     5.829,     0.023,     0.000,     0.000,     0.450,    33.926,   464.200,     1.000,     5.722,  -211.574,     0.000,   231.299,   333.713,    63.799,    45.360,     0.000,        14.151,         0.013,         2.335,     0.003,     0.000,     0.000,     0.001,         1.000,         1.000,         1.000,         1.000,         1.000,         1.000,         1.000,         1.000,         1.000,         0.000,         0.000,         0.000,
    15.500,   130.973,   455.916,     5.807,     0.023,     0.000,   665.205,     0.450,    33.816,   464.200,     1.000,     5.702,   418.969,   627.552,   231.089,   333.651,    61.997,    44.024,     0.000,        14.249,         0.013,         2.311,     0.003,     0.000,     0.000,     0.001,         1.000,         1.000,         1.000,         1.000,         1.000,         1.000,         1.000,         1.000,         1.000,         0.000,         0.000,         0.711,
    15.601,   139.909,   455.814,     5.791,     0.023,     0.000,    48.496,     0.450,    33.714,   464.200,     1.000,     5.681,  -159.971,    45.751,   230.879,   333.584,    60.270,    42.746,     0.000,        14.345,         0.012,         2.288,     0.002,     0.000,     0.000,     0.001,         1.000,         1.000,         1.000,         1.000,         1.000,         1.000,         1.000,         1.000,         1.000,         0.000,         0.000,         0.298,
    15.700,   222.692,   455.714,     5.768,     0.024,     0.000,   220.239,     0.450,    33.614,   464.200,     1.000,     5.645,     4.900,   207.773,   230.672,   333.472,    58.584,    41.488,     0.000,        14.436,         0.012,         2.265,     0.002,     0.000,     0.000,     0.001,         1.000,         1.000,         1.000,         1.000,         1.000,         1.000,         1.000,         1.000,         1.000,         0.000,         0.000,         0.871,
    15.801,   139.909,   455.607,     5.741,     0.025,     0.000,    48.685,     0.450,    33.506,   464.200,     1.000,     5.593,  -154.179,    45.929,   230.461,   333.347,    56.953,    40.270,     0.000,        14.527,         0.012,         2.242,     0.003,     0.000,     0.000,     0.001,         1.000,         1.000,         1.000,         1.000,         1.000,         1.000,         1.000,         1.000,         1.000,         0.000,         0.000,         0.310,
    15.901,   247.857,   455.505,     5.707,     0.026,     0.000,   533.132,     0.450,    33.405,   464.200,     1.000,     5.525,   305.582,   502.955,   230.255,   333.168,    55.378,    39.081,     0.000,        14.616,         0.012,         2.219,     0.003,     0.000,     0.000,     0.001,         1.000,         1.000,         1.000,         1.000,         1.000,         1.000,         1.000,         1.000,         1.000,         0.000,         0.000,         0.915,
    16.000,    71.795,   455.388,     5.687,     0.027,     0.000,     0.000,     0.450,    33.288,   450.900,     1.000,     5.454,  -195.089,     0.000,   230.045,   333.084,    53.990,    38.060,     0.000,        14.698,         0.012,         2.197,     0.003,     0.000,     0.000,     0.001,         1.000,         1.000,         1.000,         1.000,         1.000,         1.000,         1.000,         1.000,         1.000,         0.000,         0.000,         0.000,
    16.101,   134.951,   455.251,     5.652,     0.030,     0.000,     0.000,     0.450,    33.151,   450.900,     1.000,     5.369,  -190.945,     0.000,   231.591,   332.921,    53.607,    36.007,     0.000,        14.782,         0.013,         2.175,     0.003,     0.000,     0.000,     0.001,         1.000,         1.000,         1.000,         1.000,         1.000,         1.000,         1.000,         1.000,         1.000,         0.000,         0.000,         0.000,
    16.200,    53.941,   455.130,     5.633,     0.030,     0.000,   534.234,     0.450,    33.030,   450.900,     1.000,     5.288,   317.088,   503.995,   233.165,   332.821,    53.267,    33.984,     0.000,        14.863,         0.013,         2.153,     0.003,     0.000,     0.000,     0.001,         1.000,         1.000,         1.000,         1.000,         1.000,         1.000,         1.000,         1.000,         1.000,         0.000,         0.000,         0.882,
    16.300,    65.268,   454.999,     5.592,     0.030,     0.000,   520.609,     0.450,    32.899,   450.900,     1.000,     5.203,   308.772,   491.140,   234.777,   332.611,    52.760,    31.774,     0.000,        14.937,         0.013,         2.132,     0.003,     0.000,     0.000,     0.001,         1.000,         1.000,         1.000,         1.000,         1.000,         1.000,         1.000,         1.000,         1.000,         0.000,         0.000,         0.881,
    16.400,    92.506,   454.869,     5.552,     0.031,     0.000,     0.000,     0.450,    32.769,   450.900,     1.000,     5.121,  -177.980,     0.000,   236.414,   332.479,    52.307,    29.608,     0.000,        15.006,         0.014,         2.110,     0.003,     0.000,     0.000,     0.001,         1.000,         1.000,         1.000,         1.000,         1.000,         1.000,         1.000,         1.000,         1.000,         0.000,         0.000,         0.000,
    16.500,   428.125,   454.754,     5.510,     0.026,     0.000,    19.230,     0.450,    32.654,   450.900,     1.000,     5.031,  -154.949,    18.142,   238.091,   332.244,    51.684,    27.254,     0.000,        15.070,         0.015,         2.089,     0.003,     0.000,     0.000,     0.001,         1.000,         1.000,         1.000,         1.000,         1.000,         1.000,         1.000,         1.000,         1.000,         0.000,         0.000,         0.129,
    16.600,   425.694,   454.614,     5.530,     0.030,     0.000,     0.000,     0.450,    32.514,   450.900,     1.000,     4.940,  -169.243,     0.000,   239.801,   332.354,    51.434,    25.256,     0.000,        15.125,         0.016,         2.068,     0.003,     0.000,     0.000,     0.001,         1.000,         1.000,         1.000,         1.000,         1.000,         1.000,         1.000,         1.000,         1.000,         0.000,         0.000,         0.000,
    16.703,   423.183,   454.483,     5.439,     0.034,     0.000,     0.000,     0.450,    32.383,   450.900,     1.000,     4.819,  -163.441,     0.000,   241.550,   331.943,    50.495,    22.553,     0.000,        15.174,         0.017,         2.047,     0.003,     0.000,     0.000,     0.001,         1.000,         1.000,         1.000,         1.000,         1.000,         1.000,         1.000,         1.000,         1.000,         0.000,         0.000,         0.000,
    16.803,   420.754,   454.378,     5.419,     0.032,     0.000,     0.000,     0.450,    32.278,   438.100,     1.000,     4.708,  -158.719,     0.000,   243.337,   331.892,    49.942,    20.221,     0.000,        15.203,         0.018,         2.026,     0.003,     0.000,     0.000,     0.001,         1.000,         1.000,         1.000,         1.000,         1.000,         1.000,         1.000,         1.000,         1.000,         0.000,         0.000,         0.000,
    16.900,   418.403,   454.241,     5.292,     0.037,     0.000,     0.000,     0.450,    32.141,   438.100,     1.000,     4.589,  -151.622,     0.000,   245.162,   331.217,    48.543,    17.023,     0.000,        15.191,         0.023,         2.006,     0.003,     0.000,     0.000,     0.001,         1.000,         1.000,         1.000,         1.000,         1.000,         1.000,         1.000,         1.000,         1.000,         0.000,         0.000,         0.000,
    17.000,   415.972,   454.105,     5.177,     0.032,     0.000,     0.000,     0.450,    32.005,   438.100,     1.000,     4.485,  -144.861,     0.000,   247.017,   330.691,    47.258,    13.930,     0.000,        15.168,         0.025,         1.986,     0.003,     0.000,     0.000,     0.001,         1.000,         1.000,         1.000,         1.000,         1.000,         1.000,         1.000,         1.000,         1.000,         0.000,         0.000,         0.000,
    17.103,   413.469,   453.967,     4.995,     0.032,     0.000,     0.000,     0.450,    31.867,   438.100,     1.000,     4.390,  -138.603,     0.000,   248.255,   329.847,    45.410,    11.601,     0.000,        15.073,         0.033,         1.966,     0.003,     0.000,     0.000,     0.001,         1.000,         1.000,         1.000,         1.000,         1.000,         1.000,         1.000,         1.000,         1.000,         0.000,         0.000,         0.000,
    17.200,   411.111,   453.834,     4.873,     0.033,     0.000,     0.000,     0.450,    31.734,   438.100,     1.000,     4.325,  -133.342,     0.000,   249.496,   329.269,    43.909,     9.659,     0.000,        14.999,         0.039,         1.946,     0.003,     0.000,     0.000,     0.001,         1.000,         1.000,         1.000,         1.000,         1.000,         1.000,         1.000,         1.000,         1.000,         0.000,         0.000,         0.000,
    17.303,   408.611,   453.685,     4.753,     0.034,     0.000,     0.000,     0.450,    31.585,   438.100,     1.000,     4.268,  -128.118,     0.000,   250.757,   328.701,    42.431,     7.744,     0.000,        14.945,         0.045,         1.926,     0.003,     0.000,     0.000,     0.001,         1.000,         1.000,         1.000,         1.000,         1.000,         1.000,         1.000,         1.000,         1.000,         0.000,         0.000,         0.000,
    17.403,   406.184,   453.540,     4.644,     0.034,     0.000,    57.863,     0.450,    31.440,   438.100,     1.000,     4.227,   -68.444,    54.588,   252.035,   328.166,    41.007,     5.894,     0.000,        14.915,         0.049,         1.907,     0.003,     0.000,     0.000,     0.001,         1.000,         1.000,         1.000,         1.000,         1.000,         1.000,         1.000,         1.000,         1.000,         0.000,         0.000,         0.363,
    17.500,   403.819,   453.403,     4.583,     0.034,     0.000,   521.870,     0.451,    31.303,   425.300,     1.000,     4.200,   373.740,   492.331,   253.330,   327.814,    39.813,     4.293,     0.000,        14.875,         0.056,         1.888,     0.003,     0.000,     0.000,     0.001,         1.000,         1.000,         1.000,         1.000,         1.000,         1.000,         1.000,         1.000,         1.000,         0.000,         0.000,         0.918,
    17.602,   401.333,   453.248,     4.549,     0.034,     0.000,     0.000,     0.451,    31.148,   425.300,     1.000,     4.181,  -115.002,     0.000,   254.646,   327.709,    38.919,     3.019,     0.000,        14.881,         0.058,         1.869,     0.003,     0.000,     0.000,     0.001,         1.000,         1.000,         1.000,         1.000,         1.000,         1.000,         1.000,         1.000,         1.000,         0.000,         0.000,         0.000,
    17.703,   398.896,   453.094,     4.584,     0.035,     0.000,     0.000,     0.451,    30.994,   425.300,     1.000,     4.172,  -112.500,     0.000,   255.985,   327.924,    38.406,     2.156,     0.000,        14.895,         0.057,         1.850,     0.003,     0.000,     0.000,     0.001,         1.000,         1.000,         1.000,         1.000,         1.000,         1.000,         1.000,         1.000,         1.000,         0.000,         0.000,         0.000,
    17.800,   396.528,   452.943,     4.649,     0.036,     0.000,   568.711,     0.451,    30.843,   425.300,     1.000,     4.164,   426.736,   536.520,   257.337,   328.075,    37.819,     1.228,     0.000,        14.908,         0.058,         1.832,     0.003,     0.000,     0.000,     0.001,         1.000,         1.000,         1.000,         1.000,         1.000,         1.000,         1.000,         1.000,         1.000,         0.000,         0.000,         0.827,
    17.902,   394.050,   452.788,     4.612,     0.036,     0.000,   421.718,     0.451,    30.688,   425.300,     1.000,     4.149,   291.809,   397.847,   258.707,   327.929,    36.878,    -0.062,     0.000,        14.912,         0.060,         1.813,     0.003,     0.000,     0.000,     0.001,         1.000,         1.000,         1.000,         1.000,         1.000,         1.000,         1.000,         1.000,         1.000,         0.000,         0.000,         0.981,
    18.000,   391.666,   452.640,     4.577,     0.036,     0.000,     0.000,     0.451,    30.540,   425.300,     1.000,     4.134,  -102.474,     0.000,   260.101,   327.841,    36.005,    -1.272,     0.000,        14.891,         0.061,         1.795,     0.003,     0.000,     0.000,     0.001,         1.000,         1.000,         1.000,         1.000,         1.000,         1.000,         1.000,         1.000,         1.000,         0.000,         0.000,         0.000,
    18.100,   389.236,   452.487,     4.540,     0.037,     0.000,     0.000,     0.451,    30.387,   425.300,     1.000,     4.120,  -103.585,     0.000,   259.635,   327.667,    36.048,    -0.495,     0.000,        14.860,         0.062,         1.777,     0.003,     0.000,     0.000,     0.001,         1.000,         1.000,         1.000,         1.000,         1.000,         1.000,         1.000,         1.000,         1.000,         0.000,         0.000,         0.000,
    18.202,   386.765,   452.330,     4.471,     0.036,     0.000,     0.000,     0.451,    30.230,   411.900,     1.000,     4.104,  -104.336,     0.000,   259.125,   327.345,    35.930,     0.187,     0.000,        14.779,         0.067,         1.759,     0.003,     0.000,     0.000,     0.001,         1.000,         1.000,         1.000,         1.000,         1.000,         1.000,         1.000,         1.000,         1.000,         0.000,         0.000,         0.000,
    18.300,   133.038,   452.170,     4.417,     0.036,     0.000,     0.000,     0.451,    30.070,   411.900,     1.000,     4.091,  -105.246,     0.000,   258.614,   327.057,    35.840,     0.963,     0.000,        14.769,         0.066,         1.742,     0.003,     0.000,     0.000,     0.001,         1.000,         1.000,         1.000,         1.000,         1.000,         1.000,         1.000,         1.000,         1.000,         0.000,         0.000,         0.000,
    18.400,   186.219,   452.018,     4.420,     0.036,     0.000,     0.000,     0.451,    29.918,   411.900,     1.000,     4.087,  -107.254,     0.000,   258.111,   327.068,    36.113,     2.184,     0.000,        14.750,         0.067,         1.724,     0.003,     0.000,     0.000,     0.001,         1.000,         1.000,         1.000,         1.000,         1.000,         1.000,         1.000,         1.000,         1.000,         0.000,         0.000,         0.000,
    18.502,   343.404,   451.866,     4.390,     0.036,     0.000,     0.000,     0.451,    29.766,   411.900,     1.000,     4.077,  -108.802,     0.000,   257.626,   326.953,    36.213,     3.262,     0.000,        14.762,         0.066,         1.707,     0.003,     0.000,     0.000,     0.001,         1.000,         1.000,         1.000,         1.000,         1.000,         1.000,         1.000,         1.000,         1.000,         0.000,         0.000,         0.000,
    18.601,   377.053,   451.741,     4.365,     0.035,     0.000,     0.000,     0.451,    29.641,   411.900,     1.000,     4.066,  -110.405,     0.000,   257.152,   326.850,    36.310,     4.398,     0.000,        14.694,         0.068,         1.690,     0.003,     0.000,     0.000,     0.001,         1.000,         1.000,         1.000,         1.000,         1.000,         1.000,         1.000,         1.000,         1.000,         0.000,         0.000,         0.000,
    18.700,   374.652,   451.610,     4.320,     0.035,     0.000,     0.000,     0.451,    29.510,   411.900,     1.000,     4.057,  -111.630,     0.000,   256.675,   326.629,    36.233,     5.442,     0.000,        14.625,         0.070,         1.673,     0.003,     0.000,     0.000,     0.001,         1.000,         1.000,         1.000,         1.000,         1.000,         1.000,         1.000,         1.000,         1.000,         0.000,         0.000,         0.000,
    18.801,   372.195,   451.481,     4.286,     0.035,     0.000,     0.000,     0.451,    29.381,   411.900,     1.000,     4.055,  -113.186,     0.000,   256.205,   326.489,    36.244,     6.659,     0.000,        14.512,         0.075,         1.656,     0.003,     0.000,     0.000,     0.002,         1.000,         1.000,         1.000,         1.000,         1.000,         1.000,         1.000,         1.000,         1.000,         0.000,         0.000,         0.000,
    18.901,   369.768,   451.354,     4.238,     0.035,     0.000,   104.752,     0.451,    29.254,   397.700,     1.000,     4.054,   -15.501,    98.823,   255.742,   326.237,    36.068,     7.761,     0.000,        14.401,         0.080,         1.639,     0.003,     0.000,     0.000,     0.002,         1.000,         1.000,         1.000,         1.000,         1.000,         1.000,         1.000,         1.000,         1.000,         0.000,         0.000,         0.592,
    19.000,   367.361,   451.225,     4.186,     0.036,     0.000,   360.919,     0.451,    29.125,   397.700,     1.000,     4.049,   225.174,   340.489,   255.285,   325.946,    35.799,     8.856,     0.000,        14.292,         0.091,         1.623,     0.003,     0.000,     0.000,     0.002,         1.000,         1.000,         1.000,         1.000,         1.000,         1.000,         1.000,         1.000,         1.000,         0.000,         0.000,         0.993,
    19.101,   364.914,   451.122,     4.135,     0.029,     0.000,     0.000,     0.451,    29.022,   397.700,     1.000,     4.041,  -117.920,     0.000,   254.832,   325.729,    35.747,    11.277,     0.000,        14.255,         0.094,         1.606,     0.003,     0.000,     0.000,     0.002,         1.000,         1.000,         1.000,         1.000,         1.000,         1.000,         1.000,         1.000,         1.000,         0.000,         0.000,         0.000,
    19.201,   362.488,   451.036,     4.114,     0.030,     0.000,    60.020,     0.451,    28.936,   397.700,     1.000,     4.038,   -64.685,    56.622,   254.413,   325.678,    35.942,    14.100,     0.000,        14.228,         0.098,         1.590,     0.003,     0.000,     0.000,     0.002,         1.000,         1.000,         1.000,         1.000,         1.000,         1.000,         1.000,         1.000,         1.000,         0.000,         0.000,         0.408,
    19.300,   360.069,   450.951,     4.085,     0.028,     0.000,     0.000,     0.451,    28.851,   397.700,     1.000,     4.031,  -124.508,     0.000,   254.028,   325.569,    36.041,    16.925,     0.000,        14.198,         0.104,         1.574,     0.003,     0.000,     0.000,     0.002,         1.000,         1.000,         1.000,         1.000,         1.000,         1.000,         1.000,         1.000,         1.000,         0.000,         0.000,         0.000,
    19.400,   357.632,   450.871,     4.049,     0.029,     0.000,     0.000,     0.451,    28.771,   397.700,     1.000,     4.026,  -127.560,     0.000,   253.677,   325.414,    36.059,    19.763,     0.000,        14.197,         0.107,         1.559,     0.003,     0.000,     0.000,     0.002,         1.000,         1.000,         1.000,         1.000,         1.000,         1.000,         1.000,         1.000,         1.000,         0.000,         0.000,         0.000,
    19.500,   355.200,   450.792,     4.034,     0.029,     0.000,     0.000,     0.451,    28.692,   397.700,     1.000,     4.017,  -130.691,     0.000,   253.359,   325.264,    36.074,    22.713,     0.000,        14.130,         0.117,         1.543,     0.003,     0.000,     0.000,     0.002,         1.000,         1.000,         1.000,         1.000,         1.000,         1.000,         1.000,         1.000,         1.000,         0.000,         0.000,         0.000,
    19.600,   352.777,   450.717,     4.028,     0.029,     0.000,   132.998,     0.451,    28.617,   397.700,     1.000,     4.016,    -8.892,   125.470,   253.075,   325.226,    36.260,    25.951,     0.000,        14.109,         0.120,         1.527,     0.003,     0.000,     0.000,     0.002,         1.000,         1.000,         1.000,         1.000,         1.000,         1.000,         1.000,         1.000,         1.000,         0.000,         0.000,         0.658,
    19.700,   350.347,   450.644,     4.020,     0.029,     0.000,     0.000,     0.451,    28.544,   397.700,     1.000,     4.015,  -138.143,     0.000,   252.824,   325.196,    36.452,    29.319,     0.000,        14.080,         0.122,         1.512,     0.003,     0.000,     0.000,     0.002,         1.000,         1.000,         1.000,         1.000,         1.000,         1.000,         1.000,         1.000,         1.000,         0.000,         0.000,         0.000,
    19.802,   327.749,   450.572,     4.013,     0.028,     0.000,   494.254,     0.451,    28.472,   397.700,     1.000,     4.011,   324.276,   466.278,   252.597,   325.131,    36.589,    32.879,     0.000,        13.955,         0.129,         1.497,     0.004,     0.000,     0.000,     0.002,         1.000,         1.000,         1.000,         1.000,         1.000,         1.000,         1.000,         1.000,         1.000,         0.000,         0.000,         0.948,
    19.900,   345.486,   450.509,     4.014,     0.028,     0.000,     0.000,     0.451,    28.409,   397.700,     1.000,     4.013,  -146.209,     0.000,   252.412,   325.163,    36.871,    36.587,     0.000,        13.873,         0.132,         1.482,     0.004,     0.000,     0.000,     0.002,         1.000,         1.000,         1.000,         1.000,         1.000,         1.000,         1.000,         1.000,         1.000,         0.000,         0.000,         0.000,
    20.000,   343.055,   450.451,     4.007,     0.028,     0.000,     0.000,     0.451,    28.351,   397.700,     1.000,     4.011,  -149.974,     0.000,   252.260,   325.083,    36.957,    40.195,     0.000,        13.674,         0.140,         1.467,     0.004,     0.000,     0.000,     0.002,         1.000,         1.000,         1.000,         1.000,         1.000,         1.000,         1.000,         1.000,         1.000,         0.000,         0.000,         0.000,
    20.102,   340.581,   450.370,     4.013,     0.032,     0.000,   294.192,     0.451,    28.270,   383.500,     1.000,     4.015,   128.485,   277.539,   252.525,   325.103,    36.798,    39.678,     0.000,        13.428,         0.150,         1.452,     0.004,     0.000,     0.000,     0.002,         1.000,         1.000,         1.000,         1.000,         1.000,         1.000,         1.000,         1.000,         1.000,         0.000,         0.000,         0.973,
    20.200,   191.302,   450.266,     4.028,     0.032,     0.000,     0.000,     0.452,    28.166,   383.500,     1.000,     4.028,  -148.587,     0.000,   252.791,   325.227,    36.811,    39.340,     0.000,        13.184,         0.158,         1.438,     0.004,     0.000,     0.000,     0.002,         1.000,         1.000,         1.000,         1.000,         1.000,         1.000,         1.000,         1.000,         1.000,         0.000,         0.000,         0.000,
    20.302,   335.727,   450.189,     4.050,     0.032,     0.000,   431.987,     0.452,    28.089,   383.500,     1.000,     4.047,   259.566,   407.534,   253.059,   325.320,    36.763,    38.944,     0.000,        12.911,         0.168,         1.423,     0.004,     0.000,     0.000,     0.002,         1.000,         1.000,         1.000,         1.000,         1.000,         1.000,         1.000,         1.000,         1.000,         0.000,         0.000,         0.969,
    20.402,   333.294,   450.097,     4.070,     0.032,     0.000,     0.000,     0.452,    27.997,   383.500,     1.000,     4.066,  -147.378,     0.000,   253.332,   325.423,    36.724,    38.563,     0.000,        12.640,         0.178,         1.409,     0.004,     0.000,     0.000,     0.002,         1.000,         1.000,         1.000,         1.000,         1.000,         1.000,         1.000,         1.000,         1.000,         0.000,         0.000,         0.000,
    20.500,    60.374,   449.997,     4.090,     0.033,     0.000,   298.961,     0.452,    27.897,   383.500,     1.000,     4.085,   135.315,   282.038,   253.604,   325.511,    36.654,    38.162,     0.000,        12.381,         0.187,         1.395,     0.004,     0.000,     0.000,     0.002,         1.000,         1.000,         1.000,         1.000,         1.000,         1.000,         1.000,         1.000,         1.000,         0.000,         0.000,         0.991,
    20.600,    55.614,   449.927,     4.112,     0.033,     0.000,   134.686,     0.452,    27.827,   383.500,     1.000,     4.106,   -19.122,   127.063,   253.877,   325.626,    36.623,    37.813,     0.000,        12.120,         0.196,         1.381,     0.004,     0.000,     0.000,     0.002,         1.000,         1.000,         1.000,         1.000,         1.000,         1.000,         1.000,         1.000,         1.000,         0.000,         0.000,         0.740,
    20.701,   314.304,   449.830,     4.136,     0.034,     0.000,     0.000,     0.452,    27.730,   383.500,     1.000,     4.130,  -145.636,     0.000,   254.145,   325.735,    36.579,    37.467,     0.000,        11.863,         0.208,         1.367,     0.004,     0.000,     0.000,     0.002,         1.000,         1.000,         1.000,         1.000,         1.000,         1.000,         1.000,         1.000,         1.000,         0.000,         0.000,         0.000,
    20.800,   323.611,   449.753,     4.151,     0.034,     0.000,     0.000,     0.452,    27.653,   383.500,     1.000,     4.145,  -144.738,     0.000,   254.424,   325.771,    36.409,    36.982,     0.000,        11.632,         0.218,         1.353,     0.004,     0.000,     0.000,     0.002,         1.000,         1.000,         1.000,         1.000,         1.000,         1.000,         1.000,         1.000,         1.000,         0.000,         0.000,         0.000,
    20.901,   321.151,   449.660,     4.159,     0.034,     0.000,   233.988,     0.452,    27.560,   383.500,     1.000,     4.154,    76.893,   220.743,   254.699,   325.805,    36.236,    36.508,     0.000,        11.421,         0.228,         1.339,     0.004,     0.000,     0.000,     0.002,         1.000,         1.000,         1.000,         1.000,         1.000,         1.000,         1.000,         1.000,         1.000,         0.000,         0.000,         0.891,
    21.000,   232.378,   449.568,     4.156,     0.034,     0.000,   395.516,     0.452,    27.468,   383.500,     1.000,     4.152,   230.227,   373.128,   254.980,   325.827,    36.040,    36.014,     0.000,        11.233,         0.238,         1.326,     0.004,     0.000,     0.000,     0.002,         1.000,         1.000,         1.000,         1.000,         1.000,         1.000,         1.000,         1.000,         1.000,         0.000,         0.000,         0.986,
    21.100,   153.900,   449.477,     4.149,     0.036,     0.000,    67.358,     0.452,    27.377,   383.500,     1.000,     4.149,   -78.076,    63.545,   255.646,   325.791,    36.175,    35.302,     0.000,        11.067,         0.248,         1.313,     0.004,     0.000,     0.000,     0.002,         1.000,         1.000,         1.000,         1.000,         1.000,         1.000,         1.000,         1.000,         1.000,         0.000,         0.000,         0.413,
    21.201,   260.039,   449.385,     4.141,     0.036,     0.000,     0.000,     0.453,    27.285,   383.500,     1.000,     4.141,  -140.311,     0.000,   256.312,   325.762,    36.303,    34.558,     0.000,        10.899,         0.259,         1.300,     0.004,     0.000,     0.000,     0.002,         1.000,         1.000,         1.000,         1.000,         1.000,         1.000,         1.000,         1.000,         1.000,         0.000,         0.000,         0.000,
    21.301,   311.427,   449.277,     4.123,     0.037,     0.000,     0.000,     0.453,    27.177,   369.400,     1.000,     4.129,  -138.597,     0.000,   256.986,   325.661,    36.294,    33.628,     0.000,        10.770,         0.272,         1.286,     0.004,     0.000,     0.000,     0.002,         1.000,         1.000,         1.000,         1.000,         1.000,         1.000,         1.000,         1.000,         1.000,         0.000,         0.000,         0.000,
    21.400,   309.028,   449.184,     4.109,     0.052,     0.000,     0.000,     0.453,    27.084,   369.400,     1.000,     4.113,  -136.934,     0.000,   257.675,   325.597,    36.321,    32.691,     0.000,        10.638,         0.285,         1.274,     0.004,     0.000,     0.000,     0.002,         1.000,         1.000,         1.000,         1.000,         1.000,         1.000,         1.000,         1.000,         1.000,         0.000,         0.000,         0.000,
    21.501,   247.857,   449.085,     4.095,     0.037,     0.000,     0.000,     0.453,    26.985,   369.400,     1.000,     4.095,  -135.239,     0.000,   258.370,   325.547,    36.346,    31.716,     0.000,        10.515,         0.299,         1.261,     0.004,     0.000,     0.000,     0.002,         1.000,         1.000,         1.000,         1.000,         1.000,         1.000,         1.000,         1.000,         1.000,         0.000,         0.000,         0.000,
    21.600,   188.685,   448.981,     4.069,     0.038,     0.000,     0.000,     0.453,    26.881,   369.400,     1.000,     4.074,  -133.058,     0.000,   259.071,   325.413,    36.198,    30.517,     0.000,        10.370,         0.311,         1.248,     0.004,     0.000,     0.000,     0.002,         1.000,         1.000,         1.000,         1.000,         1.000,         1.000,         1.000,         1.000,         1.000,         0.000,         0.000,         0.000,
    21.700,   149.962,   448.876,     4.058,     0.037,     0.000,    38.474,     0.453,    26.776,   369.400,     1.000,     4.060,   -94.871,    36.297,   259.783,   325.369,    36.175,    29.407,     0.000,        10.225,         0.323,         1.236,     0.004,     0.000,     0.000,     0.002,         1.000,         1.000,         1.000,         1.000,         1.000,         1.000,         1.000,         1.000,         1.000,         0.000,         0.000,         0.286,
    21.801,   232.334,   448.769,     4.045,     0.038,     0.000,     0.000,     0.453,    26.669,   369.400,     1.000,     4.048,  -129.079,     0.000,   260.495,   325.302,    36.080,    28.192,     0.000,        10.023,         0.341,         1.223,     0.004,     0.000,     0.000,     0.002,         1.000,         1.000,         1.000,         1.000,         1.000,         1.000,         1.000,         1.000,         1.000,         0.000,         0.000,         0.000,
    21.901,   296.858,   448.662,     4.036,     0.038,     0.000,   137.528,     0.454,    26.562,   369.400,     1.000,     4.044,     2.796,   129.743,   261.203,   325.245,    35.968,    26.937,     0.000,         9.870,         0.350,         1.211,     0.004,     0.000,     0.000,     0.002,         1.000,         1.000,         1.000,         1.000,         1.000,         1.000,         1.000,         1.000,         1.000,         0.000,         0.000,         0.675,
    22.000,   294.444,   448.555,     4.029,     0.038,     0.000,     0.000,     0.454,    26.455,   369.400,     1.000,     4.044,  -125.009,     0.000,   261.928,   325.256,    35.951,    25.730,     0.000,         9.740,         0.355,         1.199,     0.004,     0.000,     0.000,     0.002,         1.000,         1.000,         1.000,         1.000,         1.000,         1.000,         1.000,         1.000,         1.000,         0.000,         0.000,         0.000,
    22.101,   291.996,   448.447,     4.029,     0.039,     0.000,     0.000,     0.454,    26.347,   369.400,     1.000,     4.041,  -126.562,     0.000,   261.152,   325.269,    35.508,    26.937,     0.000,         9.440,         0.376,         1.187,     0.004,     0.000,     0.000,     0.002,         1.000,         1.000,         1.000,         1.000,         1.000,         1.000,         1.000,         1.000,         1.000,         0.000,         0.000,         0.000,
    22.201,   289.571,   448.335,     4.031,     0.039,     0.000,     0.000,     0.454,    26.235,   355.400,     1.000,     4.035,  -127.929,     0.000,   260.343,   325.234,    34.969,    28.068,     0.000,         9.043,         0.410,         1.175,     0.004,     0.000,     0.000,     0.002,         1.000,         1.000,         1.000,         1.000,         1.000,         1.000,         1.000,         1.000,         1.000,         0.000,         0.000,         0.000,
    22.300,   287.153,   448.219,     4.039,     0.039,     0.000,   304.171,     0.454,    26.119,   355.400,     1.000,     4.041,   157.407,   286.954,   259.542,   325.260,    34.550,    29.279,     0.000,         8.770,         0.427,         1.163,     0.004,     0.000,     0.000,     0.002,         1.000,         1.000,         1.000,         1.000,         1.000,         1.000,         1.000,         1.000,         1.000,         0.000,         0.000,         0.984,
    22.400,   284.712,   448.097,     4.055,     0.040,     0.000,     0.000,     0.454,    25.997,   355.400,     1.000,     4.054,  -131.418,     0.000,   258.745,   325.346,    34.245,    30.572,     0.000,         8.430,         0.448,         1.151,     0.004,     0.000,     0.000,     0.002,         1.000,         1.000,         1.000,         1.000,         1.000,         1.000,         1.000,         1.000,         1.000,         0.000,         0.000,         0.000,
    22.500,   282.289,   447.977,     4.076,     0.039,     0.000,     0.000,     0.455,    25.877,   355.400,     1.000,     4.075,  -133.324,     0.000,   257.957,   325.450,    33.975,    31.855,     0.000,         8.106,         0.465,         1.140,     0.004,     0.000,     0.000,     0.002,         1.000,         1.000,         1.000,         1.000,         1.000,         1.000,         1.000,         1.000,         1.000,         0.000,         0.000,         0.000,
    22.600,   279.861,   447.850,     4.099,     0.040,     0.000,     0.000,     0.455,    25.750,   355.400,     1.000,     4.098,  -135.185,     0.000,   257.173,   325.555,    33.706,    33.097,     0.000,         7.760,         0.481,         1.128,     0.004,     0.000,     0.000,     0.002,         1.000,         1.000,         1.000,         1.000,         1.000,         1.000,         1.000,         1.000,         1.000,         0.000,         0.000,         0.000,
    22.700,   277.423,   447.720,     4.123,     0.040,     0.000,     0.000,     0.455,    25.620,   355.400,     1.000,     4.122,  -137.126,     0.000,   256.370,   325.678,    33.455,    34.363,     0.000,         7.403,         0.498,         1.117,     0.004,     0.000,     0.000,     0.002,         1.000,         1.000,         1.000,         1.000,         1.000,         1.000,         1.000,         1.000,         1.000,         0.000,         0.000,         0.000,
    22.800,   274.995,   447.588,     4.133,     0.040,     0.000,     0.000,     0.455,    25.488,   355.400,     1.000,     4.132,  -138.567,     0.000,   255.611,   325.717,    33.079,    35.381,     0.000,         7.100,         0.511,         1.106,     0.004,     0.000,     0.000,     0.002,         1.000,         1.000,         1.000,         1.000,         1.000,         1.000,         1.000,         1.000,         1.000,         0.000,         0.000,         0.000,
    22.900,   272.569,   447.453,     4.132,     0.041,     0.000,     0.000,     0.455,    25.353,   355.400,     1.000,     4.132,  -139.799,     0.000,   254.835,   325.711,    32.618,    36.305,     0.000,         6.802,         0.516,         1.095,     0.004,     0.000,     0.000,     0.002,         1.000,         1.000,         1.000,         1.000,         1.000,         1.000,         1.000,         1.000,         1.000,         0.000,         0.000,         0.000,
    23.000,   270.139,   447.315,     4.120,     0.041,     0.000,     0.000,     0.455,    25.215,   341.400,     1.000,     4.119,  -140.770,     0.000,   254.075,   325.658,    32.088,    37.099,     0.000,         6.468,         0.522,         1.084,     0.004,     0.000,     0.000,     0.002,         1.000,         1.000,         1.000,         1.000,         1.000,         1.000,         1.000,         1.000,         1.000,         0.000,         0.000,         0.000,
    23.100,   267.708,   447.159,     4.100,     0.043,     0.000,     0.000,     0.455,    25.059,   341.400,     1.000,     4.100,  -144.205,     0.000,   253.188,   325.563,    33.923,    37.907,     0.000,         6.172,         0.522,         1.073,     0.004,     0.000,     0.000,     0.002,         1.000,         1.000,         1.000,         1.000,         1.000,         1.000,         1.000,         1.000,         1.000,         0.000,         0.000,         0.000,
    23.200,   265.277,   446.993,     4.080,     0.044,     0.000,     0.000,     0.455,    24.893,   341.400,     1.000,     4.079,  -147.536,     0.000,   252.306,   325.463,    35.681,    38.698,     0.000,         5.935,         0.514,         1.062,     0.004,     0.000,     0.000,     0.002,         1.000,         1.000,         1.000,         1.000,         1.000,         1.000,         1.000,         1.000,         1.000,         0.000,         0.000,         0.000,
    23.303,   262.775,   446.812,     4.031,     0.046,     0.000,     0.000,     0.455,    24.712,   341.400,     1.000,     4.034,  -150.325,     0.000,   251.423,   325.254,    37.203,    39.291,     0.000,         5.682,         0.505,         1.051,     0.004,     0.000,     0.000,     0.002,         1.000,         1.000,         1.000,         1.000,         1.000,         1.000,         1.000,         1.000,         1.000,         0.000,         0.000,         0.000,
    23.400,   260.416,   446.648,     3.924,     0.046,     0.000,     0.000,     0.455,    24.548,   341.400,     1.000,     3.964,  -151.653,     0.000,   250.561,   324.747,    38.140,    39.327,     0.000,         5.526,         0.477,         1.041,     0.004,     0.000,     0.000,     0.002,         1.000,         1.000,         1.000,         1.000,         1.000,         1.000,         1.000,         1.000,         1.000,         0.000,         0.000,         0.000,
    23.500,   257.986,   446.467,     3.795,     0.046,     0.000,     0.000,     0.455,    24.367,   341.400,     1.000,     3.867,  -152.522,     0.000,   249.693,   324.138,    38.882,    39.195,     0.000,         5.337,         0.455,         1.030,     0.004,     0.000,     0.000,     0.002,         1.000,         1.000,         1.000,         1.000,         1.000,         1.000,         1.000,         1.000,         1.000,         0.000,         0.000,         0.000,
    23.600,   255.555,   446.285,     3.695,     0.047,     0.000,    96.050,     0.454,    24.185,   328.400,     1.000,     3.761,   -63.304,    90.613,   248.848,   323.678,    39.778,    39.309,     0.000,         5.081,         0.443,         1.020,     0.004,     0.000,     0.000,     0.002,         1.000,         1.000,         1.000,         1.000,         1.000,         1.000,         1.000,         1.000,         1.000,         0.000,         0.000,         0.558,
    23.703,   253.058,   446.091,     3.544,     0.047,     0.000,   440.044,     0.454,    23.991,   328.400,     1.000,     3.642,   261.167,   415.135,   247.991,   322.906,    40.164,    38.890,     0.000,         4.841,         0.432,         1.010,     0.004,     0.000,     0.000,     0.002,         1.000,         1.000,         1.000,         1.000,         1.000,         1.000,         1.000,         1.000,         1.000,         0.000,         0.000,         0.962,
    23.800,   198.333,   445.896,     3.370,     0.048,     0.000,   445.061,     0.454,    23.796,   328.400,     1.000,     3.524,   265.908,   419.869,   247.153,   322.140,    40.499,    38.473,     0.000,         4.668,         0.414,         1.000,     0.004,     0.000,     0.000,     0.002,         1.000,         1.000,         1.000,         1.000,         1.000,         1.000,         1.000,         1.000,         1.000,         0.000,         0.000,         0.947,
    23.903,   248.199,   445.716,     3.306,     0.048,     0.000,     0.000,     0.455,    23.616,   328.400,     1.000,     3.405,  -156.058,     0.000,   246.318,   321.878,    41.562,    38.935,     0.000,         4.389,         0.434,         0.989,     0.004,     0.000,     0.000,     0.002,         1.000,         1.000,         1.000,         1.000,         1.000,         1.000,         1.000,         1.000,         1.000,         0.000,         0.000,         0.000,
    24.000,   245.833,   445.535,     3.190,     0.048,     0.000,     0.000,     0.454,    23.435,   328.400,     1.000,     3.315,  -156.801,     0.000,   245.492,   321.315,    42.111,    38.868,     0.000,         4.320,         0.413,         0.980,     0.004,     0.000,     0.000,     0.002,         1.000,         1.000,         1.000,         1.000,         1.000,         1.000,         1.000,         1.000,         1.000,         0.000,         0.000,         0.000,
    24.100,   243.402,   445.338,     3.106,     0.050,     0.000,     0.000,     0.454,    23.238,   328.400,     1.000,     3.250,  -157.754,     0.000,   245.264,   320.927,    42.661,    39.430,     0.000,         4.246,         0.396,         0.970,     0.004,     0.000,     0.000,     0.002,         1.000,         1.000,         1.000,         1.000,         1.000,         1.000,         1.000,         1.000,         1.000,         0.000,         0.000,         0.000,
    24.202,   240.919,   445.124,     3.019,     0.051,     0.000,     0.000,     0.454,    23.024,   316.500,     1.000,     3.204,  -158.767,     0.000,   245.038,   320.550,    43.231,    40.025,     0.000,         4.203,         0.380,         0.960,     0.004,     0.000,     0.000,     0.002,         1.000,         1.000,         1.000,         1.000,         1.000,         1.000,         1.000,         1.000,         1.000,         0.000,         0.000,         0.000,
    24.302,   238.484,   444.911,     2.944,     0.052,     0.000,   448.556,     0.454,    22.811,   316.500,     1.000,     3.173,   263.704,   423.167,   244.815,   320.097,    43.687,    40.492,     0.000,         4.185,         0.364,         0.951,     0.004,     0.000,     0.000,     0.002,         1.000,         1.000,         1.000,         1.000,         1.000,         1.000,         1.000,         1.000,         1.000,         0.000,         0.000,         0.946,
    24.400,   236.111,   444.697,     2.939,     0.053,     0.000,   446.385,     0.454,    22.597,   316.500,     1.000,     3.152,   258.829,   421.118,   244.594,   320.139,    44.895,    41.848,     0.000,         4.139,         0.377,         0.941,     0.004,     0.000,     0.000,     0.002,         1.000,         1.000,         1.000,         1.000,         1.000,         1.000,         1.000,         1.000,         1.000,         0.000,         0.000,         0.975,
    24.500,   233.680,   444.482,     2.885,     0.053,     0.000,   444.207,     0.454,    22.382,   316.500,     1.000,     3.144,   255.217,   419.063,   244.375,   319.883,    45.652,    42.686,     0.000,         4.154,         0.361,         0.932,     0.004,     0.000,     0.000,     0.002,         1.000,         1.000,         1.000,         1.000,         1.000,         1.000,         1.000,         1.000,         1.000,         0.000,         0.000,         0.973,
    24.602,   231.204,   444.258,     2.841,     0.055,     0.000,   442.019,     0.454,    22.158,   304.600,     1.000,     3.147,   251.515,   416.999,   244.157,   319.641,    46.436,    43.564,     0.000,         4.161,         0.350,         0.923,     0.004,     0.000,     0.000,     0.002,         1.000,         1.000,         1.000,         1.000,         1.000,         1.000,         1.000,         1.000,         1.000,         0.000,         0.000,         0.968,
    24.700,   228.819,   444.029,     2.769,     0.057,     0.000,     0.000,     0.453,    21.929,   304.600,     1.000,     3.149,  -166.988,     0.000,   243.942,   319.366,    47.171,    44.393,     0.000,         4.165,         0.340,         0.914,     0.004,     0.000,     0.000,     0.002,         1.000,         1.000,         1.000,         1.000,         1.000,         1.000,         1.000,         1.000,         1.000,         0.000,         0.000,         0.000,
    24.802,   226.347,   443.789,     2.751,     0.059,     0.000,     0.000,     0.453,    21.689,   304.600,     1.000,     3.161,  -169.465,     0.000,   243.728,   319.308,    48.248,    45.637,     0.000,         4.158,         0.329,         0.904,     0.004,     0.000,     0.000,     0.002,         1.000,         1.000,         1.000,         1.000,         1.000,         1.000,         1.000,         1.000,         1.000,         0.000,         0.000,         0.000,
    24.902,   223.919,   443.553,     2.823,     0.059,     0.000,     0.000,     0.453,    21.453,   304.600,     1.000,     3.172,  -173.644,     0.000,   243.517,   319.626,    49.929,    47.605,     0.000,         4.139,         0.337,         0.895,     0.005,     0.000,     0.000,     0.002,         1.000,         1.000,         1.000,         1.000,         1.000,         1.000,         1.000,         1.000,         1.000,         0.000,         0.000,         0.000,
    25.000,   221.528,   443.314,     2.782,     0.060,     0.000,   433.208,     0.453,    21.214,   304.600,     1.000,     3.172,   233.256,   408.687,   243.307,   319.400,    50.759,    48.579,     0.000,         4.128,         0.326,         0.887,     0.005,     0.000,     0.000,     0.002,         1.000,         1.000,         1.000,         1.000,         1.000,         1.000,         1.000,         1.000,         1.000,         0.000,         0.000,         0.974,
    25.101,   219.062,   443.052,     2.741,     0.062,     0.000,   204.364,     0.453,    20.952,   292.100,     1.000,     3.166,    18.225,   192.796,   242.975,   319.216,    50.515,    47.815,     0.000,         4.102,         0.317,         0.878,     0.005,     0.000,     0.000,     0.002,         1.000,         1.000,         1.000,         1.000,         1.000,         1.000,         1.000,         1.000,         1.000,         0.000,         0.000,         0.891,
    25.201,   204.840,   442.825,     2.649,     0.063,     0.000,   202.972,     0.453,    20.725,   292.100,     1.000,     3.145,    18.974,   191.483,   242.646,   318.783,    49.781,    46.590,     0.000,         4.070,         0.305,         0.869,     0.005,     0.000,     0.000,     0.002,         1.000,         1.000,         1.000,         1.000,         1.000,         1.000,         1.000,         1.000,         1.000,         0.000,         0.000,         0.907,
    25.300,   214.236,   442.566,     2.720,     0.062,     0.000,     0.000,     0.453,    20.466,   292.100,     1.000,     3.113,  -173.647,     0.000,   242.320,   319.138,    50.101,    46.727,     0.000,         3.990,         0.319,         0.861,     0.005,     0.000,     0.000,     0.002,         1.000,         1.000,         1.000,         1.000,         1.000,         1.000,         1.000,         1.000,         1.000,         0.000,         0.000,         0.000,
    25.401,   211.775,   442.318,     2.691,     0.065,     0.000,     0.000,     0.453,    20.218,   292.100,     1.000,     3.075,  -172.689,     0.000,   242.000,   319.023,    49.635,    46.031,     0.000,         3.913,         0.310,         0.852,     0.005,     0.000,     0.000,     0.002,         1.000,         1.000,         1.000,         1.000,         1.000,         1.000,         1.000,         1.000,         1.000,         0.000,         0.000,         0.000,
    25.500,   209.375,   442.067,     2.609,     0.065,     0.000,     0.000,     0.453,    19.967,   278.800,     1.000,     3.023,  -170.578,     0.000,   241.682,   318.632,    48.731,    44.898,     0.000,         3.829,         0.300,         0.844,     0.005,     0.000,     0.000,     0.002,         1.000,         1.000,         1.000,         1.000,         1.000,         1.000,         1.000,         1.000,         1.000,         0.000,         0.000,         0.000,
    25.600,   206.944,   441.808,     2.451,     0.067,     0.000,   197.348,     0.453,    19.708,   278.800,     1.000,     2.953,    19.050,   186.177,   241.369,   317.885,    47.350,    43.262,     0.000,         3.741,         0.284,         0.836,     0.005,     0.000,     0.000,     0.002,         1.000,         1.000,         1.000,         1.000,         1.000,         1.000,         1.000,         1.000,         1.000,         0.000,         0.000,         0.898,
    25.701,   204.488,   441.547,     2.488,     0.067,     0.000,   101.345,     0.453,    19.447,   278.800,     1.000,     2.867,   -71.582,    95.608,   241.060,   318.072,    47.113,    43.066,     0.000,         3.578,         0.310,         0.827,     0.006,     0.000,     0.000,     0.003,         1.000,         1.000,         1.000,         1.000,         1.000,         1.000,         1.000,         1.000,         1.000,         0.000,         0.000,         0.552,
    25.801,   202.063,   441.288,     2.369,     0.068,     0.000,   194.513,     0.453,    19.188,   265.600,     1.000,     2.765,    19.005,   183.503,   240.756,   317.512,    45.944,    41.798,     0.000,         3.434,         0.306,         0.819,     0.006,     0.000,     0.000,     0.003,         1.000,         1.000,         1.000,         1.000,         1.000,         1.000,         1.000,         1.000,         1.000,         0.000,         0.000,         0.850,
    25.900,   199.653,   441.015,     2.213,     0.071,     0.000,   406.552,     0.453,    18.915,   265.600,     1.000,     2.648,   222.301,   383.539,   240.454,   316.767,    44.586,    40.340,     0.000,         3.287,         0.298,         0.812,     0.006,     0.000,     0.000,     0.003,         1.000,         1.000,         1.000,         1.000,         1.000,         1.000,         1.000,         1.000,         1.000,         0.000,         0.000,         0.979,
    26.000,   197.222,   440.735,     2.006,     0.073,     0.000,   403.538,     0.453,    18.635,   265.600,     1.000,     2.517,   223.345,   380.696,   240.157,   315.803,    43.036,    38.670,     0.000,         3.135,         0.289,         0.804,     0.006,     0.000,     0.000,     0.003,         1.000,         1.000,         1.000,         1.000,         1.000,         1.000,         1.000,         1.000,         1.000,         0.000,         0.000,         0.970,
    26.101,   194.773,   440.450,     1.984,     0.075,     0.000,     0.000,     0.453,    18.350,   265.600,     1.000,     2.381,  -155.169,     0.000,   240.126,   315.768,    41.809,    37.718,     0.000,         2.928,         0.343,         0.797,     0.006,     0.000,     0.001,     0.003,         1.000,         1.000,         1.000,         1.000,         1.000,         1.000,         1.000,         1.000,         1.000,         0.000,         0.000,         0.000,
    26.200,   192.361,   440.140,     1.827,     0.079,     0.000,     0.000,     0.454,    18.040,   250.700,     1.000,     2.244,  -150.740,     0.000,   240.100,   315.045,    39.891,    35.904,     0.000,         2.750,         0.363,         0.790,     0.006,     0.000,     0.001,     0.003,         1.000,         1.000,         1.000,         1.000,         1.000,         1.000,         1.000,         1.000,         1.000,         0.000,         0.000,         0.000,
    26.300,   189.921,   439.805,     1.625,     0.080,     0.000,     0.000,     0.454,    17.705,   250.700,     1.000,     2.103,  -145.792,     0.000,   240.075,   314.134,    37.833,    33.900,     0.000,         2.587,         0.372,         0.784,     0.006,     0.000,     0.001,     0.003,         1.000,         1.000,         1.000,         1.000,         1.000,         1.000,         1.000,         1.000,         1.000,         0.000,         0.000,         0.000,
    26.400,   187.491,   439.468,     1.564,     0.082,     0.000,     0.000,     0.454,    17.368,   250.700,     1.000,     1.967,  -142.949,     0.000,   240.050,   313.842,    36.434,    32.724,     0.000,         2.423,         0.425,         0.777,     0.007,     0.000,     0.001,     0.003,         1.000,         1.000,         1.000,         1.000,         1.000,         1.000,         1.000,         1.000,         1.000,         0.000,         0.000,         0.000,
    26.500,   185.069,   439.117,     1.418,     0.086,     0.000,   198.879,     0.454,    17.017,   234.300,     1.000,     1.837,    48.730,   187.622,   240.027,   313.150,    34.680,    31.089,     0.000,         2.275,         0.438,         0.772,     0.007,     0.000,     0.001,     0.003,         1.000,         1.000,         1.000,         1.000,         1.000,         1.000,         1.000,         1.000,         1.000,         0.000,         0.000,         0.872,
    26.600,   182.633,   438.740,     1.315,     0.093,     0.000,   421.782,     0.455,    16.640,   234.300,     1.000,     1.711,   262.414,   397.908,   240.005,   312.640,    33.140,    29.718,     0.000,         2.127,         0.466,         0.768,     0.007,     0.000,     0.001,     0.003,         1.000,         1.000,         1.000,         1.000,         1.000,         1.000,         1.000,         1.000,         1.000,         0.000,         0.000,         0.959,
    26.700,   180.204,   438.338,     1.307,     0.090,     0.000,   424.803,     0.455,    16.238,   234.300,     1.000,     1.602,   267.080,   400.757,   239.983,   312.613,    32.080,    28.967,     0.000,         1.954,         0.545,         0.763,     0.007,     0.000,     0.001,     0.003,         1.000,         1.000,         1.000,         1.000,         1.000,         1.000,         1.000,         1.000,         1.000,         0.000,         0.000,         0.979,
    26.800,   177.778,   437.897,     1.208,     0.098,     0.000,     0.000,     0.456,    15.797,   217.900,     1.000,     1.488,  -130.771,     0.000,   239.962,   312.222,    30.706,    27.805,     0.000,         1.801,         0.569,         0.760,     0.007,     0.000,     0.001,     0.003,         1.000,         1.000,         1.000,         1.000,         1.000,         1.000,         1.000,         1.000,         1.000,         0.000,         0.000,         0.000,
    26.902,   175.299,   437.422,     1.211,     0.100,     0.000,     0.000,     0.457,    15.322,   217.900,     1.000,     1.375,  -128.998,     0.000,   239.942,   312.190,    29.665,    27.085,     0.000,         1.666,         0.658,         0.755,     0.006,     0.000,     0.000,     0.003,         1.000,         1.000,         1.000,         1.000,         1.000,         1.000,         1.000,         1.000,         1.000,         0.000,         0.000,         0.000,
    27.000,   172.916,   436.937,     1.122,     0.103,     0.000,   387.466,     0.457,    14.837,   204.000,     1.000,     1.267,   239.335,   365.534,   239.924,   311.799,    28.342,    25.982,     0.000,         1.527,         0.685,         0.752,     0.006,     0.000,     0.000,     0.003,         1.000,         1.000,         1.000,         1.000,         1.000,         1.000,         1.000,         1.000,         1.000,         0.000,         0.000,         0.986,
    27.100,   170.486,   436.379,     1.111,     0.109,     0.000,     0.000,     0.457,    14.279,   204.000,     1.000,     1.182,  -123.792,     0.000,   238.995,   311.752,    27.253,    23.782,     0.000,         1.386,         0.734,         0.748,     0.006,     0.000,     0.001,     0.003,         1.000,         1.000,         1.000,         1.000,         1.000,         1.000,         1.000,         1.000,         1.000,         0.000,         0.000,         0.000,
    27.202,   168.014,   435.759,     1.078,     0.119,     0.000,     0.000,     0.457,    13.659,   192.600,     1.000,     1.130,  -120.784,     0.000,   238.146,   311.508,    26.008,    21.414,     0.000,         1.230,         0.752,         0.745,     0.006,     0.000,     0.001,     0.003,         1.000,         1.000,         1.000,         1.000,         1.000,         1.000,         1.000,         1.000,         1.000,         0.000,         0.000,         0.000,
    27.302,   165.587,   435.059,     1.077,     0.127,     0.000,     0.000,     0.458,    12.959,   181.200,     1.000,     1.113,  -118.801,     0.000,   237.376,   311.612,    25.073,    19.492,     0.000,         1.083,         0.765,         0.741,     0.006,     0.000,     0.000,     0.003,         1.000,         1.000,         1.000,         1.000,         1.000,         1.000,         1.000,         1.000,         1.000,         0.000,         0.000,         0.000,
    27.400,   163.194,   434.272,     1.094,     0.136,     0.000,     0.000,     0.458,    12.172,   181.200,     1.000,     1.103,  -116.689,     0.000,   236.687,   311.681,    24.118,    17.576,     0.000,         0.952,         0.819,         0.737,     0.006,     0.000,     0.000,     0.003,         1.000,         1.000,         1.000,         1.000,         1.000,         1.000,         1.000,         1.000,         1.000,         0.000,         0.000,         0.000,
    27.500,   160.764,   433.329,     1.105,     0.153,     0.000,     0.000,     0.459,    11.229,   171.200,     1.000,     1.113,  -114.464,     0.000,   236.079,   311.723,    23.147,    15.672,     0.000,         0.833,         0.850,         0.733,     0.006,     0.000,     0.000,     0.003,         1.000,         1.000,         1.000,         1.000,         1.000,         1.000,         1.000,         1.000,         1.000,         0.000,         0.000,         0.000,
    27.601,   158.305,   432.284,     1.203,     0.176,     0.000,     0.000,     0.459,    10.184,   162.500,     1.000,     1.204,  -113.380,     0.000,   235.557,   312.165,    22.519,    14.253,     0.000,         0.709,         0.870,         0.728,     0.006,     0.000,     0.000,     0.003,         1.000,         1.000,         1.000,         1.000,         1.000,         1.000,         1.000,         1.000,         1.000,         0.000,         0.000,         0.000,
    27.700,   155.902,   431.118,     1.446,     0.203,     0.000,     0.000,     0.459,     9.018,   145.700,     1.000,     1.446,  -114.150,     0.000,   235.116,   313.268,    22.435,    13.562,     0.000,         0.580,         0.884,         0.722,     0.006,     0.000,     0.000,     0.003,         1.000,         1.000,         1.000,         1.000,         1.000,         1.000,         1.000,         1.000,         1.000,         0.000,         0.000,         0.000,
    27.801,   153.449,   429.658,     1.936,     0.263,     0.000,     0.000,     0.459,     7.558,   137.900,     1.000,     1.939,  -118.053,     0.000,   234.762,   315.474,    23.284,    14.058,     0.000,         0.408,         0.923,         0.715,     0.006,     0.000,     0.001,     0.003,         1.000,         1.000,         1.000,         1.000,         1.000,         1.000,         1.000,         1.000,         1.000,         0.000,         0.000,         0.000,
    27.900,    40.527,   427.561,     2.429,     0.376,     0.000,     0.000,     0.460,     5.461,   122.000,     1.000,     2.429,  -122.132,     0.000,   234.492,   317.780,    24.225,    14.618,     0.000,         0.243,         1.003,         0.703,     0.009,     0.000,     0.001,     0.004,         1.000,         1.000,         1.000,         1.000,         1.000,         1.000,         1.000,         1.000,         1.000,         0.000,         0.000,         0.000,
