JDAY,DLT(s),ELWS(m),T2(C),U(ms-1),Q(m3s-1),SRON(Wm-2),EXT(m-1),DEPTH(m),WIDTH(m),SHADE,Tvolavg(C),NetRad(Wm-2),SWSolar(Wm-2),LWRad(Wm-2),BackRad(Wm-2),EvapF(Wm-2),ConducF(Wm-2),ReaerationCoeff(day-1),           Gen1,           ISS1,     EPI(g/m2),     SED(Organic matter in sediments g/m3),    SEDP(OrgP in sediments gP/m3),    SEDN(OrgN in sediments gN/m3),    SEDC(OrgCSediments gC/m3),PLIM_ALG1           ,PLIM_ALG2           ,PLIM_ALG3           ,NLIM_ALG1           ,NLIM_ALG2           ,NLIM_ALG3           ,LLIM_ALG1           ,LLIM_ALG2           ,LLIM_ALG3           ,EPLIM_1,ENLIM_1,ELLIM_1,
     1.000,     5.000,   468.080,     9.000,    -0.000,    -0.028,     0.000,     0.450,    22.750,   350.800,     1.000,     9.000,  -272.480,     0.000,   231.734,   349.198,    90.104,    64.912,     0.000,         0.000,         0.000,        10.000,     0.000,     0.000,     0.000,     0.000,         1.000,         1.000,         1.000,         1.000,         1.000,         1.000,         1.000,         1.000,         1.000,         1.000,         1.000,         1.000,
     1.101,   400.435,   467.994,     8.967,     0.008,   121.098,     0.000,     0.450,    22.664,   350.800,     1.000,     8.967,  -270.861,     0.000,   231.363,   349.041,    88.844,    64.339,     0.000,         0.101,         0.000,         9.898,     0.000,     0.000,     0.000,     0.000,         1.000,         1.000,         1.000,         1.000,         1.000,         1.000,         1.000,         1.000,         1.000,         0.000,         0.000,         0.000,
     1.201,   799.117,   467.868,     8.936,     0.010,   135.221,     0.000,     0.450,    22.538,   350.800,     1.000,     8.936,  -269.268,     0.000,   230.990,   348.883,    87.601,    63.774,     0.000,         0.201,         0.000,         9.799,     0.000,     0.000,     0.000,     0.000,         1.000,         1.000,         1.000,         1.000,         1.000,         1.000,         1.000,         1.000,         1.000,         0.000,         0.000,         0.000,
     1.300,   797.569,   467.767,     8.898,     0.012,   141.985,   327.391,     0.450,    22.437,   350.800,     1.000,     8.898,    41.194,   308.859,   230.649,   348.692,    86.414,    63.209,     0.000,         0.300,         0.000,         9.701,     0.000,     0.000,     0.000,     0.000,         1.000,         1.000,         1.000,         1.000,         1.000,         1.000,         1.000,         1.000,         1.000,         0.000,         0.000,         0.979,
     1.400,   795.131,   467.677,     8.858,     0.003,   116.835,     0.000,     0.450,    22.347,   350.800,     1.000,     8.871,  -266.142,     0.000,   230.284,   348.530,    85.230,    62.666,     0.000,         0.400,         0.000,         9.604,     0.000,     0.000,     0.000,     0.000,         1.000,         1.000,         1.000,         1.000,         1.000,         1.000,         1.000,         1.000,         1.000,         0.000,         0.000,         0.000,
     1.500,   792.708,   467.608,     8.832,     0.002,   112.881,     0.000,     0.450,    22.278,   350.800,     1.000,     8.832,  -264.732,     0.000,   229.918,   348.391,    84.098,    62.161,     0.000,         0.500,         0.000,         9.507,     0.000,     0.000,     0.000,     0.000,         1.000,         1.000,         1.000,         1.000,         1.000,         1.000,         1.000,         1.000,         1.000,         0.000,         0.000,         0.000,
     1.600,   790.277,   467.542,     8.806,     0.002,   112.534,   329.240,     0.450,    22.212,   350.800,     1.000,     8.806,    47.304,   310.604,   229.553,   348.235,    82.970,    61.648,     0.000,         0.600,         0.000,         9.412,     0.000,     0.000,     0.000,     0.000,         1.000,         1.000,         1.000,         1.000,         1.000,         1.000,         1.000,         1.000,         1.000,         0.000,         0.000,         0.988,
     1.700,   787.842,   467.476,     8.752,     0.001,   112.269,     0.000,     0.450,    22.146,   350.800,     1.000,     8.752,  -261.618,     0.000,   229.190,   347.998,    81.756,    61.055,     0.000,         0.700,         0.000,         9.317,     0.000,     0.000,     0.000,     0.000,         1.000,         1.000,         1.000,         1.000,         1.000,         1.000,         1.000,         1.000,         1.000,         0.000,         0.000,         0.000,
     1.801,   785.390,   467.406,     8.717,     0.002,   117.498,   330.470,     0.450,    22.076,   350.800,     1.000,     8.717,    51.697,   311.764,   228.826,   347.787,    80.601,    60.505,     0.000,         0.801,         0.000,         9.222,     0.000,     0.000,     0.000,     0.000,         1.000,         1.000,         1.000,         1.000,         1.000,         1.000,         1.000,         1.000,         1.000,         0.000,         0.000,         0.992,
     1.900,   782.986,   467.339,     8.678,     0.000,   112.911,     0.000,     0.450,    22.009,   350.800,     1.000,     8.678,  -258.774,     0.000,   228.470,   347.633,    79.570,    60.041,     0.000,         0.899,         0.000,         9.131,     0.001,     0.000,     0.000,     0.000,         1.000,         1.000,         1.000,         1.000,         1.000,         1.000,         1.000,         1.000,         1.000,         0.000,         0.000,         0.000,
     2.000,   780.555,   467.270,     8.628,     0.000,   112.670,     0.000,     0.450,    21.940,   350.800,     1.000,     8.628,  -257.190,     0.000,   228.112,   347.385,    78.433,    59.483,     0.000,         0.999,         0.000,         9.039,     0.001,     0.000,     0.000,     0.000,         1.000,         1.000,         1.000,         1.000,         1.000,         1.000,         1.000,         1.000,         1.000,         0.000,         0.000,         0.000,
     2.100,   778.122,   467.201,     8.562,    -0.001,   115.153,     0.000,     0.450,    21.871,   350.800,     1.000,     8.585,  -260.687,     0.000,   228.677,   347.175,    81.338,    60.851,     0.000,         1.099,         0.000,         8.948,     0.001,     0.000,     0.000,     0.000,         1.000,         1.000,         1.000,         1.000,         1.000,         1.000,         1.000,         1.000,         1.000,         0.000,         0.000,         0.000,
     2.200,   775.694,   467.130,     8.569,    -0.002,   114.953,   666.812,     0.450,    21.800,   350.800,     1.000,     8.567,   363.732,   629.068,   229.337,   347.017,    85.034,    62.622,     0.000,         1.199,         0.000,         8.858,     0.001,     0.000,     0.000,     0.000,         1.000,         1.000,         1.000,         1.000,         1.000,         1.000,         1.000,         1.000,         1.000,         0.000,         0.000,         0.726,
     2.301,   773.240,   467.059,     8.560,    -0.008,   113.928,     0.000,     0.450,    21.729,   350.800,     1.000,     8.559,  -271.408,     0.000,   230.010,   347.089,    89.470,    64.860,     0.000,         1.299,         0.000,         8.768,     0.001,     0.000,     0.000,     0.000,         1.000,         1.000,         1.000,         1.000,         1.000,         1.000,         1.000,         1.000,         1.000,         0.000,         0.000,         0.000,
     2.400,   770.828,   466.989,     8.549,    -0.006,   113.569,   447.958,     0.450,    21.659,   350.800,     1.000,     8.550,   145.527,   422.602,   230.678,   346.950,    93.862,    66.941,     0.000,         1.398,         0.000,         8.681,     0.001,     0.000,     0.000,     0.000,         1.000,         1.000,         1.000,         1.000,         1.000,         1.000,         1.000,         1.000,         1.000,         0.000,         0.000,         0.936,
     2.500,   768.402,   466.919,     8.511,     0.006,   112.823,     0.000,     0.450,    21.589,   350.800,     1.000,     8.524,  -283.394,     0.000,   231.357,   346.852,    98.686,    69.213,     0.000,         1.498,         0.000,         8.594,     0.001,     0.000,     0.000,     0.000,         1.000,         1.000,         1.000,         1.000,         1.000,         1.000,         1.000,         1.000,         1.000,         0.000,         0.000,         0.000,
     2.600,   765.968,   466.849,     8.454,    -0.003,   114.073,     0.000,     0.450,    21.519,   350.800,     1.000,     8.483,  -289.876,     0.000,   232.043,   346.688,   103.734,    71.497,     0.000,         1.598,         0.000,         8.507,     0.001,     0.000,     0.000,     0.000,         1.000,         1.000,         1.000,         1.000,         1.000,         1.000,         1.000,         1.000,         1.000,         0.000,         0.000,         0.000,
     2.701,   763.517,   466.779,     8.456,    -0.005,   116.913,     0.000,     0.450,    21.449,   350.800,     1.000,     8.453,  -297.480,     0.000,   232.794,   346.539,   109.626,    74.110,     0.000,         1.699,         0.000,         8.421,     0.001,     0.000,     0.000,     0.000,         1.000,         1.000,         1.000,         1.000,         1.000,         1.000,         1.000,         1.000,         1.000,         0.000,         0.000,         0.000,
     2.800,   761.111,   466.710,     8.414,    -0.010,   114.224,     0.000,     0.450,    21.380,   350.800,     1.000,     8.420,  -303.977,     0.000,   233.437,   346.351,   114.784,    76.279,     0.000,         1.797,         0.000,         8.337,     0.001,     0.000,     0.000,     0.001,         1.000,         1.000,         1.000,         1.000,         1.000,         1.000,         1.000,         1.000,         1.000,         0.000,         0.000,         0.000,
     2.901,   758.654,   466.638,     8.369,    -0.014,   111.492,     0.000,     0.450,    21.308,   350.800,     1.000,     8.369,  -311.742,     0.000,   234.199,   346.091,   121.065,    78.786,     0.000,         1.898,         0.000,         8.252,     0.001,     0.000,     0.000,     0.001,         1.000,         1.000,         1.000,         1.000,         1.000,         1.000,         1.000,         1.000,         1.000,         0.000,         0.000,         0.000,
     3.000,   756.250,   466.569,     8.342,    -0.019,   111.133,     0.000,     0.450,    21.239,   350.800,     1.000,     8.342,  -319.738,     0.000,   234.910,   345.950,   127.394,    81.304,     0.000,         1.997,         0.000,         8.170,     0.001,     0.000,     0.000,     0.001,         1.000,         1.000,         1.000,         1.000,         1.000,         1.000,         1.000,         1.000,         1.000,         0.000,         0.000,         0.000,
     3.100,   753.819,   466.500,     8.269,     0.018,   108.730,     0.000,     0.450,    21.170,   330.500,     1.000,     8.277,  -311.672,     0.000,   236.192,   345.418,   124.582,    77.864,     0.000,         2.097,         0.000,         8.088,     0.001,     0.000,     0.000,     0.001,         1.000,         1.000,         1.000,         1.000,         1.000,         1.000,         1.000,         1.000,         1.000,         0.000,         0.000,         0.000,
     3.201,   751.362,   466.426,     8.193,    -0.002,   109.318,     0.000,     0.450,    21.096,   330.500,     1.000,     8.204,  -304.420,     0.000,   237.496,   345.050,   122.115,    74.750,     0.000,         2.197,         0.000,         8.006,     0.002,     0.000,     0.000,     0.001,         1.000,         1.000,         1.000,         1.000,         1.000,         1.000,         1.000,         1.000,         1.000,         0.000,         0.000,         0.000,
     3.301,   748.942,   466.352,     8.164,     0.009,   111.657,     0.000,     0.450,    21.022,   330.500,     1.000,     8.165,  -299.756,     0.000,   238.720,   345.111,   120.714,    72.651,     0.000,         2.296,         0.000,         7.926,     0.002,     0.000,     0.000,     0.001,         1.000,         1.000,         1.000,         1.000,         1.000,         1.000,         1.000,         1.000,         1.000,         0.000,         0.000,         0.000,
     3.400,   746.527,   466.280,     8.112,    -0.042,   108.743,     0.000,     0.450,    20.950,   330.500,     1.000,     8.112,  -292.151,     0.000,   240.173,   344.769,   118.123,    69.432,     0.000,         2.395,         0.000,         7.847,     0.002,     0.000,     0.000,     0.001,         1.000,         1.000,         1.000,         1.000,         1.000,         1.000,         1.000,         1.000,         1.000,         0.000,         0.000,         0.000,
     3.500,   744.097,   466.206,     8.089,    -0.007,   107.601,     0.000,     0.450,    20.876,   330.500,     1.000,     8.083,  -286.405,     0.000,   241.548,   344.717,   116.277,    66.959,     0.000,         2.495,         0.000,         7.768,     0.002,     0.000,     0.000,     0.001,         1.000,         1.000,         1.000,         1.000,         1.000,         1.000,         1.000,         1.000,         1.000,         0.000,         0.000,         0.000,
     3.601,   741.640,   466.131,     8.026,    -0.005,   110.871,   495.380,     0.450,    20.801,   330.500,     1.000,     8.034,   189.304,   467.339,   242.939,   344.153,   113.278,    63.543,     0.000,         2.596,         0.000,         7.689,     0.002,     0.000,     0.000,     0.001,         1.000,         1.000,         1.000,         1.000,         1.000,         1.000,         1.000,         1.000,         1.000,         0.000,         0.000,         0.907,
     3.700,   739.236,   466.058,     7.982,    -0.031,   111.577,     0.000,     0.450,    20.728,   330.500,     1.000,     7.982,  -272.638,     0.000,   244.362,   344.188,   111.556,    61.257,     0.000,         2.694,         0.000,         7.612,     0.002,     0.000,     0.000,     0.001,         1.000,         1.000,         1.000,         1.000,         1.000,         1.000,         1.000,         1.000,         1.000,         0.000,         0.000,         0.000,
     3.801,   736.792,   465.984,     7.903,    -0.037,   108.403,     0.000,     0.450,    20.654,   330.500,     1.000,     7.944,  -266.958,     0.000,   245.696,   344.088,   109.651,    58.913,     0.000,         2.794,         0.000,         7.535,     0.002,     0.000,     0.000,     0.001,         1.000,         1.000,         1.000,         1.000,         1.000,         1.000,         1.000,         1.000,         1.000,         0.000,         0.000,         0.000,
     3.901,   715.200,   465.913,     7.907,     0.010,   104.349,     0.000,     0.450,    20.583,   330.500,     1.000,     7.907,  -259.589,     0.000,   247.263,   343.824,   107.089,    55.939,     0.000,         2.894,         0.000,         7.459,     0.002,     0.000,     0.000,     0.001,         1.000,         1.000,         1.000,         1.000,         1.000,         1.000,         1.000,         1.000,         1.000,         0.000,         0.000,         0.000,
     4.000,   698.607,   465.845,     7.863,    -0.008,    93.980,     0.000,     0.450,    20.515,   330.500,     1.000,     7.866,  -252.864,     0.000,   248.758,   343.622,   104.751,    53.249,     0.000,         2.993,         0.000,         7.385,     0.002,     0.000,     0.000,     0.001,         1.000,         1.000,         1.000,         1.000,         1.000,         1.000,         1.000,         1.000,         1.000,         0.000,         0.000,         0.000,
     4.101,   660.341,   465.771,     7.817,    -0.024,   104.713,     0.000,     0.450,    20.441,   330.500,     1.000,     7.811,  -248.236,     0.000,   249.380,   343.442,   100.608,    53.565,     0.000,         3.093,         0.000,         7.310,     0.002,     0.000,     0.000,     0.001,         1.000,         1.000,         1.000,         1.000,         1.000,         1.000,         1.000,         1.000,         1.000,         0.000,         0.000,         0.000,
     4.201,   645.542,   465.702,     7.752,     0.014,   109.341,     0.000,     0.450,    20.372,   330.500,     1.000,     7.752,  -242.524,     0.000,   250.035,   343.069,    95.943,    53.548,     0.000,         3.192,         0.000,         7.237,     0.002,     0.000,     0.000,     0.001,         1.000,         1.000,         1.000,         1.000,         1.000,         1.000,         1.000,         1.000,         1.000,         0.000,         0.000,         0.000,
     4.300,   613.516,   465.641,     7.726,    -0.002,   100.608,   393.187,     0.450,    20.311,   330.500,     1.000,     7.729,   133.143,   370.931,   250.730,   342.919,    91.667,    53.932,     0.000,         3.290,         0.000,         7.165,     0.002,     0.000,     0.000,     0.001,         1.000,         1.000,         1.000,         1.000,         1.000,         1.000,         1.000,         1.000,         1.000,         0.000,         0.000,         0.987,
     4.401,   591.438,   465.579,     7.676,    -0.042,    98.659,   259.734,     0.450,    20.249,   330.500,     1.000,     7.683,    12.762,   245.032,   251.444,   342.611,    87.097,    54.006,     0.000,         3.390,         0.000,         7.092,     0.002,     0.000,     0.000,     0.001,         1.000,         1.000,         1.000,         1.000,         1.000,         1.000,         1.000,         1.000,         1.000,         0.000,         0.000,         0.942,
     4.500,   559.139,   465.508,     7.639,     0.002,   107.424,   328.775,     0.450,    20.178,   310.300,     1.000,     7.639,    82.655,   310.165,   252.197,   342.488,    82.812,    54.407,     0.000,         3.488,         0.000,         7.021,     0.002,     0.000,     0.000,     0.001,         1.000,         1.000,         1.000,         1.000,         1.000,         1.000,         1.000,         1.000,         1.000,         0.000,         0.000,         0.988,
     4.600,   530.371,   465.428,     7.551,     0.009,   102.783,     0.000,     0.450,    20.098,   310.300,     1.000,     7.563,  -221.575,     0.000,   252.990,   342.150,    77.995,    54.420,     0.000,         3.587,         0.004,         6.951,     0.002,     0.000,     0.000,     0.001,         1.000,         1.000,         1.000,         1.000,         1.000,         1.000,         1.000,         1.000,         1.000,         0.000,         0.000,         0.000,
     4.701,   493.898,   465.355,     7.487,    -0.013,    91.482,     0.000,     0.450,    20.025,   310.300,     1.000,     7.477,  -215.445,     0.000,   253.812,   341.786,    73.095,    54.376,     0.000,         3.686,         0.006,         6.880,     0.002,     0.000,     0.000,     0.001,         1.000,         1.000,         1.000,         1.000,         1.000,         1.000,         1.000,         1.000,         1.000,         0.000,         0.000,         0.000,
     4.801,   502.288,   465.281,     7.417,    -0.041,    90.423,     0.000,     0.450,    19.951,   310.300,     1.000,     7.371,  -208.935,     0.000,   254.681,   341.377,    67.981,    54.257,     0.000,         3.783,         0.010,         6.811,     0.002,     0.000,     0.000,     0.001,         1.000,         1.000,         1.000,         1.000,         1.000,         1.000,         1.000,         1.000,         1.000,         0.000,         0.000,         0.000,
     4.900,   446.511,   465.209,     7.302,    -0.035,   113.830,   468.388,     0.450,    19.879,   310.300,     1.000,     7.215,   239.927,   441.876,   255.561,   340.862,    62.707,    53.940,     0.000,         3.878,         0.023,         6.743,     0.002,     0.000,     0.000,     0.001,         1.000,         1.000,         1.000,         1.000,         1.000,         1.000,         1.000,         1.000,         1.000,         0.000,         0.000,         0.937,
     5.000,   401.752,   465.123,     7.206,    -0.005,   110.656,     0.000,     0.450,    19.793,   310.300,     1.000,     7.020,  -194.892,     0.000,   256.520,   340.402,    57.266,    53.743,     0.000,         3.975,         0.024,         6.675,     0.002,     0.000,     0.000,     0.001,         1.000,         1.000,         1.000,         1.000,         1.000,         1.000,         1.000,         1.000,         1.000,         0.000,         0.000,         0.000,
     5.101,   367.450,   465.042,     7.049,    -0.025,   112.099,     0.000,     0.450,    19.712,   310.300,     1.000,     6.827,  -188.454,     0.000,   256.395,   339.654,    54.712,    50.483,     0.000,         4.071,         0.034,         6.608,     0.002,     0.000,     0.000,     0.001,         1.000,         1.000,         1.000,         1.000,         1.000,         1.000,         1.000,         1.000,         1.000,         0.000,         0.000,         0.000,
     5.200,   328.212,   464.956,     6.911,    -0.021,   101.296,     0.000,     0.450,    19.626,   310.300,     1.000,     6.628,  -182.628,     0.000,   256.267,   338.979,    52.405,    47.512,     0.000,         4.164,         0.040,         6.542,     0.002,     0.000,     0.000,     0.001,         1.000,         1.000,         1.000,         1.000,         1.000,         1.000,         1.000,         1.000,         1.000,         0.000,         0.000,         0.000,
     5.301,   521.913,   464.871,     6.787,    -0.002,   105.970,     0.000,     0.450,    19.541,   310.300,     1.000,     6.410,  -177.466,     0.000,   256.140,   338.392,    50.355,    44.859,     0.000,         4.260,         0.045,         6.476,     0.002,     0.000,     0.000,     0.001,         1.000,         1.000,         1.000,         1.000,         1.000,         1.000,         1.000,         1.000,         1.000,         0.000,         0.000,         0.000,
     5.401,   158.959,   464.778,     6.682,    -0.022,    53.235,   130.080,     0.450,    19.448,   310.300,     1.000,     6.251,   -49.969,   122.717,   256.009,   337.861,    48.447,    42.387,     0.000,         4.353,         0.049,         6.411,     0.002,     0.000,     0.000,     0.001,         1.000,         1.000,         1.000,         1.000,         1.000,         1.000,         1.000,         1.000,         1.000,         0.000,         0.000,         0.656,
     5.500,   338.169,   464.706,     6.560,    -0.006,    89.065,   151.098,     0.451,    19.376,   310.300,     1.000,     6.109,   -25.446,   142.546,   255.881,   337.275,    46.570,    40.027,     0.000,         4.444,         0.054,         6.347,     0.002,     0.000,     0.000,     0.001,         1.000,         1.000,         1.000,         1.000,         1.000,         1.000,         1.000,         1.000,         1.000,         0.000,         0.000,         0.728,
     5.601,   390.233,   464.626,     6.455,     0.005,   144.338,     0.000,     0.451,    19.296,   310.300,     1.000,     5.941,  -163.926,     0.000,   255.754,   336.790,    44.935,    37.954,     0.000,         4.538,         0.057,         6.282,     0.002,     0.000,     0.000,     0.001,         1.000,         1.000,         1.000,         1.000,         1.000,         1.000,         1.000,         1.000,         1.000,         0.000,         0.000,         0.000,
     5.701,   139.909,   464.535,     6.319,    -0.009,   103.511,     0.000,     0.451,    19.205,   310.300,     1.000,     5.788,  -159.437,     0.000,   255.626,   336.135,    43.145,    35.782,     0.000,         4.626,         0.062,         6.219,     0.002,     0.000,     0.000,     0.001,         1.000,         1.000,         1.000,         1.000,         1.000,         1.000,         1.000,         1.000,         1.000,         0.000,         0.000,         0.000,
     5.800,   218.293,   464.455,     6.236,    -0.010,    89.116,     0.000,     0.451,    19.125,   293.800,     1.000,     5.671,  -156.096,     0.000,   255.499,   335.726,    41.793,    34.077,     0.000,         4.718,         0.061,         6.157,     0.002,     0.000,     0.000,     0.001,         1.000,         1.000,         1.000,         1.000,         1.000,         1.000,         1.000,         1.000,         1.000,         0.000,         0.000,         0.000,
     5.901,   329.898,   464.379,     6.146,    -0.003,   118.904,     0.000,     0.451,    19.049,   293.800,     1.000,     5.545,  -152.931,     0.000,   255.373,   335.309,    40.514,    32.482,     0.000,         4.811,         0.063,         6.095,     0.002,     0.000,     0.000,     0.001,         1.000,         1.000,         1.000,         1.000,         1.000,         1.000,         1.000,         1.000,         1.000,         0.000,         0.000,         0.000,
     6.000,   153.900,   464.295,     6.057,    -0.008,    96.581,     0.000,     0.451,    18.965,   293.800,     1.000,     5.420,  -149.799,     0.000,   255.243,   334.858,    39.255,    30.928,     0.000,         4.899,         0.065,         6.034,     0.002,     0.000,     0.000,     0.001,         1.000,         1.000,         1.000,         1.000,         1.000,         1.000,         1.000,         1.000,         1.000,         0.000,         0.000,         0.000,
     6.100,   151.144,   464.209,     5.932,     0.000,   136.887,   324.912,     0.451,    18.879,   293.800,     1.000,     5.282,   159.725,   306.521,   255.431,   334.257,    38.669,    29.301,     0.000,         4.983,         0.069,         5.973,     0.002,     0.000,     0.000,     0.001,         1.000,         1.000,         1.000,         1.000,         1.000,         1.000,         1.000,         1.000,         1.000,         0.000,         0.000,         0.995,
     6.201,   115.627,   464.123,     5.785,    -0.001,   136.748,     0.000,     0.451,    18.793,   293.800,     1.000,     5.130,  -143.521,     0.000,   255.631,   333.579,    38.006,    27.567,     0.000,         5.066,         0.072,         5.913,     0.002,     0.000,     0.000,     0.001,         1.000,         1.000,         1.000,         1.000,         1.000,         1.000,         1.000,         1.000,         1.000,         0.000,         0.000,         0.000,
     6.300,    71.795,   464.048,     5.645,    -0.011,    90.966,   123.238,     0.451,    18.718,   293.800,     1.000,     4.967,   -23.961,   116.263,   255.836,   332.890,    37.334,    25.835,     0.000,         5.150,         0.073,         5.854,     0.002,     0.000,     0.000,     0.001,         1.000,         1.000,         1.000,         1.000,         1.000,         1.000,         1.000,         1.000,         1.000,         0.000,         0.000,         0.704,
     6.400,    22.876,   463.972,     5.497,    -0.002,   121.829,     0.000,     0.451,    18.642,   293.800,     1.000,     4.804,  -136.857,     0.000,   256.047,   332.180,    36.646,    24.079,     0.000,         5.227,         0.075,         5.795,     0.002,     0.000,     0.000,     0.001,         1.000,         1.000,         1.000,         1.000,         1.000,         1.000,         1.000,         1.000,         1.000,         0.000,         0.000,         0.000,
     6.500,   204.840,   463.878,     5.257,    -0.008,    90.647,     0.000,     0.451,    18.548,   293.800,     1.000,     4.628,  -132.154,     0.000,   256.261,   331.056,    35.492,    21.867,     0.000,         5.265,         0.097,         5.737,     0.002,     0.000,     0.000,     0.001,         1.000,         1.000,         1.000,         1.000,         1.000,         1.000,         1.000,         1.000,         1.000,         0.000,         0.000,         0.000,
     6.601,   197.994,   463.809,     4.928,     0.000,    97.171,     0.000,     0.451,    18.479,   293.800,     1.000,     4.402,  -126.031,     0.000,   256.486,   329.502,    33.878,    19.138,     0.000,         5.268,         0.137,         5.679,     0.002,     0.000,     0.000,     0.001,         1.000,         1.000,         1.000,         1.000,         1.000,         1.000,         1.000,         1.000,         1.000,         0.000,         0.000,         0.000,
     6.700,   153.900,   463.729,     4.618,    -0.001,    91.731,   399.092,     0.452,    18.399,   293.800,     1.000,     4.175,   256.378,   376.502,   256.713,   328.001,    32.351,    16.486,     0.000,         5.240,         0.179,         5.622,     0.002,     0.000,     0.000,     0.001,         1.000,         1.000,         1.000,         1.000,         1.000,         1.000,         1.000,         1.000,         1.000,         0.000,         0.000,         0.986,
     6.801,   153.900,   463.653,     4.158,     0.007,   106.218,     0.000,     0.452,    18.323,   293.800,     1.000,     3.917,  -112.215,     0.000,   256.952,   325.878,    30.190,    13.098,     0.000,         5.135,         0.245,         5.565,     0.002,     0.000,     0.000,     0.001,         1.000,         1.000,         1.000,         1.000,         1.000,         1.000,         1.000,         1.000,         1.000,         0.000,         0.000,         0.000,
     6.900,    40.527,   463.577,     3.653,     0.011,   125.219,     0.000,     0.454,    18.247,   293.800,     1.000,     3.676,  -103.469,     0.000,   257.193,   323.477,    27.793,     9.393,     0.000,         4.891,         0.361,         5.510,     0.002,     0.000,     0.000,     0.001,         1.000,         1.000,         1.000,         1.000,         1.000,         1.000,         1.000,         1.000,         1.000,         0.000,         0.000,         0.000,
     7.000,    36.842,   463.500,     3.422,     0.008,   111.686,     0.000,     0.454,    18.170,   281.200,     1.000,     3.463,   -98.995,     0.000,   257.442,   322.398,    26.815,     7.224,     0.000,         4.817,         0.384,         5.455,     0.002,     0.000,     0.000,     0.001,         1.000,         1.000,         1.000,         1.000,         1.000,         1.000,         1.000,         1.000,         1.000,         0.000,         0.000,         0.000,
     7.101,    78.975,   463.414,     3.265,     0.013,   108.220,     0.000,     0.454,    18.084,   281.200,     1.000,     3.312,   -95.258,     0.000,   256.610,   321.670,    24.803,     5.396,     0.000,         4.715,         0.417,         5.400,     0.002,     0.000,     0.000,     0.001,         1.000,         1.000,         1.000,         1.000,         1.000,         1.000,         1.000,         1.000,         1.000,         0.000,         0.000,         0.000,
     7.201,   108.204,   463.335,     3.140,    -0.000,    47.759,     0.000,     0.454,    18.005,   281.200,     1.000,     3.218,   -91.996,     0.000,   255.824,   321.089,    22.958,     3.773,     0.000,         4.697,         0.407,         5.346,     0.002,     0.000,     0.000,     0.001,         1.000,         1.000,         1.000,         1.000,         1.000,         1.000,         1.000,         1.000,         1.000,         0.000,         0.000,         0.000,
     7.300,   105.115,   463.253,     3.061,     0.021,   154.195,   131.551,     0.454,    17.923,   281.200,     1.000,     3.174,    34.726,   124.105,   255.081,   320.716,    21.330,     2.415,     0.000,         4.672,         0.384,         5.293,     0.003,     0.000,     0.000,     0.001,         1.000,         1.000,         1.000,         1.000,         1.000,         1.000,         1.000,         1.000,         1.000,         0.000,         0.000,         0.710,
     7.401,    95.040,   463.172,     3.035,     0.007,   104.941,   577.997,     0.454,    17.842,   281.200,     1.000,     3.168,   457.899,   545.280,   254.375,   320.552,    19.898,     1.307,     0.000,         4.640,         0.371,         5.240,     0.003,     0.000,     0.000,     0.001,         1.000,         1.000,         1.000,         1.000,         1.000,         1.000,         1.000,         1.000,         1.000,         0.000,         0.000,         0.834,
     7.500,   531.303,   463.090,     3.092,     0.026,    98.066,     0.000,     0.454,    17.760,   281.200,     1.000,     3.177,   -86.902,     0.000,   253.739,   320.870,    18.979,     0.791,     0.000,         4.566,         0.388,         5.188,     0.003,     0.000,     0.000,     0.001,         1.000,         1.000,         1.000,         1.000,         1.000,         1.000,         1.000,         1.000,         1.000,         0.000,         0.000,         0.000,
     7.600,   644.444,   463.015,     3.091,     0.028,   106.022,     0.000,     0.454,    17.685,   281.200,     1.000,     3.186,   -85.285,     0.000,   253.112,   320.859,    17.668,    -0.130,     0.000,         4.499,         0.386,         5.136,     0.003,     0.000,     0.000,     0.001,         1.000,         1.000,         1.000,         1.000,         1.000,         1.000,         1.000,         1.000,         1.000,         0.000,         0.000,         0.000,
     7.701,   641.994,   462.936,     3.124,     0.029,   111.076,   191.068,     0.454,    17.606,   281.200,     1.000,     3.201,    96.133,   180.253,   252.544,   320.995,    16.524,    -0.855,     0.000,         4.440,         0.377,         5.084,     0.003,     0.000,     0.000,     0.001,         1.000,         1.000,         1.000,         1.000,         1.000,         1.000,         1.000,         1.000,         1.000,         0.000,         0.000,         0.801,
     7.801,   639.566,   462.863,     3.096,     0.029,   111.198,     0.000,     0.454,    17.533,   281.200,     1.000,     3.205,   -82.129,     0.000,   252.016,   320.880,    15.119,    -1.854,     0.000,         4.372,         0.370,         5.034,     0.003,     0.000,     0.000,     0.001,         1.000,         1.000,         1.000,         1.000,         1.000,         1.000,         1.000,         1.000,         1.000,         0.000,         0.000,         0.000,
     7.900,   637.152,   462.790,     3.152,     0.030,   111.584,     0.000,     0.454,    17.460,   281.200,     1.000,     3.231,   -81.298,     0.000,   251.546,   321.146,    14.101,    -2.403,     0.000,         4.274,         0.376,         4.984,     0.003,     0.000,     0.000,     0.001,         1.000,         1.000,         1.000,         1.000,         1.000,         1.000,         1.000,         1.000,         1.000,         0.000,         0.000,         0.000,
     8.000,   634.722,   462.720,     3.162,     0.030,   111.366,   126.274,     0.454,    17.390,   281.200,     1.000,     3.247,    39.434,   119.126,   251.115,   321.178,    12.837,    -3.208,     0.000,         4.185,         0.371,         4.934,     0.003,     0.000,     0.000,     0.001,         1.000,         1.000,         1.000,         1.000,         1.000,         1.000,         1.000,         1.000,         1.000,         0.000,         0.000,         0.646,
     8.101,   632.274,   462.647,     3.131,     0.029,   109.861,     0.000,     0.454,    17.317,   281.200,     1.000,     3.254,   -78.394,     0.000,   252.153,   321.048,    12.362,    -2.863,     0.000,         4.068,         0.375,         4.884,     0.003,     0.000,     0.000,     0.001,         1.000,         1.000,         1.000,         1.000,         1.000,         1.000,         1.000,         1.000,         1.000,         0.000,         0.000,         0.000,
     8.200,   629.861,   462.582,     3.106,     0.030,   117.765,     0.000,     0.454,    17.252,   281.200,     1.000,     3.260,   -77.057,     0.000,   253.296,   320.927,    11.904,    -2.479,     0.000,         3.954,         0.379,         4.836,     0.003,     0.000,     0.000,     0.001,         1.000,         1.000,         1.000,         1.000,         1.000,         1.000,         1.000,         1.000,         1.000,         0.000,         0.000,         0.000,
     8.301,   627.404,   462.524,     3.078,     0.024,   107.578,     0.000,     0.454,    17.194,   281.200,     1.000,     3.264,   -75.599,     0.000,   254.529,   320.797,    11.426,    -2.094,     0.000,         3.837,         0.380,         4.787,     0.003,     0.000,     0.000,     0.001,         1.000,         1.000,         1.000,         1.000,         1.000,         1.000,         1.000,         1.000,         1.000,         0.000,         0.000,         0.000,
     8.401,   624.980,   462.466,     3.059,     0.023,   106.603,     0.000,     0.454,    17.136,   268.500,     1.000,     3.272,   -74.217,     0.000,   255.811,   320.709,    10.987,    -1.669,     0.000,         3.716,         0.384,         4.740,     0.003,     0.000,     0.000,     0.001,         1.000,         1.000,         1.000,         1.000,         1.000,         1.000,         1.000,         1.000,         1.000,         0.000,         0.000,         0.000,
     8.500,   622.569,   462.404,     3.043,     0.017,   100.177,     0.000,     0.454,    17.074,   268.500,     1.000,     3.279,   -72.775,     0.000,   257.189,   320.634,    10.546,    -1.216,     0.000,         3.587,         0.394,         4.693,     0.003,     0.000,     0.000,     0.001,         1.000,         1.000,         1.000,         1.000,         1.000,         1.000,         1.000,         1.000,         1.000,         0.000,         0.000,         0.000,
     8.601,   620.114,   462.337,     3.061,     0.025,   115.496,     0.000,     0.454,    17.007,   268.500,     1.000,     3.300,   -71.749,     0.000,   258.640,   320.718,    10.250,    -0.579,     0.000,         3.454,         0.403,         4.646,     0.003,     0.000,     0.000,     0.001,         1.000,         1.000,         1.000,         1.000,         1.000,         1.000,         1.000,         1.000,         1.000,         0.000,         0.000,         0.000,
     8.701,   617.684,   462.275,     3.106,     0.032,   119.138,     0.000,     0.454,    16.945,   268.500,     1.000,     3.325,   -71.022,     0.000,   260.163,   320.920,    10.064,     0.201,     0.000,         3.275,         0.452,         4.599,     0.003,     0.000,     0.000,     0.001,         1.000,         1.000,         1.000,         1.000,         1.000,         1.000,         1.000,         1.000,         1.000,         0.000,         0.000,         0.000,
     8.800,   615.277,   462.207,     3.178,     0.028,   119.579,     0.000,     0.455,    16.877,   268.500,     1.000,     3.375,   -70.634,     0.000,   261.783,   321.259,    10.003,     1.156,     0.000,         3.108,         0.481,         4.554,     0.003,     0.000,     0.000,     0.001,         1.000,         1.000,         1.000,         1.000,         1.000,         1.000,         1.000,         1.000,         1.000,         0.000,         0.000,         0.000,
     8.901,   612.820,   462.145,     3.239,     0.035,   118.855,     0.000,     0.455,    16.815,   268.500,     1.000,     3.440,   -69.385,     0.000,   263.446,   321.335,     9.684,     1.812,     0.000,         2.974,         0.503,         4.508,     0.003,     0.000,     0.000,     0.001,         1.000,         1.000,         1.000,         1.000,         1.000,         1.000,         1.000,         1.000,         1.000,         0.000,         0.000,         0.000,
     9.000,   610.416,   462.077,     3.235,     0.028,   125.374,    77.866,     0.455,    16.747,   268.500,     1.000,     3.522,     5.102,    73.458,   265.199,   321.508,     9.451,     2.596,     0.000,         2.854,         0.481,         4.463,     0.003,     0.000,     0.000,     0.001,         1.000,         1.000,         1.000,         1.000,         1.000,         1.000,         1.000,         1.000,         1.000,         0.000,         0.000,         0.507,
     9.100,   607.986,   462.008,     3.372,     0.025,   122.072,     0.000,     0.455,    16.678,   268.500,     1.000,     3.632,   -78.230,     0.000,   262.426,   322.154,    14.331,     4.172,     0.000,         2.703,         0.522,         4.418,     0.003,     0.000,     0.000,     0.001,         1.000,         1.000,         1.000,         1.000,         1.000,         1.000,         1.000,         1.000,         1.000,         0.000,         0.000,         0.000,
     9.201,   605.529,   461.940,     3.450,     0.036,   121.875,     0.000,     0.455,    16.610,   268.500,     1.000,     3.757,   -87.467,     0.000,   259.659,   322.477,    19.161,     5.488,     0.000,         2.582,         0.532,         4.374,     0.003,     0.000,     0.000,     0.002,         1.000,         1.000,         1.000,         1.000,         1.000,         1.000,         1.000,         1.000,         1.000,         0.000,         0.000,         0.000,
     9.301,   603.093,   461.881,     3.804,     0.042,   127.109,     0.000,     0.457,    16.551,   268.500,     1.000,     3.892,  -101.656,     0.000,   256.993,   324.157,    25.788,     8.703,     0.000,         2.449,         0.655,         4.329,     0.004,     0.000,     0.000,     0.002,         1.000,         1.000,         1.000,         1.000,         1.000,         1.000,         1.000,         1.000,         1.000,         0.000,         0.000,         0.000,
     9.400,   600.694,   461.817,     3.953,     0.031,   106.194,     0.000,     0.457,    16.487,   268.500,     1.000,     4.033,  -112.820,     0.000,   254.458,   324.864,    31.551,    10.864,     0.000,         2.343,         0.664,         4.286,     0.004,     0.000,     0.000,     0.002,         1.000,         1.000,         1.000,         1.000,         1.000,         1.000,         1.000,         1.000,         1.000,         0.000,         0.000,         0.000,
     9.500,   598.264,   461.773,     4.173,     0.037,   106.624,     0.000,     0.457,    16.443,   268.500,     1.000,     4.164,  -125.683,     0.000,   252.007,   325.900,    38.088,    13.703,     0.000,         2.265,         0.705,         4.243,     0.004,     0.000,     0.000,     0.002,         1.000,         1.000,         1.000,         1.000,         1.000,         1.000,         1.000,         1.000,         1.000,         0.000,         0.000,         0.000,
     9.601,   595.799,   461.755,     4.286,     0.023,   108.527,     0.000,     0.457,    16.425,   268.500,     1.000,     4.276,  -137.097,     0.000,   249.655,   326.424,    44.293,    16.035,     0.000,         2.216,         0.700,         4.200,     0.004,     0.000,     0.000,     0.002,         1.000,         1.000,         1.000,         1.000,         1.000,         1.000,         1.000,         1.000,         1.000,         0.000,         0.000,         0.000,
     9.700,   593.403,   461.705,     4.388,     0.031,   131.985,     0.000,     0.457,    16.375,   268.500,     1.000,     4.381,  -148.816,     0.000,   247.401,   326.913,    50.780,    18.523,     0.000,         2.155,         0.695,         4.158,     0.004,     0.000,     0.000,     0.002,         1.000,         1.000,         1.000,         1.000,         1.000,         1.000,         1.000,         1.000,         1.000,         0.000,         0.000,         0.000,
     9.802,   590.935,   461.590,     4.498,     0.015,    97.874,   453.226,     0.457,    16.260,   268.500,     1.000,     4.492,   266.473,   427.572,   245.235,   327.415,    57.659,    21.260,     0.000,         2.060,         0.690,         4.116,     0.004,     0.000,     0.000,     0.002,         1.000,         1.000,         1.000,         1.000,         1.000,         1.000,         1.000,         1.000,         1.000,         0.000,         0.000,         0.968,
     9.902,   588.505,   461.504,     4.537,     0.020,   101.012,   545.113,     0.457,    16.174,   268.500,     1.000,     4.536,   341.869,   514.258,   243.191,   327.603,    64.312,    23.665,     0.000,         1.999,         0.683,         4.075,     0.004,     0.000,     0.000,     0.002,         1.000,         1.000,         1.000,         1.000,         1.000,         1.000,         1.000,         1.000,         1.000,         0.000,         0.000,         0.902,
    10.000,   362.887,   461.433,     4.522,     0.044,   189.937,   276.314,     0.457,    16.103,   255.000,     1.000,     4.523,    77.545,   260.673,   241.224,   327.555,    70.940,    25.857,     0.000,         1.965,         0.674,         4.034,     0.004,     0.000,     0.000,     0.002,         1.000,         1.000,         1.000,         1.000,         1.000,         1.000,         1.000,         1.000,         1.000,         0.000,         0.000,         0.963,
    10.100,   299.907,   461.358,     4.487,     0.035,   177.292,     0.000,     0.457,    16.028,   255.000,     1.000,     4.487,  -180.354,     0.000,   242.050,   327.393,    71.260,    23.751,     0.000,         1.922,         0.666,         3.994,     0.004,     0.000,     0.000,     0.002,         1.000,         1.000,         1.000,         1.000,         1.000,         1.000,         1.000,         1.000,         1.000,         0.000,         0.000,         0.000,
    10.202,   399.176,   461.250,     4.458,     0.046,   189.564,     0.000,     0.457,    15.920,   255.000,     1.000,     4.458,  -177.328,     0.000,   242.961,   327.255,    71.558,    21.476,     0.000,         1.869,         0.657,         3.953,     0.004,     0.000,     0.000,     0.002,         1.000,         1.000,         1.000,         1.000,         1.000,         1.000,         1.000,         1.000,         1.000,         0.000,         0.000,         0.000,
    10.300,   186.219,   461.172,     4.412,    -0.039,   -21.566,     0.000,     0.457,    15.841,   255.000,     1.000,     4.412,  -173.897,     0.000,   243.851,   327.033,    71.671,    19.043,     0.000,         1.859,         0.649,         3.914,     0.004,     0.000,     0.000,     0.002,         1.000,         1.000,         1.000,         1.000,         1.000,         1.000,         1.000,         1.000,         1.000,         0.000,         0.000,         0.000,
    10.402,   477.838,   461.098,     4.332,     0.050,   131.980,     0.000,     0.456,    15.768,   255.000,     1.000,     4.341,  -169.497,     0.000,   244.741,   326.624,    71.421,    16.193,     0.000,         1.812,         0.641,         3.874,     0.004,     0.000,     0.000,     0.002,         1.000,         1.000,         1.000,         1.000,         1.000,         1.000,         1.000,         1.000,         1.000,         0.000,         0.000,         0.000,
    10.500,   127.190,   461.013,     4.276,     0.004,   114.681,     0.000,     0.456,    15.683,   255.000,     1.000,     4.279,  -165.593,     0.000,   245.691,   326.374,    71.459,    13.451,     0.000,         1.794,         0.638,         3.836,     0.004,     0.000,     0.000,     0.002,         1.000,         1.000,         1.000,         1.000,         1.000,         1.000,         1.000,         1.000,         1.000,         0.000,         0.000,         0.000,
    10.600,   475.576,   460.947,     4.211,     0.001,    81.479,     0.000,     0.456,    15.617,   255.000,     1.000,     4.211,  -161.607,     0.000,   246.598,   326.099,    71.400,    10.705,     0.000,         1.780,         0.637,         3.797,     0.004,     0.000,     0.000,     0.002,         1.000,         1.000,         1.000,         1.000,         1.000,         1.000,         1.000,         1.000,         1.000,         0.000,         0.000,         0.000,
    10.702,   569.046,   460.860,     4.115,     0.028,   106.414,   548.908,     0.456,    15.530,   255.000,     1.000,     4.115,   361.408,   517.837,   247.561,   325.633,    70.982,     7.374,     0.000,         1.756,         0.640,         3.758,     0.004,     0.000,     0.000,     0.002,         1.000,         1.000,         1.000,         1.000,         1.000,         1.000,         1.000,         1.000,         1.000,         0.000,         0.000,         0.924,
    10.802,   566.623,   460.782,     4.020,     0.036,   104.206,    84.417,     0.456,    15.452,   255.000,     1.000,     4.020,   -71.675,    79.639,   248.520,   325.201,    70.585,     4.048,     0.000,         1.738,         0.644,         3.720,     0.004,     0.000,     0.000,     0.002,         1.000,         1.000,         1.000,         1.000,         1.000,         1.000,         1.000,         1.000,         1.000,         0.000,         0.000,         0.477,
    10.900,   564.236,   460.703,     3.847,     0.009,   102.411,     0.000,     0.456,    15.373,   255.000,     1.000,     3.925,  -144.144,     0.000,   249.490,   324.387,    69.427,    -0.180,     0.000,         1.740,         0.616,         3.683,     0.004,     0.000,     0.000,     0.002,         1.000,         1.000,         1.000,         1.000,         1.000,         1.000,         1.000,         1.000,         1.000,         0.000,         0.000,         0.000,
    11.000,   561.805,   460.622,     3.769,     0.024,   101.583,     0.000,     0.456,    15.292,   255.000,     1.000,     3.830,  -138.811,     0.000,   250.473,   323.975,    68.995,    -3.685,     0.000,         1.721,         0.622,         3.646,     0.004,     0.000,     0.000,     0.002,         1.000,         1.000,         1.000,         1.000,         1.000,         1.000,         1.000,         1.000,         1.000,         0.000,         0.000,         0.000,
    11.102,   559.324,   460.538,     3.633,     0.011,   100.459,     0.000,     0.456,    15.208,   255.000,     1.000,     3.738,  -132.155,     0.000,   250.962,   323.414,    65.582,    -5.878,     0.000,         1.727,         0.606,         3.609,     0.004,     0.000,     0.000,     0.002,         1.000,         1.000,         1.000,         1.000,         1.000,         1.000,         1.000,         1.000,         1.000,         0.000,         0.000,         0.000,
    11.200,   556.944,   460.455,     3.520,     0.036,    98.865,     0.000,     0.456,    15.125,   240.500,     1.000,     3.660,  -125.650,     0.000,   251.447,   322.855,    62.210,    -7.968,     0.000,         1.743,         0.578,         3.574,     0.004,     0.000,     0.000,     0.002,         1.000,         1.000,         1.000,         1.000,         1.000,         1.000,         1.000,         1.000,         1.000,         0.000,         0.000,         0.000,
    11.302,   554.465,   460.367,     3.570,     0.025,    98.076,     0.000,     0.456,    15.037,   240.500,     1.000,     3.609,  -122.748,     0.000,   251.933,   323.009,    60.204,    -8.533,     0.000,         1.684,         0.630,         3.537,     0.004,     0.000,     0.000,     0.002,         1.000,         1.000,         1.000,         1.000,         1.000,         1.000,         1.000,         1.000,         1.000,         0.000,         0.000,         0.000,
    11.402,   552.034,   460.281,     3.516,     0.005,    94.939,   698.227,     0.456,    14.951,   240.500,     1.000,     3.587,   540.985,   658.704,   252.420,   322.706,    57.420,    -9.987,     0.000,         1.691,         0.601,         3.502,     0.004,     0.000,     0.000,     0.002,         1.000,         1.000,         1.000,         1.000,         1.000,         1.000,         1.000,         1.000,         1.000,         0.000,         0.000,         0.729,
    11.500,   549.652,   460.191,     3.436,     0.004,    93.669,   603.419,     0.456,    14.861,   240.500,     1.000,     3.569,   456.458,   569.263,   252.911,   322.405,    54.695,   -11.384,     0.000,         1.701,         0.579,         3.467,     0.004,     0.000,     0.000,     0.002,         1.000,         1.000,         1.000,         1.000,         1.000,         1.000,         1.000,         1.000,         1.000,         0.000,         0.000,         0.815,
    11.602,   547.168,   460.098,     3.444,    -0.001,    94.159,     0.000,     0.456,    14.768,   240.500,     1.000,     3.551,  -110.063,     0.000,   253.403,   322.548,    52.788,   -11.871,     0.000,         1.681,         0.602,         3.432,     0.004,     0.000,     0.000,     0.002,         1.000,         1.000,         1.000,         1.000,         1.000,         1.000,         1.000,         1.000,         1.000,         0.000,         0.000,         0.000,
    11.702,   544.738,   460.007,     3.406,     0.009,    93.028,     0.000,     0.456,    14.677,   240.500,     1.000,     3.558,  -105.599,     0.000,   253.899,   322.307,    50.260,   -13.068,     0.000,         1.671,         0.595,         3.397,     0.005,     0.000,     0.000,     0.002,         1.000,         1.000,         1.000,         1.000,         1.000,         1.000,         1.000,         1.000,         1.000,         0.000,         0.000,         0.000,
    11.800,   542.361,   459.917,     3.450,     0.012,    90.131,   442.085,     0.456,    14.587,   240.500,     1.000,     3.603,   314.622,   417.061,   254.396,   322.333,    48.222,   -13.720,     0.000,         1.685,         0.590,         3.364,     0.005,     0.000,     0.000,     0.002,         1.000,         1.000,         1.000,         1.000,         1.000,         1.000,         1.000,         1.000,         1.000,         0.000,         0.000,         0.941,
    11.902,   539.874,   459.822,     3.668,     0.034,    88.996,   713.578,     0.457,    14.492,   240.500,     1.000,     3.697,   565.181,   673.186,   250.542,   323.328,    47.792,   -12.573,     0.000,         1.640,         0.659,         3.329,     0.006,     0.000,     0.000,     0.002,         1.000,         1.000,         1.000,         1.000,         1.000,         1.000,         1.000,         1.000,         1.000,         0.000,         0.000,         0.791,
    12.000,   537.500,   459.734,     3.743,     0.025,    89.738,   407.559,     0.457,    14.404,   240.500,     1.000,     3.803,   277.501,   384.489,   251.154,   323.852,    46.600,   -12.310,     0.000,         1.630,         0.665,         3.296,     0.006,     0.000,     0.000,     0.003,         1.000,         1.000,         1.000,         1.000,         1.000,         1.000,         1.000,         1.000,         1.000,         0.000,         0.000,         0.984,
    12.100,   535.069,   459.646,     3.885,     0.042,    85.559,     0.000,     0.457,    14.316,   240.500,     1.000,     3.935,  -105.133,     0.000,   252.098,   324.477,    44.815,   -12.061,     0.000,         1.612,         0.686,         3.263,     0.006,     0.000,     0.000,     0.003,         1.000,         1.000,         1.000,         1.000,         1.000,         1.000,         1.000,         1.000,         1.000,         0.000,         0.000,         0.000,
    12.202,   532.580,   459.552,     4.114,     0.041,    88.218,   103.695,     0.457,    14.222,   240.500,     1.000,     4.108,    -7.545,    97.825,   253.047,   325.591,    43.829,   -11.003,     0.000,         1.589,         0.733,         3.230,     0.006,     0.000,     0.000,     0.003,         1.000,         1.000,         1.000,         1.000,         1.000,         1.000,         1.000,         1.000,         1.000,         0.000,         0.000,         0.576,
    12.302,   530.150,   459.458,     4.284,     0.020,    87.335,   313.609,     0.457,    14.128,   226.000,     1.000,     4.273,   191.629,   295.857,   254.004,   326.385,    42.374,   -10.526,     0.000,         1.568,         0.757,         3.197,     0.006,     0.000,     0.000,     0.003,         1.000,         1.000,         1.000,         1.000,         1.000,         1.000,         1.000,         1.000,         1.000,         0.000,         0.000,         0.983,
    12.400,   527.778,   459.354,     4.437,     0.040,    86.200,     0.000,     0.458,    14.024,   226.000,     1.000,     4.426,  -102.985,     0.000,   254.959,   327.142,    40.928,   -10.126,     0.000,         1.548,         0.780,         3.166,     0.006,     0.000,     0.000,     0.003,         1.000,         1.000,         1.000,         1.000,         1.000,         1.000,         1.000,         1.000,         1.000,         0.000,         0.000,         0.000,
    12.500,   525.347,   459.253,     4.580,     0.037,    86.408,     0.000,     0.458,    13.923,   226.000,     1.000,     4.569,  -101.412,     0.000,   255.921,   327.812,    39.399,    -9.878,     0.000,         1.531,         0.802,         3.134,     0.006,     0.000,     0.000,     0.003,         1.000,         1.000,         1.000,         1.000,         1.000,         1.000,         1.000,         1.000,         1.000,         0.000,         0.000,         0.000,
    12.603,   522.851,   459.151,     4.726,     0.033,    85.558,   475.939,     0.458,    13.821,   226.000,     1.000,     4.714,   349.489,   448.999,   256.887,   328.386,    37.790,    -9.779,     0.000,         1.515,         0.823,         3.102,     0.006,     0.000,     0.000,     0.003,         1.000,         1.000,         1.000,         1.000,         1.000,         1.000,         1.000,         1.000,         1.000,         0.000,         0.000,         0.932,
    12.700,   520.486,   459.049,     4.841,     0.030,    80.463,     0.000,     0.458,    13.719,   226.000,     1.000,     4.831,   -98.029,     0.000,   257.854,   329.054,    36.379,    -9.549,     0.000,         1.499,         0.842,         3.071,     0.006,     0.000,     0.000,     0.003,         1.000,         1.000,         1.000,         1.000,         1.000,         1.000,         1.000,         1.000,         1.000,         0.000,         0.000,         0.000,
    12.803,   517.990,   458.940,     4.947,     0.020,    75.018,     0.000,     0.459,    13.610,   226.000,     1.000,     4.937,   -95.952,     0.000,   258.827,   329.549,    34.793,    -9.563,     0.000,         1.489,         0.859,         3.040,     0.006,     0.000,     0.000,     0.003,         1.000,         1.000,         1.000,         1.000,         1.000,         1.000,         1.000,         1.000,         1.000,         0.000,         0.000,         0.000,
    12.903,   515.559,   458.836,     5.049,     0.065,   114.369,     0.000,     0.459,    13.506,   226.000,     1.000,     5.039,   -93.866,     0.000,   259.806,   330.024,    33.247,    -9.599,     0.000,         1.463,         0.879,         3.009,     0.007,     0.000,     0.001,     0.003,         1.000,         1.000,         1.000,         1.000,         1.000,         1.000,         1.000,         1.000,         1.000,         0.000,         0.000,         0.000,
    13.000,   513.194,   458.742,     5.148,     0.046,    82.643,   353.656,     0.459,    13.412,   226.000,     1.000,     5.139,   241.760,   333.638,   260.782,   330.501,    31.784,    -9.625,     0.000,         1.442,         0.898,         2.979,     0.007,     0.000,     0.001,     0.003,         1.000,         1.000,         1.000,         1.000,         1.000,         1.000,         1.000,         1.000,         1.000,         0.000,         0.000,         0.983,
    13.103,   510.693,   458.627,     5.234,     0.033,    67.737,     0.000,     0.459,    13.297,   226.000,     1.000,     5.226,   -92.985,     0.000,   261.061,   330.916,    33.084,    -9.954,     0.000,         1.429,         0.910,         2.949,     0.007,     0.000,     0.001,     0.003,         1.000,         1.000,         1.000,         1.000,         1.000,         1.000,         1.000,         1.000,         1.000,         0.000,         0.000,         0.000,
    13.201,   388.801,   458.525,     5.305,     0.045,   123.576,     0.000,     0.459,    13.195,   226.000,     1.000,     5.299,   -93.856,     0.000,   261.325,   331.237,    34.370,   -10.426,     0.000,         1.416,         0.925,         2.920,     0.007,     0.000,     0.001,     0.003,         1.000,         1.000,         1.000,         1.000,         1.000,         1.000,         1.000,         1.000,         1.000,         0.000,         0.000,         0.000,
    13.300,   425.767,   458.397,     5.417,     0.027,    93.013,     0.000,     0.459,    13.067,   208.600,     1.000,     5.410,   -95.650,     0.000,   261.597,   331.784,    36.085,   -10.623,     0.000,         1.384,         0.942,         2.890,     0.007,     0.000,     0.001,     0.003,         1.000,         1.000,         1.000,         1.000,         1.000,         1.000,         1.000,         1.000,         1.000,         0.000,         0.000,         0.000,
    13.401,   399.176,   458.259,     5.523,     0.046,   127.169,     0.000,     0.460,    12.929,   208.600,     1.000,     5.513,   -97.294,     0.000,   261.865,   332.269,    37.791,   -10.901,     0.000,         1.367,         0.954,         2.861,     0.007,     0.000,     0.001,     0.003,         1.000,         1.000,         1.000,         1.000,         1.000,         1.000,         1.000,         1.000,         1.000,         0.000,         0.000,         0.000,
    13.500,   184.256,   458.193,     5.616,     0.018,    79.958,     0.000,     0.460,    12.863,   208.600,     1.000,     5.609,   -98.910,     0.000,   262.140,   332.732,    39.560,   -11.242,     0.000,         1.358,         0.962,         2.833,     0.007,     0.000,     0.001,     0.003,         1.000,         1.000,         1.000,         1.000,         1.000,         1.000,         1.000,         1.000,         1.000,         0.000,         0.000,         0.000,
    13.600,   225.324,   458.051,     5.765,     0.014,    88.266,     0.000,     0.460,    12.721,   208.600,     1.000,     5.753,  -101.828,     0.000,   262.413,   333.464,    41.879,   -11.102,     0.000,         1.318,         0.975,         2.804,     0.007,     0.000,     0.001,     0.003,         1.000,         1.000,         1.000,         1.000,         1.000,         1.000,         1.000,         1.000,         1.000,         0.000,         0.000,         0.000,
    13.700,   200.229,   457.926,     5.906,     0.004,    55.622,     0.000,     0.460,    12.596,   208.600,     1.000,     5.893,  -104.528,     0.000,   262.681,   334.111,    44.130,   -11.033,     0.000,         1.293,         0.984,         2.776,     0.008,     0.000,     0.001,     0.004,         1.000,         1.000,         1.000,         1.000,         1.000,         1.000,         1.000,         1.000,         1.000,         0.000,         0.000,         0.000,
    13.803,   493.677,   457.812,     6.014,     0.027,    77.552,     0.000,     0.460,    12.482,   208.600,     1.000,     6.009,  -106.758,     0.000,   262.954,   334.640,    46.243,   -11.172,     0.000,         1.283,         0.989,         2.747,     0.008,     0.000,     0.001,     0.004,         1.000,         1.000,         1.000,         1.000,         1.000,         1.000,         1.000,         1.000,         1.000,         0.000,         0.000,         0.000,
    13.900,   491.319,   457.694,     6.122,     0.034,    76.715,     0.000,     0.460,    12.364,   208.600,     1.000,     6.119,  -109.038,     0.000,   263.225,   335.164,    48.386,   -11.286,     0.000,         1.259,         0.999,         2.720,     0.008,     0.000,     0.001,     0.004,         1.000,         1.000,         1.000,         1.000,         1.000,         1.000,         1.000,         1.000,         1.000,         0.000,         0.000,         0.000,
    14.000,   488.889,   457.579,     6.224,     0.001,    75.361,     0.000,     0.460,    12.249,   208.600,     1.000,     6.217,  -111.170,     0.000,   263.497,   335.648,    50.473,   -11.455,     0.000,         1.231,         1.005,         2.693,     0.008,     0.000,     0.001,     0.004,         1.000,         1.000,         1.000,         1.000,         1.000,         1.000,         1.000,         1.000,         1.000,         0.000,         0.000,         0.000,
    14.103,   486.380,   457.462,     6.302,     0.017,    74.324,     0.000,     0.460,    12.132,   208.600,     1.000,     6.302,  -132.392,     0.000,   258.865,   336.015,    56.828,    -1.587,     0.000,         1.214,         1.009,         2.665,     0.008,     0.000,     0.001,     0.004,         1.000,         1.000,         1.000,         1.000,         1.000,         1.000,         1.000,         1.000,         1.000,         0.000,         0.000,         0.000,
    14.200,   484.028,   457.352,     6.360,     0.003,    72.392,     0.000,     0.460,    12.022,   188.500,     1.000,     6.358,  -151.627,     0.000,   254.255,   336.307,    62.076,     7.498,     0.000,         1.191,         1.018,         2.639,     0.008,     0.000,     0.001,     0.004,         1.000,         1.000,         1.000,         1.000,         1.000,         1.000,         1.000,         1.000,         1.000,         0.000,         0.000,         0.000,
    14.303,   481.517,   457.230,     6.423,     0.043,    73.294,     0.000,     0.460,    11.900,   188.500,     1.000,     6.423,  -164.587,     0.000,   254.402,   336.603,    66.464,    15.923,     0.000,         1.167,         1.036,         2.612,     0.008,     0.000,     0.001,     0.004,         1.000,         1.000,         1.000,         1.000,         1.000,         1.000,         1.000,         1.000,         1.000,         0.000,         0.000,         0.000,
    14.403,   479.084,   457.118,     6.457,     0.020,    73.396,     0.000,     0.461,    11.788,   188.500,     1.000,     6.457,  -179.133,     0.000,   250.845,   336.760,    69.783,    23.435,     0.000,         1.134,         1.064,         2.585,     0.008,     0.000,     0.001,     0.004,         1.000,         1.000,         1.000,         1.000,         1.000,         1.000,         1.000,         1.000,         1.000,         0.000,         0.000,         0.000,
    14.500,   476.736,   457.007,     6.473,     0.031,    73.987,    79.545,     0.461,    11.677,   188.500,     1.000,     6.473,  -116.908,    75.042,   247.424,   336.856,    72.295,    30.223,     0.000,         1.097,         1.102,         2.560,     0.009,     0.000,     0.001,     0.004,         1.000,         1.000,         1.000,         1.000,         1.000,         1.000,         1.000,         1.000,         1.000,         0.000,         0.000,         0.516,
    14.604,   474.218,   456.878,     6.464,     0.056,    72.440,     0.000,     0.461,    11.548,   188.500,     1.000,     6.464,  -202.888,     0.000,   244.135,   336.825,    73.971,    36.226,     0.000,         1.047,         1.152,         2.534,     0.009,     0.000,     0.001,     0.004,         1.000,         1.000,         1.000,         1.000,         1.000,         1.000,         1.000,         1.000,         1.000,         0.000,         0.000,         0.000,
    14.704,   471.790,   456.789,     6.410,     0.037,    69.046,    65.158,     0.462,    11.459,   188.500,     1.000,     6.410,  -150.203,    61.470,   240.966,   336.567,    74.731,    41.342,     0.000,         1.006,         1.198,         2.508,     0.008,     0.000,     0.001,     0.004,         1.000,         1.000,         1.000,         1.000,         1.000,         1.000,         1.000,         1.000,         1.000,         0.000,         0.000,         0.383,
    14.800,   469.444,   456.683,     6.319,     0.050,    72.590,     0.000,     0.462,    11.353,   188.500,     1.000,     6.319,  -218.651,     0.000,   237.917,   336.117,    74.749,    45.703,     0.000,         0.961,         1.242,         2.484,     0.008,     0.000,     0.001,     0.004,         1.000,         1.000,         1.000,         1.000,         1.000,         1.000,         1.000,         1.000,         1.000,         0.000,         0.000,         0.000,
    14.904,   466.921,   456.556,     6.149,     0.059,    76.989,     0.000,     0.463,    11.226,   188.500,     1.000,     6.149,  -223.452,     0.000,   234.985,   335.350,    73.915,    49.172,     0.000,         0.913,         1.284,         2.458,     0.008,     0.000,     0.001,     0.004,         1.000,         1.000,         1.000,         1.000,         1.000,         1.000,         1.000,         1.000,         1.000,         0.000,         0.000,         0.000,
    15.000,   225.134,   456.469,     5.890,     0.064,   121.254,     0.000,     0.463,    11.139,   188.500,     1.000,     5.890,  -225.516,     0.000,   232.194,   334.098,    72.082,    51.529,     0.000,         0.884,         1.308,         2.434,     0.008,     0.000,     0.001,     0.004,         1.000,         1.000,         1.000,         1.000,         1.000,         1.000,         1.000,         1.000,         1.000,         0.000,         0.000,         0.000,
    15.100,   256.991,   456.368,     5.492,     0.055,   102.699,     0.000,     0.463,    11.038,   168.300,     1.000,     5.492,  -214.634,     0.000,   231.937,   332.190,    67.151,    47.231,     0.000,         0.855,         1.328,         2.410,     0.008,     0.000,     0.001,     0.004,         1.000,         1.000,         1.000,         1.000,         1.000,         1.000,         1.000,         1.000,         1.000,         0.000,         0.000,         0.000,
    15.202,   394.646,   456.212,     4.987,     0.025,    69.406,     0.000,     0.463,    10.882,   168.300,     1.000,     4.987,  -202.532,     0.000,   231.727,   329.851,    61.932,    42.476,     0.000,         0.819,         1.346,         2.385,     0.008,     0.000,     0.001,     0.004,         1.000,         1.000,         1.000,         1.000,         1.000,         1.000,         1.000,         1.000,         1.000,         0.000,         0.000,         0.000,
    15.303,   439.094,   456.141,     4.466,     0.026,    77.290,     0.000,     0.464,    10.811,   168.300,     1.000,     4.466,  -190.653,     0.000,   231.514,   327.417,    56.925,    37.825,     0.000,         0.801,         1.354,         2.361,     0.008,     0.000,     0.001,     0.004,         1.000,         1.000,         1.000,         1.000,         1.000,         1.000,         1.000,         1.000,         1.000,         0.000,         0.000,         0.000,
    15.400,   169.290,   456.014,     3.914,     0.016,    52.634,     0.000,     0.463,    10.684,   168.300,     1.000,     3.923,  -178.345,     0.000,   231.299,   324.694,    51.916,    33.033,     0.000,         0.777,         1.331,         2.338,     0.009,     0.000,     0.001,     0.004,         1.000,         1.000,         1.000,         1.000,         1.000,         1.000,         1.000,         1.000,         1.000,         0.000,         0.000,         0.000,
    15.500,   130.973,   455.924,     3.331,     0.028,    82.614,   665.205,     0.463,    10.594,   168.300,     1.000,     3.415,   460.877,   627.552,   231.089,   321.952,    47.306,    28.506,     0.000,         0.752,         1.294,         2.314,     0.009,     0.000,     0.001,     0.004,         1.000,         1.000,         1.000,         1.000,         1.000,         1.000,         1.000,         1.000,         1.000,         0.000,         0.000,         0.715,
    15.601,   139.909,   455.836,     2.944,     0.024,    42.929,    48.496,     0.463,    10.506,   168.300,     1.000,     3.027,  -113.240,    45.751,   230.879,   320.195,    44.155,    25.520,     0.000,         0.738,         1.314,         2.291,     0.008,     0.000,     0.001,     0.004,         1.000,         1.000,         1.000,         1.000,         1.000,         1.000,         1.000,         1.000,         1.000,         0.000,         0.000,         0.295,
    15.700,   222.692,   455.711,     2.653,     0.032,    67.540,   220.239,     0.463,    10.381,   168.300,     1.000,     2.697,    54.775,   207.773,   230.672,   318.826,    41.641,    23.202,     0.000,         0.717,         1.347,         2.268,     0.008,     0.000,     0.001,     0.004,         1.000,         1.000,         1.000,         1.000,         1.000,         1.000,         1.000,         1.000,         1.000,         0.000,         0.000,         0.868,
    15.801,   139.909,   455.622,     2.498,     0.031,    59.659,    48.685,     0.463,    10.292,   168.300,     1.000,     2.556,  -103.501,    45.929,   230.461,   318.117,    39.953,    21.822,     0.000,         0.709,         1.338,         2.246,     0.008,     0.000,     0.001,     0.004,         1.000,         1.000,         1.000,         1.000,         1.000,         1.000,         1.000,         1.000,         1.000,         0.000,         0.000,         0.308,
    15.901,   247.857,   455.494,     2.447,     0.030,    62.338,   533.132,     0.464,    10.164,   168.300,     1.000,     2.489,   355.635,   502.955,   230.255,   317.800,    38.773,    21.002,     0.000,         0.676,         1.367,         2.224,     0.008,     0.000,     0.001,     0.004,         1.000,         1.000,         1.000,         1.000,         1.000,         1.000,         1.000,         1.000,         1.000,         0.000,         0.000,         0.916,
    16.000,    71.795,   455.413,     2.460,     0.054,    98.184,     0.000,     0.464,    10.082,   151.500,     1.000,     2.480,  -146.719,     0.000,   230.045,   317.932,    38.084,    20.748,     0.000,         0.661,         1.376,         2.203,     0.008,     0.000,     0.001,     0.004,         1.000,         1.000,         1.000,         1.000,         1.000,         1.000,         1.000,         1.000,         1.000,         0.000,         0.000,         0.000,
    16.101,   134.951,   455.278,     2.437,     0.038,    77.395,     0.000,     0.464,     9.948,   151.500,     1.000,     2.475,  -142.373,     0.000,   231.591,   317.833,    37.589,    18.542,     0.000,         0.645,         1.385,         2.182,     0.008,     0.000,     0.001,     0.004,         1.000,         1.000,         1.000,         1.000,         1.000,         1.000,         1.000,         1.000,         1.000,         0.000,         0.000,         0.000,
    16.200,    53.941,   455.140,     2.477,     0.042,    82.501,   534.234,     0.464,     9.810,   151.500,     1.000,     2.494,   365.266,   503.995,   233.165,   317.990,    37.311,    16.593,     0.000,         0.627,         1.403,         2.161,     0.008,     0.000,     0.001,     0.004,         1.000,         1.000,         1.000,         1.000,         1.000,         1.000,         1.000,         1.000,         1.000,         0.000,         0.000,         0.885,
    16.300,    65.268,   455.010,     2.477,     0.037,    76.503,   520.609,     0.464,     9.680,   151.500,     1.000,     2.508,   356.673,   491.140,   234.777,   317.996,    36.844,    14.403,     0.000,         0.613,         1.395,         2.140,     0.008,     0.000,     0.001,     0.004,         1.000,         1.000,         1.000,         1.000,         1.000,         1.000,         1.000,         1.000,         1.000,         0.000,         0.000,         0.884,
    16.400,    92.506,   454.864,     2.547,     0.032,    69.249,     0.000,     0.464,     9.534,   151.500,     1.000,     2.549,  -131.192,     0.000,   236.414,   318.341,    36.684,    12.581,     0.000,         0.592,         1.430,         2.120,     0.008,     0.000,     0.001,     0.004,         1.000,         1.000,         1.000,         1.000,         1.000,         1.000,         1.000,         1.000,         1.000,         0.000,         0.000,         0.000,
    16.500,   428.125,   454.760,     2.621,     0.073,    65.405,    19.230,     0.465,     9.430,   151.500,     1.000,     2.623,  -109.609,    18.142,   238.091,   318.675,    36.477,    10.690,     0.000,         0.580,         1.452,         2.099,     0.009,     0.000,     0.001,     0.004,         1.000,         1.000,         1.000,         1.000,         1.000,         1.000,         1.000,         1.000,         1.000,         0.000,         0.000,         0.128,
    16.600,   425.694,   454.619,     2.795,     0.077,    67.137,     0.000,     0.465,     9.289,   151.500,     1.000,     2.795,  -125.717,     0.000,   239.801,   319.471,    36.721,     9.326,     0.000,         0.564,         1.458,         2.078,     0.009,     0.000,     0.001,     0.004,         1.000,         1.000,         1.000,         1.000,         1.000,         1.000,         1.000,         1.000,         1.000,         0.000,         0.000,         0.000,
    16.703,   423.183,   454.484,     3.011,     0.084,    71.662,     0.000,     0.465,     9.154,   151.500,     1.000,     3.017,  -124.194,     0.000,   241.550,   320.450,    37.144,     8.150,     0.000,         0.542,         1.461,         2.057,     0.009,     0.000,     0.001,     0.004,         1.000,         1.000,         1.000,         1.000,         1.000,         1.000,         1.000,         1.000,         1.000,         0.000,         0.000,         0.000,
    16.803,   420.754,   454.386,     3.310,     0.080,    66.765,     0.000,     0.465,     9.056,   137.800,     1.000,     3.312,  -123.928,     0.000,   243.337,   321.826,    37.996,     7.444,     0.000,         0.523,         1.491,         2.036,     0.009,     0.000,     0.001,     0.004,         1.000,         1.000,         1.000,         1.000,         1.000,         1.000,         1.000,         1.000,         1.000,         0.000,         0.000,         0.000,
    16.900,   418.403,   454.241,     3.610,     0.088,    72.114,     0.000,     0.465,     8.911,   137.800,     1.000,     3.610,  -123.898,     0.000,   245.162,   323.287,    38.955,     6.819,     0.000,         0.497,         1.535,         2.017,     0.009,     0.000,     0.001,     0.004,         1.000,         1.000,         1.000,         1.000,         1.000,         1.000,         1.000,         1.000,         1.000,         0.000,         0.000,         0.000,
    17.000,   415.972,   454.107,     3.913,     0.084,    67.987,     0.000,     0.466,     8.777,   137.800,     1.000,     3.925,  -123.610,     0.000,   247.017,   324.682,    39.852,     6.093,     0.000,         0.463,         1.542,         1.996,     0.009,     0.000,     0.001,     0.004,         1.000,         1.000,         1.000,         1.000,         1.000,         1.000,         1.000,         1.000,         1.000,         0.000,         0.000,         0.000,
    17.103,   413.469,   453.970,     4.199,     0.088,    68.839,     0.000,     0.466,     8.640,   137.800,     1.000,     4.201,  -125.049,     0.000,   248.255,   326.005,    40.684,     6.615,     0.000,         0.443,         1.604,         1.976,     0.009,     0.000,     0.001,     0.004,         1.000,         1.000,         1.000,         1.000,         1.000,         1.000,         1.000,         1.000,         1.000,         0.000,         0.000,         0.000,
    17.200,   411.111,   453.841,     4.461,     0.093,    71.346,     0.000,     0.466,     8.511,   137.800,     1.000,     4.455,  -126.324,     0.000,   249.496,   327.275,    41.459,     7.085,     0.000,         0.419,         1.628,         1.956,     0.009,     0.000,     0.001,     0.004,         1.000,         1.000,         1.000,         1.000,         1.000,         1.000,         1.000,         1.000,         1.000,         0.000,         0.000,         0.000,
    17.303,   408.611,   453.690,     4.699,     0.100,    72.601,     0.000,     0.466,     8.360,   137.800,     1.000,     4.694,  -126.943,     0.000,   250.757,   328.366,    42.020,     7.315,     0.000,         0.396,         1.648,         1.936,     0.009,     0.000,     0.001,     0.004,         1.000,         1.000,         1.000,         1.000,         1.000,         1.000,         1.000,         1.000,         1.000,         0.000,         0.000,         0.000,
    17.403,   406.184,   453.546,     4.883,     0.101,    73.255,    57.863,     0.467,     8.216,   137.800,     1.000,     4.882,   -72.153,    54.588,   252.035,   329.226,    42.302,     7.247,     0.000,         0.379,         1.659,         1.917,     0.009,     0.000,     0.001,     0.004,         1.000,         1.000,         1.000,         1.000,         1.000,         1.000,         1.000,         1.000,         1.000,         0.000,         0.000,         0.360,
    17.500,   403.819,   453.409,     5.045,     0.111,    74.591,   521.870,     0.466,     8.079,   124.100,     1.000,     5.035,   366.156,   492.331,   253.330,   329.988,    42.463,     7.054,     0.000,         0.347,         1.647,         1.898,     0.010,     0.000,     0.001,     0.004,         1.000,         1.000,         1.000,         1.000,         1.000,         1.000,         1.000,         1.000,         1.000,         0.000,         0.000,         0.921,
    17.602,   401.333,   453.253,     5.177,     0.112,    74.089,     0.000,     0.466,     7.923,   124.100,     1.000,     5.175,  -125.203,     0.000,   254.646,   330.640,    42.487,     6.722,     0.000,         0.330,         1.627,         1.878,     0.010,     0.000,     0.001,     0.004,         1.000,         1.000,         1.000,         1.000,         1.000,         1.000,         1.000,         1.000,         1.000,         0.000,         0.000,         0.000,
    17.703,   398.896,   453.099,     5.350,     0.120,    75.327,     0.000,     0.466,     7.769,   124.100,     1.000,     5.329,  -124.942,     0.000,   255.985,   331.505,    42.769,     6.653,     0.000,         0.297,         1.581,         1.859,     0.010,     0.000,     0.001,     0.004,         1.000,         1.000,         1.000,         1.000,         1.000,         1.000,         1.000,         1.000,         1.000,         0.000,         0.000,         0.000,
    17.800,   396.528,   452.953,     5.534,     0.128,    81.153,   568.711,     0.466,     7.623,   124.100,     1.000,     5.511,   412.191,   536.520,   257.337,   332.271,    42.931,     6.465,     0.000,         0.287,         1.568,         1.841,     0.010,     0.000,     0.001,     0.004,         1.000,         1.000,         1.000,         1.000,         1.000,         1.000,         1.000,         1.000,         1.000,         0.000,         0.000,         0.831,
    17.902,   394.050,   452.797,     5.680,     0.126,    78.790,   421.718,     0.465,     7.467,   124.100,     1.000,     5.678,   274.311,   397.847,   258.707,   332.990,    43.033,     6.220,     0.000,         0.276,         1.548,         1.822,     0.010,     0.000,     0.001,     0.005,         1.000,         1.000,         1.000,         1.000,         1.000,         1.000,         1.000,         1.000,         1.000,         0.000,         0.000,         0.980,
    18.000,   391.666,   452.648,     5.810,     0.137,    78.699,     0.000,     0.465,     7.318,   124.100,     1.000,     5.801,  -122.616,     0.000,   260.101,   333.680,    43.097,     5.939,     0.000,         0.254,         1.512,         1.804,     0.010,     0.000,     0.001,     0.005,         1.000,         1.000,         1.000,         1.000,         1.000,         1.000,         1.000,         1.000,         1.000,         0.000,         0.000,         0.000,
    18.100,   389.236,   452.497,     5.899,     0.137,    79.941,     0.000,     0.465,     7.167,   124.100,     1.000,     5.899,  -126.129,     0.000,   259.635,   334.097,    44.045,     7.623,     0.000,         0.242,         1.485,         1.786,     0.010,     0.000,     0.001,     0.005,         1.000,         1.000,         1.000,         1.000,         1.000,         1.000,         1.000,         1.000,         1.000,         0.000,         0.000,         0.000,
    18.202,   386.765,   452.343,     5.947,     0.156,    82.721,     0.000,     0.465,     7.013,   111.200,     1.000,     5.947,  -129.280,     0.000,   259.125,   334.341,    44.834,     9.230,     0.000,         0.225,         1.440,         1.768,     0.010,     0.000,     0.001,     0.005,         1.000,         1.000,         1.000,         1.000,         1.000,         1.000,         1.000,         1.000,         1.000,         0.000,         0.000,         0.000,
    18.300,   133.038,   452.196,     5.894,     0.154,    95.209,     0.000,     0.464,     6.866,   111.200,     1.000,     5.894,  -130.668,     0.000,   258.614,   334.069,    44.957,    10.256,     0.000,         0.210,         1.383,         1.750,     0.010,     0.000,     0.001,     0.005,         1.000,         1.000,         1.000,         1.000,         1.000,         1.000,         1.000,         1.000,         1.000,         0.000,         0.000,         0.000,
    18.400,   186.219,   452.053,     5.792,     0.180,    99.910,     0.000,     0.463,     6.723,   111.200,     1.000,     5.792,  -131.294,     0.000,   258.111,   333.586,    44.777,    11.042,     0.000,         0.191,         1.326,         1.733,     0.010,     0.000,     0.001,     0.005,         1.000,         1.000,         1.000,         1.000,         1.000,         1.000,         1.000,         1.000,         1.000,         0.000,         0.000,         0.000,
    18.502,   343.404,   451.913,     5.692,     0.171,    85.245,     0.000,     0.463,     6.583,   111.200,     1.000,     5.692,  -131.988,     0.000,   257.626,   333.134,    44.605,    11.875,     0.000,         0.185,         1.275,         1.715,     0.012,     0.000,     0.001,     0.005,         1.000,         1.000,         1.000,         1.000,         1.000,         1.000,         1.000,         1.000,         1.000,         0.000,         0.000,         0.000,
    18.601,   377.053,   451.756,     5.574,     0.202,    92.363,     0.000,     0.462,     6.426,   111.200,     1.000,     5.583,  -132.410,     0.000,   257.152,   332.617,    44.307,    12.638,     0.000,         0.155,         1.230,         1.698,     0.012,     0.000,     0.001,     0.005,         1.000,         1.000,         1.000,         1.000,         1.000,         1.000,         1.000,         1.000,         1.000,         0.000,         0.000,         0.000,
    18.700,   374.652,   451.632,     5.515,     0.198,    94.040,     0.000,     0.462,     6.302,   111.200,     1.000,     5.515,  -133.565,     0.000,   256.675,   332.277,    44.240,    13.722,     0.000,         0.137,         1.203,         1.681,     0.012,     0.000,     0.001,     0.005,         1.000,         1.000,         1.000,         1.000,         1.000,         1.000,         1.000,         1.000,         1.000,         0.000,         0.000,         0.000,
    18.801,   372.195,   451.505,     5.427,     0.207,    96.148,     0.000,     0.462,     6.175,   111.200,     1.000,     5.427,  -134.485,     0.000,   256.205,   331.875,    44.053,    14.762,     0.000,         0.126,         1.163,         1.664,     0.012,     0.000,     0.001,     0.005,         1.000,         1.000,         1.000,         1.000,         1.000,         1.000,         1.000,         1.000,         1.000,         0.000,         0.000,         0.000,
    18.901,   369.768,   451.378,     5.307,     0.223,   100.334,   104.752,     0.461,     6.048,    99.000,     1.000,     5.307,   -35.892,    98.823,   255.742,   331.302,    43.568,    15.586,     0.000,         0.118,         1.122,         1.647,     0.012,     0.000,     0.001,     0.005,         1.000,         1.000,         1.000,         1.000,         1.000,         1.000,         1.000,         1.000,         1.000,         0.000,         0.000,         0.588,
    19.000,   367.361,   451.252,     5.162,     0.239,   102.890,   360.919,     0.461,     5.922,    99.000,     1.000,     5.162,   206.178,   340.489,   255.285,   330.582,    42.803,    16.211,     0.000,         0.109,         1.090,         1.631,     0.012,     0.000,     0.001,     0.005,         1.000,         1.000,         1.000,         1.000,         1.000,         1.000,         1.000,         1.000,         1.000,         0.000,         0.000,         0.993,
    19.101,   364.914,   451.150,     5.037,     0.238,   100.311,     0.000,     0.461,     5.820,    99.000,     1.000,     5.037,  -135.768,     0.000,   254.832,   330.031,    42.337,    18.232,     0.000,         0.103,         1.060,         1.614,     0.012,     0.000,     0.001,     0.005,         1.000,         1.000,         1.000,         1.000,         1.000,         1.000,         1.000,         1.000,         1.000,         0.000,         0.000,         0.000,
    19.201,   362.488,   451.073,     4.837,     0.259,   105.664,    60.020,     0.460,     5.743,    99.000,     1.000,     4.837,   -78.976,    56.622,   254.413,   329.083,    41.220,    19.708,     0.000,         0.099,         1.043,         1.598,     0.012,     0.000,     0.001,     0.005,         1.000,         1.000,         1.000,         1.000,         1.000,         1.000,         1.000,         1.000,         1.000,         0.000,         0.000,         0.404,
    19.300,   360.069,   450.991,     4.585,     0.291,   106.866,     0.000,     0.460,     5.661,    99.000,     1.000,     4.603,  -134.774,     0.000,   254.028,   327.987,    39.831,    20.983,     0.000,         0.091,         1.022,         1.582,     0.012,     0.000,     0.001,     0.005,         1.000,         1.000,         1.000,         1.000,         1.000,         1.000,         1.000,         1.000,         1.000,         0.000,         0.000,         0.000,
    19.400,   357.632,   450.902,     4.385,     0.253,   101.028,     0.000,     0.460,     5.572,    99.000,     1.000,     4.386,  -134.188,     0.000,   253.677,   326.957,    38.504,    22.403,     0.000,         0.091,         1.010,         1.566,     0.012,     0.000,     0.001,     0.005,         1.000,         1.000,         1.000,         1.000,         1.000,         1.000,         1.000,         1.000,         1.000,         0.000,         0.000,         0.000,
    19.500,   355.200,   450.812,     4.129,     0.267,   103.981,     0.000,     0.460,     5.482,    99.000,     1.000,     4.129,  -132.819,     0.000,   253.359,   325.753,    36.858,    23.567,     0.000,         0.089,         0.993,         1.550,     0.012,     0.000,     0.001,     0.005,         1.000,         1.000,         1.000,         1.000,         1.000,         1.000,         1.000,         1.000,         1.000,         0.000,         0.000,         0.000,
    19.600,   352.777,   450.747,     3.916,     0.287,   107.031,   132.998,     0.460,     5.417,    99.000,     1.000,     3.924,    -6.617,   125.470,   253.075,   324.709,    35.422,    25.032,     0.000,         0.083,         0.976,         1.535,     0.013,     0.000,     0.001,     0.006,         1.000,         1.000,         1.000,         1.000,         1.000,         1.000,         1.000,         1.000,         1.000,         0.000,         0.000,         0.653,
    19.700,   350.347,   450.684,     3.674,     0.363,   111.505,     0.000,     0.460,     5.354,    99.000,     1.000,     3.697,  -131.372,     0.000,   252.824,   323.674,    33.958,    26.564,     0.000,         0.077,         0.960,         1.519,     0.013,     0.000,     0.001,     0.006,         1.000,         1.000,         1.000,         1.000,         1.000,         1.000,         1.000,         1.000,         1.000,         0.000,         0.000,         0.000,
    19.802,   327.749,   450.610,     3.452,     0.298,   101.781,   494.254,     0.459,     5.280,    99.000,     1.000,     3.454,   336.008,   466.278,   252.597,   322.527,    32.269,    28.070,     0.000,         0.082,         0.946,         1.504,     0.013,     0.000,     0.001,     0.006,         1.000,         1.000,         1.000,         1.000,         1.000,         1.000,         1.000,         1.000,         1.000,         0.000,         0.000,         0.951,
    19.900,   345.486,   450.582,     3.276,     0.311,   115.025,     0.000,     0.459,     5.252,    99.000,     1.000,     3.277,  -130.480,     0.000,   252.412,   321.715,    31.076,    30.101,     0.000,         0.080,         0.934,         1.489,     0.013,     0.000,     0.001,     0.006,         1.000,         1.000,         1.000,         1.000,         1.000,         1.000,         1.000,         1.000,         1.000,         0.000,         0.000,         0.000,
    20.000,   343.055,   450.491,     2.987,     0.301,   114.479,     0.000,     0.459,     5.161,    99.000,     1.000,     3.003,  -128.227,     0.000,   252.260,   320.371,    28.959,    31.158,     0.000,         0.071,         0.915,         1.474,     0.013,     0.000,     0.001,     0.006,         1.000,         1.000,         1.000,         1.000,         1.000,         1.000,         1.000,         1.000,         1.000,         0.000,         0.000,         0.000,
    20.102,   340.581,   450.446,     2.835,     0.340,   121.662,   294.192,     0.459,     5.116,    99.000,     1.000,     2.835,   153.376,   277.539,   252.525,   319.647,    27.696,    29.345,     0.000,         0.073,         0.906,         1.459,     0.013,     0.000,     0.001,     0.006,         1.000,         1.000,         1.000,         1.000,         1.000,         1.000,         1.000,         1.000,         1.000,         0.000,         0.000,         0.968,
    20.200,   191.302,   450.391,     2.840,     0.384,   134.611,     0.000,     0.459,     5.061,    99.000,     1.000,     2.841,  -123.598,     0.000,   252.791,   319.693,    27.695,    29.002,     0.000,         0.074,         0.897,         1.445,     0.013,     0.000,     0.001,     0.006,         1.000,         1.000,         1.000,         1.000,         1.000,         1.000,         1.000,         1.000,         1.000,         0.000,         0.000,         0.000,
    20.302,   335.727,   450.254,     2.850,     0.365,   123.948,   431.987,     0.459,     4.924,    86.700,     1.000,     2.849,   284.696,   407.534,   253.059,   319.696,    27.620,    28.582,     0.000,         0.071,         0.891,         1.431,     0.013,     0.000,     0.001,     0.006,         1.000,         1.000,         1.000,         1.000,         1.000,         1.000,         1.000,         1.000,         1.000,         0.000,         0.000,         0.971,
    20.402,   333.294,   450.181,     2.822,     0.333,   126.165,     0.000,     0.459,     4.851,    86.700,     1.000,     2.832,  -121.707,     0.000,   253.332,   319.617,    27.411,    28.011,     0.000,         0.063,         0.881,         1.416,     0.013,     0.000,     0.001,     0.006,         1.000,         1.000,         1.000,         1.000,         1.000,         1.000,         1.000,         1.000,         1.000,         0.000,         0.000,         0.000,
    20.500,    60.374,   450.104,     2.832,     0.339,   113.900,   298.961,     0.459,     4.774,    86.700,     1.000,     2.833,   160.996,   282.038,   253.604,   319.642,    27.363,    27.642,     0.000,         0.073,         0.872,         1.403,     0.013,     0.000,     0.001,     0.006,         1.000,         1.000,         1.000,         1.000,         1.000,         1.000,         1.000,         1.000,         1.000,         0.000,         0.000,         0.987,
    20.600,    55.614,   450.025,     2.835,     0.385,   121.171,   134.686,     0.459,     4.695,    86.700,     1.000,     2.835,     6.694,   127.063,   253.877,   319.664,    27.307,    27.275,     0.000,         0.077,         0.866,         1.389,     0.013,     0.000,     0.001,     0.006,         1.000,         1.000,         1.000,         1.000,         1.000,         1.000,         1.000,         1.000,         1.000,         0.000,         0.000,         0.730,
    20.701,   314.304,   450.014,     2.842,     0.384,   138.276,     0.000,     0.459,     4.684,    86.700,     1.000,     2.845,  -119.819,     0.000,   254.145,   319.712,    27.286,    26.966,     0.000,         0.061,         0.850,         1.375,     0.014,     0.000,     0.001,     0.006,         1.000,         1.000,         1.000,         1.000,         1.000,         1.000,         1.000,         1.000,         1.000,         0.000,         0.000,         0.000,
    20.800,   323.611,   449.872,     2.849,     0.279,   124.633,     0.000,     0.458,     4.542,    86.700,     1.000,     2.849,  -119.125,     0.000,   254.424,   319.733,    27.217,    26.599,     0.000,         0.064,         0.831,         1.361,     0.014,     0.000,     0.001,     0.006,         1.000,         1.000,         1.000,         1.000,         1.000,         1.000,         1.000,         1.000,         1.000,         0.000,         0.000,         0.000,
    20.901,   321.151,   449.796,     2.849,     0.299,   117.385,   233.988,     0.458,     4.466,    86.700,     1.000,     2.849,   102.453,   220.743,   254.699,   319.717,    27.092,    26.181,     0.000,         0.064,         0.825,         1.348,     0.014,     0.000,     0.001,     0.006,         1.000,         1.000,         1.000,         1.000,         1.000,         1.000,         1.000,         1.000,         1.000,         0.000,         0.000,         0.878,
    21.000,   232.378,   449.769,     2.822,     0.428,   136.216,   395.516,     0.458,     4.439,    86.700,     1.000,     2.822,   256.082,   373.128,   254.980,   319.603,    26.824,    25.600,     0.000,         0.064,         0.816,         1.334,     0.014,     0.000,     0.001,     0.006,         1.000,         1.000,         1.000,         1.000,         1.000,         1.000,         1.000,         1.000,         1.000,         0.000,         0.000,         0.983,
    21.100,   153.900,   449.683,     2.897,     0.267,   134.078,    67.358,     0.458,     4.353,    86.700,     1.000,     2.897,   -53.359,    63.545,   255.646,   319.949,    27.304,    25.297,     0.000,         0.064,         0.815,         1.321,     0.014,     0.000,     0.001,     0.006,         1.000,         1.000,         1.000,         1.000,         1.000,         1.000,         1.000,         1.000,         1.000,         0.000,         0.000,         0.397,
    21.201,   260.039,   449.667,     3.016,     0.355,   155.547,     0.000,     0.458,     4.337,    86.700,     1.000,     3.013,  -117.537,     0.000,   256.312,   320.479,    28.068,    25.301,     0.000,         0.061,         0.817,         1.308,     0.014,     0.000,     0.001,     0.006,         1.000,         1.000,         1.000,         1.000,         1.000,         1.000,         1.000,         1.000,         1.000,         0.000,         0.000,         0.000,
    21.301,   311.427,   449.717,     3.143,     0.509,   204.724,     0.000,     0.458,     4.387,    86.700,     1.000,     3.130,  -118.007,     0.000,   256.986,   320.974,    28.797,    25.222,     0.000,         0.052,         0.823,         1.295,     0.014,     0.000,     0.001,     0.006,         1.000,         1.000,         1.000,         1.000,         1.000,         1.000,         1.000,         1.000,         1.000,         0.000,         0.000,         0.000,
    21.400,   309.028,   449.371,     3.239,     0.208,    94.466,     0.000,     0.458,     4.041,    86.700,     1.000,     3.236,  -118.656,     0.000,   257.675,   321.515,    29.617,    25.199,     0.000,         0.062,         0.822,         1.282,     0.014,     0.000,     0.001,     0.006,         1.000,         1.000,         1.000,         1.000,         1.000,         1.000,         1.000,         1.000,         1.000,         0.000,         0.000,         0.000,
    21.501,   247.857,   449.379,     3.365,     0.379,   150.462,     0.000,     0.458,     4.049,    86.700,     1.000,     3.365,  -119.568,     0.000,   258.370,   322.114,    30.555,    25.268,     0.000,         0.063,         0.826,         1.269,     0.014,     0.000,     0.001,     0.006,         1.000,         1.000,         1.000,         1.000,         1.000,         1.000,         1.000,         1.000,         1.000,         0.000,         0.000,         0.000,
    21.600,   188.685,   449.260,     3.488,     0.283,   131.848,     0.000,     0.458,     3.930,    75.300,     1.000,     3.488,  -120.381,     0.000,   259.071,   322.690,    31.481,    25.280,     0.000,         0.063,         0.831,         1.257,     0.014,     0.000,     0.001,     0.006,         1.000,         1.000,         1.000,         1.000,         1.000,         1.000,         1.000,         1.000,         1.000,         0.000,         0.000,         0.000,
    21.700,   149.962,   449.149,     3.634,     0.232,   122.102,    38.474,     0.458,     3.819,    75.300,     1.000,     3.633,   -85.506,    36.297,   259.783,   323.397,    32.663,    25.526,     0.000,         0.061,         0.834,         1.244,     0.014,     0.000,     0.001,     0.006,         1.000,         1.000,         1.000,         1.000,         1.000,         1.000,         1.000,         1.000,         1.000,         0.000,         0.000,         0.271,
    21.801,   232.334,   449.088,     3.757,     0.195,   115.514,     0.000,     0.458,     3.758,    75.300,     1.000,     3.753,  -122.434,     0.000,   260.495,   323.930,    33.571,    25.428,     0.000,         0.057,         0.839,         1.231,     0.014,     0.000,     0.001,     0.006,         1.000,         1.000,         1.000,         1.000,         1.000,         1.000,         1.000,         1.000,         1.000,         0.000,         0.000,         0.000,
    21.901,   296.858,   448.975,     3.942,     0.595,   131.224,   137.528,     0.459,     3.645,    75.300,     1.000,     3.942,     5.050,   129.743,   261.203,   324.789,    35.110,    25.997,     0.000,         0.022,         0.895,         1.219,     0.016,     0.000,     0.001,     0.007,         1.000,         1.000,         1.000,         1.000,         1.000,         1.000,         1.000,         1.000,         1.000,         0.000,         0.000,         0.643,
    22.000,   294.444,   448.900,     4.069,     0.614,   131.307,     0.000,     0.459,     3.570,    75.300,     1.000,     4.069,  -125.827,     0.000,   261.928,   325.418,    36.264,    26.072,     0.000,         0.021,         0.899,         1.207,     0.016,     0.000,     0.001,     0.007,         1.000,         1.000,         1.000,         1.000,         1.000,         1.000,         1.000,         1.000,         1.000,         0.000,         0.000,         0.000,
    22.101,   291.996,   448.814,     4.006,     0.635,   131.762,     0.000,     0.459,     3.484,    75.300,     1.000,     4.006,  -125.986,     0.000,   261.152,   325.153,    35.288,    26.697,     0.000,         0.021,         0.911,         1.195,     0.016,     0.000,     0.001,     0.007,         1.000,         1.000,         1.000,         1.000,         1.000,         1.000,         1.000,         1.000,         1.000,         0.000,         0.000,         0.000,
    22.201,   289.571,   448.776,     3.893,     0.660,   118.029,     0.000,     0.459,     3.446,    75.300,     1.000,     3.896,  -124.950,     0.000,   260.343,   324.629,    33.838,    26.826,     0.000,         0.021,         0.924,         1.183,     0.016,     0.000,     0.001,     0.007,         1.000,         1.000,         1.000,         1.000,         1.000,         1.000,         1.000,         1.000,         1.000,         0.000,         0.000,         0.000,
    22.300,   287.153,   448.680,     3.801,     0.624,   121.897,   304.171,     0.459,     3.350,    75.300,     1.000,     3.801,   162.831,   286.954,   259.542,   324.144,    32.500,    27.022,     0.000,         0.020,         0.940,         1.171,     0.016,     0.000,     0.001,     0.007,         1.000,         1.000,         1.000,         1.000,         1.000,         1.000,         1.000,         1.000,         1.000,         0.000,         0.000,         0.960,
    22.400,   284.712,   448.570,     3.679,     0.663,   121.402,     0.000,     0.459,     3.240,    75.300,     1.000,     3.683,  -123.065,     0.000,   258.745,   323.606,    31.102,    27.102,     0.000,         0.020,         0.954,         1.159,     0.016,     0.000,     0.001,     0.007,         1.000,         1.000,         1.000,         1.000,         1.000,         1.000,         1.000,         1.000,         1.000,         0.000,         0.000,         0.000,
    22.500,   282.289,   448.489,     3.576,     0.704,   114.983,     0.000,     0.460,     3.159,    75.300,     1.000,     3.582,  -122.391,     0.000,   257.957,   323.146,    29.879,    27.323,     0.000,         0.019,         0.968,         1.147,     0.016,     0.000,     0.001,     0.007,         1.000,         1.000,         1.000,         1.000,         1.000,         1.000,         1.000,         1.000,         1.000,         0.000,         0.000,         0.000,
    22.600,   279.861,   448.409,     3.472,     0.726,   115.370,     0.000,     0.460,     3.079,    75.300,     1.000,     3.478,  -121.531,     0.000,   257.173,   322.642,    28.614,    27.448,     0.000,         0.019,         0.985,         1.136,     0.016,     0.000,     0.001,     0.007,         1.000,         1.000,         1.000,         1.000,         1.000,         1.000,         1.000,         1.000,         1.000,         0.000,         0.000,         0.000,
    22.700,   277.423,   448.309,     3.388,     0.713,   110.131,     0.000,     0.460,     2.979,    64.700,     1.000,     3.389,  -121.202,     0.000,   256.370,   322.240,    27.542,    27.791,     0.000,         0.018,         1.005,         1.125,     0.018,     0.000,     0.001,     0.008,         1.000,         1.000,         1.000,         1.000,         1.000,         1.000,         1.000,         1.000,         1.000,         0.000,         0.000,         0.000,
    22.800,   274.995,   448.237,     3.278,     0.718,   107.315,     0.000,     0.460,     2.907,    64.700,     1.000,     3.279,  -120.360,     0.000,   255.611,   321.739,    26.351,    27.880,     0.000,         0.018,         1.004,         1.113,     0.018,     0.000,     0.001,     0.008,         1.000,         1.000,         1.000,         1.000,         1.000,         1.000,         1.000,         1.000,         1.000,         0.000,         0.000,         0.000,
    22.900,   272.569,   448.176,     3.179,     0.728,   105.621,     0.000,     0.460,     2.846,    64.700,     1.000,     3.180,  -119.700,     0.000,   254.835,   321.265,    25.229,    28.041,     0.000,         0.018,         0.992,         1.102,     0.018,     0.000,     0.001,     0.008,         1.000,         1.000,         1.000,         1.000,         1.000,         1.000,         1.000,         1.000,         1.000,         0.000,         0.000,         0.000,
    23.000,   270.139,   448.123,     3.060,     0.743,   104.998,     0.000,     0.460,     2.793,    64.700,     1.000,     3.062,  -118.676,     0.000,   254.075,   320.710,    24.012,    28.028,     0.000,         0.018,         1.005,         1.091,     0.018,     0.000,     0.001,     0.008,         1.000,         1.000,         1.000,         1.000,         1.000,         1.000,         1.000,         1.000,         1.000,         0.000,         0.000,         0.000,
    23.100,   267.708,   448.073,     2.976,     0.740,   101.796,     0.000,     0.460,     2.743,    64.700,     1.000,     2.978,  -120.934,     0.000,   253.188,   320.322,    25.444,    28.355,     0.000,         0.018,         1.021,         1.080,     0.018,     0.000,     0.001,     0.008,         1.000,         1.000,         1.000,         1.000,         1.000,         1.000,         1.000,         1.000,         1.000,         0.000,         0.000,         0.000,
    23.200,   265.277,   448.039,     2.906,     0.736,    99.360,     0.000,     0.460,     2.709,    64.700,     1.000,     2.907,  -123.423,     0.000,   252.306,   320.002,    26.924,    28.803,     0.000,         0.018,         1.036,         1.070,     0.018,     0.000,     0.001,     0.008,         1.000,         1.000,         1.000,         1.000,         1.000,         1.000,         1.000,         1.000,         1.000,         0.000,         0.000,         0.000,
    23.303,   262.775,   447.995,     2.801,     0.755,    99.896,     0.000,     0.460,     2.665,    64.700,     1.000,     2.802,  -125.194,     0.000,   251.423,   319.529,    28.114,    28.975,     0.000,         0.018,         1.047,         1.059,     0.018,     0.000,     0.001,     0.008,         1.000,         1.000,         1.000,         1.000,         1.000,         1.000,         1.000,         1.000,         1.000,         0.000,         0.000,         0.000,
    23.400,   260.416,   447.825,     2.717,     0.742,    96.934,     0.000,     0.460,     2.495,    64.700,     1.000,     2.717,  -127.131,     0.000,   250.561,   319.125,    29.316,    29.251,     0.000,         0.017,         1.052,         1.048,     0.096,     0.000,     0.008,     0.043,         1.000,         1.000,         1.000,         1.000,         1.000,         1.000,         1.000,         1.000,         1.000,         0.000,         0.000,         0.000,
    23.500,   257.986,   447.789,     2.641,     0.742,    95.042,     0.000,     0.461,     2.459,    64.700,     1.000,     2.641,  -129.248,     0.000,   249.693,   318.767,    30.553,    29.621,     0.000,         0.017,         1.069,         1.038,     0.096,     0.000,     0.008,     0.043,         1.000,         1.000,         1.000,         1.000,         1.000,         1.000,         1.000,         1.000,         1.000,         0.000,         0.000,         0.000,
    23.600,   255.555,   447.766,     2.562,     0.737,    93.200,    96.050,     0.461,     2.436,    64.700,     1.000,     2.562,   -40.603,    90.613,   248.848,   318.408,    31.692,    29.964,     0.000,         0.017,         1.081,         1.028,     0.096,     0.000,     0.008,     0.043,         1.000,         1.000,         1.000,         1.000,         1.000,         1.000,         1.000,         1.000,         1.000,         0.000,         0.000,         0.436,
    23.703,   253.058,   447.731,     2.473,     0.756,    93.703,   440.044,     0.461,     2.401,    64.700,     1.000,     2.473,   282.362,   415.135,   247.991,   317.951,    32.664,    30.149,     0.000,         0.017,         1.099,         1.018,     0.096,     0.000,     0.008,     0.043,         1.000,         1.000,         1.000,         1.000,         1.000,         1.000,         1.000,         1.000,         1.000,         0.000,         0.000,         0.949,
    23.800,   198.333,   447.829,     2.385,     0.693,    91.727,   445.061,     0.461,     2.499,    64.700,     1.000,     2.385,   285.290,   419.869,   247.153,   317.580,    33.683,    30.468,     0.000,         0.018,         1.121,         1.008,     0.096,     0.000,     0.008,     0.043,         1.000,         1.000,         1.000,         1.000,         1.000,         1.000,         1.000,         1.000,         1.000,         0.000,         0.000,         0.944,
