JDAY,DLT(s),ELWS(m),T2(C),U(ms-1),Q(m3s-1),SRON(Wm-2),EXT(m-1),DEPTH(m),WIDTH(m),SHADE,Tvolavg(C),NetRad(Wm-2),SWSolar(Wm-2),LWRad(Wm-2),BackRad(Wm-2),EvapF(Wm-2),ConducF(Wm-2),ReaerationCoeff(day-1),           Gen1,           ISS1,     EPI(g/m2),     SED(Organic matter in sediments g/m3),    SEDP(OrgP in sediments gP/m3),    SEDN(OrgN in sediments gN/m3),    SEDC(OrgCSediments gC/m3),PLIM_ALG1           ,PLIM_ALG2           ,PLIM_ALG3           ,NLIM_ALG1           ,NLIM_ALG2           ,NLIM_ALG3           ,LLIM_ALG1           ,LLIM_ALG2           ,LLIM_ALG3           ,EPLIM_1,ENLIM_1,ELLIM_1,
     1.000,     5.000,   468.080,     9.000,    -0.000,    -0.005,     0.000,     0.450,    34.870,   848.200,     1.000,     9.000,  -272.480,     0.000,   231.734,   349.198,    90.104,    64.912,     0.000,         0.000,         0.000,        10.000,     0.000,     0.000,     0.000,     0.000,         1.000,         1.000,         1.000,         1.000,         1.000,         1.000,         1.000,         1.000,         1.000,         1.000,         1.000,         1.000,
     1.101,   400.435,   467.956,     8.983,     0.017,   282.881,     0.000,     0.450,    34.746,   848.200,     1.000,     8.983,  -271.152,     0.000,   231.363,   349.118,    88.962,    64.435,     0.000,         0.101,         0.000,         9.898,     0.000,     0.000,     0.000,     0.000,         1.000,         1.000,         1.000,         1.000,         1.000,         1.000,         1.000,         1.000,         1.000,         0.000,         0.000,         0.000,
     1.201,   799.117,   467.861,     8.969,     0.014,   188.274,     0.000,     0.450,    34.651,   848.200,     1.000,     8.969,  -269.884,     0.000,   230.990,   349.047,    87.851,    63.976,     0.000,         0.201,         0.000,         9.799,     0.000,     0.000,     0.000,     0.000,         1.000,         1.000,         1.000,         1.000,         1.000,         1.000,         1.000,         1.000,         1.000,         0.000,         0.000,         0.000,
     1.300,   797.569,   467.768,     8.953,     0.019,   227.851,   327.391,     0.450,    34.558,   848.200,     1.000,     8.953,    40.181,   308.859,   230.649,   348.964,    86.822,    63.540,     0.000,         0.300,         0.000,         9.701,     0.000,     0.000,     0.000,     0.000,         1.000,         1.000,         1.000,         1.000,         1.000,         1.000,         1.000,         1.000,         1.000,         0.000,         0.000,         0.979,
     1.400,   795.131,   467.678,     8.925,     0.019,   183.547,     0.000,     0.450,    34.468,   848.200,     1.000,     8.943,  -267.356,     0.000,   230.284,   348.860,    85.718,    63.063,     0.000,         0.400,         0.000,         9.604,     0.000,     0.000,     0.000,     0.000,         1.000,         1.000,         1.000,         1.000,         1.000,         1.000,         1.000,         1.000,         1.000,         0.000,         0.000,         0.000,
     1.500,   792.708,   467.608,     8.917,     0.019,   170.699,     0.000,     0.450,    34.398,   848.200,     1.000,     8.926,  -266.246,     0.000,   229.918,   348.806,    84.704,    62.654,     0.000,         0.500,         0.000,         9.507,     0.000,     0.000,     0.000,     0.000,         1.000,         1.000,         1.000,         1.000,         1.000,         1.000,         1.000,         1.000,         1.000,         0.000,         0.000,         0.000,
     1.600,   790.277,   467.542,     8.917,     0.019,   170.646,   329.240,     0.450,    34.332,   848.200,     1.000,     8.917,    45.322,   310.604,   229.553,   348.784,    83.760,    62.291,     0.000,         0.600,         0.000,         9.412,     0.000,     0.000,     0.000,     0.000,         1.000,         1.000,         1.000,         1.000,         1.000,         1.000,         1.000,         1.000,         1.000,         0.000,         0.000,         0.988,
     1.700,   787.842,   467.476,     8.893,     0.019,   168.883,     0.000,     0.450,    34.266,   848.200,     1.000,     8.893,  -264.062,     0.000,   229.190,   348.682,    82.725,    61.846,     0.000,         0.700,         0.000,         9.317,     0.000,     0.000,     0.000,     0.000,         1.000,         1.000,         1.000,         1.000,         1.000,         1.000,         1.000,         1.000,         1.000,         0.000,         0.000,         0.000,
     1.801,   785.390,   467.406,     8.877,     0.019,   177.080,   330.470,     0.450,    34.196,   848.200,     1.000,     8.881,    48.887,   311.764,   228.826,   348.581,    81.710,    61.412,     0.000,         0.801,         0.000,         9.222,     0.000,     0.000,     0.000,     0.000,         1.000,         1.000,         1.000,         1.000,         1.000,         1.000,         1.000,         1.000,         1.000,         0.000,         0.000,         0.992,
     1.900,   782.986,   467.339,     8.866,     0.018,   172.992,     0.000,     0.450,    34.129,   848.200,     1.000,     8.866,  -261.969,     0.000,   228.470,   348.545,    80.825,    61.069,     0.000,         0.900,         0.000,         9.131,     0.000,     0.000,     0.000,     0.000,         1.000,         1.000,         1.000,         1.000,         1.000,         1.000,         1.000,         1.000,         1.000,         0.000,         0.000,         0.000,
     2.000,   780.555,   467.270,     8.836,     0.018,   171.230,     0.000,     0.450,    34.060,   848.200,     1.000,     8.846,  -260.725,     0.000,   228.112,   348.404,    79.814,    60.618,     0.000,         1.000,         0.000,         9.039,     0.000,     0.000,     0.000,     0.000,         1.000,         1.000,         1.000,         1.000,         1.000,         1.000,         1.000,         1.000,         1.000,         0.000,         0.000,         0.000,
     2.100,   778.122,   467.201,     8.820,     0.019,   175.790,     0.000,     0.450,    33.991,   848.200,     1.000,     8.830,  -264.857,     0.000,   228.677,   348.341,    82.986,    62.206,     0.000,         1.100,         0.000,         8.948,     0.000,     0.000,     0.000,     0.000,         1.000,         1.000,         1.000,         1.000,         1.000,         1.000,         1.000,         1.000,         1.000,         0.000,         0.000,         0.000,
     2.200,   775.694,   467.130,     8.827,     0.021,   177.028,   666.812,     0.450,    33.920,   848.200,     1.000,     8.826,   359.010,   629.068,   229.337,   348.292,    86.925,    64.178,     0.000,         1.199,         0.000,         8.858,     0.000,     0.000,     0.000,     0.000,         1.000,         1.000,         1.000,         1.000,         1.000,         1.000,         1.000,         1.000,         1.000,         0.000,         0.000,         0.726,
     2.301,   773.240,   467.059,     8.826,     0.021,   175.841,     0.000,     0.450,    33.849,   848.200,     1.000,     8.826,  -276.400,     0.000,   230.010,   348.386,    91.497,    66.527,     0.000,         1.300,         0.000,         8.768,     0.000,     0.000,     0.000,     0.000,         1.000,         1.000,         1.000,         1.000,         1.000,         1.000,         1.000,         1.000,         1.000,         0.000,         0.000,         0.000,
     2.400,   770.828,   466.989,     8.823,     0.022,   175.138,   447.958,     0.450,    33.778,   848.200,     1.000,     8.823,   140.119,   422.602,   230.678,   348.301,    96.087,    68.773,     0.000,         1.400,         0.000,         8.681,     0.000,     0.000,     0.000,     0.000,         1.000,         1.000,         1.000,         1.000,         1.000,         1.000,         1.000,         1.000,         1.000,         0.000,         0.000,         0.936,
     2.500,   768.402,   466.919,     8.811,     0.023,   173.021,     0.000,     0.450,    33.709,   848.200,     1.000,     8.811,  -289.164,     0.000,   231.357,   348.235,   101.090,    71.195,     0.000,         1.499,         0.000,         8.594,     0.000,     0.000,     0.000,     0.000,         1.000,         1.000,         1.000,         1.000,         1.000,         1.000,         1.000,         1.000,         1.000,         0.000,         0.000,         0.000,
     2.600,   765.968,   466.849,     8.757,     0.021,   176.030,     0.000,     0.450,    33.639,   848.200,     1.000,     8.794,  -296.414,     0.000,   232.043,   348.191,   106.492,    73.774,     0.000,         1.599,         0.000,         8.507,     0.000,     0.000,     0.000,     0.000,         1.000,         1.000,         1.000,         1.000,         1.000,         1.000,         1.000,         1.000,         1.000,         0.000,         0.000,         0.000,
     2.701,   763.517,   466.778,     8.778,     0.019,   178.225,     0.000,     0.450,    33.568,   848.200,     1.000,     8.783,  -304.715,     0.000,   232.794,   348.126,   112.718,    76.666,     0.000,         1.700,         0.000,         8.421,     0.000,     0.000,     0.000,     0.000,         1.000,         1.000,         1.000,         1.000,         1.000,         1.000,         1.000,         1.000,         1.000,         0.000,         0.000,         0.000,
     2.800,   761.111,   466.710,     8.760,     0.016,   174.275,     0.000,     0.450,    33.500,   848.200,     1.000,     8.769,  -312.015,     0.000,   233.437,   348.044,   118.255,    79.153,     0.000,         1.799,         0.000,         8.337,     0.000,     0.000,     0.000,     0.000,         1.000,         1.000,         1.000,         1.000,         1.000,         1.000,         1.000,         1.000,         1.000,         0.000,         0.000,         0.000,
     2.901,   758.654,   466.638,     8.748,     0.015,   172.205,     0.000,     0.450,    33.428,   848.200,     1.000,     8.748,  -319.885,     0.000,   234.199,   347.726,   124.619,    81.738,     0.000,         1.900,         0.000,         8.252,     0.000,     0.000,     0.000,     0.000,         1.000,         1.000,         1.000,         1.000,         1.000,         1.000,         1.000,         1.000,         1.000,         0.000,         0.000,         0.000,
     3.000,   756.250,   466.569,     8.733,     0.015,   171.145,     0.000,     0.450,    33.359,   848.200,     1.000,     8.737,  -329.728,     0.000,   234.910,   347.868,   131.803,    84.967,     0.000,         1.999,         0.000,         8.170,     0.000,     0.000,     0.000,     0.000,         1.000,         1.000,         1.000,         1.000,         1.000,         1.000,         1.000,         1.000,         1.000,         0.000,         0.000,         0.000,
     3.100,   753.819,   466.499,     8.708,     0.015,   169.074,     0.000,     0.450,    33.289,   832.200,     1.000,     8.710,  -322.522,     0.000,   236.192,   347.510,   129.354,    81.850,     0.000,         2.099,         0.000,         8.088,     0.000,     0.000,     0.000,     0.000,         1.000,         1.000,         1.000,         1.000,         1.000,         1.000,         1.000,         1.000,         1.000,         0.000,         0.000,         0.000,
     3.201,   751.362,   466.425,     8.677,     0.016,   171.773,     0.000,     0.450,    33.215,   832.200,     1.000,     8.679,  -316.331,     0.000,   237.496,   347.353,   127.343,    79.130,     0.000,         2.200,         0.000,         8.006,     0.000,     0.000,     0.000,     0.000,         1.000,         1.000,         1.000,         1.000,         1.000,         1.000,         1.000,         1.000,         1.000,         0.000,         0.000,         0.000,
     3.301,   748.942,   466.352,     8.664,     0.016,   173.054,     0.000,     0.450,    33.142,   832.200,     1.000,     8.664,  -312.345,     0.000,   238.720,   347.549,   126.241,    77.275,     0.000,         2.299,         0.000,         7.926,     0.001,     0.000,     0.000,     0.000,         1.000,         1.000,         1.000,         1.000,         1.000,         1.000,         1.000,         1.000,         1.000,         0.000,         0.000,         0.000,
     3.400,   746.527,   466.279,     8.642,     0.014,   168.684,     0.000,     0.450,    33.069,   832.200,     1.000,     8.642,  -305.843,     0.000,   240.173,   347.429,   124.122,    74.465,     0.000,         2.398,         0.000,         7.847,     0.001,     0.000,     0.000,     0.000,         1.000,         1.000,         1.000,         1.000,         1.000,         1.000,         1.000,         1.000,         1.000,         0.000,         0.000,         0.000,
     3.500,   744.097,   466.206,     8.630,     0.015,   169.401,     0.000,     0.450,    32.996,   832.200,     1.000,     8.632,  -300.064,     0.000,   241.548,   347.377,   122.256,    71.978,     0.000,         2.498,         0.000,         7.768,     0.001,     0.000,     0.000,     0.000,         1.000,         1.000,         1.000,         1.000,         1.000,         1.000,         1.000,         1.000,         1.000,         0.000,         0.000,         0.000,
     3.601,   741.640,   466.131,     8.612,     0.013,   173.454,   495.380,     0.450,    32.921,   832.200,     1.000,     8.612,   175.221,   467.339,   242.939,   346.907,   119.419,    68.731,     0.000,         2.599,         0.000,         7.689,     0.001,     0.000,     0.000,     0.000,         1.000,         1.000,         1.000,         1.000,         1.000,         1.000,         1.000,         1.000,         1.000,         0.000,         0.000,         0.907,
     3.700,   739.236,   466.058,     8.590,     0.015,   173.989,     0.000,     0.450,    32.848,   832.200,     1.000,     8.590,  -287.890,     0.000,   244.362,   347.175,   118.210,    66.867,     0.000,         2.698,         0.000,         7.612,     0.001,     0.000,     0.000,     0.000,         1.000,         1.000,         1.000,         1.000,         1.000,         1.000,         1.000,         1.000,         1.000,         0.000,         0.000,         0.000,
     3.801,   736.792,   465.983,     8.577,     0.015,   169.553,     0.000,     0.450,    32.773,   832.200,     1.000,     8.577,  -282.409,     0.000,   245.696,   347.122,   116.385,    64.597,     0.000,         2.798,         0.000,         7.535,     0.001,     0.000,     0.000,     0.000,         1.000,         1.000,         1.000,         1.000,         1.000,         1.000,         1.000,         1.000,         1.000,         0.000,         0.000,         0.000,
     3.901,   715.200,   465.912,     8.563,     0.014,   161.364,     0.000,     0.450,    32.702,   832.200,     1.000,     8.563,  -275.933,     0.000,   247.263,   347.042,   114.200,    61.953,     0.000,         2.898,         0.000,         7.459,     0.000,     0.000,     0.000,     0.000,         1.000,         1.000,         1.000,         1.000,         1.000,         1.000,         1.000,         1.000,         1.000,         0.000,         0.000,         0.000,
     4.000,   698.607,   465.843,     8.544,     0.012,   154.362,     0.000,     0.450,    32.633,   832.200,     1.000,     8.547,  -269.794,     0.000,   248.758,   346.965,   112.107,    59.480,     0.000,         2.997,         0.000,         7.385,     0.000,     0.000,     0.000,     0.000,         1.000,         1.000,         1.000,         1.000,         1.000,         1.000,         1.000,         1.000,         1.000,         0.000,         0.000,         0.000,
     4.101,   660.341,   465.770,     8.527,     0.013,   162.940,     0.000,     0.450,    32.560,   832.200,     1.000,     8.525,  -265.734,     0.000,   249.380,   346.927,   108.190,    59.997,     0.000,         3.098,         0.000,         7.310,     0.000,     0.000,     0.000,     0.000,         1.000,         1.000,         1.000,         1.000,         1.000,         1.000,         1.000,         1.000,         1.000,         0.000,         0.000,         0.000,
     4.201,   645.542,   465.701,     8.502,     0.018,   164.926,     0.000,     0.450,    32.491,   832.200,     1.000,     8.502,  -260.791,     0.000,   250.035,   346.741,   103.827,    60.259,     0.000,         3.198,         0.000,         7.237,     0.001,     0.000,     0.000,     0.000,         1.000,         1.000,         1.000,         1.000,         1.000,         1.000,         1.000,         1.000,         1.000,         0.000,         0.000,         0.000,
     4.300,   613.516,   465.641,     8.496,     0.021,   151.252,   393.187,     0.450,    32.431,   832.200,     1.000,     8.496,   114.454,   370.931,   250.730,   346.707,    99.712,    60.787,     0.000,         3.297,         0.000,         7.165,     0.001,     0.000,     0.000,     0.000,         1.000,         1.000,         1.000,         1.000,         1.000,         1.000,         1.000,         1.000,         1.000,         0.000,         0.000,         0.987,
     4.401,   591.438,   465.579,     8.478,     0.018,   148.818,   259.734,     0.450,    32.369,   832.200,     1.000,     8.478,    -6.100,   245.032,   251.444,   346.469,    95.185,    60.921,     0.000,         3.397,         0.000,         7.092,     0.001,     0.000,     0.000,     0.000,         1.000,         1.000,         1.000,         1.000,         1.000,         1.000,         1.000,         1.000,         1.000,         0.000,         0.000,         0.942,
     4.500,   559.139,   465.508,     8.465,     0.018,   166.802,   328.775,     0.450,    32.298,   816.200,     1.000,     8.465,    62.939,   310.165,   252.197,   346.555,    91.248,    61.622,     0.000,         3.496,         0.000,         7.021,     0.001,     0.000,     0.000,     0.000,         1.000,         1.000,         1.000,         1.000,         1.000,         1.000,         1.000,         1.000,         1.000,         0.000,         0.000,         0.988,
     4.600,   530.371,   465.430,     8.427,     0.015,   161.050,     0.000,     0.450,    32.220,   816.200,     1.000,     8.441,  -242.211,     0.000,   252.990,   346.445,    86.793,    61.964,     0.000,         3.596,         0.000,         6.951,     0.001,     0.000,     0.000,     0.000,         1.000,         1.000,         1.000,         1.000,         1.000,         1.000,         1.000,         1.000,         1.000,         0.000,         0.000,         0.000,
     4.701,   493.898,   465.354,     8.423,     0.016,   152.317,     0.000,     0.450,    32.144,   816.200,     1.000,     8.423,  -237.217,     0.000,   253.812,   346.357,    82.343,    62.329,     0.000,         3.696,         0.000,         6.880,     0.001,     0.000,     0.000,     0.000,         1.000,         1.000,         1.000,         1.000,         1.000,         1.000,         1.000,         1.000,         1.000,         0.000,         0.000,         0.000,
     4.801,   502.288,   465.281,     8.409,     0.023,   141.996,     0.000,     0.450,    32.071,   816.200,     1.000,     8.409,  -231.799,     0.000,   254.681,   346.221,    77.655,    62.604,     0.000,         3.796,         0.000,         6.811,     0.001,     0.000,     0.000,     0.000,         1.000,         1.000,         1.000,         1.000,         1.000,         1.000,         1.000,         1.000,         1.000,         0.000,         0.000,         0.000,
     4.900,   446.511,   465.209,     8.390,     0.030,   180.183,   468.388,     0.450,    31.999,   816.200,     1.000,     8.390,   215.029,   441.876,   255.561,   346.185,    73.199,    63.023,     0.000,         3.895,         0.000,         6.743,     0.001,     0.000,     0.000,     0.000,         1.000,         1.000,         1.000,         1.000,         1.000,         1.000,         1.000,         1.000,         1.000,         0.000,         0.000,         0.937,
     5.000,   401.752,   465.125,     8.370,     0.009,   169.221,     0.000,     0.450,    31.915,   816.200,     1.000,     8.370,  -221.242,     0.000,   256.520,   346.088,    68.325,    63.350,     0.000,         3.995,         0.000,         6.675,     0.001,     0.000,     0.000,     0.000,         1.000,         1.000,         1.000,         1.000,         1.000,         1.000,         1.000,         1.000,         1.000,         0.000,         0.000,         0.000,
     5.101,   367.450,   465.044,     8.344,    -0.001,   180.307,     0.000,     0.450,    31.834,   816.200,     1.000,     8.344,  -216.705,     0.000,   256.395,   345.966,    66.423,    60.711,     0.000,         4.095,         0.000,         6.608,     0.001,     0.000,     0.000,     0.000,         1.000,         1.000,         1.000,         1.000,         1.000,         1.000,         1.000,         1.000,         1.000,         0.000,         0.000,         0.000,
     5.200,   328.212,   464.956,     8.321,    -0.004,   169.453,     0.000,     0.450,    31.746,   816.200,     1.000,     8.321,  -212.356,     0.000,   256.267,   345.852,    64.577,    58.194,     0.000,         4.194,         0.000,         6.542,     0.001,     0.000,     0.000,     0.000,         1.000,         1.000,         1.000,         1.000,         1.000,         1.000,         1.000,         1.000,         1.000,         0.000,         0.000,         0.000,
     5.301,   521.913,   464.871,     8.298,     0.006,   178.250,     0.000,     0.450,    31.661,   816.200,     1.000,     8.299,  -207.857,     0.000,   256.140,   345.659,    62.643,    55.695,     0.000,         4.295,         0.000,         6.475,     0.000,     0.000,     0.000,     0.000,         1.000,         1.000,         1.000,         1.000,         1.000,         1.000,         1.000,         1.000,         1.000,         0.000,         0.000,         0.000,
     5.401,   158.959,   464.784,     8.278,     0.000,   153.039,   130.080,     0.450,    31.574,   816.200,     1.000,     8.281,   -81.423,   122.717,   256.009,   345.638,    61.009,    53.501,     0.000,         4.394,         0.000,         6.411,     0.000,     0.000,     0.000,     0.000,         1.000,         1.000,         1.000,         1.000,         1.000,         1.000,         1.000,         1.000,         1.000,         0.000,         0.000,         0.656,
     5.500,   338.169,   464.703,     8.258,    -0.001,   166.039,   151.098,     0.450,    31.493,   816.200,     1.000,     8.264,   -57.795,   142.546,   255.881,   345.535,    59.325,    51.361,     0.000,         4.493,         0.000,         6.347,     0.001,     0.000,     0.000,     0.000,         1.000,         1.000,         1.000,         1.000,         1.000,         1.000,         1.000,         1.000,         1.000,         0.000,         0.000,         0.728,
     5.601,   390.233,   464.623,     8.245,     0.002,   213.277,     0.000,     0.450,    31.413,   816.200,     1.000,     8.245,  -196.906,     0.000,   255.754,   345.477,    57.778,    49.405,     0.000,         4.594,         0.000,         6.282,     0.001,     0.000,     0.000,     0.000,         1.000,         1.000,         1.000,         1.000,         1.000,         1.000,         1.000,         1.000,         1.000,         0.000,         0.000,         0.000,
     5.701,   139.909,   464.549,     8.219,    -0.003,   168.980,     0.000,     0.450,    31.339,   816.200,     1.000,     8.224,  -193.458,     0.000,   255.626,   345.374,    56.218,    47.492,     0.000,         4.693,         0.000,         6.219,     0.001,     0.000,     0.000,     0.000,         1.000,         1.000,         1.000,         1.000,         1.000,         1.000,         1.000,         1.000,         1.000,         0.000,         0.000,         0.000,
     5.800,   218.293,   464.463,     8.203,    -0.004,   148.210,     0.000,     0.450,    31.253,   803.700,     1.000,     8.206,  -190.256,     0.000,   255.499,   345.273,    54.757,    45.726,     0.000,         4.792,         0.000,         6.157,     0.001,     0.000,     0.000,     0.000,         1.000,         1.000,         1.000,         1.000,         1.000,         1.000,         1.000,         1.000,         1.000,         0.000,         0.000,         0.000,
     5.901,   329.898,   464.375,     8.185,    -0.004,   151.912,     0.000,     0.450,    31.165,   803.700,     1.000,     8.187,  -187.315,     0.000,   255.373,   345.186,    53.402,    44.099,     0.000,         4.892,         0.000,         6.095,     0.001,     0.000,     0.000,     0.000,         1.000,         1.000,         1.000,         1.000,         1.000,         1.000,         1.000,         1.000,         1.000,         0.000,         0.000,         0.000,
     6.000,   153.900,   464.295,     8.167,    -0.002,   184.800,     0.000,     0.450,    31.085,   803.700,     1.000,     8.171,  -184.453,     0.000,   255.243,   345.088,    52.081,    42.528,     0.000,         4.991,         0.000,         6.034,     0.001,     0.000,     0.000,     0.000,         1.000,         1.000,         1.000,         1.000,         1.000,         1.000,         1.000,         1.000,         1.000,         0.000,         0.000,         0.000,
     6.100,   151.144,   464.216,     8.151,    -0.005,   152.535,   324.912,     0.450,    31.006,   803.700,     1.000,     8.151,   123.362,   306.521,   255.431,   345.012,    52.089,    41.489,     0.000,         5.091,         0.000,         5.973,     0.001,     0.000,     0.000,     0.000,         1.000,         1.000,         1.000,         1.000,         1.000,         1.000,         1.000,         1.000,         1.000,         0.000,         0.000,         0.995,
     6.201,   115.627,   464.134,     8.126,    -0.002,   203.524,     0.000,     0.450,    30.924,   803.700,     1.000,     8.129,  -181.737,     0.000,   255.631,   344.905,    52.065,    40.399,     0.000,         5.191,         0.000,         5.913,     0.001,     0.000,     0.000,     0.000,         1.000,         1.000,         1.000,         1.000,         1.000,         1.000,         1.000,         1.000,         1.000,         0.000,         0.000,         0.000,
     6.300,    71.795,   464.049,     8.106,    -0.005,   143.195,   123.238,     0.450,    30.839,   803.700,     1.000,     8.109,   -64.103,   116.263,   255.836,   344.810,    52.055,    39.336,     0.000,         5.290,         0.000,         5.854,     0.001,     0.000,     0.000,     0.000,         1.000,         1.000,         1.000,         1.000,         1.000,         1.000,         1.000,         1.000,         1.000,         0.000,         0.000,         0.704,
     6.400,    22.876,   463.964,     8.092,    -0.004,   150.775,     0.000,     0.450,    30.754,   803.700,     1.000,     8.091,  -179.003,     0.000,   256.047,   344.721,    52.052,    38.278,     0.000,         5.389,         0.000,         5.795,     0.001,     0.000,     0.000,     0.000,         1.000,         1.000,         1.000,         1.000,         1.000,         1.000,         1.000,         1.000,         1.000,         0.000,         0.000,         0.000,
     6.500,   204.840,   463.887,     8.070,    -0.005,   191.106,     0.000,     0.450,    30.677,   803.700,     1.000,     8.072,  -177.559,     0.000,   256.261,   344.603,    52.009,    37.208,     0.000,         5.489,         0.000,         5.737,     0.001,     0.000,     0.000,     0.000,         1.000,         1.000,         1.000,         1.000,         1.000,         1.000,         1.000,         1.000,         1.000,         0.000,         0.000,         0.000,
     6.601,   197.994,   463.809,     8.045,    -0.007,   156.410,     0.000,     0.450,    30.599,   803.700,     1.000,     8.047,  -176.118,     0.000,   256.486,   344.495,    51.981,    36.128,     0.000,         5.589,         0.000,         5.679,     0.001,     0.000,     0.000,     0.000,         1.000,         1.000,         1.000,         1.000,         1.000,         1.000,         1.000,         1.000,         1.000,         0.000,         0.000,         0.000,
     6.700,   153.900,   463.728,     8.028,    -0.007,   157.465,   399.092,     0.450,    30.518,   803.700,     1.000,     8.027,   201.742,   376.502,   256.713,   344.407,    51.978,    35.090,     0.000,         5.688,         0.000,         5.622,     0.001,     0.000,     0.000,     0.000,         1.000,         1.000,         1.000,         1.000,         1.000,         1.000,         1.000,         1.000,         1.000,         0.000,         0.000,         0.986,
     6.801,   153.900,   463.654,     8.004,    -0.007,   160.753,     0.000,     0.450,    30.444,   803.700,     1.000,     8.004,  -173.303,     0.000,   256.952,   344.297,    51.947,    34.011,     0.000,         5.788,         0.000,         5.565,     0.001,     0.000,     0.000,     0.000,         1.000,         1.000,         1.000,         1.000,         1.000,         1.000,         1.000,         1.000,         1.000,         0.000,         0.000,         0.000,
     6.900,    40.527,   463.576,     7.989,    -0.005,   177.241,     0.000,     0.450,    30.366,   803.700,     1.000,     7.987,  -171.978,     0.000,   257.193,   344.223,    51.961,    32.988,     0.000,         5.886,         0.000,         5.510,     0.001,     0.000,     0.000,     0.000,         1.000,         1.000,         1.000,         1.000,         1.000,         1.000,         1.000,         1.000,         1.000,         0.000,         0.000,         0.000,
     7.000,    36.842,   463.501,     7.968,    -0.006,   171.826,     0.000,     0.450,    30.291,   794.700,     1.000,     7.965,  -170.545,     0.000,   257.442,   344.119,    51.936,    31.932,     0.000,         5.986,         0.000,         5.454,     0.001,     0.000,     0.000,     0.000,         1.000,         1.000,         1.000,         1.000,         1.000,         1.000,         1.000,         1.000,         1.000,         0.000,         0.000,         0.000,
     7.101,    78.975,   463.417,     7.953,    -0.008,   147.285,     0.000,     0.450,    30.207,   794.700,     1.000,     7.946,  -168.445,     0.000,   256.610,   344.047,    50.353,    30.654,     0.000,         6.085,         0.000,         5.399,     0.001,     0.000,     0.000,     0.000,         1.000,         1.000,         1.000,         1.000,         1.000,         1.000,         1.000,         1.000,         1.000,         0.000,         0.000,         0.000,
     7.201,   108.204,   463.325,     7.931,    -0.013,    78.890,     0.000,     0.450,    30.115,   794.700,     1.000,     7.922,  -166.221,     0.000,   255.824,   343.939,    48.737,    29.369,     0.000,         6.184,         0.000,         5.345,     0.001,     0.000,     0.000,     0.000,         1.000,         1.000,         1.000,         1.000,         1.000,         1.000,         1.000,         1.000,         1.000,         0.000,         0.000,         0.000,
     7.300,   105.115,   463.252,     7.913,    -0.007,   150.374,   131.551,     0.450,    30.042,   794.700,     1.000,     7.901,   -39.937,   124.105,   255.081,   343.849,    47.148,    28.126,     0.000,         6.283,         0.000,         5.292,     0.001,     0.000,     0.000,     0.000,         1.000,         1.000,         1.000,         1.000,         1.000,         1.000,         1.000,         1.000,         1.000,         0.000,         0.000,         0.711,
     7.401,    95.040,   463.179,     7.899,    -0.004,   194.721,   577.997,     0.450,    29.969,   794.700,     1.000,     7.881,   383.410,   545.280,   254.375,   343.772,    45.566,    26.907,     0.000,         6.382,         0.000,         5.238,     0.001,     0.000,     0.000,     0.000,         1.000,         1.000,         1.000,         1.000,         1.000,         1.000,         1.000,         1.000,         1.000,         0.000,         0.000,         0.835,
     7.500,   531.303,   463.097,     7.886,    -0.015,   152.521,     0.000,     0.450,    29.887,   794.700,     1.000,     7.864,  -159.852,     0.000,   253.739,   343.726,    44.081,    25.784,     0.000,         6.480,         0.000,         5.186,     0.001,     0.000,     0.000,     0.000,         1.000,         1.000,         1.000,         1.000,         1.000,         1.000,         1.000,         1.000,         1.000,         0.000,         0.000,         0.000,
     7.600,   644.444,   463.015,     7.872,    -0.011,   167.642,     0.000,     0.450,    29.805,   794.700,     1.000,     7.846,  -157.610,     0.000,   253.112,   343.650,    42.482,    24.590,     0.000,         6.580,         0.000,         5.134,     0.001,     0.000,     0.000,     0.000,         1.000,         1.000,         1.000,         1.000,         1.000,         1.000,         1.000,         1.000,         1.000,         0.000,         0.000,         0.000,
     7.701,   641.994,   462.937,     7.858,    -0.007,   168.410,   191.068,     0.450,    29.727,   794.700,     1.000,     7.830,    24.857,   180.253,   252.544,   343.575,    40.922,    23.443,     0.000,         6.680,         0.000,         5.082,     0.001,     0.000,     0.000,     0.000,         1.000,         1.000,         1.000,         1.000,         1.000,         1.000,         1.000,         1.000,         1.000,         0.000,         0.000,         0.802,
     7.801,   639.566,   462.864,     7.834,    -0.005,   167.432,     0.000,     0.450,    29.654,   794.700,     1.000,     7.808,  -153.007,     0.000,   252.016,   343.462,    39.300,    22.262,     0.000,         6.779,         0.000,         5.031,     0.001,     0.000,     0.000,     0.000,         1.000,         1.000,         1.000,         1.000,         1.000,         1.000,         1.000,         1.000,         1.000,         0.000,         0.000,         0.000,
     7.900,   637.152,   462.790,     7.823,    -0.004,   166.640,     0.000,     0.450,    29.580,   794.700,     1.000,     7.796,  -150.839,     0.000,   251.546,   343.409,    37.787,    21.188,     0.000,         6.877,         0.000,         4.980,     0.001,     0.000,     0.000,     0.000,         1.000,         1.000,         1.000,         1.000,         1.000,         1.000,         1.000,         1.000,         1.000,         0.000,         0.000,         0.000,
     8.000,   634.722,   462.720,     7.803,    -0.004,   167.059,   126.274,     0.450,    29.510,   794.700,     1.000,     7.778,   -29.342,   119.126,   251.115,   343.311,    36.201,    20.072,     0.000,         6.976,         0.000,         4.930,     0.001,     0.000,     0.000,     0.000,         1.000,         1.000,         1.000,         1.000,         1.000,         1.000,         1.000,         1.000,         1.000,         0.000,         0.000,         0.647,
     8.101,   632.274,   462.648,     7.777,    -0.004,   157.180,     0.000,     0.450,    29.438,   794.700,     1.000,     7.755,  -147.195,     0.000,   252.153,   343.101,    35.752,    20.495,     0.000,         7.076,         0.000,         4.880,     0.001,     0.000,     0.000,     0.000,         1.000,         1.000,         1.000,         1.000,         1.000,         1.000,         1.000,         1.000,         1.000,         0.000,         0.000,         0.000,
     8.200,   629.861,   462.583,     7.750,    -0.003,   169.786,     0.000,     0.450,    29.373,   794.700,     1.000,     7.732,  -146.394,     0.000,   253.296,   343.053,    35.514,    21.122,     0.000,         7.174,         0.000,         4.832,     0.001,     0.000,     0.000,     0.000,         1.000,         1.000,         1.000,         1.000,         1.000,         1.000,         1.000,         1.000,         1.000,         0.000,         0.000,         0.000,
     8.301,   627.404,   462.526,     7.723,    -0.006,   139.611,     0.000,     0.450,    29.316,   794.700,     1.000,     7.707,  -145.233,     0.000,   254.529,   342.919,    35.165,    21.678,     0.000,         7.274,         0.000,         4.783,     0.001,     0.000,     0.000,     0.000,         1.000,         1.000,         1.000,         1.000,         1.000,         1.000,         1.000,         1.000,         1.000,         0.000,         0.000,         0.000,
     8.401,   624.980,   462.467,     7.696,    -0.004,   150.528,     0.000,     0.450,    29.257,   785.700,     1.000,     7.682,  -144.034,     0.000,   255.811,   342.790,    34.823,    22.233,     0.000,         7.373,         0.000,         4.735,     0.001,     0.000,     0.000,     0.000,         1.000,         1.000,         1.000,         1.000,         1.000,         1.000,         1.000,         1.000,         1.000,         0.000,         0.000,         0.000,
     8.500,   622.569,   462.404,     7.668,    -0.006,   140.264,     0.000,     0.450,    29.194,   785.700,     1.000,     7.657,  -142.726,     0.000,   257.189,   342.654,    34.462,    22.799,     0.000,         7.471,         0.000,         4.687,     0.001,     0.000,     0.000,     0.000,         1.000,         1.000,         1.000,         1.000,         1.000,         1.000,         1.000,         1.000,         1.000,         0.000,         0.000,         0.000,
     8.601,   620.114,   462.338,     7.643,    -0.005,   165.427,     0.000,     0.450,    29.128,   785.700,     1.000,     7.633,  -141.394,     0.000,   258.640,   342.532,    34.112,    23.389,     0.000,         7.571,         0.000,         4.640,     0.001,     0.000,     0.000,     0.000,         1.000,         1.000,         1.000,         1.000,         1.000,         1.000,         1.000,         1.000,         1.000,         0.000,         0.000,         0.000,
     8.701,   617.684,   462.275,     7.614,    -0.007,   167.427,     0.000,     0.450,    29.065,   785.700,     1.000,     7.605,  -139.926,     0.000,   260.163,   342.391,    33.732,    23.965,     0.000,         7.671,         0.000,         4.593,     0.001,     0.000,     0.000,     0.000,         1.000,         1.000,         1.000,         1.000,         1.000,         1.000,         1.000,         1.000,         1.000,         0.000,         0.000,         0.000,
     8.800,   615.277,   462.209,     7.589,    -0.010,   161.599,     0.000,     0.450,    28.999,   785.700,     1.000,     7.579,  -138.417,     0.000,   261.783,   342.264,    33.360,    24.577,     0.000,         7.768,         0.000,         4.547,     0.001,     0.000,     0.000,     0.000,         1.000,         1.000,         1.000,         1.000,         1.000,         1.000,         1.000,         1.000,         1.000,         0.000,         0.000,         0.000,
     8.901,   612.820,   462.145,     7.561,    -0.011,   165.611,     0.000,     0.450,    28.935,   785.700,     1.000,     7.552,  -136.844,     0.000,   263.446,   342.133,    32.979,    25.179,     0.000,         7.868,         0.000,         4.501,     0.001,     0.000,     0.000,     0.000,         1.000,         1.000,         1.000,         1.000,         1.000,         1.000,         1.000,         1.000,         1.000,         0.000,         0.000,         0.000,
     9.000,   610.416,   462.076,     7.532,    -0.012,   184.587,    77.866,     0.450,    28.866,   785.700,     1.000,     7.521,   -61.687,    73.458,   265.199,   341.989,    32.572,    25.784,     0.000,         7.966,         0.000,         4.457,     0.001,     0.000,     0.000,     0.000,         1.000,         1.000,         1.000,         1.000,         1.000,         1.000,         1.000,         1.000,         1.000,         0.000,         0.000,         0.507,
     9.100,   607.986,   462.007,     7.502,    -0.014,   175.980,     0.000,     0.450,    28.797,   785.700,     1.000,     7.489,  -144.317,     0.000,   262.426,   341.845,    37.532,    27.367,     0.000,         8.065,         0.000,         4.412,     0.001,     0.000,     0.000,     0.000,         1.000,         1.000,         1.000,         1.000,         1.000,         1.000,         1.000,         1.000,         1.000,         0.000,         0.000,         0.000,
     9.201,   605.529,   461.940,     7.468,    -0.020,   168.220,     0.000,     0.450,    28.730,   785.700,     1.000,     7.451,  -153.911,     0.000,   259.659,   341.679,    42.796,    29.095,     0.000,         8.165,         0.001,         4.367,     0.001,     0.000,     0.000,     0.000,         1.000,         1.000,         1.000,         1.000,         1.000,         1.000,         1.000,         1.000,         1.000,         0.000,         0.000,         0.000,
     9.301,   603.093,   461.879,     7.431,    -0.014,   181.753,     0.000,     0.450,    28.669,   785.700,     1.000,     7.410,  -163.761,     0.000,   256.993,   341.501,    48.288,    30.965,     0.000,         8.264,         0.001,         4.323,     0.001,     0.000,     0.000,     0.000,         1.000,         1.000,         1.000,         1.000,         1.000,         1.000,         1.000,         1.000,         1.000,         0.000,         0.000,         0.000,
     9.400,   600.694,   461.818,     7.394,    -0.014,   138.650,     0.000,     0.450,    28.608,   785.700,     1.000,     7.366,  -173.781,     0.000,   254.458,   341.320,    53.958,    32.961,     0.000,         8.361,         0.001,         4.280,     0.001,     0.000,     0.000,     0.000,         1.000,         1.000,         1.000,         1.000,         1.000,         1.000,         1.000,         1.000,         1.000,         0.000,         0.000,         0.000,
     9.500,   598.264,   461.774,     7.356,    -0.012,   136.911,     0.000,     0.450,    28.564,   785.700,     1.000,     7.322,  -184.161,     0.000,   252.007,   341.129,    59.920,    35.119,     0.000,         8.459,         0.001,         4.237,     0.001,     0.000,     0.000,     0.000,         1.000,         1.000,         1.000,         1.000,         1.000,         1.000,         1.000,         1.000,         1.000,         0.000,         0.000,         0.000,
     9.601,   595.799,   461.747,     7.326,    -0.007,   162.858,     0.000,     0.450,    28.537,   785.700,     1.000,     7.281,  -195.098,     0.000,   249.655,   340.989,    66.246,    37.517,     0.000,         8.560,         0.002,         4.194,     0.001,     0.000,     0.000,     0.000,         1.000,         1.000,         1.000,         1.000,         1.000,         1.000,         1.000,         1.000,         1.000,         0.000,         0.000,         0.000,
     9.700,   593.403,   461.695,     7.289,    -0.001,   222.818,     0.000,     0.450,    28.485,   785.700,     1.000,     7.234,  -206.249,     0.000,   247.401,   340.809,    72.806,    40.035,     0.000,         8.657,         0.002,         4.152,     0.001,     0.000,     0.000,     0.000,         1.000,         1.000,         1.000,         1.000,         1.000,         1.000,         1.000,         1.000,         1.000,         0.000,         0.000,         0.000,
     9.802,   590.935,   461.587,     7.235,    -0.007,   131.399,   453.226,     0.450,    28.377,   785.700,     1.000,     7.174,   210.131,   427.572,   245.235,   340.537,    79.539,    42.599,     0.000,         8.757,         0.002,         4.110,     0.001,     0.000,     0.000,     0.000,         1.000,         1.000,         1.000,         1.000,         1.000,         1.000,         1.000,         1.000,         1.000,         0.000,         0.000,         0.967,
     9.902,   588.505,   461.504,     7.187,    -0.006,   145.566,   545.113,     0.450,    28.294,   785.700,     1.000,     7.119,   285.222,   514.258,   243.191,   340.304,    86.556,    45.366,     0.000,         8.855,         0.003,         4.069,     0.001,     0.000,     0.000,     0.000,         1.000,         1.000,         1.000,         1.000,         1.000,         1.000,         1.000,         1.000,         1.000,         0.000,         0.000,         0.901,
    10.000,   362.887,   461.414,     7.136,     0.002,   249.992,   276.314,     0.450,    28.204,   775.600,     1.000,     7.064,    19.525,   260.673,   241.224,   340.073,    93.952,    48.347,     0.000,         8.952,         0.003,         4.028,     0.001,     0.000,     0.000,     0.000,         1.000,         1.000,         1.000,         1.000,         1.000,         1.000,         1.000,         1.000,         1.000,         0.000,         0.000,         0.965,
    10.100,   299.907,   461.324,     7.084,    -0.010,   135.914,     0.000,     0.450,    28.114,   775.600,     1.000,     7.002,  -238.599,     0.000,   242.050,   339.818,    94.402,    46.429,     0.000,         9.050,         0.004,         3.988,     0.001,     0.000,     0.000,     0.000,         1.000,         1.000,         1.000,         1.000,         1.000,         1.000,         1.000,         1.000,         1.000,         0.000,         0.000,         0.000,
    10.202,   399.176,   461.261,     7.032,    -0.002,   272.876,     0.000,     0.450,    28.051,   775.600,     1.000,     6.937,  -235.661,     0.000,   242.961,   339.555,    94.778,    44.289,     0.000,         9.149,         0.004,         3.947,     0.001,     0.000,     0.000,     0.000,         1.000,         1.000,         1.000,         1.000,         1.000,         1.000,         1.000,         1.000,         1.000,         0.000,         0.000,         0.000,
    10.300,   186.219,   461.167,     6.981,    -0.020,    63.656,     0.000,     0.450,    27.957,   775.600,     1.000,     6.868,  -232.782,     0.000,   243.851,   339.313,    95.146,    42.174,     0.000,         9.246,         0.004,         3.908,     0.001,     0.000,     0.000,     0.000,         1.000,         1.000,         1.000,         1.000,         1.000,         1.000,         1.000,         1.000,         1.000,         0.000,         0.000,         0.000,
    10.402,   477.838,   461.099,     6.923,    -0.011,   181.435,     0.000,     0.450,    27.889,   775.600,     1.000,     6.792,  -228.913,     0.000,   244.741,   338.887,    95.108,    39.659,     0.000,         9.346,         0.004,         3.868,     0.001,     0.000,     0.000,     0.000,         1.000,         1.000,         1.000,         1.000,         1.000,         1.000,         1.000,         1.000,         1.000,         0.000,         0.000,         0.000,
    10.500,   127.190,   461.019,     6.889,    -0.005,   254.939,     0.000,     0.450,    27.809,   775.600,     1.000,     6.731,  -226.588,     0.000,   245.691,   338.814,    95.825,    37.639,     0.000,         9.442,         0.004,         3.830,     0.001,     0.000,     0.000,     0.000,         1.000,         1.000,         1.000,         1.000,         1.000,         1.000,         1.000,         1.000,         1.000,         0.000,         0.000,         0.000,
    10.600,   475.576,   460.935,     6.853,    -0.014,   125.476,     0.000,     0.450,    27.725,   775.600,     1.000,     6.673,  -224.055,     0.000,   246.598,   338.695,    96.386,    35.571,     0.000,         9.540,         0.004,         3.791,     0.001,     0.000,     0.000,     0.000,         1.000,         1.000,         1.000,         1.000,         1.000,         1.000,         1.000,         1.000,         1.000,         0.000,         0.000,         0.000,
    10.702,   569.046,   460.859,     6.795,    -0.008,   162.352,   548.908,     0.450,    27.648,   775.600,     1.000,     6.610,   297.383,   517.837,   247.561,   338.406,    96.608,    33.001,     0.000,         9.639,         0.005,         3.752,     0.001,     0.000,     0.000,     0.000,         1.000,         1.000,         1.000,         1.000,         1.000,         1.000,         1.000,         1.000,         1.000,         0.000,         0.000,         0.923,
    10.802,   566.623,   460.781,     6.724,    -0.008,   161.070,    84.417,     0.450,    27.571,   775.600,     1.000,     6.546,  -136.920,    79.639,   248.520,   338.077,    96.705,    30.297,     0.000,         9.736,         0.005,         3.715,     0.001,     0.000,     0.000,     0.000,         1.000,         1.000,         1.000,         1.000,         1.000,         1.000,         1.000,         1.000,         1.000,         0.000,         0.000,         0.478,
    10.900,   564.236,   460.702,     6.652,    -0.008,   159.222,     0.000,     0.450,    27.492,   775.600,     1.000,     6.487,  -212.431,     0.000,   249.490,   337.727,    96.730,    27.464,     0.000,         9.829,         0.006,         3.678,     0.001,     0.000,     0.000,     0.000,         1.000,         1.000,         1.000,         1.000,         1.000,         1.000,         1.000,         1.000,         1.000,         0.000,         0.000,         0.000,
    11.000,   561.805,   460.621,     6.567,    -0.005,   158.839,     0.000,     0.450,    27.411,   775.600,     1.000,     6.417,  -207.826,     0.000,   250.473,   337.313,    96.586,    24.400,     0.000,         9.923,         0.007,         3.641,     0.001,     0.000,     0.000,     0.000,         1.000,         1.000,         1.000,         1.000,         1.000,         1.000,         1.000,         1.000,         1.000,         0.000,         0.000,         0.000,
    11.102,   559.324,   460.537,     6.465,    -0.002,   159.354,     0.000,     0.450,    27.327,   775.600,     1.000,     6.330,  -200.529,     0.000,   250.962,   336.834,    92.722,    21.935,     0.000,        10.017,         0.009,         3.604,     0.001,     0.000,     0.000,     0.000,         1.000,         1.000,         1.000,         1.000,         1.000,         1.000,         1.000,         1.000,         1.000,         0.000,         0.000,         0.000,
    11.200,   556.944,   460.454,     6.377,    -0.007,   157.553,     0.000,     0.450,    27.244,   764.400,     1.000,     6.254,  -192.710,     0.000,   251.447,   336.231,    88.622,    19.303,     0.000,        10.106,         0.011,         3.568,     0.001,     0.000,     0.000,     0.000,         1.000,         1.000,         1.000,         1.000,         1.000,         1.000,         1.000,         1.000,         1.000,         0.000,         0.000,         0.000,
    11.302,   554.465,   460.366,     6.281,    -0.010,   156.032,     0.000,     0.450,    27.156,   764.400,     1.000,     6.171,  -186.690,     0.000,   251.933,   335.948,    85.287,    17.388,     0.000,        10.198,         0.014,         3.532,     0.001,     0.000,     0.000,     0.000,         1.000,         1.000,         1.000,         1.000,         1.000,         1.000,         1.000,         1.000,         1.000,         0.000,         0.000,         0.000,
    11.402,   552.034,   460.280,     6.184,    -0.011,   159.172,   698.227,     0.450,    27.070,   764.400,     1.000,     6.088,   478.903,   658.704,   252.420,   335.462,    81.615,    15.144,     0.000,        10.287,         0.017,         3.496,     0.001,     0.000,     0.000,     0.001,         1.000,         1.000,         1.000,         1.000,         1.000,         1.000,         1.000,         1.000,         1.000,         0.000,         0.000,         0.727,
    11.500,   549.652,   460.190,     6.090,    -0.021,   154.480,   603.419,     0.450,    26.980,   764.400,     1.000,     5.996,   396.013,   569.263,   252.911,   335.016,    78.099,    13.045,     0.000,        10.374,         0.020,         3.462,     0.001,     0.000,     0.000,     0.001,         1.000,         1.000,         1.000,         1.000,         1.000,         1.000,         1.000,         1.000,         1.000,         0.000,         0.000,         0.814,
    11.602,   547.168,   460.097,     5.985,    -0.025,   156.297,     0.000,     0.450,    26.887,   764.400,     1.000,     5.891,  -166.661,     0.000,   253.403,   334.530,    74.593,    10.941,     0.000,        10.463,         0.023,         3.426,     0.001,     0.000,     0.000,     0.001,         1.000,         1.000,         1.000,         1.000,         1.000,         1.000,         1.000,         1.000,         1.000,         0.000,         0.000,         0.000,
    11.702,   544.738,   460.005,     5.877,    -0.024,   155.124,     0.000,     0.450,    26.795,   764.400,     1.000,     5.780,  -160.058,     0.000,   253.899,   334.011,    71.101,     8.844,     0.000,        10.547,         0.027,         3.392,     0.001,     0.000,     0.000,     0.001,         1.000,         1.000,         1.000,         1.000,         1.000,         1.000,         1.000,         1.000,         1.000,         0.000,         0.000,         0.000,
    11.800,   542.361,   459.915,     5.751,    -0.018,   152.890,   442.085,     0.450,    26.705,   764.400,     1.000,     5.656,   263.906,   417.061,   254.396,   333.397,    67.514,     6.641,     0.000,        10.612,         0.032,         3.359,     0.001,     0.000,     0.000,     0.001,         1.000,         1.000,         1.000,         1.000,         1.000,         1.000,         1.000,         1.000,         1.000,         0.000,         0.000,         0.941,
    11.902,   539.874,   459.821,     5.630,    -0.012,   151.173,   713.578,     0.450,    26.611,   764.400,     1.000,     5.538,   522.249,   673.186,   250.542,   332.818,    64.084,     4.577,     0.000,        10.665,         0.038,         3.324,     0.001,     0.000,     0.000,     0.000,         1.000,         1.000,         1.000,         1.000,         1.000,         1.000,         1.000,         1.000,         1.000,         0.000,         0.000,         0.789,
    12.000,   537.500,   459.733,     5.498,    -0.013,   150.984,   407.559,     0.450,    26.523,   764.400,     1.000,     5.414,   240.301,   384.489,   251.154,   332.191,    60.656,     2.497,     0.000,        10.697,         0.045,         3.291,     0.001,     0.000,     0.000,     0.000,         1.000,         1.000,         1.000,         1.000,         1.000,         1.000,         1.000,         1.000,         1.000,         0.000,         0.000,         0.984,
    12.100,   535.069,   459.645,     5.334,    -0.013,   141.046,     0.000,     0.451,    26.435,   764.400,     1.000,     5.263,  -135.244,     0.000,   252.098,   331.410,    56.096,    -0.164,     0.000,        10.696,         0.054,         3.258,     0.001,     0.000,     0.000,     0.000,         1.000,         1.000,         1.000,         1.000,         1.000,         1.000,         1.000,         1.000,         1.000,         0.000,         0.000,         0.000,
    12.202,   532.580,   459.551,     5.180,    -0.015,   152.050,   103.695,     0.451,    26.341,   764.400,     1.000,     5.124,   -29.124,    97.825,   253.047,   330.690,    51.861,    -2.554,     0.000,        10.687,         0.063,         3.225,     0.001,     0.000,     0.000,     0.000,         1.000,         1.000,         1.000,         1.000,         1.000,         1.000,         1.000,         1.000,         1.000,         0.000,         0.000,         0.577,
    12.302,   530.150,   459.458,     5.010,    -0.014,   150.376,   313.609,     0.451,    26.248,   753.300,     1.000,     4.970,   177.212,   295.857,   254.004,   329.882,    47.695,    -4.928,     0.000,        10.658,         0.073,         3.192,     0.001,     0.000,     0.000,     0.000,         1.000,         1.000,         1.000,         1.000,         1.000,         1.000,         1.000,         1.000,         1.000,         0.000,         0.000,         0.983,
    12.400,   527.778,   459.352,     4.852,    -0.011,   152.004,     0.000,     0.451,    26.142,   753.300,     1.000,     4.826,  -110.948,     0.000,   254.959,   329.124,    43.843,    -7.059,     0.000,        10.616,         0.083,         3.161,     0.001,     0.000,     0.000,     0.001,         1.000,         1.000,         1.000,         1.000,         1.000,         1.000,         1.000,         1.000,         1.000,         0.000,         0.000,         0.000,
    12.500,   525.347,   459.251,     4.705,    -0.011,   152.772,     0.000,     0.451,    26.041,   753.300,     1.000,     4.691,  -103.815,     0.000,   255.921,   328.426,    40.270,    -8.960,     0.000,        10.572,         0.093,         3.129,     0.001,     0.000,     0.000,     0.001,         1.000,         1.000,         1.000,         1.000,         1.000,         1.000,         1.000,         1.000,         1.000,         0.000,         0.000,         0.000,
    12.603,   522.851,   459.150,     4.565,    -0.008,   149.264,   475.939,     0.451,    25.940,   753.300,     1.000,     4.559,   352.482,   448.999,   256.887,   327.603,    36.715,   -10.913,     0.000,        10.520,         0.105,         3.097,     0.001,     0.000,     0.000,     0.001,         1.000,         1.000,         1.000,         1.000,         1.000,         1.000,         1.000,         1.000,         1.000,         0.000,         0.000,         0.931,
    12.700,   520.486,   459.048,     4.446,    -0.005,   150.277,     0.000,     0.451,    25.838,   753.300,     1.000,     4.445,   -91.120,     0.000,   257.854,   327.201,    33.915,   -12.141,     0.000,        10.467,         0.116,         3.067,     0.001,     0.000,     0.000,     0.001,         1.000,         1.000,         1.000,         1.000,         1.000,         1.000,         1.000,         1.000,         1.000,         0.000,         0.000,         0.000,
    12.803,   517.990,   458.936,     4.334,     0.001,   144.134,     0.000,     0.451,    25.726,   753.300,     1.000,     4.334,   -85.531,     0.000,   258.827,   326.687,    31.110,   -13.439,     0.000,        10.419,         0.127,         3.035,     0.001,     0.000,     0.000,     0.001,         1.000,         1.000,         1.000,         1.000,         1.000,         1.000,         1.000,         1.000,         1.000,         0.000,         0.000,         0.000,
    12.903,   515.559,   458.840,     4.232,     0.015,   175.258,     0.000,     0.451,    25.630,   753.300,     1.000,     4.232,   -80.274,     0.000,   259.806,   326.204,    28.486,   -14.610,     0.000,        10.352,         0.137,         3.004,     0.001,     0.000,     0.000,     0.000,         1.000,         1.000,         1.000,         1.000,         1.000,         1.000,         1.000,         1.000,         1.000,         0.000,         0.000,         0.000,
    13.000,   513.194,   458.742,     4.148,     0.015,   146.823,   353.656,     0.451,    25.532,   753.300,     1.000,     4.148,   258.138,   333.638,   260.782,   325.793,    26.096,   -15.608,     0.000,        10.302,         0.146,         2.975,     0.001,     0.000,     0.000,     0.000,         1.000,         1.000,         1.000,         1.000,         1.000,         1.000,         1.000,         1.000,         1.000,         0.000,         0.000,         0.983,
    13.103,   510.693,   458.626,     4.071,     0.016,   140.896,     0.000,     0.452,    25.416,   753.300,     1.000,     4.071,   -73.181,     0.000,   261.061,   325.444,    26.097,   -17.300,     0.000,        10.235,         0.155,         2.944,     0.001,     0.000,     0.000,     0.000,         1.000,         1.000,         1.000,         1.000,         1.000,         1.000,         1.000,         1.000,         1.000,         0.000,         0.000,         0.000,
    13.201,   388.801,   458.517,     4.007,     0.009,   241.244,     0.000,     0.452,    25.307,   753.300,     1.000,     4.007,   -70.871,     0.000,   261.325,   325.144,    26.135,   -19.083,     0.000,        10.219,         0.163,         2.915,     0.001,     0.000,     0.000,     0.000,         1.000,         1.000,         1.000,         1.000,         1.000,         1.000,         1.000,         1.000,         1.000,         0.000,         0.000,         0.000,
    13.300,   425.767,   458.407,     3.914,     0.000,   167.133,     0.000,     0.452,    25.197,   743.000,     1.000,     3.966,   -67.755,     0.000,   261.597,   324.711,    25.930,   -21.289,     0.000,        10.175,         0.156,         2.886,     0.001,     0.000,     0.000,     0.000,         1.000,         1.000,         1.000,         1.000,         1.000,         1.000,         1.000,         1.000,         1.000,         0.000,         0.000,         0.000,
    13.401,   399.176,   458.292,     3.859,    -0.001,   187.962,     0.000,     0.451,    25.082,   743.000,     1.000,     3.930,   -65.047,     0.000,   261.865,   324.455,    25.865,   -23.408,     0.000,        10.119,         0.147,         2.857,     0.001,     0.000,     0.000,     0.000,         1.000,         1.000,         1.000,         1.000,         1.000,         1.000,         1.000,         1.000,         1.000,         0.000,         0.000,         0.000,
    13.500,   184.256,   458.158,     3.777,    -0.007,    72.082,     0.000,     0.451,    24.948,   743.000,     1.000,     3.897,   -61.402,     0.000,   262.140,   324.064,    25.480,   -26.002,     0.000,        10.083,         0.139,         2.829,     0.001,     0.000,     0.000,     0.000,         1.000,         1.000,         1.000,         1.000,         1.000,         1.000,         1.000,         1.000,         1.000,         0.000,         0.000,         0.000,
    13.600,   225.324,   458.056,     3.752,     0.000,   196.701,     0.000,     0.451,    24.846,   743.000,     1.000,     3.866,   -58.543,     0.000,   262.413,   323.938,    25.364,   -28.346,     0.000,        10.003,         0.130,         2.800,     0.001,     0.000,     0.000,     0.000,         1.000,         1.000,         1.000,         1.000,         1.000,         1.000,         1.000,         1.000,         1.000,         0.000,         0.000,         0.000,
    13.700,   200.229,   457.935,     3.734,    -0.006,   115.187,     0.000,     0.451,    24.725,   743.000,     1.000,     3.840,   -55.622,     0.000,   262.681,   323.858,    25.185,   -30.740,     0.000,         9.900,         0.134,         2.772,     0.001,     0.000,     0.000,     0.000,         1.000,         1.000,         1.000,         1.000,         1.000,         1.000,         1.000,         1.000,         1.000,         0.000,         0.000,         0.000,
    13.803,   493.677,   457.806,     3.645,     0.007,   153.731,     0.000,     0.452,    24.596,   743.000,     1.000,     3.798,   -50.756,     0.000,   262.954,   323.462,    24.263,   -34.015,     0.000,         9.650,         0.168,         2.744,     0.001,     0.000,     0.000,     0.000,         1.000,         1.000,         1.000,         1.000,         1.000,         1.000,         1.000,         1.000,         1.000,         0.000,         0.000,         0.000,
    13.900,   491.319,   457.691,     3.541,     0.018,   149.172,     0.000,     0.452,    24.481,   743.000,     1.000,     3.744,   -44.604,     0.000,   263.225,   322.915,    22.797,   -37.883,     0.000,         9.288,         0.189,         2.717,     0.001,     0.000,     0.000,     0.000,         1.000,         1.000,         1.000,         1.000,         1.000,         1.000,         1.000,         1.000,         1.000,         0.000,         0.000,         0.000,
    14.000,   488.889,   457.575,     3.464,     0.020,   148.024,     0.000,     0.452,    24.365,   743.000,     1.000,     3.701,   -39.008,     0.000,   263.497,   322.591,    21.475,   -41.561,     0.000,         9.031,         0.200,         2.690,     0.001,     0.000,     0.000,     0.000,         1.000,         1.000,         1.000,         1.000,         1.000,         1.000,         1.000,         1.000,         1.000,         0.000,         0.000,         0.000,
    14.103,   486.380,   457.459,     3.440,     0.025,   142.635,     0.000,     0.452,    24.249,   743.000,     1.000,     3.671,   -59.826,     0.000,   258.865,   322.489,    27.836,   -31.635,     0.000,         8.896,         0.213,         2.662,     0.001,     0.000,     0.000,     0.001,         1.000,         1.000,         1.000,         1.000,         1.000,         1.000,         1.000,         1.000,         1.000,         0.000,         0.000,         0.000,
    14.200,   484.028,   457.349,     3.379,     0.026,   140.747,     0.000,     0.452,    24.139,   733.800,     1.000,     3.650,   -78.238,     0.000,   254.255,   322.198,    32.966,   -22.671,     0.000,         8.788,         0.215,         2.636,     0.001,     0.000,     0.000,     0.001,         1.000,         1.000,         1.000,         1.000,         1.000,         1.000,         1.000,         1.000,         1.000,         0.000,         0.000,         0.000,
    14.303,   481.517,   457.227,     3.415,     0.035,   142.997,     0.000,     0.452,    24.017,   733.800,     1.000,     3.640,   -92.880,     0.000,   254.402,   322.395,    38.181,   -13.295,     0.000,         8.622,         0.223,         2.609,     0.001,     0.000,     0.000,     0.001,         1.000,         1.000,         1.000,         1.000,         1.000,         1.000,         1.000,         1.000,         1.000,         0.000,         0.000,         0.000,
    14.403,   479.084,   457.115,     3.358,     0.040,   141.823,     0.000,     0.452,    23.905,   733.800,     1.000,     3.624,  -107.553,     0.000,   250.845,   322.130,    41.780,    -5.513,     0.000,         8.446,         0.230,         2.583,     0.001,     0.000,     0.000,     0.001,         1.000,         1.000,         1.000,         1.000,         1.000,         1.000,         1.000,         1.000,         1.000,         0.000,         0.000,         0.000,
    14.500,   476.736,   457.004,     3.226,     0.044,   144.217,    79.545,     0.452,    23.794,   733.800,     1.000,     3.614,   -43.852,    75.042,   247.424,   321.446,    44.005,     0.868,     0.000,         8.310,         0.225,         2.558,     0.001,     0.000,     0.000,     0.001,         1.000,         1.000,         1.000,         1.000,         1.000,         1.000,         1.000,         1.000,         1.000,         0.000,         0.000,         0.517,
    14.604,   474.218,   456.878,     3.193,     0.046,   133.617,     0.000,     0.452,    23.668,   733.800,     1.000,     3.616,  -131.914,     0.000,   244.135,   321.389,    46.723,     7.936,     0.000,         8.340,         0.219,         2.531,     0.001,     0.000,     0.000,     0.001,         1.000,         1.000,         1.000,         1.000,         1.000,         1.000,         1.000,         1.000,         1.000,         0.000,         0.000,         0.000,
    14.704,   471.790,   456.783,     3.360,     0.028,   133.698,    65.158,     0.452,    23.573,   733.800,     1.000,     3.611,   -85.694,    61.470,   240.966,   322.118,    50.133,    15.880,     0.000,         8.785,         0.241,         2.506,     0.002,     0.000,     0.000,     0.001,         1.000,         1.000,         1.000,         1.000,         1.000,         1.000,         1.000,         1.000,         1.000,         0.000,         0.000,         0.385,
    14.800,   469.444,   456.678,     3.283,     0.025,   136.552,     0.000,     0.452,    23.468,   733.800,     1.000,     3.589,  -156.487,     0.000,   237.917,   321.751,    51.326,    21.327,     0.000,         8.885,         0.238,         2.481,     0.002,     0.000,     0.000,     0.001,         1.000,         1.000,         1.000,         1.000,         1.000,         1.000,         1.000,         1.000,         1.000,         0.000,         0.000,         0.000,
    14.904,   466.921,   456.554,     3.208,     0.025,   147.957,     0.000,     0.452,    23.344,   733.800,     1.000,     3.565,  -165.110,     0.000,   234.985,   321.439,    52.220,    26.435,     0.000,         8.890,         0.235,         2.456,     0.002,     0.000,     0.000,     0.001,         1.000,         1.000,         1.000,         1.000,         1.000,         1.000,         1.000,         1.000,         1.000,         0.000,         0.000,         0.000,
    15.000,   225.134,   456.446,     3.151,     0.016,   135.766,     0.000,     0.452,    23.236,   733.800,     1.000,     3.542,  -172.552,     0.000,   232.194,   321.067,    52.691,    30.988,     0.000,         8.766,         0.233,         2.432,     0.002,     0.000,     0.000,     0.001,         1.000,         1.000,         1.000,         1.000,         1.000,         1.000,         1.000,         1.000,         1.000,         0.000,         0.000,         0.000,
    15.100,   256.991,   456.341,     2.973,    -0.001,    97.353,     0.000,     0.452,    23.131,   724.500,     1.000,     3.517,  -167.837,     0.000,   231.937,   320.318,    50.344,    29.113,     0.000,         8.722,         0.217,         2.408,     0.002,     0.000,     0.000,     0.001,         1.000,         1.000,         1.000,         1.000,         1.000,         1.000,         1.000,         1.000,         1.000,         0.000,         0.000,         0.000,
    15.202,   394.646,   456.240,     2.906,    -0.001,   122.477,     0.000,     0.452,    23.030,   724.500,     1.000,     3.500,  -165.000,     0.000,   231.727,   320.046,    48.710,    27.972,     0.000,         8.676,         0.204,         2.384,     0.002,     0.000,     0.000,     0.001,         1.000,         1.000,         1.000,         1.000,         1.000,         1.000,         1.000,         1.000,         1.000,         0.000,         0.000,         0.000,
    15.303,   439.094,   456.122,     2.650,     0.001,   139.473,     0.000,     0.452,    22.912,   724.500,     1.000,     3.472,  -158.925,     0.000,   231.514,   318.868,    46.010,    25.561,     0.000,         8.656,         0.182,         2.360,     0.002,     0.000,     0.000,     0.001,         1.000,         1.000,         1.000,         1.000,         1.000,         1.000,         1.000,         1.000,         1.000,         0.000,         0.000,         0.000,
    15.400,   169.290,   456.027,     2.505,     0.001,   153.305,     0.000,     0.452,    22.817,   724.500,     1.000,     3.454,  -154.727,     0.000,   231.299,   318.137,    43.981,    23.908,     0.000,         8.643,         0.161,         2.337,     0.002,     0.000,     0.000,     0.001,         1.000,         1.000,         1.000,         1.000,         1.000,         1.000,         1.000,         1.000,         1.000,         0.000,         0.000,         0.000,
    15.500,   130.973,   455.917,     2.261,    -0.001,   131.957,   665.205,     0.451,    22.707,   724.500,     1.000,     3.432,   478.252,   627.552,   231.089,   316.984,    41.616,    21.788,     0.000,         8.638,         0.139,         2.315,     0.002,     0.000,     0.000,     0.001,         1.000,         1.000,         1.000,         1.000,         1.000,         1.000,         1.000,         1.000,         1.000,         0.000,         0.000,         0.712,
    15.601,   139.909,   455.814,     2.420,    -0.000,   113.427,    48.496,     0.451,    22.604,   724.500,     1.000,     3.416,  -104.868,    45.751,   230.879,   317.742,    41.450,    22.306,     0.000,         8.629,         0.147,         2.292,     0.002,     0.000,     0.000,     0.001,         1.000,         1.000,         1.000,         1.000,         1.000,         1.000,         1.000,         1.000,         1.000,         0.000,         0.000,         0.298,
    15.700,   222.692,   455.715,     2.439,     0.004,   135.564,   220.239,     0.451,    22.505,   724.500,     1.000,     3.395,    58.116,   207.773,   230.672,   317.823,    40.578,    21.927,     0.000,         8.534,         0.147,         2.270,     0.002,     0.000,     0.000,     0.001,         1.000,         1.000,         1.000,         1.000,         1.000,         1.000,         1.000,         1.000,         1.000,         0.000,         0.000,         0.871,
    15.801,   139.909,   455.606,     2.391,     0.005,   144.339,    48.685,     0.451,    22.396,   724.500,     1.000,     3.372,  -101.877,    45.929,   230.461,   317.618,    39.443,    21.206,     0.000,         8.437,         0.141,         2.248,     0.002,     0.000,     0.000,     0.001,         1.000,         1.000,         1.000,         1.000,         1.000,         1.000,         1.000,         1.000,         1.000,         0.000,         0.000,         0.310,
    15.901,   247.857,   455.504,     2.305,     0.004,   151.219,   533.132,     0.451,    22.294,   724.500,     1.000,     3.345,   357.677,   502.955,   230.255,   317.159,    38.140,    20.234,     0.000,         8.342,         0.133,         2.227,     0.002,     0.000,     0.000,     0.001,         1.000,         1.000,         1.000,         1.000,         1.000,         1.000,         1.000,         1.000,         1.000,         0.000,         0.000,         0.915,
    16.000,    71.795,   455.387,     2.279,     0.000,   121.953,     0.000,     0.451,    22.177,   711.500,     1.000,     3.330,  -144.109,     0.000,   230.045,   317.096,    37.282,    19.776,     0.000,         8.264,         0.125,         2.206,     0.002,     0.000,     0.000,     0.001,         1.000,         1.000,         1.000,         1.000,         1.000,         1.000,         1.000,         1.000,         1.000,         0.000,         0.000,         0.000,
    16.101,   134.951,   455.253,     2.200,     0.004,   155.915,     0.000,     0.451,    22.043,   711.500,     1.000,     3.312,  -138.955,     0.000,   231.591,   316.748,    36.536,    17.262,     0.000,         8.176,         0.115,         2.185,     0.002,     0.000,     0.000,     0.001,         1.000,         1.000,         1.000,         1.000,         1.000,         1.000,         1.000,         1.000,         1.000,         0.000,         0.000,         0.000,
    16.200,    53.941,   455.129,     2.196,    -0.004,   104.011,   534.234,     0.451,    21.919,   711.500,     1.000,     3.306,   369.372,   503.995,   233.165,   316.698,    36.040,    15.049,     0.000,         8.102,         0.106,         2.165,     0.002,     0.000,     0.000,     0.001,         1.000,         1.000,         1.000,         1.000,         1.000,         1.000,         1.000,         1.000,         1.000,         0.000,         0.000,         0.882,
    16.300,    65.268,   454.998,     2.112,    -0.002,   125.889,   520.609,     0.451,    21.788,   711.500,     1.000,     3.294,   362.061,   491.140,   234.777,   316.315,    35.173,    12.367,     0.000,         8.045,         0.095,         2.146,     0.002,     0.000,     0.000,     0.001,         1.000,         1.000,         1.000,         1.000,         1.000,         1.000,         1.000,         1.000,         1.000,         0.000,         0.000,         0.881,
    16.400,    92.506,   454.870,     2.071,     0.001,   155.698,     0.000,     0.451,    21.660,   711.500,     1.000,     3.289,  -124.128,     0.000,   236.414,   316.158,    34.482,     9.902,     0.000,         7.987,         0.083,         2.126,     0.002,     0.000,     0.000,     0.001,         1.000,         1.000,         1.000,         1.000,         1.000,         1.000,         1.000,         1.000,         1.000,         0.000,         0.000,         0.000,
    16.500,   428.125,   454.755,     2.275,     0.006,   108.643,    19.230,     0.451,    21.545,   711.500,     1.000,     3.280,  -104.391,    18.142,   238.091,   317.081,    34.835,     8.708,     0.000,         7.887,         0.101,         2.103,     0.002,     0.000,     0.000,     0.001,         1.000,         1.000,         1.000,         1.000,         1.000,         1.000,         1.000,         1.000,         1.000,         0.000,         0.000,         0.129,
    16.600,   425.694,   454.615,     2.517,     0.016,   125.475,     0.000,     0.451,    21.405,   711.500,     1.000,     3.295,  -121.495,     0.000,   239.801,   318.196,    35.376,     7.724,     0.000,         7.692,         0.111,         2.084,     0.002,     0.000,     0.000,     0.001,         1.000,         1.000,         1.000,         1.000,         1.000,         1.000,         1.000,         1.000,         1.000,         0.000,         0.000,         0.000,
    16.703,   423.183,   454.483,     2.651,     0.024,   145.526,     0.000,     0.451,    21.273,   711.500,     1.000,     3.312,  -118.663,     0.000,   241.550,   318.801,    35.362,     6.051,     0.000,         7.517,         0.128,         2.063,     0.002,     0.000,     0.000,     0.001,         1.000,         1.000,         1.000,         1.000,         1.000,         1.000,         1.000,         1.000,         1.000,         0.000,         0.000,         0.000,
    16.803,   420.754,   454.379,     2.828,     0.023,   129.228,     0.000,     0.451,    21.169,   694.700,     1.000,     3.349,  -116.547,     0.000,   243.337,   319.653,    35.585,     4.646,     0.000,         7.428,         0.148,         2.042,     0.002,     0.000,     0.000,     0.001,         1.000,         1.000,         1.000,         1.000,         1.000,         1.000,         1.000,         1.000,         1.000,         0.000,         0.000,         0.000,
    16.900,   418.403,   454.240,     2.921,     0.028,   152.358,     0.000,     0.452,    21.030,   694.700,     1.000,     3.384,  -112.830,     0.000,   245.162,   320.070,    35.296,     2.627,     0.000,         7.401,         0.166,         2.023,     0.002,     0.000,     0.000,     0.001,         1.000,         1.000,         1.000,         1.000,         1.000,         1.000,         1.000,         1.000,         1.000,         0.000,         0.000,         0.000,
    17.000,   415.972,   454.105,     3.066,     0.026,   132.814,     0.000,     0.452,    20.895,   694.700,     1.000,     3.435,  -109.897,     0.000,   247.017,   320.749,    35.261,     0.905,     0.000,         7.447,         0.191,         2.003,     0.002,     0.000,     0.000,     0.001,         1.000,         1.000,         1.000,         1.000,         1.000,         1.000,         1.000,         1.000,         1.000,         0.000,         0.000,         0.000,
    17.103,   413.469,   453.967,     3.132,     0.024,   132.748,     0.000,     0.452,    20.757,   694.700,     1.000,     3.486,  -107.890,     0.000,   248.255,   321.079,    34.907,     0.159,     0.000,         7.413,         0.204,         1.982,     0.002,     0.000,     0.000,     0.001,         1.000,         1.000,         1.000,         1.000,         1.000,         1.000,         1.000,         1.000,         1.000,         0.000,         0.000,         0.000,
    17.200,   411.111,   453.835,     3.340,     0.025,   138.328,     0.000,     0.452,    20.625,   694.700,     1.000,     3.554,  -108.061,     0.000,   249.496,   322.031,    35.264,     0.263,     0.000,         7.343,         0.209,         1.963,     0.002,     0.000,     0.000,     0.001,         1.000,         1.000,         1.000,         1.000,         1.000,         1.000,         1.000,         1.000,         1.000,         0.000,         0.000,         0.000,
    17.303,   408.611,   453.685,     3.550,     0.031,   145.373,     0.000,     0.452,    20.475,   694.700,     1.000,     3.646,  -108.156,     0.000,   250.757,   322.968,    35.603,     0.342,     0.000,         7.360,         0.257,         1.938,     0.002,     0.000,     0.000,     0.001,         1.000,         1.000,         1.000,         1.000,         1.000,         1.000,         1.000,         1.000,         1.000,         0.000,         0.000,         0.000,
    17.403,   406.184,   453.540,     3.745,     0.033,   145.970,    57.863,     0.453,    20.330,   694.700,     1.000,     3.758,   -53.519,    54.588,   252.035,   323.868,    35.902,     0.372,     0.000,         7.702,         0.299,         1.919,     0.002,     0.000,     0.000,     0.001,         1.000,         1.000,         1.000,         1.000,         1.000,         1.000,         1.000,         1.000,         1.000,         0.000,         0.000,         0.362,
    17.500,   403.819,   453.403,     3.907,     0.033,   147.820,   521.870,     0.453,    20.193,   678.000,     1.000,     3.896,   384.928,   492.331,   253.330,   324.583,    35.986,     0.164,     0.000,         8.201,         0.315,         1.900,     0.002,     0.000,     0.000,     0.001,         1.000,         1.000,         1.000,         1.000,         1.000,         1.000,         1.000,         1.000,         1.000,         0.000,         0.000,         0.918,
    17.602,   401.333,   453.248,     4.153,     0.029,   147.984,     0.000,     0.453,    20.038,   678.000,     1.000,     4.067,  -108.297,     0.000,   254.646,   325.769,    36.619,     0.555,     0.000,         7.825,         0.328,         1.881,     0.002,     0.000,     0.000,     0.001,         1.000,         1.000,         1.000,         1.000,         1.000,         1.000,         1.000,         1.000,         1.000,         0.000,         0.000,         0.000,
    17.703,   398.896,   453.094,     4.484,     0.030,   149.691,     0.000,     0.453,    19.884,   678.000,     1.000,     4.232,  -110.702,     0.000,   255.985,   327.403,    37.785,     1.499,     0.000,         7.247,         0.342,         1.862,     0.002,     0.000,     0.000,     0.001,         1.000,         1.000,         1.000,         1.000,         1.000,         1.000,         1.000,         1.000,         1.000,         0.000,         0.000,         0.000,
    17.800,   396.528,   452.943,     4.795,     0.032,   150.742,   568.711,     0.454,    19.733,   678.000,     1.000,     4.394,   424.458,   536.520,   257.337,   328.736,    38.608,     2.055,     0.000,         6.608,         0.355,         1.843,     0.002,     0.000,     0.000,     0.001,         1.000,         1.000,         1.000,         1.000,         1.000,         1.000,         1.000,         1.000,         1.000,         0.000,         0.000,         0.828,
    17.902,   394.050,   452.788,     5.001,     0.035,   152.236,   421.718,     0.454,    19.578,   678.000,     1.000,     4.542,   285.632,   397.847,   258.707,   329.724,    39.024,     2.174,     0.000,         5.991,         0.384,         1.821,     0.002,     0.000,     0.000,     0.001,         1.000,         1.000,         1.000,         1.000,         1.000,         1.000,         1.000,         1.000,         1.000,         0.000,         0.000,         0.981,
    18.000,   391.666,   452.640,     5.119,     0.036,   150.083,     0.000,     0.454,    19.430,   678.000,     1.000,     4.660,  -111.224,     0.000,   260.101,   330.390,    39.047,     1.887,     0.000,         5.627,         0.414,         1.803,     0.002,     0.000,     0.000,     0.001,         1.000,         1.000,         1.000,         1.000,         1.000,         1.000,         1.000,         1.000,         1.000,         0.000,         0.000,         0.000,
    18.100,   389.236,   452.487,     5.183,     0.041,   155.357,     0.000,     0.454,    19.277,   678.000,     1.000,     4.748,  -114.177,     0.000,   259.635,   330.704,    39.756,     3.353,     0.000,         5.339,         0.443,         1.785,     0.002,     0.000,     0.000,     0.001,         1.000,         1.000,         1.000,         1.000,         1.000,         1.000,         1.000,         1.000,         1.000,         0.000,         0.000,         0.000,
    18.202,   386.765,   452.330,     5.180,     0.044,   151.974,     0.000,     0.455,    19.120,   660.400,     1.000,     4.784,  -116.181,     0.000,   259.125,   330.686,    40.098,     4.522,     0.000,         5.163,         0.475,         1.767,     0.002,     0.000,     0.000,     0.001,         1.000,         1.000,         1.000,         1.000,         1.000,         1.000,         1.000,         1.000,         1.000,         0.000,         0.000,         0.000,
    18.300,   133.038,   452.172,     5.145,     0.014,   114.740,     0.000,     0.455,    18.962,   660.400,     1.000,     4.787,  -117.664,     0.000,   258.614,   330.500,    40.232,     5.546,     0.000,         5.102,         0.492,         1.749,     0.002,     0.000,     0.000,     0.001,         1.000,         1.000,         1.000,         1.000,         1.000,         1.000,         1.000,         1.000,         1.000,         0.000,         0.000,         0.000,
    18.400,   186.219,   452.028,     5.127,     0.014,   178.265,     0.000,     0.455,    18.818,   660.400,     1.000,     4.773,  -119.517,     0.000,   258.111,   330.409,    40.479,     6.741,     0.000,         5.118,         0.495,         1.732,     0.002,     0.000,     0.000,     0.001,         1.000,         1.000,         1.000,         1.000,         1.000,         1.000,         1.000,         1.000,         1.000,         0.000,         0.000,         0.000,
    18.502,   343.404,   451.870,     5.065,     0.015,   123.186,     0.000,     0.455,    18.660,   660.400,     1.000,     4.730,  -120.766,     0.000,   257.626,   330.157,    40.493,     7.741,     0.000,         5.186,         0.501,         1.711,     0.003,     0.000,     0.000,     0.001,         1.000,         1.000,         1.000,         1.000,         1.000,         1.000,         1.000,         1.000,         1.000,         0.000,         0.000,         0.000,
    18.601,   377.053,   451.741,     4.980,     0.031,   155.983,     0.000,     0.455,    18.531,   660.400,     1.000,     4.680,  -121.538,     0.000,   257.152,   329.780,    40.312,     8.598,     0.000,         5.252,         0.507,         1.694,     0.003,     0.000,     0.000,     0.001,         1.000,         1.000,         1.000,         1.000,         1.000,         1.000,         1.000,         1.000,         1.000,         0.000,         0.000,         0.000,
    18.700,   374.652,   451.610,     4.867,     0.035,   154.794,     0.000,     0.455,    18.400,   660.400,     1.000,     4.614,  -121.457,     0.000,   256.675,   329.171,    39.778,     9.183,     0.000,         5.319,         0.517,         1.678,     0.003,     0.000,     0.000,     0.001,         1.000,         1.000,         1.000,         1.000,         1.000,         1.000,         1.000,         1.000,         1.000,         0.000,         0.000,         0.000,
    18.801,   372.195,   451.481,     4.718,     0.036,   154.206,     0.000,     0.455,    18.271,   660.400,     1.000,     4.522,  -121.001,     0.000,   256.205,   328.475,    39.072,     9.659,     0.000,         5.410,         0.527,         1.661,     0.003,     0.000,     0.000,     0.001,         1.000,         1.000,         1.000,         1.000,         1.000,         1.000,         1.000,         1.000,         1.000,         0.000,         0.000,         0.000,
    18.901,   369.768,   451.354,     4.524,     0.038,   159.190,   104.752,     0.455,    18.144,   642.100,     1.000,     4.397,   -20.972,    98.823,   255.742,   327.604,    38.051,     9.881,     0.000,         5.441,         0.541,         1.644,     0.003,     0.000,     0.000,     0.001,         1.000,         1.000,         1.000,         1.000,         1.000,         1.000,         1.000,         1.000,         1.000,         0.000,         0.000,         0.591,
    19.000,   367.361,   451.225,     4.285,     0.040,   162.873,   360.919,     0.456,    18.015,   642.100,     1.000,     4.237,   223.077,   340.489,   255.285,   326.461,    36.560,     9.677,     0.000,         5.406,         0.560,         1.628,     0.003,     0.000,     0.000,     0.001,         1.000,         1.000,         1.000,         1.000,         1.000,         1.000,         1.000,         1.000,         1.000,         0.000,         0.000,         0.993,
    19.101,   364.914,   451.123,     4.093,     0.037,   142.125,     0.000,     0.456,    17.913,   642.100,     1.000,     4.093,  -117.002,     0.000,   254.832,   325.506,    35.414,    10.914,     0.000,         5.948,         0.558,         1.611,     0.003,     0.000,     0.000,     0.001,         1.000,         1.000,         1.000,         1.000,         1.000,         1.000,         1.000,         1.000,         1.000,         0.000,         0.000,         0.000,
    19.201,   362.488,   451.036,     3.968,     0.033,   140.010,    60.020,     0.456,    17.826,   642.100,     1.000,     3.991,   -61.926,    56.622,   254.413,   325.017,    34.939,    13.006,     0.000,         5.701,         0.571,         1.595,     0.003,     0.000,     0.000,     0.001,         1.000,         1.000,         1.000,         1.000,         1.000,         1.000,         1.000,         1.000,         1.000,         0.000,         0.000,         0.407,
    19.300,   360.069,   450.952,     3.795,     0.030,   136.454,     0.000,     0.456,    17.742,   642.100,     1.000,     3.913,  -118.745,     0.000,   254.028,   324.204,    33.945,    14.624,     0.000,         5.271,         0.555,         1.579,     0.003,     0.000,     0.000,     0.001,         1.000,         1.000,         1.000,         1.000,         1.000,         1.000,         1.000,         1.000,         1.000,         0.000,         0.000,         0.000,
    19.400,   357.632,   450.872,     3.708,     0.031,   142.170,     0.000,     0.456,    17.662,   642.100,     1.000,     3.870,  -120.607,     0.000,   253.677,   323.788,    33.525,    16.971,     0.000,         4.836,         0.562,         1.563,     0.003,     0.000,     0.000,     0.001,         1.000,         1.000,         1.000,         1.000,         1.000,         1.000,         1.000,         1.000,         1.000,         0.000,         0.000,         0.000,
    19.500,   355.200,   450.792,     3.579,     0.029,   143.691,     0.000,     0.456,    17.582,   642.100,     1.000,     3.862,  -121.620,     0.000,   253.359,   323.167,    32.764,    19.046,     0.000,         4.503,         0.570,         1.547,     0.003,     0.000,     0.000,     0.001,         1.000,         1.000,         1.000,         1.000,         1.000,         1.000,         1.000,         1.000,         1.000,         0.000,         0.000,         0.000,
    19.600,   352.777,   450.717,     3.825,     0.032,   142.943,   132.998,     0.457,    17.507,   642.100,     1.000,     3.879,    -4.428,   125.470,   253.075,   324.210,    34.618,    24.145,     0.000,         4.416,         0.680,         1.531,     0.003,     0.000,     0.000,     0.001,         1.000,         1.000,         1.000,         1.000,         1.000,         1.000,         1.000,         1.000,         1.000,         0.000,         0.000,         0.657,
    19.700,   350.347,   450.644,     3.946,     0.034,   142.768,     0.000,     0.457,    17.434,   642.100,     1.000,     3.947,  -136.536,     0.000,   252.824,   324.835,    35.857,    28.667,     0.000,         4.047,         0.703,         1.515,     0.003,     0.000,     0.000,     0.001,         1.000,         1.000,         1.000,         1.000,         1.000,         1.000,         1.000,         1.000,         1.000,         0.000,         0.000,         0.000,
    19.802,   327.749,   450.573,     4.125,     0.034,   141.047,   494.254,     0.457,    17.363,   642.100,     1.000,     4.063,   321.967,   466.278,   252.597,   325.641,    37.449,    33.818,     0.000,         3.808,         0.751,         1.500,     0.003,     0.000,     0.000,     0.001,         1.000,         1.000,         1.000,         1.000,         1.000,         1.000,         1.000,         1.000,         1.000,         0.000,         0.000,         0.949,
    19.900,   345.486,   450.511,     4.313,     0.013,   139.992,     0.000,     0.458,    17.301,   642.100,     1.000,     4.205,  -152.657,     0.000,   252.412,   326.565,    39.293,    39.211,     0.000,         3.562,         0.764,         1.485,     0.003,     0.000,     0.000,     0.001,         1.000,         1.000,         1.000,         1.000,         1.000,         1.000,         1.000,         1.000,         1.000,         0.000,         0.000,         0.000,
    20.000,   343.055,   450.450,     4.506,     0.013,   160.581,     0.000,     0.458,    17.239,   642.100,     1.000,     4.368,  -160.862,     0.000,   252.260,   327.416,    41.072,    44.633,     0.000,         3.379,         0.780,         1.470,     0.003,     0.000,     0.000,     0.001,         1.000,         1.000,         1.000,         1.000,         1.000,         1.000,         1.000,         1.000,         1.000,         0.000,         0.000,         0.000,
    20.102,   340.581,   450.369,     4.682,     0.016,   157.966,   294.192,     0.458,    17.159,   623.800,     1.000,     4.524,   114.036,   277.539,   252.525,   328.228,    42.262,    45.538,     0.000,         3.214,         0.791,         1.455,     0.003,     0.000,     0.000,     0.001,         1.000,         1.000,         1.000,         1.000,         1.000,         1.000,         1.000,         1.000,         1.000,         0.000,         0.000,         0.973,
    20.200,   191.302,   450.270,     4.818,     0.013,   158.828,     0.000,     0.458,    17.060,   623.800,     1.000,     4.656,  -165.626,     0.000,   252.791,   328.947,    43.256,    46.214,     0.000,         3.093,         0.796,         1.441,     0.003,     0.000,     0.000,     0.001,         1.000,         1.000,         1.000,         1.000,         1.000,         1.000,         1.000,         1.000,         1.000,         0.000,         0.000,         0.000,
    20.302,   335.727,   450.188,     4.932,     0.016,   161.278,   431.987,     0.458,    16.978,   623.800,     1.000,     4.775,   240.781,   407.534,   253.059,   329.461,    43.864,    46.487,     0.000,         2.961,         0.792,         1.426,     0.003,     0.000,     0.000,     0.001,         1.000,         1.000,         1.000,         1.000,         1.000,         1.000,         1.000,         1.000,         1.000,         0.000,         0.000,         0.969,
    20.402,   333.294,   450.097,     4.992,     0.020,   148.214,     0.000,     0.458,    16.887,   623.800,     1.000,     4.852,  -166.904,     0.000,   253.332,   329.771,    44.094,    46.371,     0.000,         2.871,         0.791,         1.412,     0.003,     0.000,     0.000,     0.001,         1.000,         1.000,         1.000,         1.000,         1.000,         1.000,         1.000,         1.000,         1.000,         0.000,         0.000,         0.000,
    20.500,    60.374,   449.997,     5.016,     0.003,   103.276,   298.961,     0.458,    16.787,   623.800,     1.000,     4.898,   115.881,   282.038,   253.604,   329.884,    43.973,    45.905,     0.000,         2.795,         0.779,         1.398,     0.003,     0.000,     0.000,     0.001,         1.000,         1.000,         1.000,         1.000,         1.000,         1.000,         1.000,         1.000,         1.000,         0.000,         0.000,         0.991,
    20.600,    55.614,   449.923,     5.011,     0.019,   163.328,   134.686,     0.458,    16.713,   623.800,     1.000,     4.919,   -37.814,   127.063,   253.877,   329.876,    43.643,    45.235,     0.000,         2.712,         0.765,         1.384,     0.003,     0.000,     0.000,     0.001,         1.000,         1.000,         1.000,         1.000,         1.000,         1.000,         1.000,         1.000,         1.000,         0.000,         0.000,         0.740,
    20.701,   314.304,   449.833,     4.975,     0.036,   222.081,     0.000,     0.458,    16.623,   623.800,     1.000,     4.904,  -162.922,     0.000,   254.145,   329.705,    43.050,    44.311,     0.000,         2.628,         0.754,         1.369,     0.003,     0.000,     0.000,     0.001,         1.000,         1.000,         1.000,         1.000,         1.000,         1.000,         1.000,         1.000,         1.000,         0.000,         0.000,         0.000,
    20.800,   323.611,   449.751,     4.932,     0.023,   164.666,     0.000,     0.457,    16.541,   623.800,     1.000,     4.876,  -160.631,     0.000,   254.424,   329.462,    42.334,    43.258,     0.000,         2.531,         0.738,         1.355,     0.003,     0.000,     0.000,     0.001,         1.000,         1.000,         1.000,         1.000,         1.000,         1.000,         1.000,         1.000,         1.000,         0.000,         0.000,         0.000,
    20.901,   321.151,   449.660,     4.862,     0.021,   157.483,   233.988,     0.457,    16.450,   623.800,     1.000,     4.821,    62.692,   220.743,   254.699,   329.139,    41.508,    42.103,     0.000,         2.442,         0.724,         1.341,     0.003,     0.000,     0.000,     0.001,         1.000,         1.000,         1.000,         1.000,         1.000,         1.000,         1.000,         1.000,         1.000,         0.000,         0.000,         0.890,
    21.000,   232.378,   449.572,     4.752,     0.020,   153.978,   395.516,     0.457,    16.362,   623.800,     1.000,     4.723,   218.394,   373.128,   254.980,   328.637,    40.410,    40.667,     0.000,         2.350,         0.709,         1.328,     0.003,     0.000,     0.000,     0.001,         1.000,         1.000,         1.000,         1.000,         1.000,         1.000,         1.000,         1.000,         1.000,         0.000,         0.000,         0.986,
    21.100,   153.900,   449.488,     4.597,     0.021,   161.610,    67.358,     0.457,    16.278,   623.800,     1.000,     4.582,   -87.082,    63.545,   255.646,   327.893,    39.510,    38.870,     0.000,         2.256,         0.693,         1.315,     0.003,     0.000,     0.000,     0.001,         1.000,         1.000,         1.000,         1.000,         1.000,         1.000,         1.000,         1.000,         1.000,         0.000,         0.000,         0.411,
    21.201,   260.039,   449.382,     4.394,     0.019,   159.888,     0.000,     0.457,    16.172,   623.800,     1.000,     4.394,  -145.589,     0.000,   256.312,   326.974,    38.261,    36.666,     0.000,         2.183,         0.683,         1.301,     0.003,     0.000,     0.000,     0.001,         1.000,         1.000,         1.000,         1.000,         1.000,         1.000,         1.000,         1.000,         1.000,         0.000,         0.000,         0.000,
    21.301,   311.427,   449.277,     4.140,     0.030,   175.225,     0.000,     0.457,    16.067,   606.000,     1.000,     4.140,  -139.089,     0.000,   256.986,   325.772,    36.477,    33.826,     0.000,         2.123,         0.675,         1.288,     0.003,     0.000,     0.000,     0.001,         1.000,         1.000,         1.000,         1.000,         1.000,         1.000,         1.000,         1.000,         1.000,         0.000,         0.000,         0.000,
    21.400,   309.028,   449.185,     3.767,     0.015,   149.348,     0.000,     0.456,    15.975,   606.000,     1.000,     3.860,  -130.004,     0.000,   257.675,   324.055,    33.754,    29.870,     0.000,         2.045,         0.611,         1.275,     0.003,     0.000,     0.000,     0.001,         1.000,         1.000,         1.000,         1.000,         1.000,         1.000,         1.000,         1.000,         1.000,         0.000,         0.000,         0.000,
    21.501,   247.857,   449.081,     3.383,     0.024,   189.866,     0.000,     0.456,    15.871,   606.000,     1.000,     3.548,  -120.294,     0.000,   258.370,   322.274,    30.820,    25.570,     0.000,         1.966,         0.566,         1.263,     0.003,     0.000,     0.000,     0.001,         1.000,         1.000,         1.000,         1.000,         1.000,         1.000,         1.000,         1.000,         1.000,         0.000,         0.000,         0.000,
    21.600,   188.685,   448.980,     3.050,     0.019,   152.027,     0.000,     0.455,    15.770,   606.000,     1.000,     3.297,  -111.203,     0.000,   259.071,   320.704,    28.130,    21.440,     0.000,         1.906,         0.505,         1.250,     0.003,     0.000,     0.000,     0.001,         1.000,         1.000,         1.000,         1.000,         1.000,         1.000,         1.000,         1.000,         1.000,         0.000,         0.000,         0.000,
    21.700,   149.962,   448.878,     2.842,     0.018,   162.889,    38.474,     0.454,    15.668,   606.000,     1.000,     3.111,   -68.147,    36.297,   259.783,   319.709,    26.299,    18.220,     0.000,         1.853,         0.453,         1.238,     0.003,     0.000,     0.000,     0.001,         1.000,         1.000,         1.000,         1.000,         1.000,         1.000,         1.000,         1.000,         1.000,         0.000,         0.000,         0.286,
    21.801,   232.334,   448.770,     2.654,     0.019,   169.325,     0.000,     0.454,    15.560,   606.000,     1.000,     2.973,   -98.109,     0.000,   260.495,   318.855,    24.619,    15.130,     0.000,         1.804,         0.398,         1.225,     0.003,     0.000,     0.000,     0.001,         1.000,         1.000,         1.000,         1.000,         1.000,         1.000,         1.000,         1.000,         1.000,         0.000,         0.000,         0.000,
    21.901,   296.858,   448.662,     2.741,     0.047,   162.060,   137.528,     0.455,    15.452,   606.000,     1.000,     2.891,    32.227,   129.743,   261.203,   319.234,    25.010,    14.475,     0.000,         1.721,         0.502,         1.213,     0.003,     0.000,     0.000,     0.001,         1.000,         1.000,         1.000,         1.000,         1.000,         1.000,         1.000,         1.000,         1.000,         0.000,         0.000,         0.675,
    22.000,   294.444,   448.556,     2.723,     0.051,   163.620,     0.000,     0.455,    15.346,   606.000,     1.000,     2.847,   -94.587,     0.000,   261.928,   319.157,    24.573,    12.785,     0.000,         1.663,         0.510,         1.201,     0.003,     0.000,     0.000,     0.001,         1.000,         1.000,         1.000,         1.000,         1.000,         1.000,         1.000,         1.000,         1.000,         0.000,         0.000,         0.000,
    22.101,   291.996,   448.448,     2.696,     0.051,   160.249,     0.000,     0.455,    15.238,   606.000,     1.000,     2.816,   -95.859,     0.000,   261.152,   319.047,    24.061,    13.904,     0.000,         1.612,         0.506,         1.189,     0.003,     0.000,     0.000,     0.001,         1.000,         1.000,         1.000,         1.000,         1.000,         1.000,         1.000,         1.000,         1.000,         0.000,         0.000,         0.000,
    22.201,   289.571,   448.336,     2.670,     0.055,   160.652,     0.000,     0.455,    15.126,   588.800,     1.000,     2.791,   -96.972,     0.000,   260.343,   318.886,    23.470,    14.959,     0.000,         1.564,         0.508,         1.177,     0.003,     0.000,     0.000,     0.001,         1.000,         1.000,         1.000,         1.000,         1.000,         1.000,         1.000,         1.000,         1.000,         0.000,         0.000,         0.000,
    22.300,   287.153,   448.220,     2.667,     0.054,   159.185,   304.171,     0.455,    15.010,   588.800,     1.000,     2.788,   188.296,   286.954,   259.542,   318.852,    23.111,    16.237,     0.000,         1.538,         0.503,         1.166,     0.003,     0.000,     0.000,     0.001,         1.000,         1.000,         1.000,         1.000,         1.000,         1.000,         1.000,         1.000,         1.000,         0.000,         0.000,         0.984,
    22.400,   284.712,   448.098,     2.664,     0.052,   158.460,     0.000,     0.455,    14.888,   588.800,     1.000,     2.793,  -100.684,     0.000,   258.745,   318.898,    22.892,    17.640,     0.000,         1.537,         0.514,         1.154,     0.003,     0.000,     0.000,     0.001,         1.000,         1.000,         1.000,         1.000,         1.000,         1.000,         1.000,         1.000,         1.000,         0.000,         0.000,         0.000,
    22.500,   282.289,   447.978,     2.675,     0.050,   153.255,     0.000,     0.455,    14.768,   588.800,     1.000,     2.814,  -102.666,     0.000,   257.957,   318.947,    22.678,    18.999,     0.000,         1.509,         0.497,         1.143,     0.003,     0.000,     0.000,     0.001,         1.000,         1.000,         1.000,         1.000,         1.000,         1.000,         1.000,         1.000,         1.000,         0.000,         0.000,         0.000,
    22.600,   279.861,   447.851,     2.691,     0.054,   154.419,     0.000,     0.455,    14.641,   588.800,     1.000,     2.850,  -104.706,     0.000,   257.173,   319.017,    22.501,    20.362,     0.000,         1.474,         0.483,         1.132,     0.003,     0.000,     0.000,     0.001,         1.000,         1.000,         1.000,         1.000,         1.000,         1.000,         1.000,         1.000,         1.000,         0.000,         0.000,         0.000,
    22.700,   277.423,   447.721,     2.889,     0.053,   155.410,     0.000,     0.455,    14.511,   588.800,     1.000,     2.920,  -110.538,     0.000,   256.370,   319.917,    23.672,    23.320,     0.000,         1.530,         0.540,         1.120,     0.005,     0.000,     0.000,     0.002,         1.000,         1.000,         1.000,         1.000,         1.000,         1.000,         1.000,         1.000,         1.000,         0.000,         0.000,         0.000,
    22.800,   274.995,   447.589,     3.004,     0.050,   153.208,     0.000,     0.456,    14.379,   588.800,     1.000,     3.019,  -114.497,     0.000,   255.611,   320.447,    24.230,    25.430,     0.000,         1.640,         0.564,         1.109,     0.005,     0.000,     0.000,     0.002,         1.000,         1.000,         1.000,         1.000,         1.000,         1.000,         1.000,         1.000,         1.000,         0.000,         0.000,         0.000,
    22.900,   272.569,   447.454,     3.136,     0.051,   152.210,     0.000,     0.456,    14.244,   588.800,     1.000,     3.144,  -118.783,     0.000,   254.835,   321.061,    24.899,    27.659,     0.000,         1.646,         0.558,         1.098,     0.005,     0.000,     0.000,     0.002,         1.000,         1.000,         1.000,         1.000,         1.000,         1.000,         1.000,         1.000,         1.000,         0.000,         0.000,         0.000,
    23.000,   270.139,   447.316,     3.242,     0.050,   150.072,     0.000,     0.456,    14.106,   571.500,     1.000,     3.278,  -122.427,     0.000,   254.075,   321.555,    25.361,    29.585,     0.000,         1.659,         0.566,         1.087,     0.005,     0.000,     0.000,     0.002,         1.000,         1.000,         1.000,         1.000,         1.000,         1.000,         1.000,         1.000,         1.000,         0.000,         0.000,         0.000,
    23.100,   267.708,   447.159,     3.395,     0.053,   151.756,     0.000,     0.456,    13.949,   571.500,     1.000,     3.422,  -129.532,     0.000,   253.188,   322.268,    28.535,    31.916,     0.000,         1.635,         0.578,         1.076,     0.005,     0.000,     0.000,     0.002,         1.000,         1.000,         1.000,         1.000,         1.000,         1.000,         1.000,         1.000,         1.000,         0.000,         0.000,         0.000,
    23.200,   265.277,   446.994,     3.510,     0.053,   150.322,     0.000,     0.456,    13.784,   571.500,     1.000,     3.530,  -135.699,     0.000,   252.306,   322.794,    31.335,    33.877,     0.000,         1.597,         0.580,         1.066,     0.005,     0.000,     0.000,     0.002,         1.000,         1.000,         1.000,         1.000,         1.000,         1.000,         1.000,         1.000,         1.000,         0.000,         0.000,         0.000,
    23.303,   262.775,   446.813,     3.484,     0.054,   151.396,     0.000,     0.456,    13.603,   571.500,     1.000,     3.590,  -139.238,     0.000,   251.423,   322.741,    33.142,    34.779,     0.000,         1.537,         0.555,         1.055,     0.005,     0.000,     0.000,     0.002,         1.000,         1.000,         1.000,         1.000,         1.000,         1.000,         1.000,         1.000,         1.000,         0.000,         0.000,         0.000,
    23.400,   260.416,   446.649,     3.515,     0.055,   148.918,     0.000,     0.456,    13.439,   571.500,     1.000,     3.605,  -143.245,     0.000,   250.561,   322.830,    35.069,    35.907,     0.000,         1.480,         0.576,         1.044,     0.007,     0.000,     0.001,     0.003,         1.000,         1.000,         1.000,         1.000,         1.000,         1.000,         1.000,         1.000,         1.000,         0.000,         0.000,         0.000,
    23.500,   257.986,   446.467,     3.448,     0.056,   146.870,     0.000,     0.456,    13.257,   571.500,     1.000,     3.579,  -145.459,     0.000,   249.693,   322.517,    36.316,    36.319,     0.000,         1.436,         0.580,         1.034,     0.007,     0.000,     0.001,     0.003,         1.000,         1.000,         1.000,         1.000,         1.000,         1.000,         1.000,         1.000,         1.000,         0.000,         0.000,         0.000,
    23.600,   255.555,   446.285,     3.401,     0.058,   145.082,    96.050,     0.456,    13.075,   542.600,     1.000,     3.555,   -57.334,    90.613,   248.848,   322.301,    37.618,    36.877,     0.000,         1.394,         0.581,         1.023,     0.007,     0.000,     0.001,     0.003,         1.000,         1.000,         1.000,         1.000,         1.000,         1.000,         1.000,         1.000,         1.000,         0.000,         0.000,         0.557,
    23.703,   253.058,   446.096,     3.331,     0.007,   127.839,   440.044,     0.456,    12.886,   542.600,     1.000,     3.502,   265.463,   415.135,   247.991,   321.907,    38.619,    37.137,     0.000,         1.418,         0.580,         1.013,     0.007,     0.000,     0.001,     0.003,         1.000,         1.000,         1.000,         1.000,         1.000,         1.000,         1.000,         1.000,         1.000,         0.000,         0.000,         0.962,
    23.800,   198.333,   445.904,     3.218,     0.004,   122.434,   445.061,     0.456,    12.694,   542.600,     1.000,     3.429,   268.938,   419.869,   247.153,   321.432,    39.417,    37.235,     0.000,         1.475,         0.555,         1.003,     0.007,     0.000,     0.001,     0.003,         1.000,         1.000,         1.000,         1.000,         1.000,         1.000,         1.000,         1.000,         1.000,         0.000,         0.000,         0.948,
    23.903,   248.199,   445.719,     3.222,     0.032,   135.571,     0.000,     0.456,    12.509,   542.600,     1.000,     3.324,  -154.397,     0.000,   246.318,   321.488,    40.970,    38.257,     0.000,         1.478,         0.584,         0.992,     0.007,     0.000,     0.001,     0.003,         1.000,         1.000,         1.000,         1.000,         1.000,         1.000,         1.000,         1.000,         1.000,         0.000,         0.000,         0.000,
    24.000,   245.833,   445.537,     3.076,     0.059,   136.568,     0.000,     0.456,    12.327,   542.600,     1.000,     3.203,  -154.567,     0.000,   245.492,   320.786,    41.320,    37.953,     0.000,         1.390,         0.593,         0.983,     0.007,     0.000,     0.001,     0.003,         1.000,         1.000,         1.000,         1.000,         1.000,         1.000,         1.000,         1.000,         1.000,         0.000,         0.000,         0.000,
    24.100,   243.402,   445.339,     2.926,     0.063,   138.815,     0.000,     0.456,    12.129,   542.600,     1.000,     3.083,  -154.230,     0.000,   245.264,   320.097,    41.416,    37.981,     0.000,         1.303,         0.591,         0.973,     0.007,     0.000,     0.001,     0.003,         1.000,         1.000,         1.000,         1.000,         1.000,         1.000,         1.000,         1.000,         1.000,         0.000,         0.000,         0.000,
    24.202,   240.919,   445.125,     2.824,     0.066,   135.882,     0.000,     0.456,    11.915,   502.300,     1.000,     2.964,  -155.012,     0.000,   245.038,   319.671,    41.906,    38.474,     0.000,         1.238,         0.620,         0.963,     0.007,     0.000,     0.001,     0.003,         1.000,         1.000,         1.000,         1.000,         1.000,         1.000,         1.000,         1.000,         1.000,         0.000,         0.000,         0.000,
    24.302,   238.484,   444.913,     2.689,     0.066,   133.906,   448.556,     0.456,    11.703,   502.300,     1.000,     2.844,   268.686,   423.167,   244.815,   318.936,    41.934,    38.424,     0.000,         1.188,         0.622,         0.954,     0.007,     0.000,     0.001,     0.003,         1.000,         1.000,         1.000,         1.000,         1.000,         1.000,         1.000,         1.000,         1.000,         0.000,         0.000,         0.946,
    24.400,   236.111,   444.699,     2.600,     0.069,   133.072,   446.385,     0.456,    11.489,   502.300,     1.000,     2.730,   265.613,   421.118,   244.594,   318.568,    42.506,    39.024,     0.000,         1.155,         0.665,         0.944,     0.008,     0.000,     0.001,     0.004,         1.000,         1.000,         1.000,         1.000,         1.000,         1.000,         1.000,         1.000,         1.000,         0.000,         0.000,         0.975,
    24.500,   233.680,   444.484,     2.519,     0.070,   133.561,   444.207,     0.457,    11.274,   502.300,     1.000,     2.631,   262.558,   419.063,   244.375,   318.193,    43.069,    39.618,     0.000,         1.139,         0.684,         0.935,     0.008,     0.000,     0.001,     0.004,         1.000,         1.000,         1.000,         1.000,         1.000,         1.000,         1.000,         1.000,         1.000,         0.000,         0.000,         0.973,
    24.602,   231.204,   444.261,     2.447,     0.073,   131.820,   442.019,     0.457,    11.051,   462.000,     1.000,     2.533,   259.770,   416.999,   244.157,   317.752,    43.533,    40.100,     0.000,         1.118,         0.712,         0.926,     0.008,     0.000,     0.001,     0.004,         1.000,         1.000,         1.000,         1.000,         1.000,         1.000,         1.000,         1.000,         1.000,         0.000,         0.000,         0.968,
    24.700,   228.819,   444.031,     2.275,     0.076,   130.059,     0.000,     0.457,    10.821,   462.000,     1.000,     2.418,  -157.006,     0.000,   243.942,   317.095,    43.667,    40.186,     0.000,         1.077,         0.722,         0.917,     0.008,     0.000,     0.001,     0.004,         1.000,         1.000,         1.000,         1.000,         1.000,         1.000,         1.000,         1.000,         1.000,         0.000,         0.000,         0.000,
    24.802,   226.347,   443.792,     2.062,     0.079,   131.783,     0.000,     0.457,    10.582,   462.000,     1.000,     2.305,  -155.555,     0.000,   243.728,   316.161,    43.376,    39.747,     0.000,         1.014,         0.709,         0.909,     0.008,     0.000,     0.001,     0.004,         1.000,         1.000,         1.000,         1.000,         1.000,         1.000,         1.000,         1.000,         1.000,         0.000,         0.000,         0.000,
    24.902,   223.919,   443.555,     2.057,     0.078,   128.807,     0.000,     0.458,    10.345,   462.000,     1.000,     2.193,  -157.948,     0.000,   243.517,   316.100,    44.414,    40.950,     0.000,         0.987,         0.782,         0.900,     0.009,     0.000,     0.001,     0.004,         1.000,         1.000,         1.000,         1.000,         1.000,         1.000,         1.000,         1.000,         1.000,         0.000,         0.000,         0.000,
    25.000,   221.528,   443.316,     1.996,     0.075,   121.354,   433.208,     0.458,    10.106,   462.000,     1.000,     2.072,   249.710,   408.687,   243.307,   315.727,    44.980,    41.577,     0.000,         0.972,         0.824,         0.892,     0.009,     0.000,     0.001,     0.004,         1.000,         1.000,         1.000,         1.000,         1.000,         1.000,         1.000,         1.000,         1.000,         0.000,         0.000,         0.974,
    25.101,   219.062,   443.047,     1.854,     0.079,   113.385,   204.364,     0.458,     9.837,   420.600,     1.000,     1.957,    36.325,   192.796,   242.975,   315.050,    44.235,    40.162,     0.000,         0.929,         0.827,         0.885,     0.009,     0.000,     0.001,     0.004,         1.000,         1.000,         1.000,         1.000,         1.000,         1.000,         1.000,         1.000,         1.000,         0.000,         0.000,         0.891,
    25.201,   204.840,   442.819,     1.709,     0.028,   104.489,   202.972,     0.458,     9.609,   420.600,     1.000,     1.829,    37.118,   191.483,   242.646,   314.476,    43.569,    38.966,     0.000,         0.925,         0.813,         0.878,     0.009,     0.000,     0.001,     0.004,         1.000,         1.000,         1.000,         1.000,         1.000,         1.000,         1.000,         1.000,         1.000,         0.000,         0.000,         0.907,
    25.300,   214.236,   442.570,     1.651,     0.088,   121.554,     0.000,     0.458,     9.360,   420.600,     1.000,     1.723,  -153.541,     0.000,   242.320,   314.226,    43.277,    38.359,     0.000,         0.878,         0.847,         0.870,     0.010,     0.000,     0.001,     0.005,         1.000,         1.000,         1.000,         1.000,         1.000,         1.000,         1.000,         1.000,         1.000,         0.000,         0.000,         0.000,
    25.401,   211.775,   442.323,     1.597,     0.094,   126.545,     0.000,     0.459,     9.113,   420.600,     1.000,     1.643,  -152.662,     0.000,   242.000,   313.985,    42.912,    37.766,     0.000,         0.827,         0.864,         0.864,     0.010,     0.000,     0.001,     0.005,         1.000,         1.000,         1.000,         1.000,         1.000,         1.000,         1.000,         1.000,         1.000,         0.000,         0.000,         0.000,
    25.500,   209.375,   442.071,     1.508,     0.100,   122.929,     0.000,     0.459,     8.861,   377.900,     1.000,     1.564,  -151.082,     0.000,   241.682,   313.581,    42.271,    36.912,     0.000,         0.779,         0.863,         0.858,     0.010,     0.000,     0.001,     0.005,         1.000,         1.000,         1.000,         1.000,         1.000,         1.000,         1.000,         1.000,         1.000,         0.000,         0.000,         0.000,
    25.600,   206.944,   441.814,     1.397,     0.103,   122.788,   197.348,     0.459,     8.604,   377.900,     1.000,     1.480,    37.148,   186.177,   241.369,   313.057,    41.444,    35.898,     0.000,         0.732,         0.857,         0.853,     0.010,     0.000,     0.001,     0.005,         1.000,         1.000,         1.000,         1.000,         1.000,         1.000,         1.000,         1.000,         1.000,         0.000,         0.000,         0.897,
    25.701,   204.488,   441.553,     1.406,     0.108,   123.851,   101.345,     0.459,     8.343,   377.900,     1.000,     1.423,   -53.436,    95.608,   241.060,   313.100,    41.245,    35.760,     0.000,         0.687,         0.916,         0.847,     0.012,     0.000,     0.001,     0.005,         1.000,         1.000,         1.000,         1.000,         1.000,         1.000,         1.000,         1.000,         1.000,         0.000,         0.000,         0.550,
    25.801,   202.063,   441.295,     1.362,     0.113,   123.854,   194.513,     0.459,     8.085,   377.900,     1.000,     1.384,    35.402,   183.503,   240.756,   312.894,    40.712,    35.250,     0.000,         0.631,         0.931,         0.843,     0.012,     0.000,     0.001,     0.005,         1.000,         1.000,         1.000,         1.000,         1.000,         1.000,         1.000,         1.000,         1.000,         0.000,         0.000,         0.848,
    25.900,   199.653,   441.020,     1.322,     0.120,   121.751,   406.552,     0.460,     7.810,   335.300,     1.000,     1.338,   236.384,   383.539,   240.454,   312.693,    40.157,    34.760,     0.000,         0.572,         0.958,         0.838,     0.012,     0.000,     0.001,     0.005,         1.000,         1.000,         1.000,         1.000,         1.000,         1.000,         1.000,         1.000,         1.000,         0.000,         0.000,         0.979,
    26.000,   197.222,   440.743,     1.227,     0.125,   121.770,   403.538,     0.459,     7.533,   335.300,     1.000,     1.281,   235.336,   380.696,   240.157,   312.240,    39.327,    33.951,     0.000,         0.518,         0.928,         0.834,     0.012,     0.000,     0.001,     0.005,         1.000,         1.000,         1.000,         1.000,         1.000,         1.000,         1.000,         1.000,         1.000,         0.000,         0.000,         0.970,
    26.101,   194.773,   440.460,     1.225,     0.136,   123.061,     0.000,     0.460,     7.250,   335.300,     1.000,     1.235,  -143.610,     0.000,   240.126,   312.297,    38.249,    33.189,     0.000,         0.477,         0.967,         0.829,     0.014,     0.000,     0.001,     0.006,         1.000,         1.000,         1.000,         1.000,         1.000,         1.000,         1.000,         1.000,         1.000,         0.000,         0.000,         0.000,
    26.200,   192.361,   440.150,     1.166,     0.148,   122.750,     0.000,     0.460,     6.940,   291.700,     1.000,     1.184,  -140.801,     0.000,   240.100,   312.026,    36.857,    32.018,     0.000,         0.438,         0.951,         0.825,     0.014,     0.000,     0.001,     0.006,         1.000,         1.000,         1.000,         1.000,         1.000,         1.000,         1.000,         1.000,         1.000,         0.000,         0.000,         0.000,
    26.300,   189.921,   439.811,     1.086,     0.176,   128.307,     0.000,     0.459,     6.601,   291.700,     1.000,     1.133,  -137.813,     0.000,   240.075,   311.682,    35.421,    30.785,     0.000,         0.406,         0.924,         0.822,     0.014,     0.000,     0.001,     0.006,         1.000,         1.000,         1.000,         1.000,         1.000,         1.000,         1.000,         1.000,         1.000,         0.000,         0.000,         0.000,
    26.400,   187.491,   439.487,     1.093,     0.173,   119.913,     0.000,     0.459,     6.277,   291.700,     1.000,     1.099,  -136.011,     0.000,   240.050,   311.688,    34.349,    30.025,     0.000,         0.381,         0.940,         0.818,     0.016,     0.000,     0.001,     0.007,         1.000,         1.000,         1.000,         1.000,         1.000,         1.000,         1.000,         1.000,         1.000,         0.000,         0.000,         0.000,
    26.500,   185.069,   439.138,     1.065,     0.190,   121.209,   198.879,     0.459,     5.928,   247.400,     1.000,     1.085,    53.879,   187.622,   240.027,   311.534,    33.146,    29.090,     0.000,         0.340,         0.923,         0.815,     0.016,     0.000,     0.001,     0.007,         1.000,         1.000,         1.000,         1.000,         1.000,         1.000,         1.000,         1.000,         1.000,         0.000,         0.000,         0.869,
    26.600,   182.633,   438.769,     1.091,     0.218,   124.786,   421.782,     0.460,     5.559,   247.400,     1.000,     1.104,   265.693,   397.908,   240.005,   311.601,    32.169,    28.450,     0.000,         0.289,         0.964,         0.812,     0.016,     0.000,     0.001,     0.007,         1.000,         1.000,         1.000,         1.000,         1.000,         1.000,         1.000,         1.000,         1.000,         0.000,         0.000,         0.961,
    26.700,   180.204,   438.381,     1.142,     0.250,   121.052,   424.803,     0.460,     5.171,   247.400,     1.000,     1.152,   269.491,   400.757,   239.983,   311.842,    31.368,    28.039,     0.000,         0.243,         0.999,         0.808,     0.018,     0.000,     0.001,     0.008,         1.000,         1.000,         1.000,         1.000,         1.000,         1.000,         1.000,         1.000,         1.000,         0.000,         0.000,         0.980,
    26.800,   177.778,   437.945,     1.117,     0.308,   123.739,     0.000,     0.460,     4.735,   202.900,     1.000,     1.144,  -129.454,     0.000,   239.962,   311.797,    30.320,    27.300,     0.000,         0.207,         0.992,         0.804,     0.018,     0.000,     0.001,     0.008,         1.000,         1.000,         1.000,         1.000,         1.000,         1.000,         1.000,         1.000,         1.000,         0.000,         0.000,         0.000,
    26.902,   175.299,   437.499,     1.121,     0.333,   118.995,     0.000,     0.460,     4.289,   202.900,     1.000,     1.125,  -127.836,     0.000,   239.942,   311.812,    29.326,    26.641,     0.000,         0.178,         1.023,         0.800,     0.021,     0.000,     0.002,     0.009,         1.000,         1.000,         1.000,         1.000,         1.000,         1.000,         1.000,         1.000,         1.000,         0.000,         0.000,         0.000,
    27.000,   172.916,   437.039,     1.084,     0.428,   119.661,   387.466,     0.460,     3.829,   162.000,     1.000,     1.098,   239.862,   365.534,   239.924,   311.626,    28.189,    25.781,     0.000,         0.148,         1.018,         0.797,     0.021,     0.000,     0.002,     0.009,         1.000,         1.000,         1.000,         1.000,         1.000,         1.000,         1.000,         1.000,         1.000,         0.000,         0.000,         0.988,
    27.100,   170.486,   436.567,     1.140,     0.467,   114.615,     0.000,     0.460,     3.357,   162.000,     1.000,     1.140,  -124.192,     0.000,   238.995,   311.885,    27.368,    23.934,     0.000,         0.126,         1.031,         0.793,     0.026,     0.000,     0.002,     0.012,         1.000,         1.000,         1.000,         1.000,         1.000,         1.000,         1.000,         1.000,         1.000,         0.000,         0.000,         0.000,
    27.202,   168.014,   436.070,     1.329,     0.645,   112.396,     0.000,     0.460,     2.860,   124.100,     1.000,     1.332,  -124.487,     0.000,   238.146,   312.744,    27.077,    22.811,     0.000,         0.105,         1.030,         0.789,     0.026,     0.000,     0.002,     0.012,         1.000,         1.000,         1.000,         1.000,         1.000,         1.000,         1.000,         1.000,         1.000,         0.000,         0.000,         0.000,
    27.302,   165.587,   435.700,     1.542,     0.674,    98.497,     0.000,     0.460,     2.490,   124.100,     1.000,     1.542,  -125.060,     0.000,   237.376,   313.714,    26.884,    21.839,     0.000,         0.095,         1.039,         0.784,     0.031,     0.000,     0.003,     0.014,         1.000,         1.000,         1.000,         1.000,         1.000,         1.000,         1.000,         1.000,         1.000,         0.000,         0.000,         0.000,
    27.400,   163.194,   435.497,     1.742,     0.727,    95.321,     0.000,     0.460,     2.287,   124.100,     1.000,     1.742,  -125.412,     0.000,   236.687,   314.629,    26.643,    20.827,     0.000,         0.086,         1.024,         0.778,     0.108,     0.001,     0.009,     0.049,         1.000,         1.000,         1.000,         1.000,         1.000,         1.000,         1.000,         1.000,         1.000,         0.000,         0.000,         0.000,
