date,precip_mm,temp_mean_c,temp_max_c,temp_min_c,srad_wm2,wind_ms,shum_kgkg,pres_pa
1979-01-01,0.0097,4.77,7.26,1.67,80.25,2.2575,0.004064,102653.4
1979-01-02,0.0076,5.27,8.80,1.82,28.88,2.1275,0.004395,102211.4
1979-01-03,0.0000,5.98,12.35,0.70,117.75,4.4213,0.004354,101704.6
1979-01-04,0.0000,6.79,13.60,0.88,124.50,5.2138,0.004985,101650.6
1979-01-05,0.0000,4.72,10.32,0.90,97.12,1.7800,0.004352,101841.2
1979-01-06,0.0000,7.77,14.08,3.33,123.75,5.9387,0.004815,101678.2
1979-01-07,0.0000,12.33,17.52,6.36,127.25,7.3725,0.004761,101237.8
1979-01-08,0.0000,12.30,19.81,6.62,136.38,4.7900,0.004206,101123.4
1979-01-09,0.0000,4.56,10.65,0.16,125.75,2.5700,0.004215,101380.0
1979-01-10,0.0756,1.62,3.70,-1.78,74.75,4.2350,0.003950,102091.2
1979-01-11,14.9008,-3.13,-1.29,-5.10,33.38,4.6425,0.002544,102475.0
1979-01-12,0.0778,-7.43,-2.85,-11.76,94.88,1.3863,0.001760,102696.1
1979-01-13,0.0875,-6.65,-4.52,-10.96,33.88,2.4138,0.002009,102759.0
1979-01-14,0.0032,-6.72,-3.41,-9.36,59.75,2.9488,0.001686,103181.6
1979-01-15,0.0000,-3.15,0.35,-6.82,136.25,2.2887,0.001816,102983.5
1979-01-16,0.0000,-0.64,1.83,-5.33,115.00,1.7788,0.002505,102083.0
1979-01-17,0.0000,0.40,3.01,-2.17,78.75,3.0413,0.003196,102255.5
1979-01-18,0.0000,-0.61,3.43,-2.96,131.75,2.6975,0.002471,102948.5
1979-01-19,0.0000,1.77,5.71,-1.44,130.50,2.1300,0.002945,102350.0
1979-01-20,0.0000,4.05,8.62,0.13,129.75,3.3950,0.003279,102539.5
1979-01-21,0.0000,2.17,5.96,-1.81,90.38,3.1250,0.003262,102806.1
1979-01-22,0.0000,4.23,10.46,-2.37,129.62,2.1925,0.003355,102392.4
1979-01-23,0.0000,6.35,11.40,1.78,129.62,1.8713,0.003797,102454.2
1979-01-24,0.0076,6.05,8.56,4.24,39.12,2.1312,0.004311,102255.6
1979-01-25,0.0000,8.91,14.79,3.77,141.38,6.0913,0.004723,101706.6
1979-01-26,0.0000,11.17,18.86,4.74,147.12,2.9900,0.004731,100921.1
1979-01-27,12.3152,6.18,11.16,3.63,48.38,3.4413,0.004692,101089.1
1979-01-28,27.3154,-2.05,0.60,-4.38,29.25,7.5463,0.003048,101717.6
1979-01-29,0.0227,-3.01,-1.39,-4.85,55.00,4.5100,0.002350,102359.4
1979-01-30,1.1005,-5.18,-2.68,-8.03,40.38,3.9600,0.002011,102979.4
1979-01-31,0.0000,-2.96,0.37,-7.65,104.12,2.1575,0.002619,102609.5
1979-02-01,0.0000,-0.12,3.00,-3.59,150.12,3.0550,0.003082,102439.1
1979-02-02,0.0000,3.98,8.26,-1.71,151.88,2.2387,0.003603,101820.2
1979-02-03,0.0119,3.72,6.95,2.15,117.62,3.2712,0.004148,102294.4
1979-02-04,0.1760,3.62,5.06,2.09,41.00,3.8187,0.004345,102458.1
1979-02-05,0.0000,4.96,10.11,2.12,128.50,4.6887,0.004169,102425.1
1979-02-06,0.0000,7.95,14.20,0.96,162.00,2.6625,0.004006,101995.8
1979-02-07,0.0000,8.22,15.32,1.71,161.88,3.4300,0.004925,101897.9
1979-02-08,0.0194,3.06,4.33,1.88,39.75,3.1625,0.004393,102223.8
1979-02-09,0.1706,4.79,6.30,3.28,40.62,2.3800,0.004966,101667.2
1979-02-10,0.0000,8.88,14.70,3.42,159.88,2.0312,0.005351,101619.6
1979-02-11,0.0659,8.95,15.47,2.98,157.38,2.2025,0.005548,101564.2
1979-02-12,0.0194,9.92,16.02,2.86,141.00,2.0475,0.006043,101282.6
1979-02-13,0.0032,9.94,16.90,3.84,165.88,4.4087,0.005613,101607.5
1979-02-14,0.8543,2.47,4.76,-0.16,44.12,3.2962,0.003369,102267.8
1979-02-15,0.0000,6.13,10.86,0.19,130.00,4.5062,0.003845,101695.6
1979-02-16,0.0000,7.91,14.91,0.79,175.50,5.2463,0.002504,101330.8
1979-02-17,0.0000,5.63,11.31,1.10,187.25,3.1038,0.002226,101781.6
1979-02-18,0.0000,11.16,18.13,1.22,187.38,2.4900,0.003825,101126.4
1979-02-19,0.0000,12.08,17.60,7.39,151.50,2.6413,0.006861,100530.1
1979-02-20,0.0281,13.92,20.03,6.60,177.38,3.4450,0.007798,99893.8
1979-02-21,10.4501,9.94,14.99,0.78,45.50,5.9200,0.007439,100046.8
1979-02-22,15.5002,-0.64,0.66,-1.33,42.62,6.2825,0.003329,100904.2
1979-02-23,0.4817,1.53,3.94,-1.34,149.12,3.0050,0.003666,101305.8
1979-02-24,1.5552,2.76,4.25,0.78,48.50,2.1112,0.004068,101546.4
1979-02-25,0.0000,6.38,10.94,3.07,159.50,3.7750,0.004459,101703.0
1979-02-26,0.0000,7.68,13.08,3.31,192.38,3.5325,0.003785,101968.2
1979-02-27,0.0000,5.94,13.55,-1.67,203.25,3.7300,0.003225,102372.1
1979-02-28,0.0000,2.32,7.23,-1.53,209.12,2.4138,0.002344,103131.6
1979-03-01,0.0000,4.38,6.99,-0.51,202.25,2.7888,0.002297,102818.2
1979-03-02,0.0000,4.71,7.09,3.22,63.62,2.5387,0.003330,102228.9
1979-03-03,0.0000,6.60,12.47,2.14,218.88,1.9775,0.003201,102024.1
1979-03-04,0.0292,8.47,13.91,3.90,197.38,2.7675,0.004358,101653.9
1979-03-05,0.0000,11.29,17.73,5.20,211.75,1.7012,0.004329,101642.9
1979-03-06,0.0022,10.80,16.41,6.56,105.00,3.6037,0.004451,101318.0
1979-03-07,0.0691,10.68,14.91,6.95,119.75,2.6363,0.005020,101038.4
1979-03-08,3.3415,9.71,10.74,7.95,56.12,3.5787,0.006810,100953.2
1979-03-09,5.4810,8.97,10.02,8.06,51.00,2.7500,0.006824,100685.6
1979-03-10,7.6518,3.75,8.10,0.70,48.00,5.6850,0.004687,101546.4
1979-03-11,0.0227,0.50,2.05,-1.46,60.50,2.6650,0.003138,101831.4
1979-03-12,0.0378,2.57,5.63,-0.76,128.12,1.2963,0.003646,101721.9
1979-03-13,0.0086,5.22,7.54,2.76,69.25,2.0500,0.004229,101876.6
1979-03-14,0.0000,8.25,13.42,3.73,224.50,2.1225,0.004647,101830.0
1979-03-15,0.0076,9.62,13.03,5.52,135.12,1.6137,0.004996,101562.1
1979-03-16,0.0130,9.83,15.56,4.54,166.00,1.1775,0.005491,101563.6
1979-03-17,0.0691,9.70,14.20,6.07,199.50,2.6137,0.005009,101923.9
1979-03-18,0.0043,11.59,16.76,6.59,214.00,3.2413,0.005279,101502.1
1979-03-19,0.0011,12.17,17.12,8.10,185.75,2.4875,0.005650,101409.4
1979-03-20,0.0000,11.16,17.07,6.40,232.75,4.6800,0.005111,101384.9
1979-03-21,0.0000,13.48,20.19,6.99,241.12,3.6650,0.005889,101263.5
1979-03-22,0.5951,8.54,16.23,2.17,215.88,5.3988,0.005099,101733.9
1979-03-23,0.1534,6.29,11.75,1.54,192.00,4.1825,0.003650,102095.4
1979-03-24,0.0000,10.35,16.77,5.03,260.25,2.9525,0.003739,101624.4
1979-03-25,0.0054,11.87,18.17,6.95,196.75,4.1125,0.005345,101284.8
1979-03-26,0.0000,13.68,19.83,8.40,249.75,3.1375,0.004899,101331.9
1979-03-27,0.0000,16.09,23.77,10.79,256.00,3.1737,0.006310,100724.1
1979-03-28,1.3014,20.76,25.91,13.66,252.50,1.8150,0.009002,100160.2
1979-03-29,5.3266,13.34,20.51,5.87,57.38,6.1425,0.008920,99793.0
1979-03-30,8.6292,8.69,10.28,6.58,108.00,4.4400,0.005778,100912.9
1979-03-31,2.3641,7.44,8.09,6.81,65.25,4.8238,0.006096,100623.0
1979-04-01,2.2216,7.65,8.25,6.56,65.00,3.7262,0.006152,101593.5
1979-04-02,0.0000,8.50,12.28,4.49,233.00,2.5013,0.004590,101907.0
1979-04-03,0.0540,8.82,12.78,5.17,238.12,4.0337,0.004566,101826.5
1979-04-04,0.0000,9.59,14.53,5.04,271.62,6.1225,0.004455,101556.5
1979-04-05,6.4746,12.82,16.60,6.71,243.25,5.1312,0.006642,101171.2
1979-04-06,10.8788,10.38,11.52,8.82,44.62,3.1075,0.007640,100904.9
1979-04-07,0.0097,9.99,12.23,8.83,65.75,3.5925,0.006719,100934.4
1979-04-08,0.0076,14.53,19.70,10.29,240.00,4.3538,0.007250,101394.6
1979-04-09,0.0000,14.83,18.00,11.69,201.00,2.8800,0.007199,101472.8
1979-04-10,0.0000,17.53,23.05,13.63,275.50,3.1750,0.008179,100788.9
1979-04-11,0.0281,19.94,25.45,15.59,266.62,4.2625,0.010156,100512.9
1979-04-12,11.0182,9.60,18.61,5.27,69.38,6.5875,0.007070,101578.9
1979-04-13,0.0162,10.55,13.57,6.91,179.88,2.8050,0.005130,101973.8
1979-04-14,0.0000,13.86,19.03,10.06,245.75,2.4550,0.006247,101380.5
1979-04-15,0.0000,16.35,20.76,12.32,169.25,3.5950,0.009212,101021.2
1979-04-16,0.0043,17.26,21.79,13.62,255.38,5.7300,0.009006,100992.2
1979-04-17,0.3931,14.01,17.71,9.12,123.12,3.3112,0.007918,100980.1
1979-04-18,0.0173,13.24,15.30,10.03,127.62,2.6912,0.007751,101263.8
1979-04-19,0.0043,15.88,20.67,12.44,216.75,4.0063,0.009269,101003.9
1979-04-20,0.0032,18.29,23.73,13.09,268.50,3.3438,0.010356,101056.0
1979-04-21,0.0000,20.91,26.87,15.96,282.38,4.7850,0.011055,100829.9
1979-04-22,0.0659,25.94,30.78,20.67,287.75,4.9075,0.012355,100332.5
1979-04-23,13.8942,19.40,23.11,16.75,72.75,2.6213,0.013535,100683.5
1979-04-24,0.0076,19.42,22.74,16.75,167.50,2.6712,0.011601,100954.5
1979-04-25,9.3982,14.24,24.81,6.94,216.00,5.7725,0.008940,100937.6
1979-04-26,0.0680,9.45,10.57,7.61,122.75,3.0363,0.006237,101681.5
1979-04-27,0.8824,12.00,13.59,10.73,74.50,2.0887,0.007993,101155.9
1979-04-28,2.0336,17.19,20.63,13.54,242.38,2.0788,0.010484,100766.1
1979-04-29,0.3964,17.34,21.29,14.73,136.88,1.4663,0.011239,100988.4
1979-04-30,5.9746,15.46,19.43,12.19,72.75,1.8825,0.009828,101161.1
1979-05-01,0.0043,14.00,19.51,8.02,213.00,2.4588,0.008299,101370.2
1979-05-02,0.0000,17.28,21.78,13.98,281.25,1.9725,0.007296,101050.0
1979-05-03,0.0119,17.30,21.93,12.39,279.12,3.6487,0.008805,100810.6
1979-05-04,0.0097,17.52,21.41,14.21,233.12,3.4338,0.010314,100725.9
1979-05-05,14.3305,18.44,23.74,11.67,227.00,3.7475,0.010533,100805.6
1979-05-06,6.0372,12.11,13.32,9.90,54.88,3.3825,0.008279,101209.4
1979-05-07,0.0000,15.07,19.58,11.99,306.62,1.6338,0.007591,101000.4
1979-05-08,2.3717,17.53,20.56,15.57,182.00,1.4638,0.009938,100552.9
1979-05-09,0.0076,18.32,22.17,15.14,175.12,1.7075,0.010660,100813.6
1979-05-10,3.5024,20.62,24.86,17.29,257.00,1.1012,0.010035,101026.0
1979-05-11,19.9951,16.93,17.86,16.42,81.00,4.2325,0.011159,100852.5
1979-05-12,37.4706,14.71,16.63,12.06,71.50,5.2250,0.010003,100433.8
1979-05-13,0.0022,13.00,15.44,10.61,87.50,1.7688,0.008471,100873.0
1979-05-14,1.1005,16.65,18.78,14.17,234.75,2.3225,0.009954,100976.1
1979-05-15,0.0065,16.50,21.10,12.55,274.00,5.2062,0.006189,100784.0
1979-05-16,0.0000,15.57,21.78,9.90,159.00,3.7450,0.006718,100493.5
1979-05-17,0.0000,17.60,23.55,12.94,319.38,1.4750,0.007432,100899.2
1979-05-18,0.0000,19.55,26.47,14.63,314.75,3.0150,0.008322,100902.9
1979-05-19,0.0000,23.08,28.04,18.53,306.12,1.8963,0.009435,100984.2
1979-05-20,0.0000,22.38,28.31,16.88,177.75,2.4237,0.010055,100808.2
1979-05-21,0.0000,23.77,29.49,18.30,308.75,1.6900,0.011692,100634.5
1979-05-22,0.0000,25.23,30.84,21.35,315.00,2.2513,0.011404,100529.2
1979-05-23,0.0000,21.26,27.65,14.78,275.25,3.7500,0.007910,100735.9
1979-05-24,0.0000,23.72,30.20,17.75,325.00,4.1838,0.007916,100410.6
1979-05-25,0.0000,25.37,31.75,21.11,308.88,1.9200,0.010625,100586.5
1979-05-26,0.0173,23.00,27.72,19.35,133.25,2.7750,0.012637,100717.8
1979-05-27,0.0000,23.93,30.24,17.46,280.00,2.5812,0.011402,100744.0
1979-05-28,0.0000,23.23,28.93,17.65,326.38,4.2500,0.008902,100626.6
1979-05-29,0.0000,24.10,30.65,19.30,322.00,1.8950,0.010829,100486.5
1979-05-30,0.0000,24.98,30.88,20.07,320.62,2.6537,0.010979,100462.1
1979-05-31,0.0000,26.90,32.89,21.72,313.88,2.4862,0.012526,100387.8
1979-06-01,1.8598,27.67,34.11,21.13,233.88,2.6813,0.013135,100261.1
1979-06-02,0.2203,26.17,31.98,22.12,240.50,1.6588,0.015557,100219.9
1979-06-03,0.3640,28.44,34.72,24.70,250.12,1.5625,0.017596,100350.1
1979-06-04,10.6877,27.15,32.43,23.61,225.25,2.9275,0.018014,100217.6
1979-06-05,7.8095,25.65,30.51,21.97,167.25,2.0113,0.017033,100050.4
1979-06-06,1.3705,25.13,30.29,19.05,310.00,3.8475,0.011219,100264.0
1979-06-07,0.0000,27.89,32.64,24.27,324.12,4.3400,0.011775,100115.1
1979-06-08,4.2714,29.18,36.38,21.86,317.50,6.6188,0.012289,99809.5
1979-06-09,0.3143,27.97,34.62,23.26,304.88,3.3738,0.015086,100115.5
1979-06-10,0.1231,24.21,29.84,19.05,235.00,3.1775,0.008899,100792.5
1979-06-11,0.0000,24.20,30.02,18.71,325.00,3.1363,0.009269,100715.1
1979-06-12,0.0000,25.05,31.11,20.15,329.12,3.4800,0.008574,100366.5
1979-06-13,0.0000,28.69,35.13,24.00,327.12,3.9575,0.009941,100156.6
1979-06-14,0.0000,28.17,34.04,21.57,325.50,3.3288,0.010671,100272.5
1979-06-15,0.0000,29.44,35.27,24.88,314.88,2.4600,0.012552,100501.4
1979-06-16,0.0000,30.26,36.05,23.40,310.75,2.5062,0.012118,100576.2
1979-06-17,0.0000,30.14,36.91,24.94,318.25,1.8975,0.012873,100567.5
1979-06-18,29.7086,27.52,35.40,23.18,247.88,2.1725,0.016909,100260.4
1979-06-19,1.7539,23.37,25.52,21.84,173.38,3.8775,0.016155,100020.5
1979-06-20,9.4910,25.77,29.24,23.04,275.12,1.2575,0.017101,100228.5
1979-06-21,0.4795,25.78,30.84,22.04,315.25,1.7775,0.014577,100250.8
1979-06-22,0.0000,28.23,33.20,24.32,302.25,2.0850,0.014838,100260.6
1979-06-23,46.9001,21.68,24.61,19.17,70.25,3.7800,0.014995,100025.4
1979-06-24,0.2668,26.89,31.01,22.82,309.75,4.8200,0.017531,99893.5
1979-06-25,17.9939,26.27,29.01,24.57,200.50,4.7975,0.018133,99537.4
1979-06-26,2.1460,29.20,32.79,26.26,290.88,6.1600,0.019870,99432.1
1979-06-27,0.1436,28.32,32.96,24.48,269.12,3.0700,0.017823,99603.9
1979-06-28,0.3661,27.87,32.92,24.49,284.88,2.8025,0.017585,99652.1
1979-06-29,0.0000,29.59,34.36,26.53,313.62,2.4425,0.017959,99766.2
1979-06-30,12.7181,26.62,31.01,22.84,181.75,1.8912,0.018825,99811.1
1979-07-01,0.6350,28.64,32.18,25.34,300.50,3.3050,0.019439,99804.5
1979-07-02,8.7080,27.98,30.74,26.80,108.50,2.3050,0.021297,99759.0
1979-07-03,18.3103,25.78,32.50,19.91,222.00,4.2387,0.018650,99818.9
1979-07-04,9.4133,20.86,21.45,20.44,75.12,3.6125,0.014783,100301.4
1979-07-05,8.0082,21.36,22.32,20.37,76.62,2.1188,0.014549,100280.4
1979-07-06,0.0140,25.23,28.29,22.46,140.38,1.1000,0.017250,100146.6
1979-07-07,7.2349,29.11,32.83,26.86,269.88,2.3850,0.020386,99892.8
1979-07-08,19.8850,25.81,30.22,23.03,145.62,3.7350,0.019940,99706.2
1979-07-09,12.8779,22.29,25.58,19.82,98.50,4.8250,0.015286,99731.2
1979-07-10,0.0011,25.75,29.61,22.47,302.50,1.9438,0.017402,100110.5
1979-07-11,0.0054,29.54,32.57,26.86,305.50,2.8737,0.019921,100033.0
1979-07-12,1.3414,30.05,33.11,26.17,288.38,6.3287,0.019224,99707.6
1979-07-13,25.2342,28.72,33.22,26.13,266.25,3.5913,0.020560,99647.1
1979-07-14,1.3122,30.99,34.39,28.32,290.88,2.4587,0.023327,99495.0
1979-07-15,26.8337,26.09,29.69,22.82,128.50,3.5062,0.019690,99531.8
1979-07-16,25.5388,25.27,28.54,22.69,95.12,2.6900,0.018491,99734.2
1979-07-17,0.3726,27.64,31.65,25.14,189.88,1.1487,0.019250,99799.9
1979-07-18,0.2938,28.09,31.81,24.70,301.62,1.9838,0.019465,99742.8
1979-07-19,6.7846,28.17,31.65,25.86,262.50,1.6662,0.019761,99839.0
1979-07-20,0.1706,28.88,32.84,25.52,250.38,0.9087,0.019829,100098.0
1979-07-21,32.4205,22.87,23.99,22.13,77.25,1.4962,0.016620,100200.5
1979-07-22,2.7810,26.77,30.30,24.33,294.62,1.2475,0.018765,100281.0
1979-07-23,0.3488,29.03,31.82,26.73,294.88,1.8012,0.021427,100215.2
1979-07-24,0.3780,29.27,33.38,25.78,191.38,2.2700,0.021641,99890.0
1979-07-25,1.7917,28.33,32.96,25.67,273.25,2.0400,0.020406,100027.8
1979-07-26,1.1005,29.25,33.41,26.27,291.25,2.8925,0.021275,100231.1
1979-07-27,0.1825,29.62,32.95,27.20,296.00,3.1925,0.021751,100354.5
1979-07-28,0.0389,30.95,35.00,27.49,291.12,1.9175,0.022156,100090.8
1979-07-29,0.0000,30.60,33.99,28.09,298.25,2.5675,0.021785,99898.2
1979-07-30,4.3384,28.79,33.67,25.47,200.38,2.5575,0.021571,100041.6
1979-07-31,24.7676,27.92,34.24,25.62,206.62,2.4800,0.020857,100314.9
1979-08-01,2.2172,29.72,34.80,26.44,280.88,2.2438,0.021841,100304.6
1979-08-02,0.4439,29.56,32.90,27.52,293.25,3.6988,0.021920,100375.5
1979-08-03,0.4169,31.22,36.37,27.74,276.12,1.8625,0.022202,100536.8
1979-08-04,0.2257,30.95,35.79,28.36,294.62,2.7938,0.022007,100037.9
1979-08-05,0.0022,31.25,34.58,28.43,292.88,2.8650,0.022302,99705.2
1979-08-06,0.0572,30.65,36.07,25.57,284.75,2.3550,0.020770,100118.8
1979-08-07,1.0022,30.67,33.97,28.13,260.50,2.1013,0.022596,100240.5
1979-08-08,0.0961,30.22,33.67,27.51,282.50,3.4475,0.021719,100092.9
1979-08-09,0.4720,31.01,34.85,28.06,280.25,2.9725,0.023031,99926.0
1979-08-10,4.9043,28.69,36.62,25.51,241.75,1.8613,0.020410,99997.4
1979-08-11,0.0000,30.75,35.22,26.69,292.75,1.5050,0.020825,100040.4
1979-08-12,2.2226,28.60,32.68,25.17,244.75,1.7025,0.020261,99907.0
1979-08-13,12.6673,26.99,29.97,25.64,176.75,1.3837,0.020186,99787.6
1979-08-14,6.2186,27.68,31.81,25.40,169.62,2.1950,0.020554,99652.8
1979-08-15,0.1361,28.47,31.93,25.90,219.00,2.6100,0.021228,99599.9
1979-08-16,0.6286,27.67,31.12,24.69,258.88,3.3450,0.019655,99618.8
1979-08-17,0.1015,26.85,30.35,24.04,244.00,2.3825,0.018391,99885.9
1979-08-18,0.0637,27.13,31.45,24.29,250.62,1.7662,0.018218,99992.4
1979-08-19,0.0184,27.50,30.85,24.39,267.62,2.6112,0.017340,99956.5
1979-08-20,6.3990,23.33,25.90,20.75,79.62,3.6575,0.016460,99965.0
1979-08-21,0.1631,23.50,25.41,22.08,109.00,2.8587,0.016184,100178.9
1979-08-22,0.3478,25.70,28.20,23.82,160.88,2.5225,0.017711,100460.0
1979-08-23,4.0446,24.52,25.78,23.53,62.88,3.9913,0.018136,100507.8
1979-08-24,1.4310,26.68,30.63,24.16,252.00,2.6112,0.018690,100251.8
1979-08-25,0.0140,28.18,32.37,25.37,270.12,1.5650,0.018819,99944.2
1979-08-26,9.2372,27.75,33.54,20.73,262.62,3.8562,0.018159,100165.6
1979-08-27,3.2054,21.57,25.10,19.34,108.38,2.7338,0.012291,101120.6
1979-08-28,0.0000,23.96,28.18,21.22,284.12,2.4150,0.013440,101014.9
1979-08-29,7.1032,20.51,22.43,19.05,65.25,3.2425,0.013983,100962.4
1979-08-30,6.1441,21.07,22.25,20.10,59.88,3.3175,0.015004,100898.4
1979-08-31,5.4173,20.95,22.45,19.95,58.12,2.2075,0.015120,100804.8
1979-09-01,0.9364,20.70,24.61,15.45,86.12,1.6387,0.013722,100953.5
1979-09-02,0.0011,21.26,26.16,17.99,258.88,3.1900,0.011723,100973.4
1979-09-03,2.6438,23.14,26.74,19.72,204.50,1.4000,0.014228,100601.5
1979-09-04,32.3881,20.05,24.59,17.81,63.25,2.5500,0.013682,100533.8
1979-09-05,89.6962,18.69,19.12,18.06,35.62,3.0763,0.013385,100251.0
1979-09-06,0.3326,22.46,24.96,19.98,118.12,0.7212,0.014929,100791.1
1979-09-07,2.7583,22.16,25.75,19.17,62.75,1.2363,0.015187,101060.1
1979-09-08,0.0000,22.05,26.23,18.45,243.62,2.8650,0.013580,101275.9
1979-09-09,0.0000,22.86,27.67,19.85,244.00,3.1450,0.012919,101332.4
1979-09-10,0.0000,23.30,28.79,19.23,244.00,4.1025,0.012786,101133.2
1979-09-11,0.2830,24.02,28.74,19.83,224.50,2.4675,0.015184,100937.1
1979-09-12,3.5068,24.49,28.09,22.59,111.00,1.8338,0.017212,100891.8
1979-09-13,17.7077,20.67,23.00,19.46,54.25,2.7838,0.014614,100955.0
1979-09-14,11.1791,20.79,21.56,19.41,55.00,2.1312,0.014995,101000.0
1979-09-15,5.2142,17.74,20.95,16.75,54.25,2.6250,0.012335,101123.8
1979-09-16,1.8544,17.84,19.23,16.88,57.38,2.9500,0.012221,101234.4
1979-09-17,3.3458,18.18,19.09,16.90,54.75,1.2725,0.012399,101317.4
1979-09-18,0.1555,20.73,21.67,18.85,59.88,1.7713,0.014149,101322.2
1979-09-19,0.2344,23.94,27.26,21.36,113.50,2.1425,0.016649,101088.5
1979-09-20,8.3668,25.00,29.35,20.78,149.50,1.7687,0.017515,100749.4
1979-09-21,5.9584,20.00,21.86,17.69,55.50,2.6200,0.013174,101046.1
1979-09-22,9.6271,18.43,20.04,16.51,60.12,2.8138,0.011830,101453.2
1979-09-23,22.3927,14.41,16.65,13.08,50.12,4.3300,0.009848,101529.4
1979-09-24,0.5681,16.58,19.52,13.90,134.12,1.5550,0.010279,101559.5
1979-09-25,0.0011,18.70,23.06,15.69,211.00,1.8250,0.010890,101569.6
1979-09-26,0.0022,18.62,23.76,14.43,210.88,2.5125,0.009801,101730.4
1979-09-27,0.0000,18.71,23.15,15.04,198.12,2.0663,0.009735,101669.9
1979-09-28,0.0000,18.87,22.50,16.30,190.50,1.6738,0.009258,101655.2
1979-09-29,0.0000,17.91,23.46,14.12,163.88,1.0550,0.009356,101353.2
1979-09-30,0.0000,19.73,25.02,16.14,216.88,2.0487,0.010139,100928.8
1979-10-01,0.0000,19.99,26.21,14.07,221.12,3.5363,0.009924,100753.0
1979-10-02,0.0140,18.22,24.09,14.73,216.75,2.6588,0.009981,101181.6
1979-10-03,0.0767,18.08,24.05,14.36,215.00,2.4275,0.008977,101413.0
1979-10-04,0.0000,18.13,25.03,12.52,215.75,2.2137,0.008381,101510.9
1979-10-05,0.0000,16.58,21.89,11.53,217.75,2.2175,0.007827,101818.1
1979-10-06,0.0000,17.50,23.28,12.10,214.00,1.5825,0.007784,101768.6
1979-10-07,0.0130,18.29,24.69,13.39,200.88,1.1762,0.008926,101684.9
1979-10-08,0.0000,18.72,25.18,12.96,204.88,0.6662,0.009591,101670.0
1979-10-09,0.0000,19.40,27.24,14.46,204.00,1.1375,0.009205,101482.1
1979-10-10,0.0000,20.53,28.27,13.85,201.50,2.0163,0.009454,101473.2
1979-10-11,0.0000,21.25,28.64,15.01,202.25,1.4237,0.009847,101739.9
1979-10-12,0.0000,20.80,27.54,16.27,200.62,3.2663,0.009936,101633.2
1979-10-13,0.0000,19.92,24.73,16.13,190.50,3.5450,0.008869,101453.2
1979-10-14,0.0000,19.81,25.52,15.87,197.00,2.2050,0.009945,101555.0
1979-10-15,0.0000,19.41,24.76,15.17,186.38,3.9375,0.009821,101596.1
1979-10-16,0.0022,18.51,23.69,15.76,174.50,2.8112,0.009696,101703.8
1979-10-17,0.0011,19.01,24.25,14.45,181.00,2.8963,0.009724,101833.6
1979-10-18,0.0184,15.80,21.31,10.81,180.00,2.0600,0.007469,101526.8
1979-10-19,0.0000,18.32,24.61,12.99,191.25,2.6937,0.007069,101407.0
1979-10-20,0.0000,14.65,22.02,6.20,190.62,4.9513,0.004671,102234.1
1979-10-21,0.0000,13.25,19.38,8.10,193.00,2.3538,0.004706,102302.4
1979-10-22,0.0292,17.08,23.43,10.13,186.25,2.8175,0.006291,101695.2
1979-10-23,0.0000,19.30,26.38,14.08,149.62,3.2613,0.007021,101314.8
1979-10-24,0.0000,19.09,26.44,14.15,182.00,2.2362,0.006974,101589.5
1979-10-25,0.0000,17.28,23.74,11.74,129.75,2.1450,0.007543,101627.9
1979-10-26,0.0000,16.81,26.31,9.55,180.62,1.5888,0.006250,101466.0
1979-10-27,0.0000,20.35,28.09,13.57,178.00,3.7188,0.006779,101114.0
1979-10-28,0.0000,22.06,29.34,15.99,176.88,4.0387,0.007528,101181.6
1979-10-29,0.0000,17.11,23.03,12.91,170.25,2.6662,0.008661,101508.5
1979-10-30,0.0000,19.29,27.03,14.06,169.25,1.3550,0.008304,101316.6
1979-10-31,0.0000,20.61,29.23,13.37,170.25,2.0425,0.007966,101146.8
1979-11-01,0.0000,19.28,28.44,14.43,167.50,1.4688,0.008506,101145.2
1979-11-02,0.0000,20.46,29.34,14.05,168.25,2.5588,0.007564,101368.4
1979-11-03,0.0000,18.26,25.33,13.83,165.00,1.9413,0.008385,101125.2
1979-11-04,5.8590,15.82,25.14,8.01,136.12,4.6863,0.007634,101387.1
1979-11-05,0.0000,10.50,14.80,7.43,169.88,2.9937,0.004169,101724.5
1979-11-06,0.0000,15.03,21.95,9.53,165.62,3.1188,0.005366,101495.6
1979-11-07,0.0000,15.26,22.22,9.86,164.12,3.5775,0.006184,101409.2
1979-11-08,0.0000,17.69,24.93,10.22,158.38,2.5087,0.007735,101215.8
1979-11-09,0.0000,18.64,25.46,14.25,155.12,1.9863,0.009420,101136.2
1979-11-10,0.0238,12.05,16.93,7.29,52.50,6.4000,0.005379,102062.5
1979-11-11,0.0000,6.77,8.93,5.36,52.75,2.7700,0.004314,102607.0
1979-11-12,0.0000,7.36,12.23,2.82,135.38,2.4775,0.003280,102986.2
1979-11-13,0.0000,6.63,12.38,2.76,157.00,2.8025,0.002811,103092.0
1979-11-14,0.0205,8.74,12.45,3.91,114.75,3.1788,0.003478,102451.0
1979-11-15,0.0194,12.07,16.65,7.56,91.00,1.9000,0.004323,102107.5
1979-11-16,4.1278,12.23,16.18,7.47,103.50,2.5475,0.005055,102487.8
1979-11-17,3.0510,3.57,6.07,1.37,35.88,4.3725,0.004287,103510.1
1979-11-18,0.0000,2.36,5.11,-0.29,150.12,4.0738,0.003003,102928.4
1979-11-19,0.0000,6.54,13.07,1.25,148.00,2.8563,0.004101,102187.0
1979-11-20,0.0227,9.45,13.45,2.97,133.50,2.7825,0.005256,102032.4
1979-11-21,0.0421,8.50,11.87,5.93,111.75,4.0188,0.003566,102550.4
1979-11-22,0.0000,3.43,7.74,-0.58,47.88,2.7438,0.002713,103095.0
1979-11-23,0.0000,5.31,11.07,-0.90,146.00,3.5538,0.002803,102443.4
1979-11-24,0.0000,8.45,14.62,2.10,128.00,4.5363,0.003410,102539.8
1979-11-25,0.0000,3.41,8.66,-1.76,148.00,3.3188,0.002456,103338.4
1979-11-26,0.0000,4.13,6.20,-0.01,74.00,1.9800,0.003171,102822.1
1979-11-27,0.0000,8.68,14.61,2.96,140.50,5.4462,0.002926,102309.0
1979-11-28,0.0000,3.16,8.28,-1.37,144.25,2.2800,0.002216,102769.4
1979-11-29,0.0000,3.11,7.81,-1.61,144.12,3.3700,0.002390,102479.9
1979-11-30,0.0011,3.94,9.70,-0.47,107.75,2.1550,0.002977,102860.8
1979-12-01,0.0000,6.75,11.10,-0.33,135.50,2.2713,0.003084,103268.1
1979-12-02,0.1793,7.19,9.32,5.53,30.50,3.3137,0.004005,102566.4
1979-12-03,3.2249,5.18,7.08,3.16,32.75,2.8250,0.005047,101895.6
1979-12-04,0.0432,5.40,6.76,3.87,101.38,0.9925,0.005106,102179.1
1979-12-05,0.0702,5.43,6.12,4.81,55.50,1.3050,0.005124,102440.1
1979-12-06,0.0011,6.95,10.89,4.83,91.62,1.5987,0.005509,102342.0
1979-12-07,0.0000,5.44,10.83,2.14,76.75,0.7862,0.005116,102366.4
1979-12-08,0.7463,7.42,11.24,1.38,65.25,1.8788,0.005359,102321.2
1979-12-09,0.2484,7.80,13.71,4.54,96.00,1.1688,0.005335,102533.2
1979-12-10,0.0000,8.56,12.73,4.24,79.00,3.4450,0.005294,102636.1
1979-12-11,0.4903,5.46,9.43,1.87,47.25,3.7125,0.004265,103033.1
1979-12-12,0.0000,2.86,7.51,-0.76,122.00,1.6688,0.003485,103100.6
1979-12-13,0.0000,4.80,9.99,0.23,124.25,2.3175,0.003775,102510.6
1979-12-14,0.0000,6.42,12.04,0.52,120.12,2.0175,0.004026,102509.4
1979-12-15,0.0011,4.34,8.97,-0.31,120.62,2.4925,0.003856,102544.0
1979-12-16,0.0000,6.41,11.97,2.43,73.25,1.9187,0.004325,102175.9
1979-12-17,0.0130,8.70,12.09,2.02,74.50,2.1088,0.005044,101744.4
1979-12-18,5.9346,8.66,11.71,7.15,31.62,3.1713,0.006169,100952.1
1979-12-19,0.0205,10.22,16.05,6.59,116.12,3.5338,0.006020,101278.9
1979-12-20,11.8044,6.72,8.82,4.61,36.00,6.0113,0.005600,101258.4
1979-12-21,0.0162,5.74,6.97,4.12,28.75,2.7800,0.005235,102087.9
1979-12-22,9.8269,5.71,7.41,4.23,29.12,3.1300,0.005238,102160.4
1979-12-23,0.0346,4.96,7.71,2.78,30.75,2.3250,0.004705,102439.5
1979-12-24,0.0896,-0.71,1.34,-2.98,59.00,3.5812,0.003009,103153.8
1979-12-25,0.0324,1.67,5.70,-3.24,128.50,3.6525,0.003171,102504.9
1979-12-26,0.0000,0.94,5.15,-2.40,113.38,3.3463,0.003180,102582.0
1979-12-27,0.0000,2.86,5.84,-0.12,114.00,3.9750,0.003729,102384.0
1979-12-28,0.0000,4.12,10.93,0.34,91.25,2.4600,0.003910,101888.9
1979-12-29,0.0000,6.99,14.12,0.33,121.75,2.9162,0.004375,101442.5
1979-12-30,2.0455,9.52,14.76,3.93,103.75,2.6163,0.005345,101550.8
1979-12-31,12.6274,-0.55,1.87,-1.68,30.62,5.7338,0.003446,102306.5
1980-01-01,4.9097,-1.11,-0.88,-1.31,29.88,3.0512,0.003265,101913.9
1980-01-02,0.2862,-0.39,0.28,-1.23,23.25,1.2200,0.003539,101973.2
1980-01-03,0.2527,0.79,1.32,0.20,22.75,1.7612,0.003739,102541.1
1980-01-04,0.0000,0.26,2.23,-1.93,74.75,2.4575,0.003307,103053.5
1980-01-05,0.0000,2.59,5.47,-1.29,126.00,2.6025,0.003515,102152.5
1980-01-06,0.0000,2.04,6.59,-1.85,125.12,3.7587,0.002705,102817.8
1980-01-07,0.0000,3.12,6.95,-1.48,133.62,2.7275,0.003016,102443.0
1980-01-08,0.0000,4.09,7.28,1.89,60.75,4.6437,0.004024,101933.6
1980-01-09,0.0011,4.80,9.45,1.07,125.62,3.3425,0.004417,101865.6
1980-01-10,1.1578,-0.67,1.80,-1.61,30.88,4.6413,0.003386,102448.9
1980-01-11,0.2560,-0.10,0.48,-1.47,43.12,2.7400,0.003565,102091.4
1980-01-12,0.2873,1.03,3.52,-1.62,33.88,1.9800,0.003546,102213.4
1980-01-13,0.0000,2.82,6.61,-1.98,131.00,2.5638,0.003413,102345.8
1980-01-14,0.0000,3.93,8.72,0.03,139.12,3.4812,0.003026,102344.2
1980-01-15,0.0000,6.08,11.17,0.19,136.62,3.1150,0.003501,102085.2
1980-01-16,0.0000,4.53,12.25,-1.01,123.50,2.1575,0.003655,101918.5
1980-01-17,0.0000,1.96,5.28,-1.25,105.88,6.0425,0.003309,102914.2
1980-01-18,1.9375,0.84,2.16,-1.37,61.88,3.7250,0.003581,102774.0
1980-01-19,0.0032,1.31,4.87,-0.99,63.88,1.4375,0.003555,102668.5
1980-01-20,0.0000,3.90,9.65,-1.72,133.25,2.7537,0.003499,102360.0
1980-01-21,0.0000,3.83,10.29,-1.46,146.12,1.4862,0.003144,102284.6
1980-01-22,0.0000,5.29,10.94,-0.59,142.88,2.5862,0.003379,101978.1
1980-01-23,0.0000,7.24,13.18,0.83,90.62,1.8287,0.003879,101731.6
1980-01-24,0.0108,6.44,9.14,3.20,56.25,1.4588,0.004247,101856.1
1980-01-25,0.0065,7.51,9.63,4.83,34.38,3.0037,0.005469,101388.2
1980-01-26,0.0022,9.04,14.33,5.64,128.00,2.5038,0.005765,101155.0
1980-01-27,10.1617,6.23,7.91,4.57,35.25,6.8525,0.005610,101021.6
1980-01-28,9.2124,1.07,6.10,-1.88,35.88,5.9088,0.003857,101593.6
1980-01-29,1.0973,-3.12,-1.02,-7.92,68.50,5.8450,0.002134,102477.6
1980-01-30,0.0011,-7.56,-6.40,-9.32,131.75,3.1838,0.001191,103012.1
1980-01-31,0.0000,-3.64,-1.25,-7.93,154.75,3.4425,0.001724,102530.4
1980-02-01,0.0000,-1.59,0.05,-4.23,139.38,2.4500,0.002084,102537.8
1980-02-02,0.0000,-1.35,1.40,-4.16,144.50,1.8700,0.002385,102397.4
1980-02-03,0.0022,0.21,3.12,-3.48,119.12,2.9250,0.002435,102334.5
1980-02-04,0.0119,-2.46,0.37,-5.10,135.75,4.6925,0.001636,102985.5
1980-02-05,0.0000,-1.20,2.11,-5.25,165.25,3.1213,0.001666,102708.1
1980-02-06,0.0000,-2.39,-1.13,-4.82,88.50,2.9262,0.001630,103000.9
1980-02-07,0.0000,-2.57,0.95,-5.50,166.62,2.8438,0.001778,103109.0
1980-02-08,0.0000,-1.65,2.73,-5.26,162.00,2.1925,0.001831,102961.0
1980-02-09,0.0000,-0.57,3.95,-6.21,174.00,3.0425,0.001853,102825.8
1980-02-10,0.0000,1.54,6.97,-3.48,151.50,2.2275,0.002624,102676.5
1980-02-11,0.0000,4.18,8.72,-3.05,163.75,2.0825,0.002559,102639.9
1980-02-12,0.0000,5.27,11.11,0.36,170.88,2.3925,0.003044,102454.5
1980-02-13,0.0000,4.76,11.04,-0.82,139.12,3.3300,0.003177,102604.5
1980-02-14,0.0000,2.44,7.39,-0.79,160.25,3.1775,0.003081,103043.8
1980-02-15,0.0000,4.35,9.90,-1.18,171.88,4.7275,0.003020,102782.0
1980-02-16,0.0832,5.41,8.86,0.98,169.50,4.8125,0.003456,102617.1
1980-02-17,2.2572,4.42,5.55,3.73,47.38,3.5275,0.004481,102238.8
1980-02-18,0.0011,4.16,8.62,-0.51,99.50,2.5375,0.004441,101982.1
1980-02-19,0.0313,4.27,6.90,0.04,79.25,3.4275,0.004188,102211.9
1980-02-20,0.0108,6.13,8.63,3.09,110.38,3.0887,0.004394,102427.6
1980-02-21,0.0000,6.71,11.51,3.05,171.50,4.2450,0.004324,102439.9
1980-02-22,0.0011,7.93,13.05,2.40,181.38,2.7825,0.004754,102109.8
1980-02-23,0.0043,7.42,12.07,3.63,124.50,2.4438,0.004945,101762.0
1980-02-24,1.2463,8.81,11.30,3.23,121.75,4.6500,0.005877,101555.6
1980-02-25,3.9431,9.42,11.11,8.23,48.75,2.5763,0.006836,101158.4
1980-02-26,0.2430,6.16,7.53,4.81,46.62,2.1488,0.005282,101495.4
1980-02-27,0.0000,8.68,12.56,3.71,187.62,2.5175,0.004865,101228.6
1980-02-28,0.0097,11.48,16.06,7.02,188.62,2.7387,0.005662,100592.9
1980-02-29,1.4040,9.00,12.50,3.38,55.00,3.2500,0.006264,100926.2
1980-03-01,0.0151,6.17,9.83,2.63,180.38,4.0512,0.003701,101669.9
1980-03-02,0.9202,5.47,7.82,3.80,56.50,2.9375,0.003915,101488.8
1980-03-03,14.3748,5.38,7.87,3.68,54.00,3.8100,0.004966,101676.9
1980-03-04,3.0575,4.58,5.86,3.54,53.88,3.1463,0.004775,101615.2
1980-03-05,0.1015,6.61,8.39,4.79,65.50,2.0800,0.005221,101304.5
1980-03-06,0.0216,7.81,9.14,5.85,77.00,2.5363,0.005768,100905.2
1980-03-07,10.9771,7.78,8.36,6.42,55.25,4.6737,0.006135,100653.6
1980-03-08,6.9930,7.90,9.41,4.49,52.75,4.4225,0.006145,100834.9
1980-03-09,0.0194,5.93,6.91,4.55,62.50,3.1788,0.004919,101737.2
1980-03-10,1.4040,2.52,3.83,0.93,58.88,6.6912,0.003885,102094.5
1980-03-11,3.0823,2.42,3.31,1.06,59.12,3.6150,0.004078,102418.0
1980-03-12,2.4160,1.41,3.79,0.16,61.62,3.5650,0.003530,102393.1
1980-03-13,0.8878,1.60,2.01,0.98,57.50,1.7513,0.003855,102283.8
1980-03-14,0.0086,3.75,6.57,1.31,74.62,1.3238,0.004139,102480.2
1980-03-15,0.0594,6.53,10.54,2.89,188.62,1.8250,0.004820,101794.2
1980-03-16,0.5141,8.64,11.58,4.66,160.62,1.8838,0.005985,101481.8
1980-03-17,0.9914,10.77,13.07,7.13,92.00,2.2638,0.006979,101666.8
1980-03-18,0.0173,8.89,12.34,5.50,214.75,5.2638,0.005575,101802.2
1980-03-19,1.4958,11.55,16.45,5.98,188.88,2.3687,0.007190,101413.1
1980-03-20,10.5419,7.08,10.82,3.53,61.12,6.0638,0.005369,101947.2
1980-03-21,21.9294,1.64,3.14,0.34,45.62,5.9637,0.004003,102003.9
1980-03-22,0.0065,5.20,8.03,1.18,145.25,1.6175,0.004406,102418.8
1980-03-23,0.0000,5.67,7.01,3.87,62.88,1.8100,0.004714,102974.6
1980-03-24,0.0000,6.56,10.32,2.59,203.75,2.4763,0.003459,102557.1
1980-03-25,0.0086,9.30,12.36,4.72,246.62,2.7000,0.005021,102300.6
1980-03-26,0.0000,11.00,15.24,6.72,244.88,2.0250,0.004668,102475.5
1980-03-27,0.0000,12.34,16.32,7.90,252.12,3.2325,0.005552,101800.0
1980-03-28,3.7314,10.21,11.35,8.80,64.25,1.7725,0.007196,101318.8
1980-03-29,0.0000,12.95,17.04,9.72,173.25,3.3975,0.007971,101069.1
1980-03-30,9.1519,9.68,10.62,7.87,63.62,4.6975,0.006942,101377.5
1980-03-31,3.8804,10.37,13.41,7.50,131.38,3.2038,0.006132,102236.4
1980-04-01,0.0000,12.94,17.59,9.12,264.00,5.0325,0.006031,101835.5
1980-04-02,0.0000,15.59,20.93,11.12,268.25,2.5863,0.007554,101235.1
1980-04-03,1.0822,17.06,19.68,12.85,146.75,3.7000,0.009348,100772.4
1980-04-04,10.4879,18.54,21.37,15.65,70.12,2.6225,0.012245,100341.9
1980-04-05,12.9589,8.52,17.85,2.46,38.50,5.4575,0.006950,101092.4
1980-04-06,0.0950,9.21,13.11,4.09,267.12,3.5725,0.005995,101497.0
1980-04-07,0.0032,16.14,21.93,7.72,261.00,2.7987,0.009500,100562.1
1980-04-08,0.0292,16.67,19.96,11.61,140.38,4.2175,0.009543,101150.8
1980-04-09,0.0000,11.86,15.67,7.47,240.25,4.8088,0.006087,101590.6
1980-04-10,0.4180,14.86,18.07,9.04,279.50,3.7288,0.007534,100924.5
1980-04-11,1.6643,14.83,16.69,12.80,69.00,2.7587,0.009141,100723.5
1980-04-12,1.9850,13.49,15.97,10.17,67.50,4.7162,0.008726,101050.9
1980-04-13,3.4754,4.08,6.75,-0.14,76.38,5.4825,0.004347,102133.2
1980-04-14,0.0011,8.18,10.29,2.94,278.00,2.4987,0.005290,101562.8
1980-04-15,0.0000,10.46,14.81,5.43,268.38,5.6075,0.005039,101430.6
1980-04-16,0.0032,11.68,15.44,6.87,288.62,2.9913,0.005715,101024.2
1980-04-17,0.0000,21.33,26.61,16.76,272.25,6.2887,0.008994,100064.9
1980-04-18,0.0000,22.79,29.12,16.95,288.50,7.8075,0.009025,99831.0
1980-04-19,0.0000,17.73,21.67,12.05,194.38,2.2225,0.006289,100963.4
1980-04-20,0.0000,17.87,22.38,14.28,255.62,2.6988,0.005351,101170.8
1980-04-21,0.0097,13.07,15.84,10.11,77.12,2.5538,0.006785,101002.0
1980-04-22,0.0000,15.61,20.47,11.13,255.62,2.6900,0.008137,101117.5
1980-04-23,1.1815,15.34,18.39,11.97,189.00,5.4937,0.005500,101487.5
1980-04-24,6.9811,7.63,11.77,6.30,77.88,4.6400,0.005395,102027.9
1980-04-25,0.0011,11.13,13.00,7.32,168.50,4.1762,0.006063,101768.6
1980-04-26,1.2906,12.26,15.16,10.35,78.38,4.0450,0.007400,101271.2
1980-04-27,1.1286,15.39,17.73,12.69,222.12,2.9513,0.008920,101086.8
1980-04-28,0.0022,17.27,21.94,12.75,261.75,3.3687,0.009361,100966.6
1980-04-29,0.0000,17.14,21.30,13.24,273.62,2.5037,0.009797,100896.8
1980-04-30,0.0000,20.32,25.54,15.52,288.62,3.2987,0.009806,101072.6
1980-05-01,0.1242,21.40,26.51,18.07,267.75,3.9637,0.010147,100774.6
1980-05-02,0.0216,21.18,25.10,18.24,157.62,3.7425,0.012829,100308.5
1980-05-03,0.0054,23.27,28.88,17.47,279.88,3.0787,0.011484,100614.4
1980-05-04,0.0000,20.09,26.14,13.99,166.25,2.7475,0.008830,101049.6
1980-05-05,0.0000,21.28,28.36,16.11,300.12,2.2900,0.008375,101238.6
1980-05-06,1.5368,16.67,19.34,12.61,100.00,5.9300,0.006318,101337.9
1980-05-07,0.0518,14.56,17.58,11.12,151.62,2.7375,0.007684,101048.4
1980-05-08,0.0000,16.58,21.75,12.37,295.50,1.1488,0.007875,101123.1
1980-05-09,0.0000,19.59,24.59,14.89,310.88,2.1075,0.007722,101181.2
1980-05-10,0.4190,22.45,27.29,18.26,304.50,2.6400,0.010201,100759.8
1980-05-11,12.7202,17.11,18.65,14.80,73.75,2.5463,0.011610,100172.4
1980-05-12,0.2538,21.98,27.71,17.80,301.62,3.2963,0.013069,100213.5
1980-05-13,8.4661,26.51,30.97,21.98,295.88,3.7112,0.016067,99837.8
1980-05-14,13.8467,19.99,24.38,12.62,66.00,4.4662,0.012660,100420.2
1980-05-15,0.0000,18.17,22.34,14.96,309.50,2.6337,0.008383,101265.0
1980-05-16,0.0000,15.28,19.35,10.88,150.88,2.5675,0.006720,101502.5
1980-05-17,0.0000,18.22,21.95,15.07,313.62,4.0725,0.007513,101131.9
1980-05-18,2.8199,16.64,20.46,14.20,91.50,2.1363,0.009420,100950.2
1980-05-19,0.3424,16.15,18.79,13.56,121.38,2.7750,0.010151,100998.9
1980-05-20,0.0000,18.92,23.61,15.72,276.50,2.4012,0.010611,100930.8
1980-05-21,0.0000,20.95,25.73,17.09,308.00,3.9100,0.011199,100776.5
1980-05-22,1.1664,21.49,25.55,18.35,173.75,1.2763,0.013377,100364.1
1980-05-23,18.0997,25.87,30.30,21.04,241.88,2.9062,0.016094,99929.5
1980-05-24,58.9388,23.96,26.75,22.45,82.38,3.3763,0.018421,99671.8
1980-05-25,7.9294,20.84,26.69,13.82,140.25,5.5813,0.011864,100601.0
1980-05-26,0.0000,20.04,25.48,16.08,311.38,4.5038,0.008905,100967.9
1980-05-27,0.0000,22.72,27.03,18.70,320.50,7.4113,0.009171,100022.4
1980-05-28,0.0000,24.97,29.50,20.79,307.88,4.4438,0.012475,99884.4
1980-05-29,0.0000,26.74,32.59,21.16,318.75,3.0787,0.013658,100061.0
1980-05-30,0.0000,27.68,32.86,22.74,315.50,3.0162,0.014993,100164.2
1980-05-31,27.8305,23.72,28.71,18.26,175.62,6.4100,0.015801,99820.4
1980-06-01,0.7830,17.70,22.11,15.03,153.62,4.4725,0.010928,100694.9
1980-06-02,0.0000,23.21,28.44,17.86,324.50,4.3787,0.010656,100967.5
1980-06-03,0.0000,25.02,30.34,19.55,323.12,3.0738,0.011701,100699.6
1980-06-04,0.0000,26.24,32.14,20.54,317.12,2.7112,0.012668,100730.9
1980-06-05,0.0605,27.70,32.02,24.45,309.50,2.5938,0.015560,100479.5
1980-06-06,1.8198,24.69,28.87,22.44,174.00,3.1425,0.016966,99990.9
1980-06-07,0.2862,25.93,30.49,22.20,264.50,1.7275,0.016384,100203.8
1980-06-08,0.0000,28.54,33.91,24.62,274.75,2.0387,0.013919,100527.8
1980-06-09,13.5983,23.08,28.38,17.96,82.88,3.7925,0.014230,100507.1
1980-06-10,8.2501,19.97,22.26,18.07,103.38,2.3563,0.013219,100449.4
1980-06-11,2.4160,22.94,25.20,20.63,124.25,1.6988,0.014948,100292.8
1980-06-12,0.3683,23.45,26.29,20.06,229.38,2.9337,0.015020,100211.6
1980-06-13,0.1026,24.08,27.01,21.61,244.38,1.9887,0.016057,100251.1
1980-06-14,0.0000,26.83,30.83,23.12,300.25,2.8712,0.018422,100234.1
1980-06-15,2.1967,31.14,34.42,28.58,296.88,5.8212,0.018521,99768.5
1980-06-16,19.8342,25.86,32.74,21.15,176.25,5.0775,0.016797,99865.4
1980-06-17,6.9887,24.75,27.52,22.21,153.00,2.6250,0.016220,100256.6
1980-06-18,12.9481,20.93,23.38,18.90,86.75,1.6825,0.013850,100543.5
1980-06-19,22.4208,19.64,20.51,19.09,71.50,1.2638,0.013518,100729.1
1980-06-20,0.0400,22.30,24.96,20.55,135.88,1.3775,0.014599,100747.0
1980-06-21,0.0000,22.76,25.47,19.59,192.25,3.2512,0.014726,100639.0
1980-06-22,0.0562,25.86,28.98,23.16,238.75,1.2975,0.017336,100602.5
1980-06-23,74.9369,23.23,25.25,22.07,60.62,4.2762,0.017245,100462.1
1980-06-24,55.0584,22.05,23.93,20.15,79.88,3.0450,0.016291,100086.9
1980-06-25,9.4997,23.85,26.12,21.63,156.75,2.3038,0.016151,100105.0
1980-06-26,11.2082,24.36,27.23,21.57,217.75,2.9812,0.016346,100020.1
1980-06-27,7.8505,28.76,32.93,25.74,294.25,2.2163,0.019926,99850.5
1980-06-28,0.0000,30.71,34.53,27.49,311.38,3.1063,0.020454,99914.5
1980-06-29,0.0248,30.93,34.21,27.25,287.50,3.6713,0.020956,100002.9
1980-06-30,25.3865,29.77,33.14,26.02,281.88,3.6475,0.021950,99910.5
1980-07-01,19.3990,25.39,27.69,22.90,76.88,1.8712,0.018748,99881.0
1980-07-02,1.3046,23.71,25.37,21.62,86.38,3.4825,0.016041,99928.0
1980-07-03,7.2608,22.07,25.22,19.29,83.88,4.0162,0.015215,99746.2
1980-07-04,2.7356,21.92,23.58,19.95,95.75,1.6925,0.015475,99841.5
1980-07-05,0.0000,24.97,27.57,22.81,113.38,1.3350,0.017237,99918.4
1980-07-06,0.0011,27.56,32.03,25.15,306.50,1.3050,0.018458,99928.1
1980-07-07,0.0000,27.73,30.64,25.55,148.50,1.9763,0.019616,100093.6
1980-07-08,36.2200,21.55,25.02,18.37,77.75,4.0287,0.015176,100101.1
1980-07-09,3.0391,22.86,23.73,21.69,75.75,1.5425,0.017119,100028.9
1980-07-10,0.6944,24.98,28.14,21.49,96.88,2.3112,0.018030,99932.9
1980-07-11,2.0477,23.15,23.96,21.76,75.75,2.9325,0.016903,100067.6
1980-07-12,1.7734,21.91,23.16,20.56,78.00,3.7550,0.015425,100096.9
1980-07-13,0.1631,22.09,24.52,20.64,82.38,2.1275,0.014822,100048.0
1980-07-14,0.0054,25.25,29.31,22.40,305.25,1.6150,0.016675,100156.0
1980-07-15,0.5940,27.84,31.39,25.26,299.62,1.8637,0.018531,100283.4
1980-07-16,0.3348,27.31,30.90,24.98,178.88,2.1550,0.019398,100278.4
1980-07-17,60.9185,22.58,23.89,21.89,69.62,2.5975,0.016602,100250.0
1980-07-18,0.5389,25.65,27.69,23.30,237.12,2.1087,0.018026,100220.2
1980-07-19,15.2518,24.18,25.67,22.79,65.00,1.7900,0.017885,100302.8
1980-07-20,25.7699,23.89,24.81,22.92,44.25,2.4200,0.017525,100501.8
1980-07-21,1.1578,27.25,30.54,24.43,242.62,2.8525,0.019181,100422.8
1980-07-22,0.3229,29.06,33.17,25.65,303.00,2.9800,0.020690,100310.2
1980-07-23,0.0000,30.68,34.41,27.32,295.62,4.6950,0.022220,100298.9
1980-07-24,0.0000,30.21,34.46,26.29,308.50,5.7787,0.020064,99892.5
1980-07-25,3.0132,29.54,34.28,25.59,298.75,4.1050,0.020470,99808.9
1980-07-26,0.0130,30.69,35.26,27.08,282.88,3.0175,0.022269,99961.2
1980-07-27,0.0540,31.33,36.52,28.50,281.25,2.1825,0.023070,99908.1
1980-07-28,38.4577,27.42,32.24,25.00,215.12,2.4150,0.020626,99827.2
1980-07-29,1.3824,26.57,29.85,24.72,151.00,2.9762,0.019345,99866.0
1980-07-30,27.4795,23.93,25.12,22.84,62.75,2.5888,0.017938,99844.5
1980-07-31,4.7077,24.83,26.29,23.72,75.25,2.6675,0.018646,100088.0
1980-08-01,16.3220,24.57,25.03,24.18,71.38,2.4850,0.018921,100253.4
1980-08-02,19.4476,24.51,26.24,23.76,52.00,4.5175,0.018391,100317.9
1980-08-03,1.5034,24.65,27.03,22.30,188.62,3.4825,0.016944,100254.1
1980-08-04,0.1814,24.04,26.30,22.02,150.62,2.4925,0.015256,100322.6
1980-08-05,0.6340,23.59,27.28,19.87,220.75,2.3950,0.015404,100322.6
1980-08-06,0.1577,24.53,27.94,20.69,282.12,1.4175,0.015793,100254.5
1980-08-07,0.0540,25.84,29.00,22.99,266.25,1.2700,0.016895,100274.6
1980-08-08,4.3654,25.31,29.61,21.92,227.75,1.4688,0.017411,100363.6
1980-08-09,0.1253,27.08,30.71,24.67,263.38,0.7300,0.018234,100338.9
1980-08-10,1.1675,26.66,29.67,24.35,125.00,1.1188,0.018471,100156.1
1980-08-11,45.0760,24.44,29.03,22.67,92.12,1.2900,0.017415,100076.2
1980-08-12,0.8824,24.62,27.48,21.87,69.38,1.5662,0.017674,100037.4
1980-08-13,2.1362,27.07,31.21,23.97,271.62,1.3975,0.018011,100117.2
1980-08-14,0.5346,26.27,30.39,22.01,168.38,2.2200,0.017799,100242.4
1980-08-15,0.3791,26.39,30.30,23.64,284.38,2.7513,0.017034,100380.9
1980-08-16,0.1804,25.65,29.53,23.26,178.12,1.5312,0.016850,100420.8
1980-08-17,0.7841,24.90,27.33,22.88,190.88,1.6662,0.017299,100426.4
1980-08-18,8.9057,23.58,24.93,21.92,70.25,2.1950,0.017046,100599.6
1980-08-19,0.3856,23.14,25.17,21.99,84.75,1.8150,0.016717,100644.4
1980-08-20,2.8015,24.69,27.26,22.62,97.62,1.6913,0.017639,100763.2
1980-08-21,2.3360,23.77,25.09,22.80,82.88,1.7975,0.017051,100568.0
1980-08-22,0.4536,25.28,28.08,23.67,221.00,2.7200,0.018066,100416.6
1980-08-23,17.8438,24.75,25.45,24.27,66.25,4.3512,0.019130,100138.1
1980-08-24,34.4304,23.81,27.59,21.23,67.00,4.1063,0.017636,99906.6
1980-08-25,0.3521,23.50,26.95,20.75,228.88,2.5238,0.015636,100271.0
1980-08-26,0.0000,25.26,28.31,23.02,263.50,1.8338,0.016396,100441.6
1980-08-27,0.0011,25.87,29.11,23.33,234.12,3.9012,0.017100,100318.9
1980-08-28,0.0346,24.94,27.72,22.67,187.00,3.3225,0.016787,100374.1
1980-08-29,0.0702,25.84,29.29,23.35,240.12,3.3400,0.016475,100361.1
1980-08-30,0.0076,27.12,31.12,23.85,245.88,0.6737,0.017636,100458.0
1980-08-31,0.9137,27.05,31.79,24.01,215.12,1.7825,0.017279,100592.0
1980-09-01,0.0086,27.75,32.74,22.89,249.50,4.2137,0.017451,100533.4
1980-09-02,0.0011,27.93,33.41,24.39,252.12,2.0838,0.018189,100663.0
1980-09-03,0.3866,28.57,32.46,25.70,237.00,2.2750,0.018784,100543.8
1980-09-04,3.3923,24.17,31.62,19.95,114.12,4.0087,0.015821,100742.9
1980-09-05,21.6216,16.68,17.24,16.26,57.00,2.1488,0.011391,101064.8
1980-09-06,11.2212,18.81,21.13,16.88,70.88,0.6500,0.012374,101028.9
1980-09-07,1.1556,21.11,23.60,18.80,78.25,1.4775,0.013962,101317.1
1980-09-08,12.0269,18.66,22.35,15.32,60.25,3.3913,0.012621,101213.1
1980-09-09,0.0086,17.44,20.69,15.14,82.12,2.4562,0.010891,100982.4
1980-09-10,0.0000,20.61,25.39,17.37,244.88,2.3112,0.011967,100761.8
1980-09-11,0.0054,23.15,28.07,19.63,246.00,3.0912,0.013707,100427.6
1980-09-12,0.0000,24.55,30.46,19.51,235.38,2.8137,0.014549,100253.2
1980-09-13,0.0000,25.24,30.85,21.03,240.00,2.5912,0.014865,100395.0
1980-09-14,0.0000,25.66,31.52,22.15,237.62,1.8212,0.015726,100533.8
1980-09-15,0.3488,22.51,26.50,18.44,215.88,4.4613,0.012814,101373.6
1980-09-16,0.0248,21.38,24.51,18.90,145.12,1.8063,0.010724,101756.2
1980-09-17,0.0000,21.33,25.61,18.02,218.25,1.6287,0.011161,101403.6
1980-09-18,0.0000,21.94,26.29,18.35,216.88,2.5950,0.011263,101107.5
1980-09-19,0.0000,21.65,26.76,16.96,207.25,3.1700,0.011028,101136.5
1980-09-20,0.1544,20.25,24.16,17.39,188.38,4.1587,0.011381,101283.1
1980-09-21,1.6492,20.03,22.93,17.58,103.00,2.2150,0.012355,101601.6
1980-09-22,2.3911,18.43,20.17,17.18,57.00,1.4050,0.011565,101851.1
1980-09-23,0.0346,18.55,21.19,15.71,58.12,1.7438,0.011879,101871.6
1980-09-24,0.0302,19.29,23.32,15.80,134.25,1.1337,0.011737,101704.0
1980-09-25,0.0011,21.31,27.07,16.92,226.62,3.0113,0.010115,101276.0
1980-09-26,0.0108,20.82,24.86,17.56,211.62,3.0000,0.011428,101410.4
1980-09-27,0.0000,19.43,23.63,16.11,139.88,3.3113,0.010925,101366.6
1980-09-28,0.0000,19.24,24.05,14.81,212.25,3.4275,0.009857,101365.2
1980-09-29,0.0000,20.03,25.40,16.50,205.75,2.3425,0.010351,101497.2
1980-09-30,0.0086,20.75,25.22,17.45,190.75,3.6062,0.011107,101454.4
1980-10-01,0.0000,21.26,25.81,17.28,218.00,5.1663,0.008790,101462.2
1980-10-02,0.0000,19.98,24.62,17.05,193.62,4.6287,0.009079,101568.1
1980-10-03,1.2355,20.28,23.52,18.08,135.12,3.2100,0.011098,101636.6
1980-10-04,14.4493,18.52,20.84,16.88,51.25,1.5575,0.012350,101771.5
1980-10-05,7.7436,18.09,19.63,17.04,47.62,2.0000,0.012355,101498.5
1980-10-06,0.0778,20.07,24.13,16.70,189.75,3.3663,0.012236,101185.4
1980-10-07,0.0000,22.41,27.50,17.93,203.50,3.6700,0.013229,101039.1
1980-10-08,0.2527,19.51,23.33,16.43,112.50,5.6850,0.012367,101422.2
1980-10-09,46.2780,18.13,21.65,15.11,51.12,5.2750,0.012300,100747.1
1980-10-10,5.1624,16.10,17.21,14.60,53.25,2.9212,0.010259,101274.4
1980-10-11,1.1048,17.31,18.02,15.54,47.25,3.3775,0.011701,101411.4
1980-10-12,0.2246,17.45,19.00,15.30,48.12,3.4800,0.011366,101504.5
1980-10-13,0.0227,17.62,20.41,15.41,158.50,1.5362,0.010945,101779.9
1980-10-14,0.0000,17.74,21.79,14.40,184.00,3.7462,0.009881,101613.6
1980-10-15,10.3000,18.59,22.39,15.74,122.62,1.6900,0.011676,101200.1
1980-10-16,0.0140,17.38,20.83,14.08,84.25,0.5700,0.011238,101224.1
1980-10-17,0.0000,18.69,22.82,13.49,133.00,1.6112,0.011811,101504.5
1980-10-18,0.0130,19.38,24.10,14.66,169.12,1.7437,0.011111,101488.1
1980-10-19,0.0000,19.67,25.17,16.00,186.00,2.9212,0.010521,101601.5
1980-10-20,0.3661,18.23,23.26,15.15,169.62,3.1962,0.011544,101831.9
1980-10-21,0.1447,14.65,15.99,13.14,45.38,4.8962,0.008915,102034.6
1980-10-22,0.3661,13.78,14.98,12.73,45.38,1.8700,0.009041,101567.5
1980-10-23,0.1415,15.77,17.59,12.88,66.50,1.5738,0.009954,101094.1
1980-10-24,0.0540,15.12,20.50,8.71,153.50,5.2525,0.007298,101379.8
1980-10-25,0.0000,10.75,14.93,8.31,192.12,4.2350,0.004492,101992.6
1980-10-26,0.0000,13.52,19.87,8.64,183.88,3.0462,0.005649,101847.6
1980-10-27,0.0000,14.84,21.69,8.70,178.25,2.4012,0.005974,101941.1
1980-10-28,0.0000,15.73,23.65,10.78,171.25,2.2687,0.006913,101812.4
1980-10-29,0.0032,15.70,19.71,11.76,167.12,3.0350,0.007329,101851.6
1980-10-30,0.0000,13.17,16.62,9.42,55.00,3.4813,0.007885,102189.5
1980-10-31,0.2138,13.85,17.25,10.37,156.00,3.4362,0.007441,102129.9
1980-11-01,0.0000,12.12,17.55,6.77,152.62,4.3550,0.006142,102328.8
1980-11-02,0.0000,12.15,17.45,8.29,166.88,2.7275,0.005563,102268.1
1980-11-03,0.0000,14.03,18.01,9.18,111.75,2.5350,0.006269,101720.8
1980-11-04,0.0119,15.30,21.23,11.25,130.88,3.7062,0.007152,101225.8
1980-11-05,0.0000,16.37,23.66,9.50,164.62,2.3513,0.007169,100924.9
1980-11-06,0.0000,16.34,23.88,10.82,158.00,2.0675,0.007886,100891.6
1980-11-07,0.0000,13.70,19.73,7.32,158.12,4.1100,0.004573,102090.4
1980-11-08,0.0000,10.12,12.82,7.23,102.25,2.0788,0.003712,102510.4
1980-11-09,0.0000,12.77,17.69,8.89,159.00,3.8713,0.005355,101931.5
1980-11-10,0.0000,14.85,21.60,9.20,157.38,3.6025,0.006256,101676.4
1980-11-11,0.0130,16.96,23.84,11.16,156.00,4.0850,0.006520,101525.6
1980-11-12,0.0000,11.02,17.26,5.04,151.75,5.4325,0.004416,102581.9
1980-11-13,0.0000,9.20,14.05,5.86,160.38,4.5500,0.003419,102092.2
1980-11-14,0.0000,13.03,18.54,7.24,148.12,2.8063,0.004907,101846.9
1980-11-15,0.0000,10.28,13.61,6.17,39.25,1.4475,0.005655,101949.2
1980-11-16,0.0000,12.98,20.54,6.61,144.00,1.6975,0.006171,101833.6
1980-11-17,0.0000,14.59,21.06,9.41,143.75,3.1937,0.007329,101895.6
1980-11-18,0.0000,12.65,17.93,8.69,125.25,3.2238,0.007900,101905.8
1980-11-19,1.5908,12.79,15.12,10.42,67.50,3.1363,0.008227,101742.6
1980-11-20,0.4190,14.18,17.56,11.43,99.00,2.6188,0.008549,101762.0
1980-11-21,0.1328,13.83,15.47,11.98,34.62,2.1600,0.008820,101938.6
1980-11-22,0.0292,13.67,17.83,10.11,86.50,1.9462,0.008118,101671.8
1980-11-23,2.4332,13.89,19.32,9.88,112.12,2.2262,0.007781,101658.6
1980-11-24,0.1037,8.58,12.79,3.76,106.62,1.8487,0.005656,101881.9
1980-11-25,0.3661,10.03,14.17,5.01,134.75,4.1525,0.005414,101666.9
1980-11-26,0.1804,10.17,11.31,8.30,35.25,1.1762,0.006369,101466.4
1980-11-27,2.0714,8.95,13.11,4.70,34.38,2.2875,0.006435,101802.0
1980-11-28,0.0000,9.92,14.92,4.42,120.12,2.1363,0.006156,101970.9
1980-11-29,0.4936,11.78,16.85,7.19,94.38,3.5012,0.007180,101656.4
1980-11-30,0.0000,12.09,16.66,7.31,129.00,1.6688,0.005926,101501.5
1980-12-01,1.3403,11.82,18.24,5.53,84.12,5.2913,0.005485,101573.8
1980-12-02,0.0000,7.31,11.03,4.31,131.25,2.5887,0.003815,101869.2
1980-12-03,0.0000,5.86,9.85,0.90,128.62,3.2200,0.003349,102173.8
1980-12-04,0.0000,6.51,11.29,0.76,131.38,2.2600,0.003300,101631.2
1980-12-05,0.0000,8.53,14.61,3.60,118.75,1.5763,0.004269,101529.4
1980-12-06,0.0000,9.06,16.53,2.96,125.88,1.4925,0.004671,101673.1
1980-12-07,0.0000,9.07,17.26,3.04,125.50,1.9000,0.004894,101618.4
1980-12-08,0.0000,6.64,14.17,-1.18,124.12,3.4700,0.004051,102179.8
1980-12-09,0.0000,7.42,11.91,0.97,131.50,4.9350,0.003497,101793.0
1980-12-10,0.0000,10.84,17.44,6.14,128.75,5.5413,0.004851,101083.0
1980-12-11,0.0000,5.64,12.18,-2.20,120.00,6.0338,0.002410,102545.0
1980-12-12,0.0000,3.12,8.15,-1.50,132.12,3.3500,0.002244,102276.1
1980-12-13,0.0000,0.61,8.25,-6.16,126.25,3.0012,0.002520,102238.4
1980-12-14,0.0000,2.91,6.81,-4.46,127.00,2.4875,0.002895,102209.2
1980-12-15,0.1231,2.71,4.62,0.35,34.00,3.1888,0.003415,102731.9
1980-12-16,0.0000,3.56,7.93,-0.92,119.38,2.6450,0.003941,102438.0
1980-12-17,0.0000,5.16,10.71,0.46,118.62,1.9337,0.004440,102032.8
1980-12-18,0.0000,2.72,6.73,-2.59,101.50,3.3238,0.003406,102414.9
1980-12-19,0.0000,1.57,8.20,-3.25,126.00,1.3900,0.002799,102665.5
1980-12-20,0.0000,3.57,8.98,-1.91,120.75,2.5025,0.002748,102629.0
1980-12-21,0.0000,6.53,11.75,-0.39,128.38,2.9938,0.003319,102040.1
1980-12-22,0.0000,3.45,9.41,-3.21,121.75,6.4862,0.001781,102324.0
1980-12-23,0.0000,0.44,4.82,-4.15,133.12,2.2350,0.001591,102292.6
1980-12-24,0.2419,3.02,5.14,-1.44,76.12,3.0812,0.002325,101804.5
1980-12-25,0.0022,1.63,7.28,-5.04,113.12,2.5538,0.001907,102634.5
1980-12-26,0.0000,-1.52,2.91,-5.83,132.25,1.5725,0.001509,102885.5
1980-12-27,0.0000,-1.75,3.26,-5.53,131.88,3.2988,0.001330,102875.9
1980-12-28,0.0000,-0.35,6.79,-6.46,131.25,2.2312,0.001715,102631.9
1980-12-29,0.0000,-0.48,6.15,-6.47,130.75,1.4475,0.001735,102612.8
1980-12-30,0.0000,2.85,8.74,-3.28,107.00,2.9825,0.002764,102297.2
1980-12-31,0.0000,5.92,14.81,-1.66,127.50,4.7913,0.002656,101692.4
1981-01-01,0.0000,-1.15,3.76,-5.25,127.25,2.9825,0.001497,102758.8
1981-01-02,0.0000,-2.09,2.60,-5.90,134.62,2.6112,0.001335,102868.8
1981-01-03,0.0000,-0.25,4.39,-4.07,130.25,5.0788,0.001499,102497.2
1981-01-04,0.0475,2.08,4.71,-3.96,96.00,4.9425,0.002099,102390.1
1981-01-05,1.6448,0.58,2.05,-1.10,34.75,4.3387,0.003552,102494.2
1981-01-06,0.3272,0.27,1.07,-1.09,35.12,2.3663,0.003037,102670.5
1981-01-07,0.0065,2.05,4.39,-0.53,54.62,2.3900,0.002969,102521.5
1981-01-08,0.2408,3.78,7.23,-1.39,124.75,1.8350,0.003780,102336.1
1981-01-09,0.5508,2.81,5.63,-0.30,32.88,2.4325,0.004088,102462.1
1981-01-10,0.0000,1.43,7.18,-2.34,134.25,4.5163,0.002049,102762.5
1981-01-11,0.0000,4.08,10.21,-2.19,141.38,5.3637,0.002386,102452.1
1981-01-12,0.0000,5.12,12.45,-0.44,139.38,4.3950,0.002854,102278.0
1981-01-13,0.0000,6.86,14.41,-0.96,131.88,2.8438,0.003512,102006.8
1981-01-14,0.0000,7.41,16.75,-1.91,135.00,5.5325,0.004084,101782.4
1981-01-15,0.0000,-0.95,3.62,-6.40,136.62,3.7700,0.001975,103021.6
1981-01-16,0.0000,-1.41,3.46,-6.79,145.50,2.3038,0.001714,103115.2
1981-01-17,0.0000,2.94,8.03,-3.08,133.25,2.9288,0.002457,101921.8
1981-01-18,0.0140,4.92,7.87,-0.50,101.25,2.5825,0.002871,102059.5
1981-01-19,0.0000,3.03,5.36,0.20,78.38,4.0525,0.003245,102361.1
1981-01-20,6.8699,-0.46,0.89,-1.16,35.75,4.7775,0.003383,102311.5
1981-01-21,0.0508,-0.44,0.32,-1.32,24.25,4.1088,0.003249,102716.1
1981-01-22,5.0792,1.55,2.52,0.02,26.50,5.3737,0.003609,102343.5
1981-01-23,9.5850,-0.06,1.24,-1.69,32.38,4.4100,0.003610,102098.1
1981-01-24,0.0648,-1.57,-0.92,-2.34,46.12,4.1163,0.002686,103066.4
1981-01-25,0.3305,-2.62,-1.12,-3.44,42.00,4.6063,0.002341,103553.0
1981-01-26,0.0173,-4.04,-2.92,-5.51,33.62,2.9650,0.001598,103654.6
1981-01-27,0.0011,-3.50,-2.16,-4.92,42.00,2.3388,0.002042,103135.5
1981-01-28,0.0000,-0.09,3.36,-5.73,146.62,1.4600,0.002557,102536.9
1981-01-29,0.0162,0.46,1.68,-0.25,50.25,2.3625,0.002935,102566.1
1981-01-30,0.0572,-0.09,0.87,-0.99,44.12,1.8038,0.003018,102464.0
1981-01-31,0.0032,1.21,4.97,-1.04,81.62,2.5087,0.003249,102259.6
1981-02-01,0.0000,3.14,9.09,-1.18,148.62,2.3850,0.003518,102326.6
1981-02-02,0.0022,2.63,6.18,-0.13,65.75,1.6025,0.003880,102181.0
1981-02-03,0.0011,1.38,5.20,-1.31,136.62,3.4462,0.003114,102528.5
1981-02-04,0.0000,2.59,6.31,-1.59,162.12,5.1637,0.003030,102338.4
1981-02-05,0.0000,2.02,4.37,-0.47,76.25,2.0188,0.003605,102593.9
1981-02-06,0.0000,3.17,8.48,-1.18,161.25,0.6225,0.003357,102597.2
1981-02-07,0.0000,7.11,12.99,-0.88,165.38,2.9475,0.003642,101910.4
1981-02-08,0.0000,8.36,14.31,3.62,163.38,5.1087,0.003014,101812.8
1981-02-09,0.0000,4.74,9.34,0.95,156.38,2.4088,0.002541,102308.9
1981-02-10,0.0000,6.70,13.66,0.91,176.62,4.2812,0.002546,101987.1
1981-02-11,0.3305,8.84,13.29,1.89,109.62,3.1037,0.003831,100892.9
1981-02-12,10.2416,8.97,11.47,6.84,43.62,2.4025,0.006391,100579.8
1981-02-13,0.0000,10.49,15.87,7.36,148.12,2.7338,0.006622,100893.4
1981-02-14,2.4602,10.92,14.88,6.61,142.75,4.0237,0.007283,100873.8
1981-02-15,30.9906,6.83,9.57,0.68,43.38,6.7900,0.005829,101315.9
1981-02-16,2.8717,0.08,0.61,-0.41,43.25,4.7550,0.003554,102382.0
1981-02-17,0.5141,2.83,4.51,0.80,77.25,2.8900,0.003624,101972.0
1981-02-18,5.8406,4.61,6.50,2.74,83.00,3.5638,0.004431,102003.4
1981-02-19,0.5303,3.81,4.26,3.39,44.50,3.5950,0.004625,101991.0
1981-02-20,0.1458,4.02,7.22,2.01,128.75,3.5800,0.004125,102215.6
1981-02-21,0.0162,6.69,9.28,1.93,155.50,3.1038,0.005061,101219.1
1981-02-22,2.4019,8.83,11.30,5.27,114.25,2.8688,0.006126,100980.4
1981-02-23,1.5692,3.39,6.05,1.14,47.00,4.7687,0.004434,102135.6
1981-02-24,0.0000,2.32,3.60,0.91,89.38,2.8125,0.002882,102749.1
1981-02-25,0.0000,0.88,3.37,-1.27,165.38,3.2700,0.002470,102988.2
1981-02-26,0.0000,0.12,2.39,-2.18,136.50,4.7563,0.002315,103120.0
1981-02-27,0.0000,-0.44,2.06,-2.80,115.00,5.1263,0.002426,102330.0
1981-02-28,0.0000,2.78,6.57,-1.72,113.75,2.3600,0.003194,102144.0
1981-03-01,3.0326,2.16,3.12,0.03,51.62,3.1475,0.004248,102530.5
1981-03-02,0.0896,3.78,4.93,2.80,52.88,2.7287,0.004468,102214.2
1981-03-03,0.0259,5.35,8.79,3.38,85.62,2.7738,0.004534,102099.5
1981-03-04,0.0000,9.30,15.38,5.33,213.88,3.3825,0.003891,102138.9
1981-03-05,0.0832,11.22,16.14,5.73,188.62,3.6925,0.004743,102269.9
1981-03-06,0.0000,9.73,14.53,4.88,228.75,4.7325,0.003122,102384.6
1981-03-07,0.0000,13.06,18.97,7.43,224.88,6.5550,0.004372,101393.6
1981-03-08,0.0054,6.29,10.32,2.70,200.00,3.5425,0.003588,102050.9
1981-03-09,0.0000,8.65,13.19,4.22,213.38,3.4337,0.003648,102337.5
1981-03-10,0.0076,9.53,14.15,5.66,142.62,5.9738,0.004125,101956.4
1981-03-11,2.4073,10.58,14.00,6.09,105.50,1.8487,0.005927,101381.8
1981-03-12,0.9007,11.15,13.45,9.11,70.75,0.5800,0.007319,101316.2
1981-03-13,0.0194,14.73,19.09,9.62,197.62,2.7050,0.008199,101321.1
1981-03-14,0.0000,13.10,18.10,6.11,218.62,4.2000,0.004030,102121.4
1981-03-15,0.0000,12.31,18.01,7.87,229.00,4.3750,0.003780,102054.5
1981-03-16,0.0000,13.74,18.99,8.36,238.75,3.1275,0.005350,101241.2
1981-03-17,0.0000,15.39,20.49,11.85,214.38,3.7162,0.006026,100836.0
1981-03-18,0.0065,12.43,15.54,10.36,173.88,3.2425,0.007023,100757.9
1981-03-19,0.0011,14.01,16.77,11.90,168.75,5.2775,0.008389,100869.8
1981-03-20,0.0140,13.56,18.79,9.30,225.25,4.3438,0.007094,101105.9
1981-03-21,0.0000,16.36,21.67,11.17,244.75,3.4200,0.006203,100833.5
1981-03-22,0.0421,17.93,22.84,13.86,210.38,4.0113,0.008764,100583.1
1981-03-23,1.9397,13.45,16.30,8.17,62.25,5.9550,0.008746,100194.6
1981-03-24,0.0000,10.87,13.72,8.49,110.88,5.3312,0.006948,100714.2
1981-03-25,0.0000,11.71,17.23,5.97,222.50,4.6862,0.004279,101305.9
1981-03-26,0.0000,13.28,18.23,7.96,255.50,3.9237,0.004518,101347.6
1981-03-27,8.6908,11.50,12.01,10.93,65.75,2.3513,0.007767,101032.0
1981-03-28,4.9540,12.53,14.26,11.02,72.50,2.5675,0.008439,101497.6
1981-03-29,1.7356,9.80,11.66,8.12,64.75,5.0250,0.006825,101633.9
1981-03-30,0.0043,9.05,9.54,7.84,65.12,2.6112,0.006799,101425.0
1981-03-31,5.1786,11.57,12.82,9.83,61.75,3.0425,0.008105,101198.6
1981-04-01,9.2783,10.69,11.53,9.95,51.38,4.3550,0.007496,101732.2
1981-04-02,3.5921,9.40,10.72,8.06,117.88,3.6525,0.005929,101773.5
1981-04-03,4.0014,7.76,9.08,6.22,65.12,2.2075,0.006135,100929.2
1981-04-04,0.0000,9.42,12.41,5.63,143.38,1.4225,0.006269,100695.5
1981-04-05,0.0000,12.54,16.83,8.09,215.25,2.4688,0.007508,100699.5
1981-04-06,0.0000,14.72,19.12,10.71,238.75,4.7362,0.007714,101093.4
1981-04-07,2.7864,12.30,15.70,10.36,73.00,5.7500,0.007051,101139.1
1981-04-08,0.2311,11.90,13.01,10.72,67.75,2.6513,0.007993,101186.8
1981-04-09,0.0378,13.69,18.48,10.77,183.00,3.2750,0.008364,101166.6
1981-04-10,0.0000,16.10,20.69,11.88,177.62,2.4938,0.009259,100793.9
1981-04-11,0.0659,17.39,21.45,13.15,197.62,1.7250,0.010184,100796.5
1981-04-12,0.0162,16.59,20.38,12.60,142.00,2.9538,0.009623,101303.9
1981-04-13,0.0000,15.23,18.58,12.62,257.75,6.9500,0.007571,101476.1
1981-04-14,2.6622,17.17,20.61,13.77,175.38,2.2100,0.010189,100932.9
1981-04-15,4.3103,17.43,22.25,13.99,223.62,2.3737,0.010421,100739.2
1981-04-16,1.6211,20.14,23.80,15.23,222.00,2.7500,0.011539,101068.1
1981-04-17,38.0635,12.37,13.30,11.85,72.50,6.5863,0.008334,101003.6
1981-04-18,8.3506,13.48,17.71,11.96,164.75,3.0375,0.008566,101467.6
1981-04-19,0.0000,15.42,18.81,12.20,199.25,2.7500,0.007844,101939.5
1981-04-20,0.0000,15.46,19.91,11.44,151.12,1.2175,0.007495,101299.6
1981-04-21,0.3618,18.07,22.16,14.42,276.38,2.7413,0.008880,100847.5
1981-04-22,0.1372,20.83,26.22,16.89,286.50,3.2750,0.010194,100805.0
1981-04-23,0.2646,21.37,26.68,16.03,288.62,3.9062,0.010882,100768.5
1981-04-24,0.0270,13.23,16.87,10.47,89.62,2.9200,0.006341,101929.1
1981-04-25,0.0000,17.45,21.74,13.83,284.38,2.3938,0.006628,101611.1
1981-04-26,0.0000,18.77,23.60,13.37,290.75,3.4525,0.008240,100979.0
1981-04-27,0.0000,20.34,26.31,15.66,293.75,2.4488,0.010306,100784.5
1981-04-28,0.0151,20.91,26.34,15.34,277.12,3.0300,0.011341,100763.1
1981-04-29,0.0000,18.80,24.36,13.98,297.25,2.0263,0.007675,101100.8
1981-04-30,0.5638,21.77,26.87,17.78,284.12,2.5700,0.010109,100778.8
1981-05-01,0.5929,24.24,30.28,18.94,232.25,4.4375,0.013549,100304.2
1981-05-02,0.0086,15.51,20.96,9.16,79.12,4.3463,0.005129,101920.1
1981-05-03,0.0000,16.64,21.81,12.27,296.50,4.5800,0.004879,101843.8
1981-05-04,0.0000,19.10,25.64,12.63,297.38,4.9337,0.006251,101263.0
1981-05-05,0.0000,20.92,25.45,17.20,307.25,6.3763,0.007221,100528.6
1981-05-06,0.0000,24.29,29.23,20.96,302.88,6.2562,0.008649,99996.6
1981-05-07,0.0000,26.73,33.02,21.32,307.50,5.2700,0.011124,99822.2
1981-05-08,0.0000,27.60,34.22,21.07,306.00,5.1025,0.012922,99692.8
1981-05-09,0.5702,25.27,32.61,16.39,287.88,2.7750,0.013129,99995.5
1981-05-10,0.3348,23.13,28.40,17.61,279.88,5.2487,0.009442,100308.5
1981-05-11,0.0670,17.30,25.34,13.68,123.50,2.4075,0.005019,101029.0
1981-05-12,0.0054,19.28,24.76,13.60,306.62,3.6600,0.005590,100767.2
1981-05-13,2.7734,21.38,26.67,15.81,252.62,3.2575,0.007530,100410.2
1981-05-14,0.1156,16.93,19.64,13.52,79.88,1.3788,0.010195,100317.1
1981-05-15,0.0000,19.95,28.54,11.70,311.75,4.1088,0.006955,100459.9
1981-05-16,0.0000,20.41,28.32,13.68,306.50,3.8175,0.006655,100729.9
1981-05-17,0.0022,23.45,31.66,14.99,297.62,5.9025,0.006619,100728.4
1981-05-18,0.0000,18.77,23.39,15.07,292.62,2.5338,0.009155,101421.0
1981-05-19,0.0043,20.75,24.48,17.61,290.25,2.7075,0.008394,101386.9
1981-05-20,0.0043,20.54,25.40,13.45,293.75,3.2100,0.007574,101218.4
1981-05-21,0.0000,21.23,27.25,15.65,315.75,3.1788,0.007720,100944.4
1981-05-22,0.0940,21.28,25.80,17.71,207.38,2.0700,0.009095,100812.9
1981-05-23,0.0119,22.25,28.29,15.53,313.50,2.5512,0.008377,100719.0
1981-05-24,0.0000,24.99,30.74,20.08,312.25,2.9412,0.008091,100683.6
1981-05-25,0.0356,25.48,31.52,21.57,277.00,3.3537,0.010957,100417.6
1981-05-26,8.7458,23.74,27.25,21.29,96.88,2.6175,0.015105,100087.1
1981-05-27,0.0054,25.77,32.85,19.06,262.62,3.6588,0.012075,100175.6
1981-05-28,0.0000,25.87,30.69,21.73,318.75,3.5175,0.006724,100603.5
1981-05-29,1.9429,17.74,22.55,13.48,83.75,2.9963,0.009867,100678.0
1981-05-30,0.0000,21.37,26.72,17.45,316.38,2.3800,0.010566,100576.8
1981-05-31,0.0011,22.45,25.89,19.13,248.50,3.1775,0.010504,100994.2
1981-06-01,0.0000,21.75,26.73,16.31,315.88,4.2700,0.007651,101091.5
1981-06-02,0.0000,19.52,24.55,14.87,280.62,4.6125,0.007261,100843.1
1981-06-03,0.0000,21.37,27.03,16.63,287.38,1.2738,0.008285,100702.1
1981-06-04,0.0000,23.68,29.06,17.21,325.12,3.1213,0.009011,100669.0
1981-06-05,0.0000,24.18,30.26,18.95,330.38,4.1463,0.007857,100533.1
1981-06-06,0.0000,26.92,32.63,22.33,325.75,2.3200,0.010015,100389.5
1981-06-07,0.0680,27.80,31.70,24.77,251.00,3.0763,0.012391,100452.8
1981-06-08,2.3663,27.31,32.11,23.85,132.12,2.3112,0.015619,100222.2
1981-06-09,19.7543,22.06,23.53,20.97,79.50,3.3338,0.016126,100094.0
1981-06-10,0.5378,21.04,22.98,18.98,89.88,4.2112,0.013787,100353.2
1981-06-11,1.0649,20.04,21.44,17.86,86.38,2.0363,0.013427,100493.0
1981-06-12,0.0076,22.70,27.49,19.28,245.12,1.8225,0.013117,100143.2
1981-06-13,0.0000,24.28,28.20,20.57,316.75,3.1575,0.012493,100059.1
1981-06-14,0.0000,25.61,30.62,20.70,317.50,4.2162,0.012400,100046.0
1981-06-15,0.0000,27.36,32.46,22.88,324.88,4.0275,0.014623,100087.0
1981-06-16,0.0000,30.03,35.53,24.14,323.62,3.0887,0.014468,99953.2
1981-06-17,0.0000,30.23,35.27,25.05,307.75,2.0237,0.015216,100024.2
1981-06-18,0.0000,31.43,36.59,26.89,306.50,2.0988,0.017120,100005.5
1981-06-19,0.0367,32.47,36.18,27.60,308.75,2.0925,0.019504,99835.8
1981-06-20,4.3718,32.48,37.94,28.92,309.62,2.4088,0.020863,99446.1
1981-06-21,2.6028,27.29,29.99,24.11,178.38,3.5625,0.017935,99645.5
1981-06-22,0.0875,28.65,33.49,25.30,178.75,2.9187,0.014174,100125.0
1981-06-23,0.7603,24.09,28.10,21.30,86.75,3.1687,0.014722,100258.6
1981-06-24,7.0124,23.50,25.90,21.54,117.38,2.5412,0.015663,100143.1
1981-06-25,39.1759,22.16,22.90,20.68,81.25,2.1825,0.016114,99902.8
1981-06-26,34.6810,28.43,31.59,25.06,217.50,4.7863,0.019624,99464.4
1981-06-27,1.3446,25.12,27.90,21.90,124.50,3.7700,0.018185,99732.5
1981-06-28,0.0000,24.88,28.22,22.32,276.88,2.1000,0.016556,100104.0
1981-06-29,0.0022,25.85,29.31,23.18,299.88,3.3163,0.016718,99991.8
1981-06-30,0.0616,26.29,30.16,24.13,238.50,2.5800,0.018200,99758.8
1981-07-01,1.6340,27.18,31.17,24.43,231.12,1.2375,0.017964,99873.5
1981-07-02,7.1615,27.65,30.50,26.35,243.75,2.7962,0.019464,100143.1
1981-07-03,0.0000,30.81,34.20,28.37,266.38,4.4537,0.018341,100020.0
1981-07-04,0.0000,30.15,32.71,27.03,221.00,5.5988,0.018061,100005.6
1981-07-05,0.0000,30.55,34.45,26.83,298.00,5.7637,0.018939,100047.9
1981-07-06,0.0000,31.21,35.05,27.64,274.50,2.6150,0.021167,100041.5
1981-07-07,0.0000,31.89,36.77,28.86,285.88,3.1712,0.019820,99919.0
1981-07-08,0.0778,31.56,35.45,28.23,294.25,5.6175,0.018294,99810.8
1981-07-09,17.3945,27.96,33.32,25.10,201.25,2.8612,0.019799,99886.8
1981-07-10,19.7100,24.82,25.88,23.75,57.50,2.8938,0.019314,99861.8
1981-07-11,3.8426,25.40,27.53,23.92,188.25,2.9312,0.018710,99991.9
1981-07-12,0.4309,26.84,29.40,24.69,229.38,4.0912,0.018982,100149.1
1981-07-13,1.4040,29.28,32.77,26.14,236.00,2.5875,0.022234,100038.4
1981-07-14,0.5875,30.59,34.73,27.00,280.12,2.3075,0.020850,99965.2
1981-07-15,0.3035,29.90,33.67,26.25,267.75,2.7887,0.019978,99849.4
1981-07-16,14.0238,26.99,29.95,25.40,151.75,1.9050,0.020346,100058.8
1981-07-17,0.0313,30.18,34.59,27.17,263.38,2.4650,0.021306,100113.6
1981-07-18,0.3272,30.93,34.64,27.58,299.62,3.2600,0.022094,100135.9
1981-07-19,0.0000,29.49,34.02,24.57,296.75,3.8000,0.020436,100206.9
1981-07-20,0.0076,29.10,31.70,26.95,297.88,4.2063,0.019489,100274.9
1981-07-21,0.0929,28.95,31.62,26.18,265.62,4.1775,0.020281,100223.1
1981-07-22,0.0605,29.04,31.85,26.52,294.75,4.2463,0.020410,100083.2
1981-07-23,0.5908,28.83,32.05,25.88,289.25,3.7713,0.019906,99923.4
1981-07-24,14.2700,25.77,26.69,24.55,81.75,3.0925,0.020105,99625.9
1981-07-25,4.6753,26.65,28.55,25.37,117.50,2.5887,0.020501,99653.0
1981-07-26,0.3413,26.99,29.16,25.52,123.75,3.5850,0.020704,99734.8
1981-07-27,2.8372,28.91,31.85,26.91,184.00,1.7750,0.022226,99630.5
1981-07-28,1.6038,30.43,34.29,27.29,274.50,1.1213,0.022424,99863.0
1981-07-29,2.6568,29.83,35.32,26.94,231.62,1.2825,0.022016,100043.6
1981-07-30,0.9590,30.05,34.43,26.61,248.88,1.0638,0.021642,99947.4
1981-07-31,0.2074,29.02,31.68,26.24,279.38,2.9887,0.020950,99891.2
1981-08-01,0.0767,29.02,32.58,26.20,285.75,3.2262,0.020787,100089.9
1981-08-02,0.0734,29.82,33.88,26.73,285.88,2.7500,0.021235,100284.8
1981-08-03,0.0216,31.18,35.67,27.20,292.38,1.0950,0.021309,100146.0
1981-08-04,3.9701,27.91,33.46,22.38,238.25,3.3025,0.020172,99963.0
1981-08-05,0.0054,24.44,26.69,22.76,119.38,2.6512,0.016963,99820.9
1981-08-06,2.8976,29.32,32.66,25.13,271.00,2.7387,0.021352,99642.6
1981-08-07,3.7940,29.85,34.86,27.00,246.12,2.4175,0.021729,99695.1
1981-08-08,1.6859,28.13,33.19,26.09,137.62,2.3312,0.021423,99748.6
1981-08-09,6.6031,27.84,32.70,25.41,211.25,2.3925,0.020482,99673.6
1981-08-10,17.0791,23.70,25.54,22.62,68.75,2.0400,0.017602,99986.6
1981-08-11,4.8222,23.39,25.60,21.64,83.25,1.2362,0.016787,100190.2
1981-08-12,0.3251,26.50,29.09,23.80,269.12,2.0200,0.018299,100152.1
1981-08-13,0.1771,26.25,29.36,22.97,154.50,3.7125,0.018125,100240.5
1981-08-14,0.2063,26.22,28.48,24.38,205.50,3.9200,0.019233,100269.9
1981-08-15,0.0011,28.57,32.44,25.49,249.62,3.4763,0.020646,99946.9
1981-08-16,0.2819,30.45,35.34,26.88,269.25,2.7175,0.020834,99781.6
1981-08-17,0.5346,29.38,33.23,26.63,259.62,2.2275,0.022145,99919.6
1981-08-18,0.6545,29.25,32.99,26.37,255.00,2.5125,0.020685,99901.4
1981-08-19,15.6503,30.17,34.39,26.93,252.00,2.8763,0.022412,99750.5
1981-08-20,2.0509,26.27,28.41,24.40,86.75,2.3012,0.019635,99863.8
1981-08-21,7.1788,26.09,29.41,24.06,159.88,2.9125,0.017727,99867.4
1981-08-22,32.0414,23.53,24.42,22.15,55.12,3.7550,0.017624,99805.4
1981-08-23,9.2599,26.11,27.88,23.92,66.25,3.5062,0.020303,99539.1
1981-08-24,6.3115,22.69,23.95,21.99,65.12,3.2287,0.016900,99640.8
1981-08-25,2.1838,23.82,25.15,22.33,73.38,1.6025,0.017901,100048.5
1981-08-26,0.0054,24.35,29.51,19.13,242.88,1.9588,0.015500,100464.2
1981-08-27,0.0000,25.26,29.36,21.88,272.88,2.1562,0.014610,100308.1
1981-08-28,0.0011,26.11,30.08,23.04,266.00,2.9150,0.016810,100002.6
1981-08-29,0.0000,26.71,30.85,23.68,238.62,2.1337,0.016070,100107.0
1981-08-30,0.0583,26.46,30.08,24.02,219.12,2.8488,0.016614,100215.2
1981-08-31,0.0313,27.06,30.16,24.09,190.88,3.4438,0.018185,100145.1
1981-09-01,0.3532,24.74,27.33,21.38,106.00,3.9537,0.016736,100228.9
1981-09-02,0.0443,23.10,26.09,18.81,140.50,3.3788,0.014497,100296.8
1981-09-03,0.0000,23.44,28.67,20.26,263.38,2.5125,0.012467,100393.1
1981-09-04,0.0032,23.72,28.32,20.92,204.38,2.4362,0.012096,100759.6
1981-09-05,0.0000,24.94,29.55,21.89,242.50,3.2687,0.011367,101020.2
1981-09-06,0.0000,24.61,28.49,21.57,240.00,3.8625,0.011155,101133.2
1981-09-07,0.0464,23.62,28.36,19.80,188.75,3.5512,0.012839,100903.6
1981-09-08,0.1091,21.80,26.02,18.83,107.25,2.6962,0.012572,100843.1
1981-09-09,6.1160,19.80,22.23,17.78,61.12,1.7075,0.012406,101264.4
1981-09-10,0.8273,19.90,23.72,17.99,120.00,1.9337,0.011688,101171.6
1981-09-11,6.6830,17.96,19.44,17.04,58.38,2.7350,0.012111,101093.8
1981-09-12,0.0324,19.50,21.16,18.01,76.38,1.3550,0.012181,101467.0
1981-09-13,0.0292,19.46,21.85,17.24,86.50,1.6188,0.011609,101772.2
1981-09-14,0.1091,20.52,24.16,16.35,143.75,1.2987,0.011060,101846.1
1981-09-15,0.0011,21.32,26.60,16.84,243.62,2.6525,0.010008,101802.6
1981-09-16,0.0000,20.66,25.83,16.62,220.50,3.2500,0.010005,101505.1
1981-09-17,0.0000,21.55,26.85,17.38,176.12,1.5587,0.011804,101059.8
1981-09-18,0.0011,22.63,29.55,18.47,238.38,1.3625,0.011853,100833.1
1981-09-19,0.0000,24.78,30.59,19.67,230.12,2.6850,0.012175,100915.6
1981-09-20,0.0000,24.44,30.37,18.90,228.12,3.5500,0.012009,101166.4
1981-09-21,0.0011,23.77,28.25,19.73,230.12,4.3850,0.012361,101191.9
1981-09-22,3.2141,23.20,25.77,20.83,76.75,3.6900,0.014975,101000.6
1981-09-23,13.1144,20.32,21.32,19.50,50.12,4.4350,0.014501,100612.5
1981-09-24,0.0227,21.70,26.32,19.02,167.25,2.4700,0.013495,100750.4
1981-09-25,0.0000,22.47,26.82,19.06,218.50,2.9225,0.012958,101089.6
1981-09-26,0.0022,23.29,28.75,18.86,221.75,3.2575,0.012002,100963.5
1981-09-27,0.0043,22.55,29.25,16.76,202.75,3.0750,0.011361,101089.5
1981-09-28,0.0367,14.94,19.01,10.70,57.12,4.6775,0.007975,101386.4
1981-09-29,3.1374,12.78,13.57,10.63,59.00,2.9763,0.008414,101315.0
1981-09-30,19.2467,13.93,14.50,13.24,36.88,2.2275,0.009480,100997.1
1981-10-01,8.3592,15.87,16.89,14.35,34.62,2.2450,0.010911,101010.4
1981-10-02,12.3476,16.95,18.96,14.41,54.25,2.4175,0.010919,101302.6
1981-10-03,23.0969,14.81,15.28,13.66,47.62,3.8450,0.009870,101367.8
1981-10-04,4.0835,16.00,17.36,15.13,51.88,2.5062,0.010463,101248.0
1981-10-05,30.8675,14.77,15.67,13.87,45.62,1.9312,0.009474,101272.4
1981-10-06,31.7574,14.68,15.50,13.46,42.00,2.4462,0.010035,101087.2
1981-10-07,21.9035,15.17,15.83,13.85,37.00,3.1112,0.010229,101053.5
1981-10-08,0.0605,10.33,15.53,7.06,54.62,5.0588,0.004626,102306.0
1981-10-09,0.0000,11.64,16.20,7.67,215.12,2.9887,0.004625,102095.4
1981-10-10,0.0000,15.22,19.12,10.54,208.75,2.7762,0.006247,101590.9
1981-10-11,0.0000,13.99,17.92,11.02,115.25,1.5238,0.007475,101569.1
1981-10-12,0.0000,15.82,21.04,12.30,168.62,1.8825,0.008326,101701.4
1981-10-13,0.0000,17.00,21.87,13.95,189.00,2.6562,0.008766,102204.9
1981-10-14,0.0000,15.35,17.71,13.28,90.12,3.2050,0.007815,101959.4
1981-10-15,3.2519,15.45,19.29,13.33,119.12,2.0375,0.008580,101414.4
1981-10-16,9.4338,16.13,17.92,14.25,70.00,1.9762,0.010336,101030.5
1981-10-17,0.1512,16.58,17.73,15.72,43.88,1.4400,0.011355,101144.4
1981-10-18,4.1569,16.57,18.87,13.81,58.00,3.4800,0.009611,101525.6
1981-10-19,6.1398,15.17,16.02,13.83,46.38,3.4688,0.009305,101642.6
1981-10-20,2.0920,17.07,19.03,14.73,83.00,2.8688,0.009959,101312.8
1981-10-21,9.4781,12.36,13.18,10.98,27.50,5.5512,0.007944,101482.9
1981-10-22,0.0000,8.11,10.82,4.40,94.75,4.5738,0.003847,102693.6
1981-10-23,0.0000,8.58,12.50,5.23,192.25,4.2463,0.003671,102409.6
1981-10-24,0.0000,10.76,15.94,6.78,186.50,3.9100,0.004324,102153.8
1981-10-25,0.0000,11.50,18.67,5.67,182.75,1.6287,0.004618,102370.2
1981-10-26,0.0000,13.82,18.90,8.65,178.75,2.9513,0.005789,102108.0
1981-10-27,2.0336,13.75,20.06,9.65,83.12,2.8725,0.007049,102005.2
1981-10-28,0.0000,13.63,18.16,10.43,166.62,4.3050,0.006640,101982.4
1981-10-29,0.0000,14.90,20.91,9.26,171.62,3.0613,0.006924,101413.2
1981-10-30,0.0259,16.00,21.47,10.47,159.75,2.3512,0.007630,101264.1
1981-10-31,1.6135,14.04,17.84,10.64,135.12,5.4613,0.007064,101914.2
1981-11-01,10.4058,9.83,10.81,8.55,32.12,4.3575,0.007089,101666.2
1981-11-02,0.0000,12.63,16.77,9.83,157.25,3.3837,0.006932,101530.5
1981-11-03,0.0000,14.13,16.90,11.63,103.00,2.2162,0.007200,101802.1
1981-11-04,6.6334,9.09,11.33,7.74,40.50,6.4000,0.006419,101967.1
1981-11-05,19.5923,7.81,8.75,7.03,18.50,4.9250,0.006184,102485.0
1981-11-06,1.9656,6.98,7.67,5.91,40.00,2.6562,0.005412,103201.4
1981-11-07,0.0259,5.43,7.97,2.90,61.38,2.1575,0.004437,103516.4
1981-11-08,0.0000,5.27,9.73,3.09,125.12,2.9713,0.003686,103156.4
1981-11-09,0.0000,7.15,11.77,4.05,159.75,3.1687,0.003948,102601.1
1981-11-10,0.0000,8.56,14.38,3.84,157.62,2.8588,0.004560,102361.9
1981-11-11,0.0000,9.62,14.21,5.22,119.50,1.3963,0.005260,102153.8
1981-11-12,0.0000,10.88,15.62,6.78,96.25,1.0550,0.005926,101961.9
1981-11-13,0.0000,11.35,17.33,7.41,151.38,2.0837,0.005940,102080.0
1981-11-14,0.0000,13.24,17.05,8.65,101.88,2.4938,0.007122,101518.2
1981-11-15,0.0000,12.86,17.60,10.08,139.75,3.5175,0.005186,101580.0
1981-11-16,0.0000,8.78,17.45,1.37,141.12,5.1025,0.004339,102318.6
1981-11-17,0.0000,4.17,7.23,0.97,145.38,3.8162,0.003646,102591.4
1981-11-18,0.0140,9.21,12.92,2.78,139.62,2.6125,0.005141,101826.0
1981-11-19,0.0097,12.37,16.29,8.78,55.75,1.3525,0.006260,101521.8
1981-11-20,0.0000,11.77,15.62,8.46,111.25,3.2000,0.005486,102035.1
1981-11-21,8.2879,8.67,10.58,7.25,37.88,6.5575,0.005857,102029.5
1981-11-22,5.0609,7.26,7.94,6.24,31.00,3.4838,0.006033,101724.6
1981-11-23,2.3069,7.86,8.48,6.25,32.62,2.6650,0.005945,102067.4
1981-11-24,1.5563,6.92,7.20,6.65,35.12,4.2838,0.005366,101852.6
1981-11-25,0.0097,7.93,8.48,7.46,31.75,3.2125,0.006249,101841.9
1981-11-26,0.2333,5.25,6.80,2.23,33.75,4.4875,0.004414,102580.1
1981-11-27,0.0000,3.43,7.33,0.29,130.62,2.2163,0.003536,102976.2
1981-11-28,0.0000,4.54,7.49,0.93,131.25,2.2275,0.003849,102791.4
1981-11-29,0.0000,5.21,7.21,2.63,47.00,1.9763,0.004455,102884.4
1981-11-30,0.0011,2.75,7.72,-2.17,71.62,3.6375,0.003636,103520.6
1981-12-01,0.0011,-1.13,3.34,-5.62,135.25,3.0738,0.001913,104140.6
1981-12-02,0.0000,-2.41,-0.29,-5.28,139.88,2.2887,0.001801,103686.6
1981-12-03,0.0000,1.20,5.54,-2.22,126.62,2.3125,0.002590,102579.0
1981-12-04,0.0000,3.69,7.77,-1.07,89.00,1.5975,0.003538,102501.6
1981-12-05,0.0000,2.22,6.93,-1.04,124.62,2.0075,0.002874,102805.4
1981-12-06,0.0000,4.29,10.40,-0.29,128.38,4.1488,0.003106,102569.9
1981-12-07,0.0000,4.05,9.62,0.08,130.12,1.9963,0.003260,102458.6
1981-12-08,0.0000,4.76,11.14,-0.23,124.12,2.5525,0.003623,102357.4
1981-12-09,0.0000,5.11,10.95,-0.31,130.00,1.4613,0.003419,102736.8
1981-12-10,0.0000,5.87,12.10,-0.43,125.00,1.7012,0.003458,102449.0
1981-12-11,0.0000,7.03,12.91,2.21,125.12,2.2575,0.003776,102264.8
1981-12-12,0.0000,5.85,8.64,2.96,38.62,2.5325,0.003370,102811.1
1981-12-13,0.0000,3.00,6.96,-2.30,39.88,2.2912,0.002831,103345.8
1981-12-14,0.0000,2.93,7.82,-1.49,128.88,1.1550,0.002499,103226.4
1981-12-15,0.0000,4.15,7.51,-0.06,68.00,2.0850,0.002836,102931.1
1981-12-16,0.0000,4.48,9.10,0.09,125.62,2.4100,0.003002,102933.2
1981-12-17,6.6064,2.88,5.45,-0.25,44.62,4.5850,0.004076,103308.6
1981-12-18,0.2344,-0.32,2.76,-2.92,111.00,3.2200,0.002384,103418.5
1981-12-19,0.0000,0.62,3.68,-1.92,128.62,4.8263,0.002104,103028.0
1981-12-20,0.0000,4.23,8.94,-0.09,128.88,4.7150,0.003109,102487.9
1981-12-21,0.0000,5.44,11.20,0.65,127.38,2.5238,0.003536,102203.0
1981-12-22,0.0000,4.80,11.41,0.59,126.75,3.2062,0.003155,102028.1
1981-12-23,0.0000,5.00,12.06,0.16,128.38,1.5838,0.003190,102211.8
1981-12-24,0.0000,5.84,12.87,0.10,121.62,2.6975,0.003961,101899.6
1981-12-25,0.0000,7.64,13.43,1.37,120.00,2.4962,0.004055,101697.0
1981-12-26,0.0000,8.14,15.05,2.45,124.62,3.5312,0.003952,101378.1
1981-12-27,0.0000,9.88,17.29,4.15,115.75,2.5662,0.005409,101098.0
1981-12-28,0.0022,2.18,4.30,-0.64,38.88,5.2900,0.003552,101914.1
1981-12-29,1.7334,1.19,3.18,-1.82,32.88,3.2238,0.002633,102577.2
1981-12-30,1.8371,-0.72,0.33,-2.02,43.75,1.6837,0.003106,102396.0
1981-12-31,0.0000,1.20,6.07,-2.41,122.38,2.6487,0.003330,102435.9
1982-01-01,0.0000,2.08,6.77,-1.91,90.50,2.6150,0.003824,102191.8
1982-01-02,0.2722,3.56,7.03,-0.37,93.88,2.7088,0.004213,101856.6
1982-01-03,0.1382,3.11,6.03,-0.37,55.75,2.8200,0.004052,102143.4
1982-01-04,0.0000,3.53,8.05,-0.50,120.50,1.8537,0.002940,102475.2
1982-01-05,0.0000,3.80,9.40,-0.36,130.88,2.8187,0.003296,102075.9
1982-01-06,0.0000,1.90,7.94,-2.72,64.50,2.5662,0.003233,102632.9
1982-01-07,0.0000,0.17,1.94,-1.41,68.25,2.5100,0.003206,102401.9
1982-01-08,0.0000,8.18,14.27,2.82,128.12,5.8212,0.004025,101506.5
1982-01-09,0.0000,9.57,16.65,1.99,127.38,2.6550,0.004602,101270.9
1982-01-10,0.0011,9.91,17.71,2.59,130.88,1.9887,0.004719,100979.6
1982-01-11,0.0065,8.78,16.27,-0.32,100.88,3.7050,0.004252,101667.0
1982-01-12,0.0756,2.57,4.51,-1.32,86.25,3.7562,0.002956,102324.0
1982-01-13,0.0054,2.89,6.04,-1.27,55.88,2.5775,0.003410,102220.4
1982-01-14,0.0000,3.67,8.57,-0.92,91.25,2.2313,0.004023,101895.2
1982-01-15,0.0000,-0.62,5.25,-5.34,126.00,3.5600,0.001724,102877.1
1982-01-16,0.0000,-2.04,1.64,-6.19,145.25,2.2400,0.001249,102877.2
1982-01-17,0.0000,1.31,7.95,-4.04,140.00,4.0388,0.001664,102447.8
1982-01-18,0.0000,-2.37,0.95,-5.16,144.62,2.1212,0.001169,102854.1
1982-01-19,0.0000,0.22,4.87,-4.55,108.38,3.5238,0.001859,102149.6
1982-01-20,0.0000,0.74,6.60,-5.35,144.12,1.3463,0.002071,102210.9
1982-01-21,0.7160,3.04,5.65,0.19,37.50,0.9212,0.003552,101542.6
1982-01-22,0.7031,5.58,10.07,0.25,130.38,2.5950,0.003937,101758.8
1982-01-23,8.8214,3.22,3.47,2.74,31.88,3.4638,0.004385,101856.9
1982-01-24,2.3015,3.51,4.13,2.69,30.38,4.2213,0.004395,102507.1
1982-01-25,0.9677,1.82,3.39,0.84,36.38,1.0150,0.003740,102878.2
1982-01-26,0.0000,3.85,7.10,0.35,124.88,1.0900,0.004051,102802.2
1982-01-27,0.0054,2.70,5.98,-0.44,87.00,3.0388,0.003483,103007.0
1982-01-28,0.0011,-1.05,-0.64,-1.79,53.88,2.3963,0.002189,103477.6
1982-01-29,0.0054,-2.20,-0.92,-3.98,44.25,2.0912,0.002106,103225.5
1982-01-30,2.8123,-1.47,-0.41,-3.52,63.75,1.7850,0.002896,102557.1
1982-01-31,0.0173,-0.40,1.49,-1.85,82.88,2.1700,0.003159,102458.0
1982-02-01,0.1966,0.63,1.18,-0.82,51.38,2.7562,0.003446,102681.0
1982-02-02,7.9218,0.98,1.49,0.51,37.12,3.0800,0.003725,101995.1
1982-02-03,10.1045,0.19,0.61,-0.25,34.50,2.7937,0.003575,102014.8
1982-02-04,0.1501,-1.21,-0.01,-2.36,58.00,2.1637,0.002899,102659.0
1982-02-05,0.4374,-1.52,0.05,-3.25,80.62,1.1163,0.002674,102614.8
1982-02-06,0.0000,1.09,2.96,-2.35,148.12,3.4650,0.002936,102673.6
1982-02-07,0.0886,0.67,1.70,-0.43,43.88,4.4113,0.003178,102599.2
1982-02-08,0.0119,2.22,3.86,-0.58,109.75,2.8000,0.003329,102818.8
1982-02-09,0.0778,2.90,4.93,1.11,80.25,2.6637,0.003629,102858.2
1982-02-10,0.0367,3.10,5.42,1.15,66.75,2.9162,0.003317,102687.1
1982-02-11,0.2376,1.53,3.24,-1.27,70.62,1.5375,0.003249,102383.1
1982-02-12,0.0000,3.32,6.97,-0.66,171.38,2.3550,0.003467,102599.5
1982-02-13,0.0000,4.10,7.38,1.21,77.50,2.6388,0.003309,102768.9
1982-02-14,0.0000,2.65,6.52,0.14,172.38,1.6913,0.002672,102640.9
1982-02-15,0.0000,4.38,9.14,1.12,125.62,1.7775,0.003199,102091.5
1982-02-16,0.0000,5.83,10.82,1.00,138.00,2.0887,0.003753,101878.5
1982-02-17,2.9290,8.15,11.99,2.34,137.25,4.6075,0.004530,101637.5
1982-02-18,3.3124,6.67,8.16,4.84,44.25,2.1312,0.005556,101232.4
1982-02-19,0.0356,5.58,7.78,3.05,55.62,1.2163,0.004802,101506.9
1982-02-20,0.0140,5.20,8.75,2.13,76.75,1.7975,0.004826,101628.5
1982-02-21,0.4622,8.57,12.13,1.83,177.00,4.2037,0.005191,101441.6
1982-02-22,5.9638,7.52,9.24,5.42,49.12,3.6400,0.005310,101196.6
1982-02-23,3.6677,5.80,7.79,3.21,47.38,2.6062,0.004981,101840.6
1982-02-24,0.1382,5.45,7.49,3.91,62.62,1.8512,0.005005,102294.1
1982-02-25,0.1188,6.79,9.04,4.26,86.62,2.5825,0.004792,102292.9
1982-02-26,0.0000,7.86,11.37,4.33,177.88,1.9913,0.004874,101922.8
1982-02-27,0.0022,7.77,11.21,4.79,98.75,1.6463,0.005224,101610.9
1982-02-28,0.0032,6.08,11.34,-0.36,180.25,5.2188,0.004153,102128.1
1982-03-01,0.0000,4.80,8.97,0.20,218.00,2.4150,0.002768,102404.1
1982-03-02,0.0000,7.75,12.17,2.70,218.88,3.3275,0.003366,101818.2
1982-03-03,2.2432,12.02,15.87,6.94,166.25,2.6100,0.004694,100893.0
1982-03-04,2.3382,8.74,9.98,7.51,41.50,1.3212,0.006665,100868.5
1982-03-05,3.0251,6.98,9.78,5.03,53.25,2.8700,0.005541,101506.6
1982-03-06,0.3305,4.45,5.88,2.35,55.88,3.3463,0.004337,102042.6
1982-03-07,0.0000,4.75,7.79,2.26,98.88,2.3963,0.004107,102185.6
1982-03-08,0.0000,7.04,12.00,3.05,183.62,2.3575,0.004047,101792.2
1982-03-09,0.0000,10.00,15.47,4.85,226.50,3.3063,0.004329,101422.8
1982-03-10,0.0000,12.12,17.53,7.20,224.50,2.5738,0.005156,101219.2
1982-03-11,0.0000,13.41,17.91,7.58,175.00,1.2763,0.006799,101054.6
1982-03-12,0.0086,15.29,20.83,8.98,218.25,3.4388,0.006805,101397.8
1982-03-13,0.4946,13.56,16.53,11.28,139.88,4.3663,0.007442,101082.2
1982-03-14,0.0162,11.38,14.00,9.64,69.62,2.1388,0.007211,100833.0
1982-03-15,0.0000,15.21,20.25,11.31,211.75,4.2725,0.007664,100838.5
1982-03-16,4.9205,6.49,10.53,2.18,59.25,6.2387,0.005601,101343.4
1982-03-17,1.5174,4.63,5.35,2.41,61.12,3.4475,0.004550,101868.4
1982-03-18,6.1625,5.23,5.99,4.60,62.38,5.6388,0.005000,101490.8
1982-03-19,0.0810,5.09,5.40,4.58,58.25,2.8288,0.005081,101687.6
1982-03-20,1.5228,5.91,8.60,4.55,67.00,2.5725,0.005052,101551.9
1982-03-21,0.0000,10.47,16.66,5.98,245.62,3.2913,0.006169,100968.2
1982-03-22,1.8576,16.05,20.45,7.24,228.88,2.3412,0.008949,100603.6
1982-03-23,7.4034,7.70,14.81,3.01,60.75,6.6900,0.005960,101935.0
1982-03-24,1.5530,2.18,3.60,0.45,64.12,4.6800,0.002930,102926.9
1982-03-25,0.0032,4.29,6.21,1.39,184.75,3.8063,0.003660,102619.9
1982-03-26,5.5080,3.50,4.86,2.54,64.88,2.8988,0.004254,102497.0
1982-03-27,0.0000,6.66,9.01,3.77,91.88,1.5238,0.004862,102285.2
1982-03-28,0.0734,10.47,14.02,6.38,241.75,2.6400,0.005824,102174.6
1982-03-29,0.1156,10.31,14.01,6.98,67.88,3.3138,0.006249,101501.1
1982-03-30,0.0000,14.60,18.64,9.59,246.88,2.7600,0.007699,101274.5
1982-03-31,0.1188,14.25,17.20,11.78,144.75,3.2525,0.008318,101075.8
1982-04-01,16.4992,15.13,16.72,12.33,70.25,1.9262,0.009934,100755.4
1982-04-02,9.8744,12.17,14.53,7.58,62.75,4.9862,0.008054,101462.6
1982-04-03,0.0000,9.18,12.53,6.48,156.12,3.1287,0.004612,102479.5
1982-04-04,0.0000,9.36,13.48,5.30,185.88,2.1400,0.004609,102548.5
1982-04-05,0.0000,9.98,14.54,5.37,273.50,1.3963,0.004761,102308.4
1982-04-06,0.0000,12.02,16.84,6.63,274.00,1.6925,0.005260,101969.1
1982-04-07,0.0000,15.34,20.86,11.10,275.38,3.7537,0.006334,101407.8
1982-04-08,0.0000,11.14,16.15,6.11,244.62,4.7537,0.004989,102232.8
1982-04-09,0.0000,12.38,16.58,9.35,282.12,3.3287,0.003880,102426.5
1982-04-10,0.0000,13.39,17.25,8.88,170.25,3.0375,0.005101,101705.5
1982-04-11,0.0000,14.70,19.19,11.39,238.75,3.0763,0.006882,101336.5
1982-04-12,0.0000,17.17,21.97,12.77,259.25,3.1350,0.008195,101216.6
1982-04-13,0.0011,16.05,20.49,12.86,250.00,2.2787,0.007423,101238.5
1982-04-14,0.0000,19.12,24.94,15.04,278.00,4.9925,0.006940,101083.0
1982-04-15,0.0313,18.11,23.38,12.06,278.75,3.2112,0.007977,101099.2
1982-04-16,3.9312,17.94,23.49,13.65,267.38,4.1775,0.008061,101157.8
1982-04-17,3.4074,11.25,13.31,7.82,72.25,2.8962,0.007495,101548.2
1982-04-18,0.0000,14.36,17.90,10.71,247.50,3.1712,0.006897,101617.0
1982-04-19,2.4278,16.92,20.30,14.46,163.50,2.0612,0.009249,101002.5
1982-04-20,0.0518,15.45,18.28,12.08,83.38,1.9300,0.010057,100801.5
1982-04-21,0.0054,16.31,20.06,12.53,230.12,3.8950,0.009495,101025.8
1982-04-22,0.0000,16.59,20.86,12.37,276.38,3.5013,0.008868,100702.4
1982-04-23,0.0000,20.97,26.71,15.84,279.12,2.1375,0.010830,100593.0
1982-04-24,0.0000,20.83,25.21,16.09,276.12,3.8050,0.010509,100569.5
1982-04-25,0.3953,16.53,19.51,11.94,122.75,1.9950,0.010852,100609.5
1982-04-26,0.0022,16.00,19.60,12.60,162.75,3.2800,0.009827,100949.6
1982-04-27,0.0000,17.78,21.95,13.59,262.00,4.2550,0.009960,101086.9
1982-04-28,0.1620,17.64,21.42,14.74,239.38,3.1625,0.008889,101295.6
1982-04-29,2.2356,13.51,15.93,11.68,76.88,4.0700,0.008254,101306.9
1982-04-30,0.3413,13.78,16.04,11.78,109.62,2.1225,0.008681,100888.0
1982-05-01,0.0000,19.91,24.34,15.63,291.50,5.7625,0.010091,100087.1
1982-05-02,0.0000,19.95,25.83,14.11,163.62,6.2112,0.006600,100101.4
1982-05-03,0.0000,17.37,21.91,14.03,300.12,6.8837,0.004330,100482.6
1982-05-04,0.0000,22.59,27.51,18.18,292.88,4.2625,0.008896,100185.2
1982-05-05,6.7770,17.56,24.29,10.23,113.75,4.0938,0.007805,100699.9
1982-05-06,0.9828,17.59,23.71,12.32,305.25,3.4825,0.005813,100811.4
1982-05-07,0.0000,20.77,26.55,16.11,306.38,4.6500,0.008019,100185.2
1982-05-08,0.0000,24.20,29.73,19.33,299.00,3.1188,0.012255,100280.8
1982-05-09,0.0410,25.25,30.93,20.33,258.75,1.6888,0.014075,100299.8
1982-05-10,0.0000,26.70,31.98,21.91,297.25,2.3175,0.014441,100169.8
1982-05-11,0.1145,28.18,33.06,24.07,292.25,2.1813,0.016285,100145.2
1982-05-12,17.5414,13.35,23.58,11.04,75.88,7.0687,0.008904,101132.4
1982-05-13,0.0302,16.18,20.26,12.40,165.12,2.6412,0.008532,101712.9
1982-05-14,0.0000,19.87,23.99,16.64,308.75,1.9338,0.007890,101435.0
1982-05-15,0.0000,21.19,26.34,17.62,277.50,3.2987,0.008942,100970.0
1982-05-16,0.0000,22.98,27.63,19.81,263.25,4.3900,0.010035,100580.8
1982-05-17,0.0000,25.99,31.09,22.73,278.00,3.6375,0.012037,100348.0
1982-05-18,0.0000,25.63,31.69,20.70,300.88,3.5850,0.013236,100376.6
1982-05-19,0.0000,23.43,30.11,17.08,311.62,3.3775,0.009204,100885.0
1982-05-20,0.0000,24.04,30.62,16.36,318.75,3.4488,0.008049,100827.2
1982-05-21,0.0000,26.03,32.81,20.57,300.38,2.5300,0.009460,100377.6
1982-05-22,0.0518,28.01,34.01,22.54,310.50,3.7562,0.012550,100184.8
1982-05-23,1.8792,27.09,34.72,23.71,293.00,3.4388,0.014234,100381.9
1982-05-24,1.2042,29.99,36.50,24.60,301.38,3.2325,0.014359,100460.4
1982-05-25,0.3359,29.67,35.67,24.58,291.50,4.2688,0.015216,100580.1
1982-05-26,1.0984,25.67,30.47,21.27,121.12,2.6600,0.015007,100479.8
1982-05-27,21.1680,22.77,26.12,20.48,89.88,4.0925,0.013871,100096.9
1982-05-28,23.1595,21.99,22.39,20.71,72.88,2.7238,0.016141,99865.1
1982-05-29,17.3232,21.04,25.36,18.34,107.25,4.7250,0.014165,99944.0
1982-05-30,3.9193,21.91,23.76,19.03,90.62,3.3387,0.015468,100126.4
1982-05-31,3.0726,23.36,26.36,21.05,135.75,1.8550,0.015444,100092.9
1982-06-01,0.9040,21.83,27.86,18.29,127.62,2.3438,0.013322,100312.4
1982-06-02,0.0054,22.46,28.25,17.04,303.62,3.3600,0.010346,100654.1
1982-06-03,0.0000,24.80,31.12,19.65,326.00,3.2025,0.009197,100821.6
1982-06-04,0.1566,24.80,29.14,20.40,170.25,1.9800,0.011740,100810.9
1982-06-05,0.0000,26.38,30.83,22.10,263.62,2.9187,0.011985,100654.9
1982-06-06,0.0000,24.18,27.99,20.11,303.38,2.6888,0.011099,100600.1
1982-06-07,0.0000,24.76,29.38,20.85,298.50,2.9400,0.011600,100464.0
1982-06-08,0.0000,25.97,29.83,22.50,291.12,2.3075,0.013169,100581.1
1982-06-09,0.1372,26.36,30.81,22.64,260.25,2.0013,0.014169,100626.4
1982-06-10,2.7659,26.27,31.73,22.37,246.00,2.1712,0.014474,100541.6
1982-06-11,7.6043,24.56,28.34,20.36,129.50,2.0100,0.014970,100454.2
1982-06-12,5.4173,24.32,28.18,20.29,205.75,5.4850,0.014807,99976.0
1982-06-13,0.0432,27.45,32.41,22.88,311.75,4.6450,0.015302,100129.2
1982-06-14,0.4082,25.15,27.62,23.19,218.62,2.9288,0.016374,100380.9
1982-06-15,0.1210,25.51,28.57,22.71,219.25,3.1462,0.016036,100062.9
1982-06-16,0.0540,26.01,29.64,23.38,229.75,2.2713,0.016066,99864.0
1982-06-17,0.0000,28.73,33.24,25.13,307.38,5.3463,0.015214,99696.0
1982-06-18,0.0000,28.77,33.03,24.67,312.25,2.6900,0.017547,99789.9
1982-06-19,0.0605,28.58,32.20,25.01,159.12,2.4713,0.018185,99841.8
1982-06-20,12.0096,25.40,29.47,23.64,196.38,4.8587,0.017545,99738.8
1982-06-21,8.1886,19.90,24.90,16.12,79.75,5.0113,0.014146,100102.8
1982-06-22,1.2031,19.05,22.17,16.46,99.75,2.5375,0.012784,100308.0
1982-06-23,0.5886,24.05,28.78,20.91,291.38,0.9825,0.014587,100150.8
1982-06-24,0.0097,25.75,29.94,21.63,306.75,2.2600,0.015381,100132.9
1982-06-25,0.0713,27.29,31.17,23.43,309.62,2.9325,0.015475,100339.0
1982-06-26,0.0000,25.24,30.06,21.71,280.12,4.9750,0.013490,100587.1
1982-06-27,0.1620,22.95,24.51,21.47,85.75,3.5113,0.013859,100336.0
1982-06-28,0.0065,23.36,24.86,22.13,88.00,2.9688,0.014904,100386.5
1982-06-29,0.0940,25.23,28.24,22.95,210.88,3.1225,0.015258,100373.9
1982-06-30,0.0778,25.19,28.79,20.15,258.00,3.3050,0.015066,100130.2
1982-07-01,0.0119,23.72,26.73,21.22,301.12,4.6863,0.014550,99888.0
1982-07-02,0.0184,24.77,28.86,20.57,312.12,4.3237,0.013755,99829.4
1982-07-03,1.7971,25.58,29.46,21.85,258.25,3.2750,0.015319,99911.8
1982-07-04,2.4980,25.57,30.65,21.46,272.50,1.4675,0.015679,100030.5
1982-07-05,0.0216,26.03,31.80,21.20,292.12,2.2862,0.014809,100096.1
1982-07-06,0.0000,26.39,31.60,22.20,308.38,2.8725,0.014247,100107.4
1982-07-07,0.0000,29.35,33.93,25.73,303.12,2.4450,0.014435,100103.6
1982-07-08,1.3316,30.27,34.81,27.57,270.88,2.0938,0.019884,99955.6
1982-07-09,2.4829,30.65,33.61,27.79,145.38,4.4462,0.019677,99683.6
1982-07-10,18.8968,27.57,32.39,24.93,175.00,3.4462,0.019711,99796.8
1982-07-11,1.4526,26.07,27.30,24.81,103.00,1.3975,0.018221,99975.9
1982-07-12,19.4368,26.24,28.97,23.72,120.88,2.5350,0.020161,99792.6
1982-07-13,18.1062,23.44,24.57,22.32,90.50,2.2513,0.016337,99845.5
1982-07-14,39.7969,23.17,24.35,21.67,74.12,1.7062,0.017531,99770.2
1982-07-15,17.5619,23.87,24.74,22.91,74.12,1.0850,0.018330,99793.4
1982-07-16,4.0867,24.86,26.46,23.38,73.12,1.6975,0.018685,100039.1
1982-07-17,4.6138,23.43,24.34,22.60,79.50,2.9175,0.016986,100060.0
1982-07-18,36.9392,24.93,26.96,23.52,42.12,2.9000,0.018296,100140.1
1982-07-19,40.7441,24.20,26.04,23.22,83.62,1.8487,0.018103,100149.1
1982-07-20,33.8558,24.28,24.86,23.55,45.12,2.5788,0.018340,100173.2
1982-07-21,7.2403,25.52,26.96,23.64,72.88,3.4863,0.020109,99830.6
1982-07-22,29.4905,25.39,28.02,23.50,80.12,1.5975,0.019814,99683.0
1982-07-23,51.9091,24.63,27.28,23.30,65.75,1.7925,0.017678,99799.2
1982-07-24,2.0606,25.51,28.32,23.85,159.38,2.5563,0.018182,99621.1
1982-07-25,0.3424,27.72,31.22,24.57,304.75,5.5787,0.019061,99520.9
1982-07-26,0.0000,29.24,33.27,26.34,302.00,3.0625,0.020030,99740.1
1982-07-27,0.2171,28.44,31.08,26.56,88.50,2.0225,0.021604,99978.9
1982-07-28,14.6113,28.33,31.53,26.51,189.00,3.8438,0.021168,100042.9
1982-07-29,0.0670,27.91,30.12,26.22,99.38,4.9913,0.020185,99891.1
1982-07-30,5.1959,27.13,30.91,24.88,236.25,7.2137,0.018740,99465.6
1982-07-31,16.6266,26.24,28.71,24.50,126.50,3.9475,0.019430,99288.8
1982-08-01,8.6033,27.03,30.43,25.18,97.88,3.0950,0.020643,99523.4
1982-08-02,4.1764,27.12,28.91,25.79,127.12,3.7262,0.021119,99860.8
1982-08-03,4.6926,27.78,30.88,25.49,179.38,2.0925,0.021400,99935.6
1982-08-04,3.5186,28.91,33.68,24.99,272.38,1.7575,0.021410,99757.4
1982-08-05,14.2031,27.62,30.35,25.42,214.00,2.7888,0.020314,99603.4
1982-08-06,4.4150,27.42,29.38,25.15,177.25,2.1375,0.020507,99684.8
1982-08-07,8.1378,27.25,28.89,25.73,224.88,1.2350,0.020391,99846.2
1982-08-08,12.3854,27.45,30.56,25.84,192.88,1.2600,0.020583,100007.9
1982-08-09,4.9853,28.18,32.86,25.99,268.88,2.1475,0.020838,100078.1
1982-08-10,1.0595,28.25,31.06,25.47,274.00,2.7000,0.020206,100172.9
1982-08-11,4.7185,27.58,30.30,25.25,196.88,3.2213,0.019454,100187.5
1982-08-12,36.6455,26.69,30.20,23.90,183.25,3.3225,0.018931,100125.0
1982-08-13,8.2598,26.70,28.91,24.83,137.88,1.9525,0.019859,100208.2
1982-08-14,11.7547,26.46,29.76,24.63,152.75,2.1025,0.019805,100348.8
1982-08-15,0.1307,28.09,30.69,25.96,174.62,1.1112,0.021042,100302.0
1982-08-16,0.5087,29.61,33.34,26.39,252.88,1.8663,0.021640,100063.9
1982-08-17,2.9236,28.18,32.77,25.83,206.88,1.9387,0.021179,100044.5
1982-08-18,44.5057,27.03,31.64,24.65,178.25,2.2762,0.020023,100123.0
1982-08-19,13.8402,25.84,27.25,24.97,122.88,2.8950,0.018529,100361.5
1982-08-20,20.4703,22.02,23.35,21.01,70.50,2.3762,0.015363,100653.1
1982-08-21,29.5369,18.77,20.38,17.91,58.00,2.7125,0.013004,100790.9
1982-08-22,26.7592,18.64,19.38,17.29,37.12,2.5912,0.012895,100708.6
1982-08-23,1.7528,23.19,26.07,20.27,195.50,2.4887,0.014856,100627.6
1982-08-24,16.4419,20.49,22.56,17.07,63.88,2.9225,0.014205,100504.8
1982-08-25,7.8343,20.43,23.06,18.00,74.50,1.8675,0.014104,100473.8
1982-08-26,0.1901,24.18,29.00,20.44,258.62,1.8637,0.015321,100259.2
1982-08-27,0.0000,25.69,29.95,22.27,263.75,2.0138,0.015780,100118.2
1982-08-28,12.2828,23.20,25.61,21.11,68.38,2.1388,0.015749,100133.9
1982-08-29,4.5360,20.96,21.45,19.80,64.88,2.8675,0.014793,100299.6
1982-08-30,0.1080,26.32,29.22,22.74,211.88,3.1937,0.018599,100284.2
1982-08-31,1.5736,25.06,29.33,22.59,93.00,2.1788,0.018816,100476.8
1982-09-01,1.6124,24.41,27.07,23.03,92.75,2.7962,0.018213,100587.2
1982-09-02,0.9526,22.63,26.84,19.74,101.12,4.4987,0.015861,100842.9
1982-09-03,0.2225,20.36,20.93,19.67,60.62,3.5312,0.014509,101033.8
1982-09-04,0.2387,20.63,22.04,19.24,61.12,1.5825,0.014313,100858.1
1982-09-05,0.1577,21.91,24.37,19.72,63.38,0.9588,0.014936,100895.5
1982-09-06,0.0281,22.40,27.27,17.94,170.00,1.0200,0.013570,101043.1
1982-09-07,2.9776,23.48,28.26,19.15,181.75,2.0550,0.012539,101060.8
1982-09-08,2.2583,20.41,22.55,19.61,64.12,1.2300,0.013101,101198.0
1982-09-09,0.0000,22.98,26.82,19.95,220.00,1.6637,0.014235,101225.9
1982-09-10,0.0940,22.32,25.18,19.77,110.25,1.5987,0.014445,101173.6
1982-09-11,0.0000,21.86,27.01,16.96,226.50,2.3450,0.010238,101095.6
1982-09-12,0.0000,22.07,26.08,18.93,246.00,2.8775,0.010543,100822.4
1982-09-13,0.0022,21.32,24.98,17.76,142.88,3.1163,0.011796,100976.9
1982-09-14,0.0032,22.68,26.44,19.60,222.62,2.5925,0.012196,101164.1
1982-09-15,0.0151,23.40,27.07,20.49,151.25,1.7900,0.013631,101394.9
1982-09-16,9.3420,23.39,27.40,19.93,180.88,1.9200,0.013748,101482.6
1982-09-17,35.9716,20.05,22.47,18.53,51.75,3.0525,0.013856,101178.1
1982-09-18,6.8969,19.06,19.32,18.65,54.12,2.8150,0.013136,100993.9
1982-09-19,0.1566,20.55,23.18,17.56,83.38,1.2350,0.013448,100893.2
1982-09-20,0.0594,22.37,26.59,18.44,215.00,1.9000,0.012906,101029.0
1982-09-21,0.1620,19.20,21.64,16.25,102.88,3.2125,0.011661,101078.1
1982-09-22,0.0292,19.45,23.54,15.16,228.38,3.0225,0.010728,101022.6
1982-09-23,0.0000,19.76,23.93,15.89,230.25,2.6737,0.010406,101265.0
1982-09-24,0.0000,20.42,25.28,16.09,230.38,2.9750,0.010393,101225.9
1982-09-25,0.0000,22.98,27.69,18.62,227.75,2.3275,0.011554,101016.8
1982-09-26,2.0401,15.86,19.45,11.62,58.62,4.5462,0.008111,101946.4
1982-09-27,0.4018,14.81,16.60,12.86,55.25,1.6625,0.007934,101995.5
1982-09-28,6.9833,13.89,14.73,12.27,56.38,1.7287,0.009064,101740.2
1982-09-29,9.0536,14.64,15.21,13.24,53.12,0.5538,0.009796,101423.0
1982-09-30,1.8673,16.08,17.02,15.53,53.38,2.3488,0.010843,101277.2
1982-10-01,0.4385,16.39,17.37,15.62,49.25,2.7775,0.011265,101347.0
1982-10-02,2.0628,18.94,21.71,16.23,116.12,2.4813,0.011582,101587.5
1982-10-03,3.7930,18.84,19.76,17.71,52.00,1.8900,0.012709,101624.0
1982-10-04,5.3298,17.44,18.50,16.30,52.12,2.5237,0.011168,101507.6
1982-10-05,0.0605,18.54,21.94,15.10,98.50,1.3200,0.011542,101600.2
1982-10-06,0.0097,19.80,25.87,14.36,189.38,1.3175,0.011145,101392.0
1982-10-07,0.0000,20.19,26.27,15.50,203.75,1.4000,0.010004,101108.2
1982-10-08,0.0421,20.09,25.40,15.06,192.88,2.1562,0.010496,101340.5
1982-10-09,0.0000,19.50,24.96,15.21,199.50,3.2700,0.009637,101602.6
1982-10-10,0.0000,19.84,25.27,16.06,200.38,3.2275,0.010491,101605.2
1982-10-11,0.0000,20.77,26.67,16.84,191.25,1.7200,0.011004,101549.6
1982-10-12,0.0378,21.34,26.25,17.97,186.00,2.6800,0.011578,101471.5
1982-10-13,3.1460,22.96,28.11,18.69,183.38,2.5788,0.012706,101420.6
1982-10-14,2.6968,21.09,23.22,18.88,66.12,1.4375,0.013724,101521.8
1982-10-15,0.5735,20.63,24.80,16.27,140.50,3.5062,0.012134,101802.5
1982-10-16,0.0054,17.31,20.82,14.22,176.00,3.1313,0.009223,101864.6
1982-10-17,0.0000,19.26,23.33,15.45,185.25,3.5838,0.009694,101190.2
1982-10-18,0.0270,21.43,27.10,14.55,182.00,5.8962,0.009335,100894.1
1982-10-19,0.0000,15.81,20.74,11.20,196.00,2.6913,0.005566,101409.9
1982-10-20,0.1199,16.49,21.24,11.83,144.38,2.6375,0.007397,100973.4
1982-10-21,0.0011,16.05,23.03,11.57,185.88,1.5488,0.007287,101099.6
1982-10-22,0.0000,18.79,25.27,14.00,181.00,3.2213,0.007351,101610.1
1982-10-23,0.0410,12.83,15.22,11.28,46.12,3.8937,0.007761,102272.8
1982-10-24,0.0335,12.80,16.58,9.16,69.12,2.3737,0.007166,102209.8
1982-10-25,0.0000,12.42,17.22,8.60,175.75,3.9237,0.005768,101782.6
1982-10-26,1.9570,15.74,19.58,10.04,172.38,3.0213,0.007538,101405.0
1982-10-27,1.2312,15.48,16.36,14.09,41.75,1.0338,0.010349,101482.5
1982-10-28,1.2992,16.49,19.11,13.95,71.75,2.0312,0.010291,101604.2
1982-10-29,0.0184,17.27,19.71,14.37,79.00,1.2413,0.010111,101546.2
1982-10-30,11.7526,15.75,18.56,12.24,50.12,2.4425,0.010041,101534.9
1982-10-31,2.3944,14.12,19.92,8.50,125.75,2.9950,0.007760,102007.1
1982-11-01,0.0011,14.21,19.00,9.81,167.25,1.8025,0.006382,102459.4
1982-11-02,1.9678,15.54,19.25,11.87,98.12,4.2375,0.007679,102188.4
1982-11-03,6.6992,14.00,14.73,13.73,40.75,1.4075,0.009166,101757.1
1982-11-04,0.1955,14.74,15.59,13.97,36.50,1.0362,0.009926,101497.5
1982-11-05,0.3845,16.21,17.26,14.74,37.75,1.9925,0.010431,101666.2
1982-11-06,2.1384,16.89,17.79,15.92,37.00,2.1013,0.011380,101835.8
1982-11-07,0.9472,16.66,18.64,15.52,39.75,3.0375,0.010506,101954.9
1982-11-08,6.3126,14.16,17.44,11.83,36.50,3.3750,0.009068,101792.0
1982-11-09,0.0022,7.14,10.67,2.13,149.38,6.1775,0.003654,102242.4
1982-11-10,0.0000,7.30,11.06,2.93,160.62,4.4187,0.003594,101918.4
1982-11-11,0.0000,11.90,16.62,7.77,157.38,5.0750,0.005115,101410.4
1982-11-12,0.0000,13.45,17.87,9.57,72.88,2.4737,0.007257,101115.4
1982-11-13,0.0022,14.33,19.56,9.79,148.62,1.2525,0.007356,101395.2
1982-11-14,0.0583,10.86,15.70,5.92,91.12,2.9262,0.006161,101812.6
1982-11-15,0.2484,9.00,12.64,5.46,139.25,2.7150,0.004826,102345.5
1982-11-16,0.0000,9.62,13.90,5.77,147.88,2.1337,0.004581,102077.4
1982-11-17,0.0022,11.84,16.37,7.07,145.38,2.8463,0.006410,101977.4
1982-11-18,1.8155,9.77,11.37,7.05,31.38,2.5400,0.006916,102148.4
1982-11-19,0.0043,8.29,12.93,4.62,127.75,2.3725,0.005622,102288.2
1982-11-20,1.7896,9.94,12.03,4.69,77.50,3.1063,0.006748,101770.8
1982-11-21,0.2257,9.31,10.55,8.05,29.25,2.7912,0.006600,101716.6
1982-11-22,0.0000,8.36,10.65,6.52,69.50,2.4275,0.005453,102203.8
1982-11-23,0.0000,9.55,13.03,7.07,81.88,2.0162,0.005450,102192.5
1982-11-24,0.0054,7.49,9.08,5.82,42.12,4.0737,0.004452,102607.0
1982-11-25,0.6739,6.70,7.10,5.96,35.75,3.7975,0.005003,102537.9
1982-11-26,2.6006,7.08,7.35,6.36,31.38,3.7112,0.005829,102568.0
1982-11-27,15.8404,7.33,7.98,6.71,28.12,4.8500,0.005995,102407.2
1982-11-28,8.8646,5.53,6.71,4.18,26.12,5.3387,0.005244,102063.2
1982-11-29,0.0022,6.87,10.09,5.05,105.88,4.3063,0.004716,101773.4
1982-11-30,0.0000,8.78,13.32,5.99,129.25,4.9688,0.005146,101659.1
1982-12-01,0.0140,10.54,15.81,5.62,123.38,2.8300,0.005429,101667.0
1982-12-02,0.0000,7.68,12.04,4.10,130.50,3.3663,0.004076,101940.2
1982-12-03,0.1382,9.54,14.51,5.09,122.00,1.6862,0.005850,101475.5
1982-12-04,2.0801,7.01,9.60,2.73,32.12,4.3275,0.005282,102302.5
1982-12-05,0.0011,-0.99,1.18,-3.61,126.38,5.3825,0.001453,103774.1
1982-12-06,0.0000,-1.47,1.20,-3.56,136.12,2.4762,0.001864,103336.4
1982-12-07,0.0032,0.89,2.48,-0.98,68.38,2.8438,0.002955,102906.5
1982-12-08,0.0054,2.03,3.76,0.70,46.62,2.6850,0.003350,102692.4
1982-12-09,0.0475,3.86,4.78,1.71,48.00,1.9787,0.004302,102111.0
1982-12-10,0.0000,4.65,5.89,2.26,31.00,3.9913,0.003843,102052.6
1982-12-11,0.0000,0.79,4.00,-1.90,61.75,2.6350,0.002427,102992.8
1982-12-12,0.0000,1.21,4.86,-2.19,125.50,1.9713,0.002606,103198.6
1982-12-13,0.0000,3.83,9.00,-0.32,124.75,2.5000,0.002593,102859.2
1982-12-14,0.0000,5.33,10.56,0.15,124.88,3.6888,0.002923,102657.0
1982-12-15,0.0000,3.97,6.43,1.40,33.62,2.6238,0.003579,102591.4
1982-12-16,0.0000,3.10,8.61,-1.81,119.88,3.8100,0.002634,102742.2
1982-12-17,0.0000,1.81,6.84,-1.71,127.88,2.2750,0.002379,102830.1
1982-12-18,0.0000,3.88,9.90,-1.74,127.62,2.1050,0.002581,102730.2
1982-12-19,0.0000,5.71,11.91,0.62,125.38,3.2162,0.003053,102566.6
1982-12-20,0.0000,7.48,13.26,1.58,126.12,3.6812,0.003524,102235.9
1982-12-21,0.0000,9.02,16.27,3.85,124.38,5.0250,0.003614,101772.5
1982-12-22,0.0000,4.53,8.93,1.25,112.88,2.7438,0.002273,101776.1
1982-12-23,0.0000,8.26,15.59,2.68,119.88,2.8963,0.004005,101406.0
1982-12-24,0.5562,3.56,6.72,-0.42,33.50,5.1575,0.003101,102798.6
1982-12-25,0.0032,0.77,4.48,-1.64,80.62,3.7412,0.002224,102795.1
1982-12-26,0.0000,3.47,9.12,-0.99,130.25,4.8225,0.002690,101738.1
1982-12-27,0.0000,6.01,11.27,-0.53,122.00,3.1663,0.003206,101645.6
1982-12-28,0.0000,6.98,14.19,0.67,126.62,3.8788,0.003585,101512.1
1982-12-29,0.0000,6.85,15.17,-0.27,126.38,2.8850,0.003806,101361.9
1982-12-30,0.0065,4.94,9.58,-0.24,121.12,2.9763,0.003906,101800.1
1982-12-31,2.3609,4.83,5.99,3.52,32.25,3.2375,0.004463,101951.1
1983-01-01,2.6006,4.27,5.95,1.87,29.88,1.6687,0.004606,102333.5
1983-01-02,0.0011,2.76,6.91,0.06,118.25,1.5163,0.003222,102764.6
1983-01-03,3.4517,5.06,8.34,0.19,83.00,2.0687,0.004238,102532.8
1983-01-04,4.4442,3.13,4.33,1.70,30.50,0.4475,0.004309,102358.9
1983-01-05,0.0151,3.05,6.49,-1.34,89.12,2.0538,0.004051,102004.1
1983-01-06,0.0119,3.03,5.94,-0.55,80.12,2.2188,0.004395,101997.4
1983-01-07,0.0216,-0.89,2.95,-5.25,78.62,5.2800,0.001954,103181.2
1983-01-08,0.0000,-3.26,-0.65,-6.29,136.62,2.4588,0.001542,103312.5
1983-01-09,0.0000,-2.28,-0.12,-4.51,126.38,3.0787,0.001810,103514.8
1983-01-10,0.0994,-0.60,1.54,-4.92,117.75,3.3787,0.002100,103531.5
1983-01-11,0.0032,0.45,3.96,-1.71,125.75,2.0612,0.002356,102984.5
1983-01-12,0.0000,1.78,6.17,-2.64,128.38,3.0037,0.002746,102715.1
1983-01-13,0.0000,1.37,6.95,-2.05,133.75,1.1413,0.002535,102653.9
1983-01-14,0.0076,2.87,5.79,-2.60,60.38,1.5762,0.003102,102396.0
1983-01-15,0.0000,4.14,9.05,-0.90,125.88,1.3162,0.003011,102514.4
1983-01-16,4.2444,4.50,6.86,1.22,43.50,2.5512,0.004149,102455.9
1983-01-17,0.5843,1.68,2.53,0.12,32.00,3.0238,0.003920,102587.1
1983-01-18,0.8370,1.37,3.45,-0.12,85.50,1.6087,0.003603,103110.5
1983-01-19,0.4892,-0.72,1.51,-2.51,132.75,1.6100,0.002611,103554.5
1983-01-20,0.0000,0.33,3.42,-2.65,141.00,1.6187,0.002601,103375.0
1983-01-21,0.0000,0.26,4.16,-3.07,140.88,1.5087,0.002353,103755.4
1983-01-22,0.0000,-0.19,3.60,-3.52,143.12,2.3900,0.002056,103496.4
1983-01-23,0.0000,1.09,5.22,-2.58,89.50,1.7225,0.002709,102899.1
1983-01-24,0.0000,3.55,8.91,-1.97,143.75,2.0338,0.002930,102695.2
1983-01-25,0.0000,5.92,12.49,0.28,145.88,2.8150,0.003196,102369.5
1983-01-26,0.0043,6.91,13.24,1.17,135.25,2.4037,0.003712,102195.9
1983-01-27,0.0000,7.08,13.31,0.40,140.88,2.4462,0.004165,102027.0
1983-01-28,0.1426,10.23,16.68,3.26,133.38,2.1650,0.005286,101152.6
1983-01-29,0.0346,7.55,14.37,2.86,85.62,4.8062,0.004289,101483.9
1983-01-30,1.6351,3.46,6.49,1.12,131.25,5.2150,0.002314,102140.2
1983-01-31,5.5458,0.71,1.30,0.26,38.88,3.4600,0.003751,101526.5
1983-02-01,1.1804,1.19,2.70,-0.56,38.88,4.8238,0.003651,101721.5
1983-02-02,0.0022,-0.66,1.26,-2.87,56.75,3.3562,0.002918,102300.2
1983-02-03,0.0000,2.27,5.66,-2.64,152.12,3.1200,0.003210,102179.1
1983-02-04,0.0000,6.06,11.26,1.26,156.00,4.2075,0.003847,101746.8
1983-02-05,0.0000,8.05,14.14,2.57,155.62,3.1175,0.004220,101543.2
1983-02-06,0.0000,4.50,10.25,-0.66,161.12,4.4075,0.002579,102221.6
1983-02-07,0.0000,3.82,8.32,-1.05,155.62,2.6475,0.002743,102328.2
1983-02-08,0.0000,7.04,11.96,1.21,168.50,5.1900,0.003003,101671.6
1983-02-09,0.0000,4.24,8.09,-0.08,163.62,4.8888,0.002156,101963.8
1983-02-10,0.0000,5.06,12.38,-1.72,165.25,2.8312,0.002911,101871.5
1983-02-11,0.0000,3.46,9.15,-1.94,163.00,2.2537,0.002727,102173.5
1983-02-12,0.0000,5.45,12.37,-0.53,163.50,3.1275,0.002986,102250.6
1983-02-13,0.0151,5.03,10.75,-1.41,168.12,3.0325,0.003626,102136.2
1983-02-14,0.0140,7.36,13.31,2.70,164.62,3.7688,0.002413,101927.6
1983-02-15,0.0065,8.01,13.29,2.38,176.50,3.7013,0.003605,101422.9
1983-02-16,0.0000,8.27,15.62,4.12,155.88,3.1937,0.003013,101206.9
1983-02-17,0.0000,4.02,9.36,-1.45,133.12,3.6200,0.002510,101885.6
1983-02-18,0.0000,-1.49,1.93,-3.45,182.00,3.8338,0.001221,102495.9
1983-02-19,0.0000,0.86,6.29,-5.57,132.50,4.4550,0.001498,102421.8
1983-02-20,0.0000,-3.26,0.23,-6.62,193.75,4.0325,0.000930,103407.9
1983-02-21,0.0000,0.86,3.25,-4.15,141.38,3.5887,0.001877,102800.2
1983-02-22,1.7572,5.47,8.86,0.07,162.00,2.3787,0.003126,102359.2
1983-02-23,0.8143,3.92,4.51,3.05,46.88,2.8500,0.004520,102530.2
1983-02-24,0.0518,3.90,6.76,0.94,67.75,2.0588,0.003897,102551.4
1983-02-25,0.0000,5.40,10.16,0.97,189.25,4.2000,0.003544,102536.4
1983-02-26,0.0000,7.54,10.28,3.60,95.00,4.6375,0.003166,102608.4
1983-02-27,0.0194,7.19,9.00,5.61,60.62,4.5250,0.004036,102467.8
1983-02-28,7.1831,5.64,6.76,4.48,49.12,4.1012,0.005075,101992.9
1983-03-01,3.7541,3.56,4.18,2.98,48.88,4.2212,0.004540,101705.2
1983-03-02,0.2743,5.47,7.66,3.55,83.75,1.6413,0.004600,102128.8
1983-03-03,0.5854,5.80,8.12,3.90,63.62,2.3375,0.004835,102446.6
1983-03-04,0.8435,2.51,5.39,-1.05,82.12,4.2850,0.003679,103052.6
1983-03-05,0.0000,5.75,11.57,-0.06,220.75,3.5625,0.003129,102493.2
1983-03-06,0.0000,8.67,15.22,2.92,225.88,3.6300,0.003134,102132.2
1983-03-07,0.0065,9.53,14.95,3.70,215.75,4.9113,0.003569,102171.6
1983-03-08,0.1199,5.88,8.04,4.13,91.00,4.7188,0.004409,102079.8
1983-03-09,0.0022,7.08,11.53,3.87,104.38,1.6850,0.004887,101937.8
1983-03-10,0.0000,10.47,15.82,5.09,204.00,2.5912,0.004784,101693.4
1983-03-11,0.0076,10.78,16.93,5.88,202.00,2.8163,0.005255,100956.2
1983-03-12,0.0000,9.09,16.86,1.10,182.12,4.2913,0.004763,101544.4
1983-03-13,0.0000,4.93,10.31,0.05,214.12,2.3212,0.003330,102407.2
1983-03-14,0.0000,8.63,12.64,4.06,173.12,2.8600,0.003396,101725.8
1983-03-15,0.0000,12.39,17.04,5.95,216.50,2.8438,0.005251,101379.4
1983-03-16,0.0000,7.68,13.02,-0.40,182.88,6.1175,0.002154,102147.4
1983-03-17,0.0000,6.44,11.67,2.83,242.62,2.0750,0.002147,102224.1
1983-03-18,0.0000,10.52,16.48,3.62,240.00,3.1013,0.003380,101484.1
1983-03-19,0.0000,13.81,19.78,8.69,203.38,2.5487,0.005689,100961.6
1983-03-20,0.0086,15.43,19.50,10.27,161.38,2.2162,0.007035,100911.5
1983-03-21,3.1342,13.92,15.63,12.47,82.38,4.7162,0.007817,100902.1
1983-03-22,25.4556,9.42,11.87,6.48,60.75,5.5662,0.006964,100616.1
1983-03-23,3.5575,6.29,7.01,5.17,62.00,3.9588,0.005383,101598.6
1983-03-24,0.0000,7.81,10.51,4.42,156.38,2.4700,0.004461,101868.6
1983-03-25,0.0000,8.77,13.02,4.50,231.50,1.4987,0.004420,101696.2
1983-03-26,0.0000,8.20,10.25,5.91,75.75,1.5462,0.005239,101687.9
1983-03-27,0.0000,9.48,13.76,4.01,200.75,3.4962,0.004758,101737.5
1983-03-28,0.1523,9.40,11.27,5.62,108.12,3.4950,0.006119,101981.8
1983-03-29,0.0000,9.95,13.63,7.67,130.62,2.8088,0.005586,101961.1
1983-03-30,0.0000,11.02,14.79,6.97,177.25,2.1625,0.005147,101640.1
1983-03-31,0.0000,14.86,18.67,9.97,244.00,5.7175,0.006660,101048.2
1983-04-01,0.0151,16.21,23.15,10.18,225.25,4.7638,0.006445,101097.6
1983-04-02,0.0108,17.44,22.31,12.49,240.25,3.3300,0.006384,100996.8
1983-04-03,0.2344,15.29,19.48,11.44,184.75,4.2550,0.006015,101053.9
1983-04-04,0.0000,18.26,23.59,12.41,246.88,3.7463,0.007969,100840.4
1983-04-05,0.0000,20.49,27.00,15.71,266.62,4.3763,0.007760,100457.0
1983-04-06,0.3564,19.63,25.63,13.64,212.50,1.7688,0.009981,100368.6
1983-04-07,0.1134,19.43,24.47,14.46,242.75,3.3800,0.010311,100566.5
1983-04-08,1.2388,18.04,20.91,15.75,116.38,4.7312,0.011238,100174.1
1983-04-09,0.0194,16.14,17.77,15.03,68.00,2.7088,0.010399,100400.5
1983-04-10,4.2606,15.64,17.14,14.16,69.62,2.3837,0.010347,100640.9
1983-04-11,1.5131,14.72,17.22,11.85,86.75,2.0113,0.009653,100943.1
1983-04-12,3.4506,14.75,17.27,12.58,127.12,3.6188,0.008875,100617.9
1983-04-13,3.5543,13.45,14.49,11.84,68.00,2.9162,0.009186,100185.9
1983-04-14,1.3111,14.38,18.22,10.00,131.25,4.2487,0.008296,100886.5
1983-04-15,0.7268,9.00,11.03,7.63,117.38,3.5725,0.004470,101889.6
1983-04-16,0.0000,12.12,17.21,7.12,278.50,2.5400,0.005436,101496.2
1983-04-17,0.1404,14.62,18.76,10.29,277.25,2.6775,0.007067,101216.6
1983-04-18,1.1200,15.17,17.98,11.93,91.38,1.9412,0.009157,101220.5
1983-04-19,0.0184,15.95,19.64,12.52,204.00,2.6188,0.008562,101692.8
1983-04-20,1.3468,11.76,13.73,9.61,89.38,3.8575,0.006053,101541.9
1983-04-21,0.0011,13.26,17.10,9.86,233.12,4.6050,0.006930,100887.4
1983-04-22,0.0000,17.16,22.91,11.87,281.75,4.4950,0.008709,100764.1
1983-04-23,0.0000,18.97,25.35,11.99,291.50,2.7375,0.008069,100726.4
1983-04-24,0.0194,21.86,26.41,16.69,289.38,2.9462,0.010896,100640.6
1983-04-25,7.2371,24.33,29.74,17.64,179.38,6.0125,0.013081,100002.5
1983-04-26,0.5497,21.95,27.20,15.73,281.12,5.7800,0.008999,100690.4
1983-04-27,8.1691,18.27,20.04,15.13,123.12,4.2025,0.011906,100148.5
1983-04-28,0.7182,14.72,20.16,11.02,100.12,6.1500,0.006591,101460.6
1983-04-29,0.1685,12.86,15.89,10.60,146.62,1.9400,0.004929,101888.0
1983-04-30,0.0011,12.56,15.50,10.30,79.62,3.3800,0.006051,101241.4
1983-05-01,0.0000,15.94,20.97,12.05,295.25,2.5588,0.007754,101472.8
1983-05-02,4.3718,17.18,20.21,14.99,163.38,2.7225,0.009281,101449.6
1983-05-03,5.6797,16.64,18.21,15.35,73.38,2.9588,0.011042,101223.6
1983-05-04,0.4352,17.53,18.69,16.46,72.62,1.2587,0.012026,101027.6
1983-05-05,1.2593,17.42,19.25,15.07,74.88,2.5000,0.011636,100779.8
1983-05-06,0.0421,21.22,25.78,17.09,253.88,4.1588,0.012144,100758.5
1983-05-07,0.0000,24.46,29.57,19.75,288.62,3.9787,0.013551,100734.8
1983-05-08,0.0000,24.03,30.97,18.56,286.00,2.9437,0.012521,100674.6
1983-05-09,0.0108,24.35,30.05,18.29,288.25,0.8900,0.013421,100303.5
1983-05-10,0.0076,24.83,28.86,20.95,284.12,2.4338,0.015162,100122.8
1983-05-11,11.3897,22.93,26.45,20.71,142.00,2.5750,0.015451,99909.9
1983-05-12,0.0043,24.36,28.73,19.49,267.00,2.2000,0.015085,100173.4
1983-05-13,0.0011,22.25,26.07,19.18,248.38,4.2075,0.013348,100645.8
1983-05-14,9.9220,18.47,23.25,11.94,117.62,5.9362,0.011115,100456.1
1983-05-15,0.0140,13.67,17.24,10.29,180.38,3.3463,0.007431,101325.8
1983-05-16,0.0000,19.77,23.82,14.68,299.50,2.7513,0.009415,101369.6
1983-05-17,0.0000,21.23,26.27,16.38,298.75,2.8950,0.010176,101068.4
1983-05-18,0.0335,23.13,27.71,19.24,307.00,4.5188,0.011911,100503.6
1983-05-19,0.1793,24.63,28.82,21.44,292.00,2.4800,0.013626,100054.4
1983-05-20,0.0778,26.62,31.37,23.28,294.62,1.6363,0.016165,99876.5
1983-05-21,0.0378,27.88,32.84,22.98,285.25,3.1237,0.016573,100315.6
1983-05-22,0.7614,23.36,26.07,19.97,73.50,3.7562,0.015344,100420.8
1983-05-23,0.0626,19.71,20.57,18.81,77.50,2.8238,0.013822,100538.4
1983-05-24,0.0281,20.99,23.21,18.39,79.38,3.5338,0.014370,100821.5
1983-05-25,0.0140,22.37,26.22,18.74,298.62,3.6625,0.012451,101054.5
1983-05-26,0.0713,24.46,29.25,19.87,289.50,2.2825,0.012574,100693.4
1983-05-27,0.0022,24.58,31.17,20.21,241.38,2.8438,0.012511,100298.1
1983-05-28,9.6077,27.83,33.11,23.79,292.12,2.5187,0.012510,99937.0
1983-05-29,40.7873,22.78,24.67,21.99,78.50,3.5325,0.016505,99546.9
1983-05-30,0.2473,25.98,30.35,22.97,241.12,1.7900,0.017307,99827.2
1983-05-31,0.4136,28.22,32.38,24.85,290.25,2.9737,0.016595,100132.5
1983-06-01,2.6266,27.34,32.24,23.43,201.25,2.3612,0.016833,99833.6
1983-06-02,0.0000,23.42,27.88,17.47,231.12,4.2475,0.012386,99925.0
1983-06-03,0.0518,23.14,28.05,18.54,314.75,2.4562,0.011845,100432.6
1983-06-04,0.0000,24.97,28.26,22.51,306.88,2.2025,0.011968,100396.9
1983-06-05,0.0011,24.41,29.31,19.95,195.50,2.6050,0.009527,100620.9
1983-06-06,0.0000,24.56,27.97,20.66,263.25,2.2738,0.009274,100689.2
1983-06-07,0.0000,24.25,28.23,21.39,145.62,2.6925,0.010496,100484.1
1983-06-08,0.0000,25.35,30.93,20.20,283.50,2.8987,0.011987,100496.4
1983-06-09,0.0054,25.12,29.53,20.10,161.25,2.5325,0.013226,100544.1
1983-06-10,0.9029,25.03,28.47,21.75,294.00,5.0225,0.013980,100361.8
1983-06-11,19.4238,22.37,26.95,19.14,78.88,4.6638,0.015319,100016.4
1983-06-12,0.0043,24.09,29.39,20.46,287.75,3.1062,0.014040,100631.8
1983-06-13,0.0000,26.47,30.91,22.69,305.00,2.0412,0.012671,100709.2
1983-06-14,2.3976,23.26,26.64,20.37,86.88,1.3775,0.014919,100315.5
1983-06-15,0.5249,23.35,28.16,17.95,293.88,3.1750,0.013409,100346.4
1983-06-16,0.0000,22.06,25.11,19.31,305.12,4.2613,0.012296,100359.1
1983-06-17,0.0086,24.44,28.69,20.86,306.75,2.7238,0.014361,100039.5
1983-06-18,0.0151,25.18,28.82,21.97,260.75,3.6975,0.015404,99907.6
1983-06-19,15.9268,23.46,25.67,20.71,78.88,3.3825,0.016155,99981.5
1983-06-20,0.1642,22.61,24.83,20.62,131.25,3.0738,0.015401,100330.0
1983-06-21,0.1901,24.74,27.37,23.08,142.62,3.3300,0.015088,100522.9
1983-06-22,8.3365,25.18,27.37,22.93,104.88,2.3025,0.016835,100467.1
1983-06-23,42.8771,23.04,23.64,22.25,81.88,2.4162,0.017092,100354.1
1983-06-24,32.3503,21.97,23.55,20.24,72.12,3.5825,0.016296,100316.8
1983-06-25,3.1201,20.62,20.97,20.01,53.38,2.1150,0.014694,100272.1
1983-06-26,0.6815,22.58,24.28,21.20,77.50,1.4887,0.016000,100094.4
1983-06-27,0.0000,25.74,28.45,22.67,254.00,2.1125,0.017234,99913.8
1983-06-28,0.0022,25.21,28.31,21.76,156.12,2.7262,0.016602,99953.2
1983-06-29,0.0680,23.83,26.77,21.38,171.75,3.9250,0.015663,99982.5
1983-06-30,41.4515,23.60,27.27,22.26,87.25,2.8200,0.017170,99754.0
1983-07-01,33.0826,22.90,24.49,20.64,83.75,3.8338,0.016526,99258.8
1983-07-02,0.5130,25.98,29.49,23.24,261.88,3.7050,0.016619,99495.5
1983-07-03,1.3986,28.08,31.17,24.40,228.12,2.8612,0.020716,99449.4
1983-07-04,46.1344,25.94,27.57,24.54,135.00,1.6025,0.017601,99520.2
1983-07-05,1.2236,27.67,31.05,24.52,226.88,1.8888,0.018529,99810.0
1983-07-06,1.1513,25.82,29.32,22.83,198.50,2.2150,0.018119,99909.9
1983-07-07,0.0378,26.74,30.00,23.92,226.12,2.2812,0.016745,99894.0
1983-07-08,0.0000,26.51,29.97,23.12,260.50,3.9963,0.015912,99985.0
1983-07-09,0.4633,26.47,29.05,23.97,204.38,3.1225,0.016949,100203.5
1983-07-10,6.3212,24.88,26.70,23.49,84.75,3.2487,0.017142,100358.5
1983-07-11,3.8102,24.32,26.24,22.41,157.00,3.5600,0.016329,100277.2
1983-07-12,1.8932,24.48,25.68,23.52,120.62,2.6862,0.017481,100104.4
1983-07-13,3.9312,25.16,27.42,23.03,110.62,1.6413,0.018500,99979.5
1983-07-14,0.0000,26.10,30.56,22.74,225.12,3.8087,0.016795,99907.9
1983-07-15,0.0648,25.46,29.67,20.64,163.75,2.6075,0.015896,100082.8
1983-07-16,0.0659,24.21,27.65,20.91,255.50,3.2175,0.015326,100293.5
1983-07-17,1.8716,23.81,28.09,21.69,207.50,2.6388,0.015302,100458.6
1983-07-18,5.4421,25.59,27.25,22.70,149.50,2.3412,0.019259,100247.8
1983-07-19,4.2962,28.31,31.20,25.54,217.62,3.5037,0.020142,99938.8
1983-07-20,5.4562,29.08,32.53,26.41,215.00,4.0163,0.021211,99642.0
1983-07-21,42.9484,25.68,29.59,23.18,64.00,3.3800,0.019846,99714.2
1983-07-22,93.0938,22.08,22.73,20.45,60.00,1.6113,0.016229,100055.4
1983-07-23,18.7196,23.05,24.17,22.06,61.12,1.7463,0.017481,99902.6
1983-07-24,17.1882,25.29,27.21,23.13,188.00,2.6650,0.018411,99877.4
1983-07-25,2.2183,28.98,32.48,25.82,258.75,1.1625,0.021026,99970.0
1983-07-26,8.7156,28.76,33.84,24.82,230.38,2.4412,0.020698,100019.5
1983-07-27,9.8140,28.50,32.01,25.31,217.62,3.1512,0.021099,100072.5
1983-07-28,0.0313,29.90,32.63,27.56,263.12,3.8400,0.020354,99965.9
1983-07-29,0.0000,30.46,33.69,27.18,246.00,4.2962,0.020664,99927.5
1983-07-30,0.0000,30.29,33.53,28.09,250.50,4.2600,0.020086,100005.8
1983-07-31,0.0292,30.09,33.48,27.39,244.88,2.5038,0.020694,100339.8
1983-08-01,0.0054,30.70,34.25,26.88,298.25,4.1887,0.020315,100498.6
1983-08-02,0.0011,30.46,34.49,26.82,311.88,4.0538,0.018944,100485.9
1983-08-03,0.0054,30.90,34.54,27.48,309.75,2.2175,0.020391,100424.1
1983-08-04,0.0011,31.55,35.27,28.14,301.75,2.5675,0.020539,100426.6
1983-08-05,0.0011,31.84,35.60,27.68,300.25,2.6712,0.020032,100417.6
1983-08-06,0.2354,32.17,37.74,26.80,286.25,1.6212,0.021042,100477.2
1983-08-07,22.7135,27.83,31.97,24.85,258.50,2.7713,0.020050,100699.6
1983-08-08,1.9559,26.67,29.51,25.01,119.50,2.7413,0.019834,100654.2
1983-08-09,4.3718,25.97,28.24,24.98,79.62,2.5850,0.019484,100564.9
1983-08-10,1.3943,27.42,31.32,25.32,219.88,3.3725,0.019629,100451.9
1983-08-11,1.7885,27.65,30.66,25.44,224.75,3.4763,0.020018,100478.9
1983-08-12,2.3846,27.96,31.35,25.95,199.62,2.5763,0.020249,100341.9
1983-08-13,0.9374,26.76,29.44,25.14,111.00,3.9350,0.019354,100298.5
1983-08-14,0.2560,27.41,30.85,24.08,284.88,2.5125,0.018269,100285.2
1983-08-15,0.0756,27.53,31.46,23.33,284.00,1.7538,0.017889,100092.0
1983-08-16,7.2328,27.25,32.29,23.51,231.12,2.5075,0.018059,100142.8
1983-08-17,1.1675,23.25,26.03,21.38,131.38,2.3863,0.014667,100650.2
1983-08-18,0.0011,24.74,28.90,21.54,255.62,1.6200,0.013680,100717.9
1983-08-19,0.0086,25.73,29.78,21.95,242.25,2.0925,0.014248,100657.4
1983-08-20,0.0184,25.96,30.57,21.32,236.88,1.4125,0.014741,100487.2
1983-08-21,5.2596,27.38,31.15,24.51,239.75,2.6775,0.015026,100336.9
1983-08-22,34.1734,20.12,24.74,16.71,22.50,4.0013,0.014224,100247.0
1983-08-23,0.0000,20.47,23.45,17.68,131.75,2.1137,0.013207,100190.5
1983-08-24,0.0011,23.91,28.54,20.32,261.75,0.9550,0.014781,100133.8
1983-08-25,0.1037,25.36,29.19,22.28,256.38,1.1900,0.015948,100023.5
1983-08-26,4.7736,24.65,30.58,20.31,214.75,1.3713,0.015653,99989.4
1983-08-27,0.7312,25.84,30.41,22.14,257.88,0.8625,0.016510,100064.8
1983-08-28,4.0306,28.03,32.38,24.22,250.50,2.2550,0.017531,100157.6
1983-08-29,4.2325,27.64,34.09,24.56,222.38,2.0838,0.017954,100357.8
1983-08-30,0.0238,29.89,35.68,25.21,258.50,1.3737,0.018476,100596.0
1983-08-31,0.2538,30.41,35.87,25.01,250.62,2.2763,0.017717,100473.9
1983-09-01,10.4447,23.29,24.29,21.76,55.88,1.5800,0.017050,100556.1
1983-09-02,0.0000,25.87,29.74,22.04,244.50,0.9912,0.016700,100796.5
1983-09-03,0.0011,26.31,30.69,22.32,251.50,2.4300,0.015602,100854.5
1983-09-04,0.0108,25.70,30.17,22.19,252.88,3.2750,0.015250,100834.5
1983-09-05,0.0000,27.12,31.20,23.04,202.00,1.1075,0.016720,100652.1
1983-09-06,0.0551,28.41,32.34,24.82,221.12,2.2250,0.017899,100782.0
1983-09-07,0.0065,28.64,32.61,25.53,185.38,3.6463,0.019229,100502.1
1983-09-08,15.7702,23.02,27.22,20.26,62.50,3.0925,0.016321,100502.6
1983-09-09,40.2656,20.70,21.19,20.31,36.88,3.2137,0.014739,100540.2
1983-09-10,17.6936,18.84,19.65,18.17,21.12,2.9050,0.013035,100480.0
1983-09-11,0.0000,22.35,26.79,18.56,240.50,2.0175,0.014110,100679.9
1983-09-12,0.1177,23.96,27.01,21.54,162.12,1.6588,0.014731,100966.1
1983-09-13,1.2830,21.09,24.07,17.66,57.88,1.5125,0.014091,100913.4
1983-09-14,0.0054,23.05,27.17,19.27,244.38,1.8188,0.014093,100635.6
1983-09-15,15.1654,23.49,27.78,18.90,196.38,3.3625,0.014694,100445.2
1983-09-16,34.5773,21.32,22.71,20.04,40.88,4.6325,0.015302,100266.8
1983-09-17,7.5481,21.69,22.92,20.21,27.12,2.9925,0.015405,100519.2
1983-09-18,0.0335,24.40,27.54,21.32,222.62,1.6850,0.015611,100850.6
1983-09-19,0.0216,24.16,27.55,21.21,113.00,1.8313,0.016432,101023.0
1983-09-20,0.0000,24.45,28.02,21.72,206.88,1.5100,0.015440,100931.0
1983-09-21,0.7074,24.53,28.81,21.38,192.00,2.7487,0.014479,100855.9
1983-09-22,1.9872,24.53,27.23,21.91,105.75,3.2550,0.015822,100690.4
1983-09-23,3.4981,20.59,22.14,18.80,41.88,3.2225,0.014051,100838.4
1983-09-24,0.0000,23.59,28.02,19.49,220.50,1.4188,0.013705,100749.5
1983-09-25,0.0000,23.95,27.42,21.00,151.00,2.6113,0.014547,100775.1
1983-09-26,0.0000,22.97,28.32,17.56,232.88,3.6025,0.010918,100901.4
1983-09-27,0.0000,21.85,28.23,16.61,223.88,3.5512,0.010475,101069.8
1983-09-28,0.0000,19.67,22.59,17.71,134.75,1.6662,0.010411,101367.0
1983-09-29,0.0000,21.16,25.37,17.41,185.62,2.9237,0.010866,101327.5
1983-09-30,0.0000,23.07,28.30,18.70,224.75,2.1550,0.011557,101233.6
1983-10-01,0.0000,24.63,30.06,19.88,209.75,2.3263,0.013356,101128.6
1983-10-02,0.1210,25.15,30.43,21.30,153.50,1.6363,0.014786,101087.6
1983-10-03,6.7716,25.42,30.31,21.52,180.50,2.3350,0.015595,101027.0
1983-10-04,33.4951,20.38,22.69,19.08,61.88,4.3850,0.014090,101246.8
1983-10-05,44.3966,18.27,19.01,17.51,34.62,5.2613,0.012055,101492.9
1983-10-06,11.5312,16.93,19.55,14.50,37.75,3.9613,0.010178,101370.8
1983-10-07,4.8449,14.46,16.07,12.44,41.75,1.8238,0.009717,101333.4
1983-10-08,0.0076,16.87,20.32,14.07,182.75,2.4400,0.009901,101461.9
1983-10-09,0.0000,19.93,24.41,15.86,195.62,3.2287,0.011791,101459.6
1983-10-10,0.0011,21.17,26.32,16.11,202.75,2.1837,0.011315,101664.9
1983-10-11,0.0475,15.01,16.74,13.90,51.12,3.7013,0.008450,102076.8
1983-10-12,0.0745,16.21,19.13,13.05,132.62,3.4963,0.009049,101511.8
1983-10-13,1.1556,13.91,14.38,12.70,32.75,2.3800,0.008877,101805.6
1983-10-14,2.5531,17.15,20.15,14.29,126.50,2.6337,0.010413,101557.5
1983-10-15,2.3695,16.84,17.35,15.71,50.75,2.3450,0.011380,101278.2
1983-10-16,0.0378,17.70,18.77,16.73,31.75,1.3275,0.012090,101201.4
1983-10-17,4.9097,18.84,20.98,15.16,43.38,2.0687,0.012784,101153.5
1983-10-18,32.5804,11.31,13.60,10.36,28.75,4.3250,0.008087,101422.5
1983-10-19,38.2385,12.66,13.28,11.94,35.00,2.5538,0.008798,101628.2
1983-10-20,0.6664,13.68,14.30,12.58,20.12,2.4112,0.009410,101682.4
1983-10-21,5.0555,15.07,16.10,14.14,46.25,2.0263,0.010109,101676.5
1983-10-22,0.0086,15.95,18.74,13.58,71.62,2.0938,0.009651,102074.0
1983-10-23,0.0000,13.37,16.83,9.97,137.88,3.3325,0.007222,102311.8
1983-10-24,0.0475,13.87,16.63,11.08,157.38,5.2550,0.007040,102212.9
1983-10-25,4.2260,11.64,13.66,9.01,18.75,3.0750,0.007296,102217.4
1983-10-26,0.0000,11.40,15.75,7.72,166.25,2.1050,0.006084,102461.4
1983-10-27,0.0000,13.04,15.67,9.89,149.12,1.2525,0.007166,102309.1
1983-10-28,0.0000,14.21,18.38,9.99,155.00,0.7713,0.007680,102120.6
1983-10-29,0.0000,14.08,19.25,10.43,156.00,1.1363,0.007805,102300.5
1983-10-30,0.0000,15.35,19.47,11.88,158.50,1.9775,0.007990,102181.4
1983-10-31,0.0011,15.84,22.42,9.88,160.50,2.7462,0.008070,102065.8
1983-11-01,0.0000,15.03,21.46,10.33,168.75,2.3713,0.006593,101832.8
1983-11-02,0.4223,17.52,23.19,11.70,144.62,1.9725,0.008034,101462.5
1983-11-03,1.6438,15.57,18.45,13.31,92.38,0.9675,0.009986,101583.4
1983-11-04,0.0086,14.41,19.04,10.36,103.88,1.0025,0.009267,101779.2
1983-11-05,0.0000,15.89,21.22,11.54,117.88,1.1087,0.009143,101871.1
1983-11-06,0.0022,15.92,21.27,12.55,130.88,2.7625,0.008421,101750.4
1983-11-07,0.2398,14.88,17.15,12.48,117.50,4.1650,0.008199,101764.4
1983-11-08,5.9011,12.72,13.88,11.86,47.38,3.2950,0.007406,101836.6
1983-11-09,0.0680,12.13,13.37,10.34,55.38,2.6200,0.007685,101709.2
1983-11-10,0.0000,11.80,14.95,9.01,129.00,2.3112,0.006344,101713.0
1983-11-11,0.0000,11.87,15.78,8.12,90.00,3.4450,0.005591,101892.5
1983-11-12,0.0000,8.83,13.82,4.05,132.62,1.7550,0.003869,102399.1
1983-11-13,0.0000,8.91,13.88,5.24,115.75,2.3187,0.004294,102290.0
1983-11-14,0.0000,11.69,17.09,6.36,137.88,3.0487,0.004986,101868.2
1983-11-15,0.0000,12.33,18.66,7.92,135.38,4.0013,0.005083,101827.2
1983-11-16,0.0000,6.97,11.50,2.29,147.50,2.3725,0.003489,102350.4
1983-11-17,0.0000,6.98,11.75,3.64,149.75,2.3525,0.003505,102443.8
1983-11-18,0.0000,9.97,16.17,4.32,136.62,2.9450,0.004317,101988.8
1983-11-19,0.0000,11.99,19.04,6.31,126.62,1.2950,0.005244,102165.1
1983-11-20,0.0130,12.45,19.14,6.64,117.88,2.5550,0.005768,102197.1
1983-11-21,1.2442,8.43,10.40,5.04,25.00,2.2025,0.005889,102301.6
1983-11-22,0.0054,5.38,8.53,3.75,76.38,2.3238,0.005278,102408.5
1983-11-23,0.0000,9.27,15.96,3.37,117.50,2.6413,0.005632,102269.9
1983-11-24,0.0000,7.16,12.71,3.09,131.25,1.9887,0.003655,102637.9
1983-11-25,0.0000,7.36,13.17,1.23,134.25,2.1463,0.003484,102860.5
1983-11-26,0.0000,6.49,12.11,2.19,143.12,1.8438,0.002845,103276.1
1983-11-27,0.0000,7.47,13.54,3.41,143.00,3.8025,0.002904,103068.4
1983-11-28,0.0000,7.99,13.96,3.03,134.00,2.3787,0.003569,102659.9
1983-11-29,0.0000,9.44,16.55,3.98,113.88,4.0588,0.003569,102714.1
1983-11-30,0.0000,5.22,10.35,0.83,137.38,1.9400,0.002601,103097.6
1983-12-01,0.0000,6.16,12.01,-0.14,143.62,2.1075,0.002791,102445.0
1983-12-02,0.0000,8.39,14.77,3.56,129.12,4.0113,0.003656,102123.8
1983-12-03,0.0000,7.99,14.77,2.95,134.00,2.3625,0.003919,102527.8
1983-12-04,0.0000,9.81,16.57,3.97,128.88,2.8937,0.004084,102192.1
1983-12-05,0.0000,10.19,17.18,4.35,104.62,2.4962,0.004723,102044.8
1983-12-06,0.0000,6.91,13.18,1.58,117.50,2.6013,0.004208,102416.2
1983-12-07,0.0000,6.61,13.43,1.22,126.38,1.6650,0.003756,102652.9
1983-12-08,0.0000,8.97,15.35,2.81,114.75,1.8512,0.003914,102142.4
1983-12-09,0.1307,11.31,17.29,5.62,106.00,2.5800,0.004806,101740.2
1983-12-10,0.0000,7.77,14.90,0.96,126.62,3.1450,0.002799,102431.2
1983-12-11,0.0000,6.34,10.21,0.69,125.00,2.2700,0.002515,102432.0
1983-12-12,0.0000,8.99,14.92,3.68,120.00,3.7787,0.003312,101658.4
1983-12-13,0.0281,10.73,16.72,5.28,102.75,2.4713,0.004084,101874.6
1983-12-14,2.3458,6.09,6.98,5.37,34.12,2.4250,0.004910,102577.0
1983-12-15,0.0000,6.36,9.96,3.81,87.75,1.6788,0.004887,102447.1
1983-12-16,2.9333,6.32,9.07,3.18,69.38,2.2912,0.004605,102324.0
1983-12-17,0.0929,3.38,7.53,-0.41,123.00,2.9475,0.002660,102878.2
1983-12-18,0.0000,4.01,7.50,-0.49,125.25,3.2338,0.002949,102375.5
1983-12-19,0.0000,3.57,5.88,1.14,91.00,3.4450,0.003198,102241.5
1983-12-20,0.5638,4.91,8.42,0.26,108.50,2.7838,0.003633,102277.2
1983-12-21,1.3824,4.04,6.89,0.03,79.38,2.7175,0.003986,102346.8
1983-12-22,0.0000,1.85,5.04,-0.99,102.75,1.8325,0.002946,102817.6
1983-12-23,0.0000,1.12,5.76,-1.67,128.25,2.4762,0.002621,102667.1
1983-12-24,0.0000,0.32,4.51,-2.66,115.75,1.9850,0.002074,102973.1
1983-12-25,0.0000,2.21,7.95,-2.93,109.88,2.9037,0.002705,102508.8
1983-12-26,0.0000,3.13,8.96,-1.94,121.88,1.8587,0.002531,102541.6
1983-12-27,0.0000,1.91,7.21,-2.41,120.12,1.5400,0.002163,103070.1
1983-12-28,0.1112,0.17,2.40,-2.82,104.62,3.0587,0.001649,103214.8
1983-12-29,0.0734,-1.56,0.89,-4.71,83.75,2.2175,0.002259,102998.8
1983-12-30,0.0000,-1.58,2.14,-4.28,120.88,1.8312,0.001816,102943.4
1983-12-31,0.0000,-0.26,3.33,-3.60,91.25,2.4500,0.002152,102719.1
1984-01-01,0.0000,2.69,7.38,-1.71,120.75,5.0962,0.002755,102044.9
1984-01-02,0.0000,1.33,8.07,-4.46,124.75,4.0625,0.002281,102643.4
1984-01-03,0.0000,-1.38,2.50,-5.77,138.38,1.8400,0.001631,103234.0
1984-01-04,0.0000,-0.85,3.44,-4.43,131.25,2.7600,0.001668,103079.1
1984-01-05,0.0000,0.63,4.40,-4.77,129.00,3.0425,0.002008,102661.0
1984-01-06,0.0000,1.08,6.50,-3.60,126.00,1.9950,0.002299,102559.9
1984-01-07,0.0000,2.55,7.97,-2.95,133.25,2.7775,0.001873,102517.0
1984-01-08,0.0000,5.06,11.61,-0.69,135.12,4.8025,0.001989,102108.8
1984-01-09,0.0000,7.53,14.58,2.06,135.38,5.1275,0.002751,101472.6
1984-01-10,0.0000,5.43,12.48,0.29,136.75,3.0412,0.002736,101722.5
1984-01-11,0.0000,5.80,10.61,-0.12,114.00,3.4350,0.003731,101834.9
1984-01-12,0.0000,3.68,9.21,-1.81,132.38,2.8200,0.003414,102002.9
1984-01-13,0.0000,6.49,13.25,-0.90,133.50,3.0325,0.003220,101140.6
1984-01-14,1.4839,6.79,13.47,1.61,84.62,3.8975,0.003184,101450.6
1984-01-15,0.0043,-0.37,3.31,-4.13,122.62,2.6325,0.001824,102865.2
1984-01-16,0.0000,0.28,2.29,-4.53,118.50,4.4637,0.001683,102498.1
1984-01-17,5.9465,-0.56,1.10,-2.02,28.50,4.6838,0.002902,102008.9
1984-01-18,9.1951,-1.90,-1.19,-3.28,24.75,4.6625,0.003063,102118.6
1984-01-19,0.0076,-2.76,-0.38,-5.64,93.38,1.3025,0.002582,102508.5
1984-01-20,0.2084,-2.30,0.84,-6.19,63.25,1.5612,0.002531,102396.8
1984-01-21,0.0043,-2.73,1.55,-5.99,143.50,2.8300,0.002545,102374.8
1984-01-22,0.0000,-3.24,0.38,-9.03,147.50,2.3263,0.002090,102418.5
1984-01-23,0.0000,-2.18,1.19,-6.77,121.00,2.4288,0.002265,102644.9
1984-01-24,0.0011,-2.13,1.25,-5.05,148.75,1.5525,0.002341,102946.2
1984-01-25,0.0022,-1.53,1.48,-4.72,147.38,2.1900,0.002420,103039.0
1984-01-26,0.0292,-0.35,2.44,-3.47,106.50,3.9200,0.002754,103016.6
1984-01-27,0.0000,-0.32,2.31,-3.40,133.25,3.8563,0.002804,102917.6
1984-01-28,1.0940,-0.56,1.04,-2.05,57.00,4.5763,0.003209,102920.1
1984-01-29,1.3619,-2.12,-1.89,-2.54,43.62,3.8200,0.002800,102919.4
1984-01-30,0.6804,-3.82,-1.49,-7.30,32.12,1.3363,0.002439,102860.1
1984-01-31,0.0000,-1.54,0.37,-4.69,98.88,2.1150,0.002944,102457.0
1984-02-01,0.0108,0.78,3.46,-1.26,85.50,2.3288,0.003379,102390.8
1984-02-02,0.0032,-1.91,-0.67,-3.41,117.38,4.3688,0.002026,102966.2
1984-02-03,0.0000,-1.39,-0.61,-3.91,114.38,5.0350,0.002220,102474.2
1984-02-04,0.0389,0.58,2.02,-0.42,76.25,1.0312,0.003098,102056.4
1984-02-05,0.3305,-0.26,2.23,-3.45,45.50,3.7600,0.002655,102803.8
1984-02-06,0.0000,-0.90,1.51,-4.59,161.25,2.2775,0.002182,103196.2
1984-02-07,0.0000,1.71,6.27,-1.89,163.25,1.7425,0.002186,102724.1
1984-02-08,0.0000,2.56,6.44,-1.38,156.75,3.1337,0.002361,102479.6
1984-02-09,0.8089,-0.26,1.82,-1.90,38.12,4.3025,0.002697,102460.4
1984-02-10,0.2462,-0.15,0.61,-1.97,93.75,2.5350,0.003306,102383.9
1984-02-11,0.0270,1.43,2.46,-0.20,41.12,1.4125,0.003373,102251.6
1984-02-12,0.0140,2.57,3.58,0.80,74.75,1.5425,0.003631,102128.0
1984-02-13,0.0961,3.50,4.32,2.05,65.62,2.3812,0.004233,102238.0
1984-02-14,0.0086,4.89,7.43,2.17,105.25,1.8312,0.004184,102119.6
1984-02-15,0.0032,4.94,8.38,0.83,115.62,3.5287,0.004347,101668.0
1984-02-16,0.0270,4.34,6.61,0.85,62.75,4.2938,0.004428,101663.5
1984-02-17,0.0043,1.24,6.18,-3.93,151.75,3.8037,0.002284,102788.0
1984-02-18,0.0000,2.82,5.83,-2.72,177.38,3.1062,0.002684,102432.6
1984-02-19,0.0000,3.02,4.71,0.35,42.75,2.4862,0.003702,102095.6
1984-02-20,0.4288,5.64,8.57,-0.16,153.12,3.6238,0.004083,101838.4
1984-02-21,7.3440,3.98,5.20,2.37,38.38,4.5175,0.004635,101481.5
1984-02-22,3.0035,1.71,2.86,0.03,40.25,2.9900,0.003901,101867.8
1984-02-23,0.0000,3.56,5.89,-0.32,149.75,1.1525,0.004077,102032.2
1984-02-24,0.0227,3.54,4.70,2.23,42.62,1.5375,0.004137,102100.6
1984-02-25,0.0000,2.80,7.76,0.26,80.62,2.7500,0.003501,102374.6
1984-02-26,0.0000,4.60,8.98,0.60,188.00,2.1175,0.003164,102663.4
1984-02-27,0.0000,4.47,8.78,0.91,179.88,4.2513,0.002689,102649.6
1984-02-28,0.0000,3.28,8.87,-1.39,176.75,3.0225,0.002335,102831.1
1984-02-29,0.0000,3.97,8.34,-1.48,214.50,4.8925,0.001861,102387.9
1984-03-01,0.0000,8.14,13.92,2.74,229.88,5.5500,0.002521,101892.0
1984-03-02,0.0000,8.10,15.98,0.50,220.12,4.7125,0.002317,102126.2
1984-03-03,0.0000,6.04,11.17,0.50,241.50,2.6112,0.002228,102467.8
1984-03-04,0.0043,9.94,16.99,2.59,223.38,3.8350,0.003200,101785.4
1984-03-05,0.0000,8.08,13.27,3.52,198.75,3.4313,0.002838,101899.4
1984-03-06,0.0032,6.64,10.32,3.47,196.00,5.3025,0.002974,102136.5
1984-03-07,0.0043,6.14,9.14,3.38,185.88,5.3075,0.003819,102061.8
1984-03-08,0.0000,7.45,11.56,3.40,188.62,3.7062,0.004459,101485.0
1984-03-09,0.0011,7.53,13.59,1.50,205.00,4.0275,0.003066,101737.9
1984-03-10,0.0032,8.98,12.47,1.32,224.38,3.4612,0.002937,101508.9
1984-03-11,0.0000,13.56,18.64,8.83,202.62,3.8125,0.004878,100924.4
1984-03-12,1.3964,9.99,12.35,6.26,42.12,3.5788,0.005688,100921.1
1984-03-13,1.4213,4.61,6.41,2.69,44.00,4.2475,0.004943,101001.0
1984-03-14,2.2388,4.14,4.86,2.57,43.00,2.6213,0.004770,101288.5
1984-03-15,0.0637,6.87,10.17,4.84,89.25,2.2313,0.005358,101239.0
1984-03-16,0.0000,8.95,12.54,5.34,157.25,3.2338,0.005289,101565.5
1984-03-17,0.0022,11.94,16.31,6.64,157.38,3.7962,0.006569,100667.9
1984-03-18,9.4727,7.69,10.81,5.19,87.00,3.7688,0.005641,101065.0
1984-03-19,0.0032,8.31,11.33,5.15,154.88,1.9387,0.005284,101971.2
1984-03-20,0.0000,8.25,15.88,2.46,213.88,5.0050,0.003484,102358.2
1984-03-21,0.0000,4.35,5.90,1.92,161.88,3.4700,0.003455,102499.1
1984-03-22,0.0000,9.42,15.66,3.44,249.75,3.6712,0.004596,101620.6
1984-03-23,0.0184,11.85,16.47,6.89,87.50,2.4975,0.005567,101745.5
1984-03-24,0.0000,10.33,12.97,7.06,120.00,2.7725,0.004950,101904.6
1984-03-25,0.0011,10.51,13.85,8.14,77.75,2.6450,0.005796,101664.2
1984-03-26,0.0994,10.48,13.70,8.20,148.62,3.0113,0.006066,101673.5
1984-03-27,0.1134,9.27,12.57,5.42,92.75,2.4075,0.005788,102062.5
1984-03-28,0.0000,14.44,20.27,6.17,277.00,6.3900,0.005762,101136.9
1984-03-29,0.0000,16.83,22.07,11.87,276.25,6.7550,0.007530,100316.9
1984-03-30,2.8739,18.05,25.02,11.40,180.25,4.5487,0.007744,100907.5
1984-03-31,0.9904,11.34,13.68,8.62,106.38,3.1813,0.005420,101499.2
1984-04-01,0.0000,12.23,16.09,8.38,197.12,4.0900,0.005908,101315.9
1984-04-02,0.4309,14.10,16.34,10.58,86.38,2.3500,0.008456,100864.9
1984-04-03,4.3276,13.04,15.15,11.50,92.25,3.4388,0.007901,100570.5
1984-04-04,7.2943,9.91,11.45,7.01,64.12,4.3400,0.007036,100686.2
1984-04-05,0.0054,12.76,16.53,8.32,238.75,2.5525,0.007182,101581.1
1984-04-06,0.0065,11.27,14.77,7.77,211.62,4.0238,0.006191,101622.5
1984-04-07,1.4634,12.65,15.94,8.97,225.50,4.8512,0.005264,101355.5
1984-04-08,0.1058,9.66,11.50,7.48,90.88,2.6875,0.006269,101390.8
1984-04-09,0.0259,10.74,13.76,8.18,144.62,3.0563,0.006644,101695.1
1984-04-10,0.0032,12.45,15.85,9.64,266.88,3.1475,0.006834,101564.8
1984-04-11,4.0921,13.26,17.42,9.81,222.88,4.2613,0.007264,101299.2
1984-04-12,0.0140,11.74,14.08,9.14,139.50,2.6562,0.007078,101289.6
1984-04-13,0.0000,15.51,20.22,11.14,272.25,3.6888,0.008444,101055.0
1984-04-14,0.0000,20.09,27.13,14.04,280.75,3.2538,0.009063,100518.1
1984-04-15,0.0000,22.39,28.85,17.10,290.75,3.1762,0.009483,100434.0
1984-04-16,8.0179,22.27,29.61,13.76,277.25,3.3075,0.011209,100575.0
1984-04-17,2.1028,15.41,19.45,12.08,157.25,3.7450,0.009135,101083.8
1984-04-18,0.3985,11.60,14.97,7.41,106.50,1.9787,0.006392,101200.6
1984-04-19,5.2974,15.31,19.47,11.40,295.38,4.8300,0.006150,100721.1
1984-04-20,1.5196,12.55,14.68,10.90,75.25,2.3112,0.008301,101018.2
1984-04-21,0.0000,14.77,18.76,10.78,231.50,1.4787,0.008184,101768.9
1984-04-22,0.0000,16.31,21.35,11.87,309.88,2.8875,0.007938,101750.6
1984-04-23,0.0065,18.83,23.28,13.71,282.88,1.5862,0.008746,101301.2
1984-04-24,2.6611,15.21,18.27,12.89,69.38,2.6175,0.009106,100851.1
1984-04-25,0.0000,19.21,24.23,14.39,267.38,2.4450,0.011070,100521.1
1984-04-26,0.0346,21.72,28.60,14.72,272.75,3.9362,0.009918,100711.2
1984-04-27,1.9656,12.02,14.54,10.22,79.25,3.6575,0.007497,101267.4
1984-04-28,0.0054,14.10,17.22,11.35,177.75,1.9162,0.008185,101086.1
1984-04-29,0.0043,18.22,22.31,14.00,253.75,2.6212,0.010766,100860.9
1984-04-30,0.0000,21.31,26.28,16.12,297.12,2.0312,0.011445,100774.1
1984-05-01,1.0282,17.26,20.65,12.52,196.38,4.6512,0.005959,101157.1
1984-05-02,6.1020,16.66,20.00,13.33,170.00,3.8637,0.006528,101107.4
1984-05-03,12.8650,10.35,11.26,8.85,75.00,2.9188,0.007109,101278.6
1984-05-04,2.3458,12.03,12.65,10.49,60.75,2.6700,0.008225,101335.4
1984-05-05,1.1826,13.95,17.91,10.40,150.12,2.0150,0.008054,101249.1
1984-05-06,0.0000,17.87,23.16,13.80,265.25,2.8012,0.009201,100892.6
1984-05-07,0.0000,21.38,25.84,16.63,267.62,4.3125,0.010252,100467.5
1984-05-08,0.0000,23.70,29.57,18.13,273.62,2.7675,0.011358,100383.0
1984-05-09,0.0000,25.18,30.66,19.70,262.88,2.9100,0.013069,100486.1
1984-05-10,0.0000,25.82,32.48,19.75,268.38,3.0675,0.012794,100281.2
1984-05-11,13.0205,24.94,32.77,15.85,242.25,3.4938,0.013178,100141.8
1984-05-12,33.5945,15.47,16.02,14.62,113.12,3.4288,0.010443,100475.8
1984-05-13,0.0130,19.50,23.06,16.25,277.50,2.0338,0.011265,100596.9
1984-05-14,2.1859,20.00,23.47,17.03,270.38,3.3625,0.010806,100464.5
1984-05-15,0.6448,16.04,18.12,12.78,143.75,2.2838,0.009287,100909.8
1984-05-16,0.0000,19.08,21.72,16.73,255.12,1.8338,0.009845,101284.0
1984-05-17,0.0011,19.79,24.42,14.86,257.62,2.1800,0.010044,100924.6
1984-05-18,0.0000,21.48,25.37,17.31,275.12,1.4775,0.010449,100712.0
1984-05-19,0.0000,23.70,28.52,19.04,286.88,1.9462,0.009971,100653.2
1984-05-20,0.0680,20.00,23.01,16.08,156.50,3.0475,0.010981,100647.4
1984-05-21,0.0000,20.44,24.39,15.13,289.12,3.8650,0.009349,101247.0
1984-05-22,0.0324,19.71,22.27,17.69,273.62,3.0912,0.010807,101221.1
1984-05-23,18.9421,19.24,21.25,18.07,240.88,2.4750,0.012414,100811.4
1984-05-24,7.3505,17.78,20.26,15.84,220.75,2.9887,0.011959,100702.0
1984-05-25,0.0853,17.95,20.41,15.35,229.38,1.7725,0.011016,101069.0
1984-05-26,0.0011,21.18,25.14,17.42,270.12,1.4688,0.012531,100762.6
1984-05-27,0.0065,23.34,26.93,20.36,178.25,1.4938,0.014117,100163.4
1984-05-28,0.0238,25.02,29.31,21.91,277.62,2.4800,0.014149,99958.4
1984-05-29,0.0054,25.79,30.78,20.74,163.75,1.9975,0.014257,100020.0
1984-05-30,0.0950,23.53,27.50,19.71,257.12,2.3212,0.013374,100465.9
1984-05-31,0.3316,23.09,25.91,20.85,245.75,2.2413,0.013976,100456.1
1984-06-01,0.3672,22.29,26.59,18.32,174.12,2.7462,0.012833,100332.6
1984-06-02,0.0000,24.96,30.39,20.76,282.62,2.8012,0.012551,99984.1
1984-06-03,0.0000,28.84,33.87,23.81,268.62,3.8500,0.015119,99652.6
1984-06-04,0.0000,28.12,34.15,23.59,246.62,2.3463,0.016786,99804.5
1984-06-05,1.5282,29.74,35.02,22.95,232.62,2.9388,0.016141,99952.1
1984-06-06,33.3018,19.21,22.20,16.62,94.88,3.3738,0.012896,100502.8
1984-06-07,0.9029,22.93,25.65,18.41,201.12,2.7088,0.014350,100550.4
1984-06-08,2.0531,23.45,26.23,21.20,175.00,3.3263,0.015377,100330.1
1984-06-09,0.0000,26.19,30.12,23.00,269.38,3.4138,0.014902,100409.6
1984-06-10,0.0000,27.35,33.01,21.09,292.12,2.7812,0.013801,100479.8
1984-06-11,0.0000,26.73,31.74,22.41,297.50,2.6725,0.013281,100186.4
1984-06-12,203.5573,23.24,26.91,21.38,139.25,5.4125,0.016423,99965.2
1984-06-13,108.0173,21.76,22.73,21.02,80.50,4.1088,0.016156,99546.6
1984-06-14,2.6741,21.31,21.88,20.73,63.62,3.1737,0.015557,99573.0
1984-06-15,1.1729,22.85,25.69,20.71,140.38,2.7950,0.015914,99492.1
1984-06-16,0.0000,26.90,30.91,23.48,286.62,2.9575,0.016658,99408.2
1984-06-17,0.9871,27.33,30.33,23.16,217.25,1.6163,0.017016,99411.8
1984-06-18,0.2030,27.51,31.88,23.79,276.50,3.2350,0.016449,99555.2
1984-06-19,0.0000,29.05,33.26,25.05,284.75,1.5625,0.016718,99821.8
1984-06-20,1.2355,28.17,31.22,24.83,272.88,4.9200,0.018277,100002.1
1984-06-21,10.3972,24.92,26.38,23.65,118.25,3.4275,0.018136,100043.4
1984-06-22,1.7777,23.95,25.61,21.93,89.50,2.1912,0.017425,100138.1
1984-06-23,0.0313,23.76,25.20,21.92,108.50,2.8038,0.016186,100149.5
1984-06-24,0.0259,26.48,29.06,24.13,193.75,1.2587,0.018395,99864.9
1984-06-25,5.3741,26.71,31.00,24.59,179.75,2.5025,0.018519,100018.1
1984-06-26,0.0043,28.01,32.10,25.29,226.62,1.3088,0.017429,100193.2
1984-06-27,13.5616,26.40,32.29,20.10,209.12,2.7500,0.015901,100068.4
1984-06-28,32.4130,22.90,23.82,21.53,68.50,1.1888,0.016495,100008.0
1984-06-29,4.0608,26.29,28.98,23.76,136.75,1.0562,0.018336,99955.1
1984-06-30,1.4321,28.08,31.04,25.27,283.75,1.7713,0.019906,99976.5
1984-07-01,0.3596,30.48,34.49,27.13,363.12,2.2800,0.021001,99828.8
1984-07-02,13.6080,27.53,32.70,23.37,192.75,2.8750,0.020206,99901.2
1984-07-03,1.4850,24.56,26.54,22.39,123.00,2.5875,0.016856,100237.6
1984-07-04,2.8760,24.64,27.72,22.31,276.12,2.3625,0.014876,100412.8
1984-07-05,3.1223,22.41,23.32,21.51,147.00,2.7662,0.015134,100425.4
1984-07-06,6.1193,25.26,28.13,22.35,148.88,2.2050,0.018631,100182.9
1984-07-07,6.4314,22.89,23.92,21.57,105.88,1.9762,0.016469,100085.1
1984-07-08,7.8235,26.37,29.64,23.91,185.12,2.6125,0.019754,100035.8
1984-07-09,1.2895,26.78,30.29,24.20,332.00,2.1925,0.019251,100102.4
1984-07-10,1.4688,29.71,33.75,26.19,366.88,0.5013,0.020879,100053.4
1984-07-11,0.0000,30.23,33.18,27.31,360.88,4.5850,0.019233,99904.0
1984-07-12,0.0151,29.99,33.36,26.43,338.25,4.3475,0.020601,99692.0
1984-07-13,1.6070,29.73,33.56,26.46,362.62,4.0800,0.020605,99593.0
1984-07-14,0.7387,29.11,32.67,26.06,248.88,3.4062,0.018962,99491.8
1984-07-15,0.0173,29.40,33.05,26.41,374.62,2.2075,0.018839,99626.4
1984-07-16,0.2570,30.15,34.52,26.29,327.38,2.3038,0.019109,99953.2
1984-07-17,4.5338,28.37,33.36,25.40,155.88,3.7088,0.021175,99915.9
1984-07-18,22.2404,23.30,24.29,22.85,69.50,3.2838,0.017373,99855.2
1984-07-19,14.5422,23.23,23.80,22.48,46.00,2.1825,0.016872,99884.8
1984-07-20,19.9454,21.20,23.32,19.45,79.25,2.9975,0.015205,99931.8
1984-07-21,0.0065,22.50,24.12,20.60,63.75,1.5900,0.016173,100023.8
1984-07-22,0.0151,25.92,29.60,23.73,242.88,0.4862,0.017545,99995.9
1984-07-23,4.5576,28.11,31.20,25.80,229.62,2.2000,0.019791,99849.6
1984-07-24,16.1201,26.19,28.82,24.19,69.25,2.3150,0.020170,99561.1
1984-07-25,1.9807,25.73,27.81,24.33,85.75,1.9900,0.020175,99514.0
1984-07-26,4.1634,23.92,26.43,22.19,43.00,1.7825,0.017839,99573.4
1984-07-27,16.9495,24.75,26.20,23.14,75.38,0.8512,0.018671,99757.5
1984-07-28,1.2463,28.07,30.98,25.48,193.75,0.7425,0.020728,99944.1
1984-07-29,0.0281,28.53,31.50,26.33,124.00,1.4200,0.021428,100152.5
1984-07-30,0.2678,27.33,29.90,24.97,137.25,2.4738,0.019980,100230.9
1984-07-31,0.0594,28.15,30.90,25.24,180.38,2.2188,0.020085,100090.8
1984-08-01,0.0011,28.63,31.75,26.04,284.50,1.6762,0.020690,99855.1
1984-08-02,0.1350,29.25,32.79,26.53,275.88,1.1912,0.020893,99793.5
1984-08-03,0.2182,30.86,35.37,27.48,280.38,1.1175,0.021771,99888.8
1984-08-04,21.6140,30.83,35.57,27.28,291.75,0.8988,0.021561,100089.4
1984-08-05,0.0400,31.66,35.58,28.42,288.00,1.7775,0.021580,100168.8
1984-08-06,1.1902,30.19,35.45,26.19,275.00,2.0388,0.021209,100006.1
1984-08-07,2.0736,29.54,32.76,26.10,223.88,2.9887,0.021256,99939.4
1984-08-08,42.2982,27.38,29.62,26.24,238.88,4.7200,0.020746,99591.5
1984-08-09,7.9466,26.90,28.41,25.21,92.38,4.0062,0.020416,99607.5
1984-08-10,1.3792,29.42,33.44,25.83,253.88,1.4300,0.021846,100051.4
1984-08-11,0.6502,30.59,34.25,27.19,276.25,1.5688,0.022451,100105.2
1984-08-12,1.2388,29.66,35.21,24.06,225.62,1.8675,0.020301,100056.5
1984-08-13,8.7739,27.21,31.62,25.03,246.25,2.1562,0.019532,100103.6
1984-08-14,10.1650,23.85,26.97,19.32,194.62,3.4963,0.015676,100457.1
1984-08-15,0.0000,22.91,27.08,18.98,308.12,2.7825,0.012330,100748.0
1984-08-16,0.0022,22.92,26.74,19.49,303.12,2.8537,0.012346,100742.0
1984-08-17,0.0302,24.79,27.22,21.68,269.62,2.9025,0.014671,100721.9
1984-08-18,0.3704,25.78,28.75,23.58,164.62,2.8925,0.018390,100641.1
1984-08-19,0.4612,26.35,29.64,23.43,181.75,2.7112,0.018372,100406.0
1984-08-20,14.6977,26.66,31.09,23.48,238.00,2.1975,0.018345,100046.8
1984-08-21,0.0000,26.46,30.15,24.29,252.88,1.0338,0.018742,99867.9
1984-08-22,2.4257,29.18,33.25,26.10,256.50,1.2687,0.019791,99747.6
1984-08-23,12.9049,27.01,31.99,23.90,224.75,1.0187,0.019034,99946.5
1984-08-24,0.1642,28.41,33.09,25.30,249.75,2.1013,0.019326,100051.8
1984-08-25,6.1355,26.85,30.63,23.74,230.75,2.2812,0.019380,100198.0
1984-08-26,0.0400,27.16,30.53,24.88,234.50,2.6800,0.019346,100354.5
1984-08-27,0.1339,26.80,30.55,23.93,214.75,2.7012,0.018238,100375.2
1984-08-28,0.0756,27.67,31.94,24.32,225.75,2.7350,0.018246,100383.0
1984-08-29,2.4581,27.69,31.98,24.69,168.88,3.0338,0.019016,100284.6
1984-08-30,6.6128,27.74,32.71,23.26,178.12,3.2638,0.018065,100098.9
1984-08-31,0.7441,24.26,26.18,21.93,74.62,3.3250,0.017048,100093.8
1984-09-01,4.3470,22.13,25.15,19.12,71.25,3.1100,0.014740,100282.6
1984-09-02,0.0000,21.39,26.06,17.34,245.50,2.3737,0.012091,100566.8
1984-09-03,0.0011,22.70,27.87,19.20,232.88,1.1688,0.012956,100813.4
1984-09-04,0.0000,24.00,28.30,20.52,222.38,1.8275,0.012745,101020.2
1984-09-05,0.1004,25.41,29.35,22.55,200.62,3.0175,0.014588,100810.9
1984-09-06,24.3000,22.36,25.21,20.60,91.12,3.6225,0.015925,100663.8
1984-09-07,7.5470,26.58,30.79,21.28,202.38,3.2887,0.018774,100281.1
1984-09-08,13.8337,25.88,32.17,20.68,206.50,5.0063,0.016896,100106.4
1984-09-09,29.1643,17.90,20.85,14.81,37.25,4.6550,0.012491,100690.9
1984-09-10,14.0508,17.00,17.81,15.32,52.75,1.6975,0.011420,101214.9
1984-09-11,0.6070,19.52,21.81,17.69,112.62,1.5438,0.011720,101415.5
1984-09-12,0.0000,21.37,26.42,17.85,178.38,1.7887,0.012423,101264.2
1984-09-13,0.0000,22.23,27.65,18.52,223.00,1.7638,0.011676,101018.2
1984-09-14,2.5121,21.90,26.80,19.34,170.00,2.1337,0.012784,101069.1
1984-09-15,0.0032,23.64,29.10,20.00,216.75,1.8962,0.013216,101224.1
1984-09-16,0.5594,23.37,27.41,20.70,159.88,2.5538,0.013284,101012.9
1984-09-17,0.2570,21.14,24.33,18.43,87.50,2.5738,0.013694,100887.5
1984-09-18,1.4483,21.26,24.65,18.74,161.62,2.0850,0.012489,100991.2
1984-09-19,0.3931,21.67,25.43,18.51,172.62,2.5550,0.012512,101128.9
1984-09-20,0.0616,22.39,25.77,19.19,131.00,3.0062,0.013300,101406.2
1984-09-21,0.0464,23.09,27.06,19.83,173.88,4.0437,0.013904,101433.5
1984-09-22,0.0162,23.82,27.77,20.56,199.50,3.1650,0.014043,101099.4
1984-09-23,0.1350,25.00,29.06,21.64,193.38,2.6463,0.014689,100619.8
1984-09-24,14.1739,18.86,21.59,16.26,29.00,4.6363,0.013137,100919.5
1984-09-25,27.0076,16.36,17.68,15.55,47.62,4.8500,0.011087,101385.1
1984-09-26,9.2956,14.36,15.35,13.63,153.25,4.0650,0.009717,101425.0
1984-09-27,9.4349,17.12,18.91,15.17,176.88,2.7213,0.011630,101273.5
1984-09-28,10.0796,15.31,16.22,14.24,136.00,2.4075,0.010332,101228.6
1984-09-29,1.5325,20.10,23.32,16.45,192.62,1.8275,0.011734,100988.8
1984-09-30,10.7114,19.59,22.40,17.28,162.38,1.7713,0.012986,100792.8
1984-10-01,29.5801,17.56,18.68,17.08,45.00,2.2137,0.012079,100939.1
1984-10-02,26.4222,17.14,18.51,14.37,33.12,3.6363,0.011389,101400.6
1984-10-03,2.3576,15.16,17.71,10.89,113.50,1.7363,0.008607,101955.9
1984-10-04,0.0000,16.46,19.54,13.76,204.62,1.1150,0.008754,101873.5
1984-10-05,0.0000,14.62,18.70,10.46,115.50,1.5250,0.007942,101792.6
1984-10-06,0.0065,16.40,20.20,11.40,196.88,2.3063,0.009306,101723.0
1984-10-07,0.0140,17.57,20.81,14.26,119.25,3.3362,0.009515,101528.6
1984-10-08,0.5832,18.17,20.39,15.67,110.00,1.6775,0.011208,101468.4
1984-10-09,5.8730,16.40,17.94,13.74,34.75,2.9137,0.010555,101547.4
1984-10-10,0.0000,17.97,21.55,15.12,191.12,3.6575,0.010274,101589.9
1984-10-11,1.2236,18.84,22.25,15.76,199.00,4.5625,0.010418,101531.0
1984-10-12,1.6060,16.30,18.48,13.93,45.25,3.6850,0.009166,101921.6
1984-10-13,0.0778,17.23,20.46,14.14,199.12,1.2862,0.009047,101678.1
1984-10-14,0.0119,17.53,19.75,15.85,72.25,2.5075,0.010396,101658.0
1984-10-15,0.0162,18.16,20.53,15.95,119.00,1.5250,0.010995,101458.6
1984-10-16,0.0022,17.68,20.71,14.08,125.12,3.2613,0.010064,101231.5
1984-10-17,0.0000,17.67,22.92,13.77,142.88,2.5175,0.008225,101258.8
1984-10-18,0.0000,19.06,24.89,15.26,172.25,1.7300,0.007665,101541.9
1984-10-19,0.0000,16.48,23.43,10.00,201.50,3.1112,0.006020,102079.5
1984-10-20,0.0000,14.64,20.10,9.09,207.50,1.8813,0.005709,102206.1
1984-10-21,0.0000,17.86,23.22,11.69,169.25,3.6525,0.005954,101549.8
1984-10-22,0.0000,19.39,24.27,16.38,134.50,5.1100,0.007750,101007.0
1984-10-23,0.0000,18.52,24.59,12.83,121.00,2.0963,0.009448,101189.2
1984-10-24,0.0000,19.38,27.17,13.36,184.25,0.9037,0.009130,101308.2
1984-10-25,0.0000,19.23,26.78,13.80,183.88,2.4025,0.008787,101388.5
1984-10-26,0.0011,15.96,22.55,10.13,150.88,2.7613,0.009068,101589.2
1984-10-27,0.0000,15.46,21.62,10.88,170.38,1.2162,0.007093,101594.9
1984-10-28,0.0000,15.51,21.91,9.93,167.75,2.3450,0.006130,101747.4
1984-10-29,0.0011,12.98,16.86,9.16,161.12,2.6537,0.005332,101979.6
1984-10-30,0.0000,13.55,17.83,10.56,165.88,3.4650,0.005229,102134.5
1984-10-31,0.0000,14.56,18.56,11.29,115.00,2.1038,0.006243,102033.6
1984-11-01,0.0000,16.63,20.62,13.50,109.50,0.5650,0.006863,102224.0
1984-11-02,0.0011,15.20,20.10,9.63,86.38,1.1875,0.007025,102029.2
1984-11-03,0.0000,16.55,23.02,11.07,130.88,3.0613,0.006010,101653.4
1984-11-04,0.0011,18.14,25.23,12.48,124.75,3.1537,0.006617,101392.0
1984-11-05,0.0000,17.87,25.24,11.93,127.75,1.7200,0.006964,101357.5
1984-11-06,0.0000,17.60,23.53,13.52,103.38,2.8713,0.007539,101439.2
1984-11-07,0.1037,14.76,18.91,11.65,68.75,1.4413,0.006769,101396.6
1984-11-08,13.0172,16.86,20.61,11.88,66.38,1.7638,0.008040,101284.5
1984-11-09,70.2702,14.48,15.44,13.30,47.00,3.7263,0.009894,101185.1
1984-11-10,50.4079,11.20,11.60,11.03,57.75,3.7675,0.007924,101422.5
1984-11-11,3.7152,12.75,13.72,11.92,54.88,3.2425,0.008628,101784.0
1984-11-12,6.5146,12.96,14.25,11.00,46.50,5.1413,0.008149,101969.4
1984-11-13,5.3590,11.95,12.42,11.26,54.25,4.0763,0.008124,101772.6
1984-11-14,14.3770,11.12,11.69,9.89,56.00,3.4625,0.007809,101498.4
1984-11-15,1.4990,11.77,13.75,9.48,111.50,2.1688,0.007731,101751.5
1984-11-16,0.0702,14.29,17.14,11.06,111.00,1.4600,0.008452,101634.5
1984-11-17,0.5605,15.15,17.83,13.32,95.25,3.1363,0.008744,101540.0
1984-11-18,0.5087,8.04,14.20,3.10,85.50,6.1300,0.006125,102317.6
1984-11-19,0.0000,3.13,4.44,1.75,80.00,3.6750,0.003509,102924.2
1984-11-20,0.0000,3.98,6.41,1.88,117.75,2.3912,0.003746,102569.2
1984-11-21,0.0248,7.64,9.88,3.60,101.12,2.5975,0.005197,102521.5
1984-11-22,0.0583,9.26,12.66,6.47,87.12,1.4412,0.006179,102400.1
1984-11-23,0.0626,10.20,13.54,7.38,81.50,2.6700,0.006390,102435.9
1984-11-24,0.0551,7.57,8.63,6.77,77.50,3.3562,0.005535,102903.0
1984-11-25,0.0000,6.75,9.16,4.84,95.50,3.9387,0.004721,102855.8
1984-11-26,1.3986,7.25,8.30,5.89,73.75,3.6575,0.005351,102831.0
1984-11-27,0.0043,5.17,7.37,3.58,96.38,2.3612,0.004226,102948.9
1984-11-28,0.0000,6.41,9.82,3.09,87.88,2.7838,0.004859,102347.8
1984-11-29,0.0000,9.03,14.22,4.77,100.38,3.2675,0.005596,102300.4
1984-11-30,0.0000,9.09,14.86,4.75,102.00,3.6125,0.004975,102410.4
1984-12-01,0.0000,8.41,13.45,4.29,142.75,3.0800,0.003665,102216.2
1984-12-02,0.0000,8.99,15.33,4.17,141.75,3.1975,0.004912,101692.2
1984-12-03,0.0000,10.06,17.15,2.92,131.50,2.3400,0.005131,101845.5
1984-12-04,0.0011,4.52,7.68,1.64,83.75,3.8537,0.003767,102818.5
1984-12-05,0.0000,2.95,6.64,0.55,129.50,2.1100,0.002874,102505.5
1984-12-06,0.0000,4.09,8.41,0.24,127.00,3.2975,0.003592,102260.6
1984-12-07,1.4450,6.92,10.61,1.24,98.88,2.7975,0.004705,102011.0
1984-12-08,12.2202,5.75,6.05,5.09,19.25,3.1225,0.005194,101870.0
1984-12-09,0.3812,4.36,4.90,3.77,30.00,2.6737,0.004666,101827.1
1984-12-10,0.0119,3.54,4.10,2.88,22.00,2.9513,0.004483,102035.0
1984-12-11,0.3143,5.53,6.40,4.14,35.12,1.0325,0.005035,102003.4
1984-12-12,4.6591,6.33,7.43,4.78,29.12,2.0862,0.005327,101940.5
1984-12-13,6.9714,5.67,6.07,4.97,47.88,3.6863,0.005317,101710.0
1984-12-14,9.6574,2.37,4.37,0.51,18.62,4.7738,0.004175,102250.8
1984-12-15,16.7638,-0.39,0.10,-0.73,15.88,3.8650,0.003434,102138.9
1984-12-16,0.0140,-0.77,-0.38,-1.16,71.12,2.0075,0.003277,102241.0
1984-12-17,1.2690,-1.11,0.15,-3.41,55.25,3.6625,0.003067,102569.8
1984-12-18,0.0000,-3.65,-2.41,-5.14,86.25,1.6562,0.001527,102726.1
1984-12-19,0.0000,-1.51,1.22,-4.65,90.75,1.2363,0.002362,102481.2
1984-12-20,0.0054,-0.46,1.14,-2.49,92.88,2.0812,0.002870,102565.6
1984-12-21,0.0000,-1.10,1.87,-3.93,92.75,3.1600,0.002376,103084.1
1984-12-22,0.0011,-1.69,-0.45,-4.02,113.50,2.4812,0.001846,103194.9
1984-12-23,0.0000,-3.25,-1.50,-5.10,132.50,2.9325,0.001765,103263.1
1984-12-24,0.0000,-3.62,-1.22,-5.46,131.38,0.9225,0.001954,103210.0
1984-12-25,0.0000,-1.88,0.59,-5.14,120.75,0.8612,0.002276,102803.1
1984-12-26,0.0000,-1.94,0.48,-3.64,106.75,1.4012,0.002329,103007.2
1984-12-27,0.0000,-1.18,2.20,-4.83,120.00,1.0500,0.002506,102925.4
1984-12-28,0.0000,-1.94,1.01,-4.03,121.75,1.8488,0.002397,103204.8
1984-12-29,0.0000,-0.68,2.93,-4.01,129.88,2.1600,0.002314,102822.6
1984-12-30,0.0000,0.55,4.08,-2.42,89.25,2.0225,0.002776,102359.1
1984-12-31,0.0000,1.58,6.42,-3.21,111.00,1.1063,0.003264,102279.0
1985-01-01,0.0432,2.75,5.41,-0.94,43.62,1.3375,0.003821,102300.2
1985-01-02,1.8824,3.04,3.62,1.85,16.50,3.3925,0.004420,102369.0
1985-01-03,3.6061,1.04,2.12,-0.04,16.50,3.3863,0.003723,102982.8
1985-01-04,0.0626,-0.26,0.90,-1.19,59.12,3.1863,0.002654,103101.2
1985-01-05,0.0000,-0.11,2.56,-2.62,45.75,0.8600,0.003230,102499.0
1985-01-06,1.1081,0.94,3.55,-2.05,71.25,2.6487,0.003515,102648.4
1985-01-07,0.1480,0.48,1.62,-0.45,63.38,2.5963,0.003320,102964.6
1985-01-08,0.0000,1.02,3.94,-1.20,95.50,1.7350,0.003361,102643.5
1985-01-09,0.0000,1.24,4.86,-1.35,86.25,3.6025,0.002991,102450.0
1985-01-10,0.0000,3.05,7.31,-0.83,123.00,5.0037,0.003030,101749.6
1985-01-11,0.0000,2.57,5.94,0.23,80.50,2.7575,0.003203,101984.8
1985-01-12,0.0000,0.43,2.99,-2.12,96.00,1.9662,0.002266,102654.0
1985-01-13,0.0000,-0.61,3.34,-3.20,123.38,3.5250,0.001989,102885.6
1985-01-14,0.0000,2.15,7.19,-3.81,120.25,2.7975,0.002376,102371.4
1985-01-15,0.0000,5.74,10.72,0.89,117.88,3.0638,0.003376,101887.2
1985-01-16,0.0000,5.03,9.06,0.63,102.62,2.8700,0.003883,101908.1
1985-01-17,0.0000,3.45,8.13,0.35,99.25,1.5512,0.003968,102034.2
1985-01-18,0.0032,3.88,10.24,0.01,106.00,2.4862,0.004440,101791.5
1985-01-19,0.0000,1.47,6.90,-1.04,116.12,2.5662,0.003374,102227.4
1985-01-20,0.0011,3.25,7.17,-0.54,104.00,5.3225,0.003689,101908.4
1985-01-21,2.7410,3.18,3.96,1.64,92.75,1.9613,0.004400,101549.4
1985-01-22,0.3650,2.95,3.17,2.58,93.38,4.0813,0.004466,102287.1
1985-01-23,10.6780,-1.38,1.13,-3.36,63.12,4.2488,0.003106,102626.6
1985-01-24,0.0032,-1.66,-0.48,-3.49,87.00,1.1250,0.002756,102925.6
1985-01-25,0.0000,-0.14,1.49,-2.17,120.62,2.2450,0.003549,102368.2
1985-01-26,0.0000,-0.64,0.76,-1.68,108.38,2.9538,0.003441,102283.8
1985-01-27,0.0659,-0.17,0.57,-1.06,41.12,2.0563,0.003192,103030.1
1985-01-28,0.0000,1.34,4.08,-0.90,96.12,3.1988,0.003160,102726.1
1985-01-29,0.0000,0.46,3.38,-2.39,102.50,2.9650,0.003095,103037.0
1985-01-30,0.0000,0.70,4.07,-2.70,138.00,3.5988,0.002685,102547.6
1985-01-31,0.0000,4.31,9.31,-0.40,97.25,3.7763,0.003767,101691.0
1985-02-01,0.0000,7.12,11.61,2.19,145.62,4.5075,0.003517,101507.0
1985-02-02,0.0000,8.70,15.69,4.50,171.62,4.1450,0.004174,101297.6
1985-02-03,1.0746,10.10,15.07,3.78,129.12,3.7088,0.005109,100876.8
1985-02-04,0.2009,6.49,8.19,4.57,43.25,2.6900,0.005699,100764.2
1985-02-05,0.5627,5.33,5.67,4.63,45.12,2.7437,0.005197,100858.5
1985-02-06,0.7927,6.04,7.56,4.51,45.12,2.3612,0.004975,101394.2
1985-02-07,3.5381,5.47,6.41,4.19,46.62,3.8200,0.004852,101178.2
1985-02-08,1.7831,3.49,4.81,0.46,28.00,2.5650,0.004580,100933.0
1985-02-09,0.0000,4.74,9.72,0.02,136.38,3.5838,0.004634,101244.8
1985-02-10,0.0022,7.34,11.53,1.60,154.00,3.0650,0.004706,101658.9
1985-02-11,0.0464,5.72,8.04,3.07,65.12,3.3075,0.004932,101377.0
1985-02-12,0.0000,9.75,17.28,3.76,176.38,2.7350,0.004770,101361.9
1985-02-13,0.0000,5.98,10.04,2.63,161.12,5.0875,0.004519,101643.0
1985-02-14,0.0032,9.25,13.30,2.56,128.88,2.5025,0.005846,100938.1
1985-02-15,0.0000,5.89,8.51,2.11,41.75,3.8825,0.004731,101455.8
1985-02-16,2.3771,1.63,5.22,-2.58,120.38,6.2125,0.002545,102341.5
1985-02-17,4.5922,-4.12,-3.19,-4.72,37.25,4.9688,0.002319,102596.8
1985-02-18,1.2010,-3.88,-2.80,-5.37,34.38,3.8400,0.002418,102121.4
1985-02-19,1.2863,-3.96,-2.31,-7.31,36.50,1.5200,0.002535,102108.1
1985-02-20,0.0011,-2.48,0.61,-7.12,112.25,1.1738,0.002753,102247.8
1985-02-21,0.0076,-0.17,4.42,-3.73,173.00,2.5862,0.002569,102538.0
1985-02-22,0.0000,-0.59,2.25,-3.18,152.50,3.0038,0.002464,102351.2
1985-02-23,0.0032,2.56,6.24,-2.05,119.62,3.1200,0.003090,102460.5
1985-02-24,0.2927,1.91,3.77,0.09,132.50,5.0512,0.003221,102556.8
1985-02-25,4.5382,1.40,2.83,0.29,40.12,4.2075,0.003645,102475.5
1985-02-26,6.9844,1.14,2.22,0.31,39.25,4.0725,0.003902,102265.9
1985-02-27,0.1339,1.86,2.63,0.44,45.62,1.7400,0.004109,101883.1
1985-02-28,0.0594,3.31,4.24,1.76,60.50,1.4088,0.004388,101441.4
1985-03-01,0.7528,3.91,4.58,3.14,45.50,3.1275,0.004714,101563.4
1985-03-02,0.0821,3.37,4.37,2.13,42.38,2.5150,0.004355,102020.8
1985-03-03,0.0022,3.45,5.34,2.16,55.88,3.0738,0.003734,102300.1
1985-03-04,0.0076,4.31,6.82,2.07,142.00,2.0825,0.004254,102429.9
1985-03-05,0.0000,6.25,10.55,1.78,204.88,3.8000,0.004773,101922.8
1985-03-06,18.0760,3.66,5.25,2.18,48.25,2.0612,0.004657,102084.8
1985-03-07,5.8104,4.06,4.74,2.63,25.62,3.0350,0.004904,102044.6
1985-03-08,9.1876,4.25,5.28,3.10,31.25,2.4337,0.004793,102776.1
1985-03-09,0.7808,4.50,6.12,3.05,118.75,4.1937,0.004147,102934.2
1985-03-10,3.0845,0.35,1.82,-1.95,39.62,3.8638,0.003335,103159.9
1985-03-11,0.0000,2.49,4.73,-0.76,174.12,2.2650,0.003554,102897.5
1985-03-12,0.0000,4.76,7.13,1.17,140.75,2.6512,0.004114,102347.5
1985-03-13,0.0292,4.99,8.32,1.83,103.88,3.0812,0.004030,102905.4
1985-03-14,0.0000,4.53,7.65,0.79,226.12,2.6000,0.003543,103214.0
1985-03-15,0.0000,6.36,9.39,2.68,251.75,3.8300,0.003324,102843.0
1985-03-16,0.0000,6.39,10.02,2.47,164.12,3.1775,0.003994,102296.5
1985-03-17,1.3640,7.89,11.00,2.71,152.00,2.8313,0.005282,102129.2
1985-03-18,1.6114,7.43,9.91,4.04,88.38,2.4350,0.005054,102163.9
1985-03-19,0.3154,8.33,10.83,4.53,170.38,2.9088,0.005182,102151.4
1985-03-20,0.0972,9.69,13.12,5.35,183.00,1.9262,0.005165,102192.1
1985-03-21,0.0000,8.98,13.20,5.26,219.50,1.5400,0.004955,102049.1
1985-03-22,0.0032,11.43,17.02,6.21,207.50,3.2600,0.005885,101535.5
1985-03-23,0.0000,13.07,18.14,7.79,209.00,3.2888,0.006246,101172.8
1985-03-24,12.2526,10.60,11.26,9.03,30.25,2.8438,0.007399,101148.6
1985-03-25,1.4245,10.10,12.98,6.83,146.38,4.1200,0.006134,101661.6
1985-03-26,17.6494,5.42,8.73,3.96,34.38,4.1350,0.005275,100859.4
1985-03-27,0.0162,7.31,9.51,4.39,84.88,2.3100,0.005580,100848.9
1985-03-28,0.3661,8.30,12.11,4.08,104.25,3.3800,0.004954,101970.8
1985-03-29,0.0000,9.21,12.31,4.72,288.50,1.2850,0.003995,102394.2
1985-03-30,0.0000,10.55,15.01,6.51,240.88,3.1000,0.004204,102286.8
1985-03-31,0.0000,11.96,16.92,7.89,284.38,3.5025,0.004770,102361.5
1985-04-01,0.0000,11.19,14.02,8.45,188.75,2.8850,0.005624,101728.4
1985-04-02,0.0032,13.38,17.59,9.59,244.62,3.7100,0.006510,101317.5
1985-04-03,0.0000,12.06,17.79,6.09,246.25,3.9775,0.005745,101538.1
1985-04-04,0.0173,12.57,16.09,7.44,231.75,4.3188,0.006402,101512.8
1985-04-05,3.2562,10.11,12.33,8.38,148.88,3.5387,0.006799,101340.6
1985-04-06,0.0011,9.93,12.67,7.84,158.25,1.7787,0.006939,100966.5
1985-04-07,0.0000,16.23,23.85,8.96,275.38,2.5725,0.008662,100340.5
1985-04-08,0.0000,18.33,24.32,12.77,278.75,3.1238,0.008823,100113.9
1985-04-09,13.3769,17.70,21.54,12.75,233.00,4.3150,0.010399,100173.2
1985-04-10,3.4733,11.83,14.36,6.98,166.38,4.1337,0.008171,100950.5
1985-04-11,0.3402,12.45,17.35,7.51,287.75,2.4250,0.005587,101520.9
1985-04-12,1.6826,13.68,16.30,11.05,142.88,3.2737,0.007614,101244.6
1985-04-13,0.0551,13.62,17.48,10.52,125.88,2.3450,0.007410,101219.9
1985-04-14,0.0065,14.80,19.40,10.96,198.75,1.9500,0.007465,101288.2
1985-04-15,0.0000,16.06,20.23,12.17,202.88,2.0225,0.008499,101356.0
1985-04-16,0.0043,18.38,23.23,14.31,265.75,2.0663,0.008966,101251.5
1985-04-17,0.0032,17.48,22.15,12.41,285.12,2.4700,0.008006,101107.8
1985-04-18,0.0000,20.93,27.32,13.40,269.50,4.5587,0.008787,100304.9
1985-04-19,0.0054,17.89,22.01,14.86,222.75,3.7512,0.008477,101003.5
1985-04-20,0.0000,18.52,23.20,14.30,259.50,3.7525,0.009821,100937.1
1985-04-21,0.0000,20.55,25.32,17.91,191.12,3.2425,0.009780,100663.9
1985-04-22,0.0000,22.37,26.88,18.23,253.62,2.3913,0.011129,100427.0
1985-04-23,0.0562,21.06,26.21,16.60,268.25,3.4812,0.008785,100583.2
1985-04-24,3.8923,22.62,27.82,16.92,237.25,3.4563,0.012579,100136.1
1985-04-25,12.9535,13.96,19.86,11.19,49.50,5.6925,0.009300,100930.1
1985-04-26,0.0000,15.09,20.61,10.73,261.25,3.2787,0.006701,101475.9
1985-04-27,0.0000,18.26,23.03,13.80,281.62,3.9713,0.007453,100994.1
1985-04-28,0.0000,21.07,25.33,17.46,260.88,3.9300,0.009258,100663.9
1985-04-29,0.0000,24.15,30.14,19.38,300.12,4.3350,0.009371,100277.4
1985-04-30,0.0000,25.29,30.54,19.85,283.38,3.5975,0.012416,100227.2
1985-05-01,0.4774,25.52,30.92,21.23,247.88,1.9888,0.014664,100323.2
1985-05-02,16.2454,24.17,28.07,21.68,172.38,2.3550,0.016092,100150.4
1985-05-03,13.4708,22.68,24.04,20.63,112.88,1.8300,0.016429,99794.0
1985-05-04,15.9991,21.26,23.50,19.67,90.62,2.1437,0.014739,99843.8
1985-05-05,18.7056,17.23,19.29,13.97,59.50,4.3612,0.011915,100386.1
1985-05-06,1.8965,15.18,17.35,13.22,83.88,2.2050,0.009707,101299.4
1985-05-07,0.5908,19.87,22.80,17.48,261.25,1.7713,0.010811,101240.1
1985-05-08,1.4796,22.62,26.23,20.21,224.62,1.4025,0.013781,100844.4
1985-05-09,3.5856,21.28,23.53,19.80,85.00,3.1213,0.014585,100617.2
1985-05-10,0.0454,21.38,23.32,20.13,151.12,4.0425,0.014549,100538.2
1985-05-11,4.4064,26.63,30.43,20.57,224.75,2.7800,0.018774,100078.4
1985-05-12,34.0438,23.93,30.25,18.22,162.62,4.7350,0.016211,100065.8
1985-05-13,0.6880,18.19,19.06,16.89,51.12,2.7600,0.012149,100647.0
1985-05-14,23.2924,16.67,18.72,13.89,65.12,3.9763,0.011091,100743.0
1985-05-15,5.6192,15.84,17.48,13.39,60.38,2.8275,0.010478,101345.6
1985-05-16,0.1080,18.23,20.90,16.09,190.62,2.5575,0.010173,101670.5
1985-05-17,3.2357,19.08,21.33,16.74,133.00,2.2962,0.012250,101326.1
1985-05-18,1.0271,18.62,21.25,15.31,177.25,2.6450,0.011696,100960.2
1985-05-19,0.0000,20.67,26.44,15.16,262.88,4.1575,0.011245,100675.5
1985-05-20,0.0000,21.12,26.72,15.23,307.25,1.8275,0.009289,100947.9
1985-05-21,0.0000,20.96,25.09,16.67,273.12,2.1262,0.009539,101114.5
1985-05-22,0.0000,21.76,25.97,17.89,295.75,2.3125,0.010686,100721.6
1985-05-23,0.2592,23.68,28.65,19.50,248.62,1.7525,0.012371,100479.1
1985-05-24,0.0248,25.64,30.84,20.44,279.75,2.4238,0.013006,100342.6
1985-05-25,0.0043,26.84,32.28,21.51,276.50,2.2100,0.013268,100217.2
1985-05-26,39.3595,17.56,19.96,15.56,50.38,4.8800,0.011908,99759.8
1985-05-27,0.0821,17.54,18.62,16.24,155.25,2.7525,0.011449,100105.9
1985-05-28,0.0108,20.91,24.93,18.14,187.62,2.0138,0.011648,100406.8
1985-05-29,0.2149,22.67,25.34,19.69,197.50,2.2600,0.013765,100513.6
1985-05-30,0.0389,23.13,26.44,20.66,114.25,1.6413,0.014189,100405.5
1985-05-31,0.0702,22.52,26.65,19.09,196.25,1.4813,0.014359,100456.4
1985-06-01,0.0043,24.48,29.08,20.10,250.88,3.7950,0.013066,100465.4
1985-06-02,0.4385,25.82,30.58,21.91,258.00,3.1825,0.013255,100443.0
1985-06-03,2.5207,22.23,23.60,20.90,85.88,3.6725,0.014756,100627.6
1985-06-04,1.2917,21.87,24.98,18.70,157.12,4.1613,0.012954,100920.2
1985-06-05,6.8980,21.79,26.11,18.87,187.25,3.6125,0.012515,100646.6
1985-06-06,0.6545,19.83,22.66,17.47,161.88,1.7313,0.012489,100155.5
1985-06-07,0.0000,25.54,30.37,21.69,292.50,4.7763,0.013663,99721.9
1985-06-08,0.0000,27.34,32.02,23.02,278.12,4.5700,0.014261,99638.5
1985-06-09,0.0000,26.41,29.50,23.48,125.00,2.0850,0.016299,99981.4
1985-06-10,0.8748,27.88,31.51,24.53,133.50,1.7887,0.016196,99988.5
1985-06-11,0.8046,24.23,26.48,21.61,48.12,2.5125,0.015265,100205.6
1985-06-12,0.2743,22.90,25.87,18.92,107.00,0.8113,0.014643,100607.8
1985-06-13,0.0000,25.53,30.34,21.89,284.25,2.2450,0.013457,100581.5
1985-06-14,0.0086,27.64,31.98,24.35,213.75,2.0800,0.014913,100322.6
1985-06-15,0.3035,25.46,29.47,21.24,154.12,2.1025,0.014064,100123.4
1985-06-16,7.4326,24.91,31.31,21.47,226.50,2.0775,0.015429,100096.9
1985-06-17,0.1199,25.44,30.36,21.82,243.38,2.3612,0.015398,100139.6
1985-06-18,0.5886,25.65,30.17,21.04,261.00,3.9838,0.015455,100202.4
1985-06-19,0.1512,25.36,29.63,21.71,276.12,4.5612,0.014010,100185.0
1985-06-20,0.0659,26.76,31.01,23.55,261.12,2.5113,0.015106,100052.0
1985-06-21,31.1710,21.90,25.28,17.78,64.38,2.9387,0.014503,100227.0
1985-06-22,28.8468,22.28,23.95,19.65,88.62,2.8688,0.016044,100137.5
1985-06-23,24.4976,19.77,20.75,18.92,59.62,2.6075,0.013342,100181.1
1985-06-24,2.6514,20.53,23.53,18.89,150.00,2.2887,0.013135,100024.6
1985-06-25,0.1566,24.40,28.07,20.68,246.62,2.5050,0.016164,99894.6
1985-06-26,0.0508,25.23,28.81,22.90,276.50,1.8625,0.017889,99639.1
1985-06-27,0.0875,27.59,32.28,23.95,288.38,2.3812,0.018194,99560.5
1985-06-28,0.0259,25.14,28.06,23.00,290.75,3.4837,0.017127,99749.4
1985-06-29,0.1728,25.49,27.90,23.69,224.75,2.6237,0.017217,99880.4
1985-06-30,0.1782,25.53,27.91,23.96,236.38,1.8012,0.017699,100010.2
1985-07-01,0.6966,25.41,26.81,23.74,194.50,1.8875,0.018550,99993.8
1985-07-02,6.0275,22.88,26.19,20.65,173.62,1.8312,0.015901,99935.8
1985-07-03,0.5476,24.81,27.69,21.76,211.62,1.7150,0.017170,99914.1
1985-07-04,4.5544,26.73,31.18,23.29,264.25,2.0600,0.018894,99909.2
1985-07-05,14.6621,25.73,31.45,22.15,241.75,1.8100,0.017776,100052.9
1985-07-06,37.1768,21.82,22.59,20.74,185.25,1.6025,0.015971,100074.9
1985-07-07,12.5464,25.09,26.83,22.03,199.38,1.7175,0.018923,99941.1
1985-07-08,0.2246,29.64,33.43,25.72,266.75,2.3138,0.022990,99726.1
1985-07-09,0.1955,30.51,33.96,28.13,267.62,3.5850,0.021557,99618.9
1985-07-10,0.0000,31.05,33.87,28.88,270.00,5.1363,0.021157,99824.8
1985-07-11,2.7400,29.68,32.89,26.24,263.50,4.8400,0.019263,99760.0
1985-07-12,26.8067,26.71,31.45,23.53,169.62,2.9062,0.019058,99638.2
1985-07-13,0.0000,27.97,31.11,25.13,219.50,2.3612,0.020664,99845.6
1985-07-14,4.9918,28.07,33.37,25.04,224.75,2.5400,0.020808,100068.4
1985-07-15,0.0659,30.72,34.44,27.12,266.88,2.4200,0.021509,100005.9
1985-07-16,6.1344,28.56,33.49,22.96,252.25,2.3463,0.020691,99958.5
1985-07-17,0.0454,26.39,30.31,23.51,272.50,3.1537,0.017791,99816.4
1985-07-18,0.0000,28.30,32.59,24.51,276.38,2.8812,0.019321,99745.9
1985-07-19,0.2938,30.15,34.91,26.73,249.25,2.0813,0.020291,99982.9
1985-07-20,10.5818,25.38,28.07,23.40,188.88,1.9900,0.018774,100358.1
1985-07-21,0.0637,28.30,32.43,25.81,255.62,1.1913,0.020287,100457.6
1985-07-22,2.6136,29.37,34.14,26.37,243.12,1.3100,0.021090,100354.5
1985-07-23,1.9267,29.36,32.00,26.27,252.38,2.0225,0.021086,100121.8
1985-07-24,2.4991,28.07,32.26,23.88,258.75,2.6475,0.019400,99792.9
1985-07-25,6.9995,26.50,30.98,23.74,236.38,1.7825,0.018939,99638.0
1985-07-26,1.2366,27.15,31.71,24.14,246.75,1.5975,0.019076,99722.0
1985-07-27,0.6188,28.30,32.33,24.68,259.50,1.1325,0.019366,100216.4
1985-07-28,0.0281,28.96,32.15,26.02,255.62,1.8738,0.019929,100308.9
1985-07-29,1.7021,29.10,32.72,26.46,219.12,1.6337,0.020334,100159.9
1985-07-30,0.4320,28.46,32.51,25.80,172.88,1.6737,0.020844,100017.9
1985-07-31,0.3964,28.43,32.46,25.12,247.00,2.0925,0.019840,99987.0
1985-08-01,0.2192,28.94,33.04,25.88,299.25,1.4300,0.020404,99930.5
1985-08-02,0.4968,30.61,34.52,26.82,282.12,1.6850,0.021153,99857.8
1985-08-03,1.0357,29.50,35.40,22.38,284.25,3.7225,0.019231,99946.5
1985-08-04,19.6452,28.60,33.27,24.10,266.12,2.3900,0.019669,99951.0
1985-08-05,0.0151,31.14,34.90,27.58,286.25,2.6875,0.021954,99785.9
1985-08-06,0.1285,31.33,35.58,27.59,280.50,2.4850,0.022404,99580.0
1985-08-07,2.1352,29.76,35.36,24.43,281.50,2.1263,0.020921,99677.4
1985-08-08,2.1524,29.51,33.93,26.73,271.00,0.7113,0.020165,99839.9
1985-08-09,4.1202,27.55,34.58,23.82,226.38,1.1550,0.020229,99982.9
1985-08-10,0.8662,27.88,30.94,25.57,190.00,2.1263,0.020588,99925.0
1985-08-11,0.4158,28.30,31.96,24.92,283.12,3.4637,0.020117,99837.5
1985-08-12,0.0000,27.25,31.22,23.99,272.62,2.5250,0.018161,99837.8
1985-08-13,0.0335,25.71,28.28,22.61,127.50,1.9550,0.018244,99807.8
1985-08-14,0.0335,26.56,31.82,22.95,271.88,1.5712,0.017857,99834.6
1985-08-15,0.0022,27.64,32.23,23.48,275.00,0.7650,0.017224,99898.9
1985-08-16,0.0248,29.47,33.23,26.27,248.50,2.2762,0.019302,100050.0
1985-08-17,0.0011,27.72,31.67,24.27,235.38,2.1750,0.019066,100143.9
1985-08-18,0.0000,27.45,31.86,23.45,266.12,3.1000,0.017810,99972.0
1985-08-19,0.0572,27.04,30.52,24.59,187.25,2.1150,0.018334,100067.6
1985-08-20,7.8084,25.99,32.17,21.54,167.50,2.9388,0.018251,100261.8
1985-08-21,17.3480,24.10,25.80,20.98,69.00,1.1925,0.018059,100379.6
1985-08-22,0.5238,27.26,30.98,24.79,180.75,3.3762,0.020180,100373.1
1985-08-23,19.8958,27.08,30.15,25.56,122.12,3.4213,0.020051,100461.5
1985-08-24,2.4311,27.51,30.10,25.87,106.12,3.6437,0.020063,100248.0
1985-08-25,0.1210,27.58,30.43,25.96,93.25,3.2400,0.020632,100114.0
1985-08-26,0.0432,27.81,32.23,24.33,187.50,2.5337,0.020071,100297.6
1985-08-27,0.0000,27.15,31.82,23.32,255.12,2.8600,0.018660,100285.0
1985-08-28,0.0302,25.78,29.39,23.09,178.25,2.9125,0.018120,100436.1
1985-08-29,0.3283,26.28,30.21,24.24,168.38,1.5425,0.018886,100461.6
1985-08-30,0.7312,24.63,29.33,21.67,241.50,3.7738,0.016176,100335.2
1985-08-31,1.4472,21.71,22.73,20.18,157.00,3.7200,0.015500,100441.9
1985-09-01,7.7695,22.01,24.65,19.88,138.75,2.6575,0.014750,100634.0
1985-09-02,3.6212,22.46,27.09,18.25,195.88,1.6912,0.013759,100735.8
1985-09-03,0.0551,24.52,28.67,21.14,196.75,1.6150,0.013984,100871.1
1985-09-04,0.0778,26.56,29.26,24.71,152.12,1.3888,0.018319,100561.6
1985-09-05,3.8923,25.90,29.05,23.91,172.88,2.5875,0.018806,100331.5
1985-09-06,1.2722,26.12,29.13,23.67,122.38,2.1463,0.017653,100465.5
1985-09-07,3.2627,26.46,29.47,24.75,136.50,2.6600,0.019444,100548.1
1985-09-08,0.7312,28.27,32.09,25.57,169.62,2.3913,0.020652,100546.6
1985-09-09,1.1048,23.21,25.59,19.32,140.75,3.8687,0.015568,100992.5
1985-09-10,0.0151,23.56,28.12,19.39,170.38,2.0275,0.015156,101084.8
1985-09-11,1.1610,25.83,29.50,22.01,130.75,1.8050,0.016384,100915.5
1985-09-12,4.4831,22.16,25.24,18.97,114.12,3.6913,0.014280,100963.1
1985-09-13,2.1740,19.77,22.73,16.66,113.62,3.7263,0.012874,101067.6
1985-09-14,0.1706,17.64,18.69,16.34,116.50,2.7987,0.012351,101193.6
1985-09-15,1.2506,17.40,17.80,16.88,168.38,2.4950,0.012011,101297.5
1985-09-16,0.0119,18.61,20.35,17.11,132.62,2.5275,0.012713,101389.0
1985-09-17,0.1404,19.08,21.20,17.18,144.25,2.1925,0.011932,101336.9
1985-09-18,11.0527,18.40,19.58,17.37,82.38,2.6450,0.012431,101154.1
1985-09-19,0.1004,20.09,23.87,17.96,133.62,1.5650,0.012043,101250.4
1985-09-20,0.4903,21.84,24.41,18.69,147.00,1.5312,0.012191,101319.2
1985-09-21,12.1619,18.28,20.01,15.75,16.00,3.5850,0.011701,101662.2
1985-09-22,20.6669,15.76,16.14,14.96,36.38,3.2987,0.010669,101748.8
1985-09-23,0.6761,17.20,20.08,13.79,87.75,2.0025,0.010875,101588.5
1985-09-24,0.0853,17.45,22.22,12.68,133.50,2.1775,0.010011,101833.6
1985-09-25,0.0000,18.81,22.70,15.35,152.75,2.4162,0.010017,101907.9
1985-09-26,0.0000,19.17,22.48,16.92,100.62,3.6575,0.010817,101723.6
1985-09-27,0.0000,17.11,19.51,15.02,51.75,1.5100,0.010911,101619.2
1985-09-28,0.0000,19.19,24.28,14.61,180.38,1.4012,0.010932,101534.8
1985-09-29,0.0000,20.76,25.73,17.69,147.62,1.5963,0.011945,101455.8
1985-09-30,0.0000,18.53,25.07,10.71,169.88,2.8550,0.007037,101752.8
1985-10-01,0.0000,16.11,22.27,10.07,246.75,1.2575,0.007135,102092.2
1985-10-02,0.0000,18.31,23.47,13.14,235.88,2.5500,0.007033,101784.9
1985-10-03,0.0000,18.66,25.41,13.34,220.75,2.7613,0.007884,101357.9
1985-10-04,0.0011,18.72,24.10,13.83,221.38,2.9563,0.009123,101220.2
1985-10-05,0.0000,19.12,25.04,14.54,221.38,1.9050,0.009085,101337.6
1985-10-06,0.0000,21.07,26.89,15.99,223.12,2.6037,0.008910,101074.5
1985-10-07,0.0000,21.84,28.54,16.35,220.50,2.0863,0.010252,100838.6
1985-10-08,0.0011,24.04,30.32,18.56,193.62,2.9162,0.011952,100774.2
1985-10-09,13.8186,24.39,30.91,19.50,146.12,3.0712,0.014191,100851.1
1985-10-10,2.1125,19.66,20.05,18.49,20.62,0.9712,0.013930,100930.5
1985-10-11,15.3835,21.37,23.37,18.06,45.62,2.7462,0.015553,100901.2
1985-10-12,11.7158,12.19,12.79,11.14,17.88,3.9175,0.008171,101578.9
1985-10-13,42.4364,13.92,14.57,12.91,45.12,3.0300,0.009636,101546.2
1985-10-14,9.7762,13.74,14.06,13.11,11.12,3.0400,0.009559,101303.6
1985-10-15,3.1201,14.75,15.49,14.02,28.88,2.5575,0.009899,101360.8
1985-10-16,1.6848,11.66,14.56,8.80,20.38,4.1588,0.006704,102156.0
1985-10-17,9.0029,9.52,9.94,9.00,17.62,3.0000,0.007015,102179.4
1985-10-18,5.5372,9.37,10.04,8.77,16.88,3.2150,0.006875,101979.4
1985-10-19,19.9714,9.83,10.39,8.71,19.12,3.5712,0.007250,102141.8
1985-10-20,0.0000,10.66,11.46,9.17,40.50,1.7637,0.007661,102567.0
1985-10-21,0.0432,12.60,14.27,11.04,91.50,1.0075,0.008346,102424.8
1985-10-22,0.0022,14.74,17.79,12.15,136.62,1.8787,0.008202,102042.5
1985-10-23,3.5500,14.64,17.28,12.83,45.50,2.5312,0.008224,101624.6
1985-10-24,12.1489,13.46,13.92,13.07,31.75,2.6037,0.009288,101547.0
1985-10-25,0.8413,14.03,14.64,13.23,35.00,2.6200,0.009196,101831.4
1985-10-26,2.4959,14.93,15.64,13.46,53.88,2.6775,0.009991,101737.5
1985-10-27,7.3202,15.44,15.94,15.03,46.00,2.3250,0.010576,101431.9
1985-10-28,0.7225,14.81,15.42,13.80,29.12,2.5200,0.010115,101363.8
1985-10-29,0.0184,15.50,18.56,13.48,78.50,1.0462,0.009801,101620.9
1985-10-30,2.0099,16.82,19.26,14.52,64.50,1.8212,0.010340,101723.1
1985-10-31,0.0378,12.17,17.44,6.28,166.38,2.9938,0.006499,102261.6
1985-11-01,0.0000,10.42,14.18,6.93,172.62,2.8012,0.006215,102530.8
1985-11-02,0.0000,11.36,15.08,8.57,143.62,3.5425,0.006789,102419.8
1985-11-03,0.0000,13.62,18.85,9.07,142.38,1.3225,0.007402,102256.6
1985-11-04,3.1936,13.19,15.03,11.66,34.75,0.9237,0.008271,102036.5
1985-11-05,0.1091,12.38,15.31,8.31,77.25,0.8600,0.007839,101732.5
1985-11-06,0.0194,12.97,17.48,9.18,119.50,1.6137,0.007621,101751.1
1985-11-07,3.5964,12.29,15.48,7.58,87.62,3.8163,0.007674,101867.1
1985-11-08,0.1318,6.07,9.09,2.18,106.00,4.1212,0.003954,102309.1
1985-11-09,0.0000,6.50,10.00,2.86,176.25,3.2488,0.003875,101783.6
1985-11-10,0.0000,10.66,15.28,6.65,161.25,3.5575,0.005154,101296.5
1985-11-11,0.0000,7.15,10.62,4.20,155.12,2.7513,0.004415,101856.2
1985-11-12,0.0000,11.03,16.47,5.72,161.75,2.4050,0.004889,101888.2
1985-11-13,0.0000,10.73,17.24,5.63,156.38,2.0700,0.005094,101958.6
1985-11-14,0.0022,12.95,18.52,7.99,135.12,2.1012,0.005731,101885.1
1985-11-15,0.2106,13.12,18.90,9.18,118.50,2.3450,0.006750,101825.4
1985-11-16,0.0011,9.40,15.27,4.78,120.62,3.2075,0.004099,102128.1
1985-11-17,0.0000,8.33,13.43,4.19,154.12,2.2325,0.003659,101955.4
1985-11-18,0.0000,13.03,17.98,5.78,138.12,4.0475,0.005470,101268.8
1985-11-19,0.0000,11.74,17.13,7.63,151.25,2.9887,0.004396,101384.0
1985-11-20,0.9320,14.87,20.00,7.93,141.88,3.1050,0.006631,100978.0
1985-11-21,3.5716,14.61,15.24,14.14,20.62,1.2912,0.009378,100691.9
1985-11-22,2.8750,12.22,15.91,7.68,42.25,4.2225,0.007946,101437.0
1985-11-23,9.0169,5.99,6.70,4.28,44.00,3.1600,0.005234,102359.6
1985-11-24,0.4320,6.80,11.37,3.49,146.12,2.0200,0.004339,102431.4
1985-11-25,0.0000,9.96,14.97,4.34,145.75,2.7925,0.005401,101817.8
1985-11-26,0.0000,10.90,13.58,8.82,65.25,0.5938,0.006499,101653.5
1985-11-27,0.0022,8.47,9.63,6.32,19.25,2.9837,0.006066,102032.0
1985-11-28,0.0000,6.40,10.26,3.09,95.25,2.3850,0.003936,102813.0
1985-11-29,0.0000,6.11,9.77,2.95,119.25,2.7150,0.004021,102752.8
1985-11-30,0.0000,5.51,8.35,1.86,135.38,2.8888,0.003109,102365.5
1985-12-01,0.0000,6.45,11.75,2.47,141.50,4.0338,0.002833,102435.4
1985-12-02,0.0011,7.56,13.29,1.80,140.88,3.8650,0.003624,102027.1
1985-12-03,0.0000,10.39,15.53,5.96,99.00,3.2613,0.004986,101675.8
1985-12-04,0.0000,10.57,16.18,5.37,129.12,1.5700,0.005356,101826.6
1985-12-05,1.3943,8.43,13.27,4.69,72.50,3.2638,0.004844,101944.9
1985-12-06,0.8996,4.43,5.38,1.99,20.00,4.1762,0.004763,102181.6
1985-12-07,0.9299,-3.61,-1.19,-5.89,18.62,5.1713,0.002174,102878.6
1985-12-08,0.0983,-5.06,-2.86,-6.68,65.00,2.6988,0.001426,102780.5
1985-12-09,0.0000,-3.64,-2.14,-5.74,35.00,2.7737,0.001516,102732.9
1985-12-10,0.0108,-3.67,-1.92,-5.59,46.25,1.8963,0.001581,102820.0
1985-12-11,0.0000,-1.33,2.58,-4.89,135.12,2.0700,0.002031,102705.9
1985-12-12,0.0000,1.84,7.22,-2.62,134.38,4.6137,0.002498,102156.2
1985-12-13,0.0000,3.40,8.56,-0.42,92.12,4.1313,0.002836,102160.8
1985-12-14,0.0000,1.73,6.93,-2.25,130.12,6.5475,0.001631,102901.8
1985-12-15,0.0000,0.34,5.07,-2.81,141.62,3.6075,0.001398,102740.6
1985-12-16,0.0000,1.63,8.64,-3.42,148.75,2.5363,0.001721,102393.9
1985-12-17,0.0000,2.20,6.41,-2.36,124.50,3.8250,0.002305,102236.2
1985-12-18,0.0000,0.99,6.07,-3.56,116.00,1.6437,0.002309,102650.1
1985-12-19,0.0000,0.99,4.80,-4.35,121.38,2.3025,0.002255,102997.6
1985-12-20,0.5454,0.85,2.21,0.06,40.25,2.6888,0.003195,103034.1
1985-12-21,0.3089,0.94,1.73,-1.21,41.88,1.9400,0.003450,102846.4
1985-12-22,0.0000,2.02,7.42,-2.99,102.88,2.2500,0.003591,102835.0
1985-12-23,0.0011,-0.04,1.05,-1.35,55.12,2.8488,0.003631,102989.5
1985-12-24,0.0000,2.20,7.58,-2.09,96.38,2.5350,0.003721,102359.9
1985-12-25,0.0000,2.48,6.78,-2.77,88.12,2.2975,0.003638,102488.5
1985-12-26,0.0162,1.91,3.51,-0.11,36.62,0.4313,0.004031,102261.9
1985-12-27,0.0529,1.98,3.47,-0.69,53.50,2.1737,0.004093,102253.8
1985-12-28,0.1469,4.00,4.99,2.81,35.62,1.4275,0.004522,101881.8
1985-12-29,9.3485,2.45,4.80,0.29,23.12,3.8438,0.004290,101764.1
1985-12-30,0.0032,2.66,5.99,0.55,102.88,2.4125,0.003921,102276.2
1985-12-31,0.0000,3.26,8.62,-0.43,134.62,3.4338,0.003271,102379.5
1986-01-01,0.0000,1.82,7.01,-1.21,141.62,2.5062,0.003036,102303.9
1986-01-02,0.0065,5.05,9.70,-0.96,119.00,3.1437,0.003760,102042.5
1986-01-03,0.0000,3.19,9.70,-4.63,135.25,4.5475,0.002516,102460.9
1986-01-04,0.0000,-4.42,-0.92,-7.88,142.62,2.1250,0.001158,103200.5
1986-01-05,0.0000,-1.47,2.83,-7.11,146.12,2.5187,0.001546,102663.5
1986-01-06,0.0000,3.47,7.94,-2.41,125.88,5.0262,0.002539,101837.8
1986-01-07,0.0000,3.59,10.73,-2.11,132.38,5.0925,0.002186,102343.8
1986-01-08,0.0000,3.21,7.67,-2.34,124.25,2.4425,0.002286,102629.1
1986-01-09,0.0000,4.64,10.93,-1.37,133.25,2.5013,0.002584,102698.5
1986-01-10,0.0000,2.05,6.38,-2.12,123.25,4.4212,0.002866,102615.8
1986-01-11,0.0000,3.98,8.26,-1.11,111.38,2.8488,0.003452,102297.8
1986-01-12,0.0000,2.83,8.52,-2.59,123.62,3.2162,0.003127,102656.2
1986-01-13,0.0745,0.25,2.23,-3.68,50.75,2.2213,0.002211,102747.2
1986-01-14,0.4579,-0.07,1.43,-2.27,31.75,1.7013,0.003208,102104.8
1986-01-15,0.0000,2.73,9.02,-3.15,139.75,5.6412,0.003383,101739.2
1986-01-16,0.4061,7.25,11.03,-0.06,93.88,2.4513,0.004201,101486.8
1986-01-17,8.5363,4.89,5.49,4.59,19.25,2.7800,0.004978,101497.6
1986-01-18,0.0680,6.05,7.24,4.95,37.25,1.9412,0.005182,102059.6
1986-01-19,0.0799,6.60,7.55,5.23,35.75,2.2025,0.005428,102039.6
1986-01-20,0.1231,5.73,7.41,2.92,25.50,2.2538,0.005065,102371.0
1986-01-21,0.3229,-0.41,1.80,-2.76,21.75,3.6163,0.003412,103017.8
1986-01-22,0.0000,-0.55,1.66,-3.31,132.38,2.4525,0.002427,102652.5
1986-01-23,0.0000,3.35,8.05,-0.39,156.50,2.3837,0.003272,102156.9
1986-01-24,0.0108,3.10,5.67,-1.56,98.75,1.5162,0.003200,102640.6
1986-01-25,0.0000,3.83,8.21,0.64,89.38,1.7238,0.003152,102625.8
1986-01-26,0.0000,3.69,9.75,-0.43,157.62,3.0100,0.002803,102597.8
1986-01-27,0.0000,4.00,9.02,-1.48,145.62,3.4763,0.002637,102360.1
1986-01-28,0.0000,6.44,12.00,1.27,111.38,2.3338,0.003304,101848.8
1986-01-29,0.0032,9.48,14.89,2.74,124.62,2.0113,0.004157,101478.0
1986-01-30,0.1436,5.96,8.98,1.69,57.25,4.1825,0.003572,101965.4
1986-01-31,0.1166,2.68,4.69,0.51,80.50,2.9688,0.002825,102300.8
1986-02-01,0.0000,3.40,7.45,-0.11,115.25,3.4600,0.003490,101955.8
1986-02-02,0.0000,4.17,10.21,-1.16,142.25,3.3387,0.003358,102165.4
1986-02-03,0.0011,0.74,4.01,-2.04,126.38,2.6988,0.002236,102661.9
1986-02-04,0.0065,1.86,4.50,-2.06,87.38,4.3362,0.001779,102210.8
1986-02-05,0.0000,0.81,5.93,-3.00,143.50,2.4963,0.001992,102645.9
1986-02-06,0.0000,1.22,5.47,-3.59,148.25,2.3563,0.001434,102753.5
1986-02-07,0.0000,1.74,6.69,-3.22,146.62,2.0338,0.001860,102600.4
1986-02-08,0.0000,4.42,9.56,-3.27,147.25,3.0988,0.001689,102492.5
1986-02-09,0.0367,4.55,8.39,0.66,118.50,2.3325,0.002334,102522.4
1986-02-10,0.3596,3.58,10.37,-3.06,118.38,2.8875,0.002641,102351.4
1986-02-11,0.0000,4.97,10.83,-2.56,172.00,3.5675,0.002609,102073.4
1986-02-12,1.0519,8.35,13.35,1.98,94.75,2.5825,0.004389,101235.9
1986-02-13,0.0054,7.74,14.28,2.40,160.38,2.8325,0.004186,101152.0
1986-02-14,0.0378,6.95,13.06,1.19,124.38,4.1438,0.004516,101956.5
1986-02-15,0.0108,3.75,7.31,-0.80,182.00,5.7137,0.002014,102412.9
1986-02-16,3.6547,0.74,1.05,0.38,88.25,3.7450,0.003744,101851.6
1986-02-17,0.0119,1.58,4.25,-1.93,101.00,2.6037,0.003916,101875.9
1986-02-18,0.0000,4.07,8.22,-1.88,160.25,1.9475,0.003649,101822.6
1986-02-19,0.0594,6.84,10.81,1.57,150.38,2.5412,0.004100,102146.8
1986-02-20,0.0864,2.56,5.82,-0.09,120.62,3.2300,0.003535,102921.4
1986-02-21,0.0000,3.95,9.38,-0.84,195.88,1.8812,0.002311,102389.2
1986-02-22,0.0000,7.15,12.03,0.26,173.25,3.6850,0.002389,101820.8
1986-02-23,0.0097,8.85,15.24,1.33,186.50,3.3975,0.002609,101817.5
1986-02-24,0.0000,7.13,12.55,1.04,183.25,4.1275,0.003417,102184.8
1986-02-25,0.0000,8.26,13.97,1.97,162.38,3.4062,0.003191,102096.0
1986-02-26,0.0659,-0.03,2.56,-3.60,103.00,3.6763,0.002109,103100.8
1986-02-27,0.0000,0.18,4.26,-3.20,189.00,2.6638,0.000999,103293.5
1986-02-28,0.0000,1.14,4.54,-3.44,195.50,2.1925,0.001415,103297.6
1986-03-01,0.0000,3.22,7.87,-0.25,214.88,6.2950,0.001000,102832.6
1986-03-02,0.0000,5.07,11.25,0.25,225.75,4.7925,0.001758,102554.5
1986-03-03,0.0000,10.03,16.32,3.38,229.38,5.0312,0.002540,102158.6
1986-03-04,0.0000,12.20,19.05,7.22,229.12,4.8150,0.003359,101872.4
1986-03-05,0.0022,13.80,20.71,7.25,231.12,3.7600,0.003975,101920.1
1986-03-06,0.0000,14.85,22.23,7.78,229.12,2.3000,0.004356,101953.6
1986-03-07,0.0000,15.39,22.80,8.81,222.88,4.1588,0.004578,101791.1
1986-03-08,2.9592,9.81,15.66,5.86,72.00,4.6762,0.005538,101781.8
1986-03-09,0.0000,6.45,9.55,3.49,132.38,3.0700,0.003679,102118.8
1986-03-10,0.0000,6.36,9.35,3.90,142.25,4.1075,0.004262,101444.4
1986-03-11,0.0000,10.93,17.13,4.31,134.88,2.9862,0.005351,101017.1
1986-03-12,6.2683,16.81,22.20,8.87,169.50,2.4913,0.007990,100599.0
1986-03-13,3.1352,9.80,12.33,8.89,39.00,4.1187,0.007225,100888.0
1986-03-14,0.0270,10.12,11.30,8.53,82.25,2.4100,0.007041,100817.5
1986-03-15,0.5897,7.50,9.29,5.89,35.25,3.6062,0.004951,101486.1
1986-03-16,8.8657,6.27,8.81,3.86,176.38,5.8550,0.004083,101732.0
1986-03-17,11.7040,2.67,3.57,1.79,27.25,5.0275,0.004356,101032.6
1986-03-18,0.0108,5.16,7.80,1.90,153.88,3.3088,0.004562,101033.2
1986-03-19,0.2171,10.00,14.09,4.94,212.50,2.7825,0.005232,101058.2
1986-03-20,1.9202,6.81,8.39,5.48,39.50,4.2537,0.004891,101271.8
1986-03-21,0.0335,5.48,7.53,2.39,50.50,1.9837,0.004899,101750.2
1986-03-22,0.0000,8.77,12.69,4.28,229.25,1.9262,0.004637,101782.0
1986-03-23,0.0000,10.94,14.73,7.36,187.75,3.2538,0.005147,101729.0
1986-03-24,0.0000,12.60,17.07,8.08,216.12,4.0712,0.005136,101555.4
1986-03-25,0.0000,11.09,14.41,8.04,153.88,2.7562,0.006107,101548.6
1986-03-26,0.0065,12.65,17.04,8.79,166.75,3.8537,0.006837,101486.0
1986-03-27,2.4894,11.45,12.72,10.18,137.75,2.3275,0.007161,101229.0
1986-03-28,0.7668,12.99,17.36,9.86,224.62,2.4900,0.007390,100915.6
1986-03-29,0.8273,11.10,15.38,8.45,160.50,2.9488,0.006186,101258.0
1986-03-30,0.0000,11.42,16.34,7.32,262.38,1.7150,0.005055,101659.8
1986-03-31,0.0000,13.14,17.53,8.66,267.88,2.4475,0.004508,101480.8
1986-04-01,1.2204,13.77,17.47,10.26,147.50,1.8712,0.006373,101192.8
1986-04-02,0.8478,10.67,11.70,9.75,141.12,2.3375,0.007514,101178.6
1986-04-03,0.3380,13.90,18.24,10.18,204.00,1.6200,0.007298,101355.0
1986-04-04,0.0011,16.44,20.22,12.51,190.75,2.6325,0.007369,101500.1
1986-04-05,0.0000,14.14,17.52,10.36,177.75,2.2337,0.007119,101723.6
1986-04-06,0.0000,18.03,23.34,13.47,231.75,1.8012,0.006740,101774.5
1986-04-07,0.3089,14.58,16.51,13.39,139.88,3.1762,0.007933,101357.2
1986-04-08,0.0086,17.02,21.14,13.93,233.00,2.8400,0.008994,100816.5
1986-04-09,0.0292,17.21,20.99,13.93,169.00,2.7550,0.010469,100437.5
1986-04-10,0.5713,14.25,19.83,7.93,166.62,3.6825,0.008307,101303.9
1986-04-11,0.1134,14.44,18.00,9.74,251.75,3.8937,0.004843,101956.6
1986-04-12,0.1210,15.83,20.77,12.65,172.88,3.0275,0.006925,101301.5
1986-04-13,0.0108,16.90,21.00,13.78,184.62,2.2850,0.008041,101104.9
1986-04-14,0.0950,17.21,23.02,11.92,191.25,2.9975,0.006994,101114.8
1986-04-15,0.0032,17.67,22.60,12.69,261.75,3.7175,0.007574,101730.2
1986-04-16,0.0000,17.40,22.20,13.69,227.38,3.9313,0.007812,101102.8
1986-04-17,0.0011,16.76,21.29,12.01,202.12,2.0038,0.008240,100614.5
1986-04-18,0.0000,19.44,25.39,13.19,255.00,2.5338,0.009112,100485.5
1986-04-19,0.0086,21.44,27.69,15.11,236.12,3.8400,0.009080,100824.5
1986-04-20,0.0000,15.24,17.86,13.05,178.25,4.8588,0.004242,101459.5
1986-04-21,0.0000,13.46,17.99,9.60,193.50,2.1762,0.006223,101220.0
1986-04-22,0.0000,18.99,24.55,14.59,277.62,3.2250,0.005144,100906.6
1986-04-23,0.0000,23.69,30.27,18.46,279.50,3.8438,0.008584,100060.4
1986-04-24,2.8296,24.25,31.41,16.63,239.75,3.4575,0.010825,100354.8
1986-04-25,10.1876,13.58,15.13,12.62,49.25,3.3350,0.008326,100960.4
1986-04-26,7.9326,11.88,13.03,10.47,59.62,2.6988,0.007772,101160.2
1986-04-27,1.6470,12.96,14.85,11.28,82.75,1.3425,0.008170,101349.2
1986-04-28,0.5249,16.07,18.47,14.28,171.00,0.9650,0.008274,101429.0
1986-04-29,4.0198,13.68,15.59,12.00,68.38,3.1850,0.008291,101377.9
1986-04-30,6.2100,11.69,12.94,9.96,41.25,2.5775,0.007833,101356.0
1986-05-01,0.7430,13.54,15.74,11.38,189.88,1.4137,0.007816,101458.9
1986-05-02,0.1242,13.61,16.99,10.03,173.62,2.8212,0.007941,101429.1
1986-05-03,0.0000,15.52,20.16,12.67,264.88,1.6662,0.008297,101347.8
1986-05-04,0.0000,18.79,22.67,15.05,280.62,1.8388,0.009409,101110.9
1986-05-05,0.0130,20.90,25.41,16.84,289.12,2.1300,0.010636,100832.1
1986-05-06,0.0000,22.84,27.94,18.81,307.88,4.0212,0.010763,100551.9
1986-05-07,0.0000,24.39,29.73,20.55,307.38,5.9713,0.009264,100170.2
1986-05-08,0.0000,25.71,30.60,21.26,297.50,6.4187,0.011253,99885.9
1986-05-09,0.0000,20.22,23.70,15.59,268.38,6.0700,0.009487,100430.6
1986-05-10,0.4169,21.79,28.59,16.65,269.38,2.7550,0.011194,100325.0
1986-05-11,0.0626,23.15,27.64,18.92,260.75,4.1187,0.011884,100338.9
1986-05-12,17.0003,24.57,30.82,20.51,213.25,3.1600,0.014416,100073.2
1986-05-13,2.0326,23.42,29.67,17.51,259.12,1.9950,0.013080,100251.5
1986-05-14,0.0000,23.41,30.09,17.73,321.25,2.3612,0.011350,100372.2
1986-05-15,0.0000,26.51,32.18,19.89,316.00,3.0225,0.010549,100394.0
1986-05-16,0.0000,27.75,34.25,22.02,322.75,2.9313,0.011933,100279.9
1986-05-17,0.0076,28.94,34.78,23.68,307.12,2.6200,0.011899,100057.4
1986-05-18,9.0871,24.44,30.34,16.99,234.62,3.0875,0.013312,100081.0
1986-05-19,30.3696,17.83,18.73,16.81,39.62,3.2013,0.012176,100621.4
1986-05-20,2.1265,18.37,20.43,16.25,117.62,2.3612,0.010777,101001.8
1986-05-21,0.0205,21.64,26.19,17.10,305.25,2.6063,0.010759,101005.6
1986-05-22,0.0000,22.19,27.52,17.13,335.12,3.7387,0.008880,100867.9
1986-05-23,0.0000,23.74,28.42,19.92,341.00,2.0175,0.010366,100410.5
1986-05-24,0.0000,26.74,32.26,21.63,310.88,2.3900,0.012460,100268.0
1986-05-25,0.6826,22.47,27.97,16.26,274.75,4.3312,0.011186,100623.0
1986-05-26,2.9344,17.29,18.76,14.70,72.00,1.7463,0.010520,100859.5
1986-05-27,11.4091,19.90,22.94,17.95,95.12,2.1925,0.012128,100729.0
1986-05-28,1.8068,19.59,21.51,18.23,72.88,1.7800,0.013372,100289.4
1986-05-29,0.0054,24.69,30.18,19.43,293.75,2.1675,0.013484,100082.1
1986-05-30,0.0032,27.64,32.25,23.37,319.50,2.8550,0.013080,100024.2
1986-05-31,0.6750,28.65,34.15,22.93,293.50,2.4612,0.014386,99983.2
1986-06-01,1.7204,27.44,31.65,23.99,290.38,1.9963,0.016006,100059.9
1986-06-02,1.4990,28.94,34.27,24.70,269.00,2.3925,0.015679,99945.6
1986-06-03,0.0292,29.55,35.12,24.29,271.00,3.0975,0.015706,99998.9
1986-06-04,0.0292,26.66,30.61,23.18,229.75,4.1525,0.013864,100304.4
1986-06-05,0.0216,25.69,29.89,22.35,222.62,3.5512,0.013439,100526.5
1986-06-06,0.0000,26.19,30.57,21.07,307.12,2.4313,0.011282,100604.1
1986-06-07,0.0000,26.10,30.82,20.82,305.62,3.2638,0.011226,100648.1
1986-06-08,0.0000,25.85,29.73,21.55,320.12,3.5425,0.011219,100486.9
1986-06-09,0.4752,26.22,31.81,22.13,218.12,2.5437,0.014000,100201.2
1986-06-10,1.8965,24.24,26.86,21.23,109.25,3.0000,0.015096,100240.0
1986-06-11,56.8264,20.09,22.33,17.22,57.00,4.0225,0.014141,100162.4
1986-06-12,0.2074,19.95,22.35,18.47,62.12,5.1537,0.012801,100256.8
1986-06-13,0.0097,20.03,20.87,18.54,75.38,3.2875,0.012894,100597.0
1986-06-14,3.8189,22.40,24.50,20.49,102.00,1.5938,0.013945,100394.4
1986-06-15,38.3702,19.79,20.79,18.91,49.62,1.6575,0.013754,99950.9
1986-06-16,0.0032,23.47,26.95,20.38,274.12,1.3175,0.014761,99861.4
1986-06-17,0.0022,26.65,30.90,22.81,312.38,2.2463,0.015302,100084.5
1986-06-18,0.0000,26.98,31.70,22.58,295.38,2.6163,0.016001,100177.8
1986-06-19,0.0011,26.93,31.16,23.53,215.88,1.5200,0.016260,100079.9
1986-06-20,0.0000,26.28,28.56,23.47,202.50,1.9412,0.017080,100056.1
1986-06-21,0.2614,23.01,25.57,20.93,75.38,1.7375,0.014717,100097.4
1986-06-22,0.1253,25.35,28.49,23.00,276.38,2.3762,0.016073,100103.1
1986-06-23,1.6157,23.59,25.41,22.45,122.25,3.2375,0.016717,100121.4
1986-06-24,0.4439,26.27,30.63,23.49,257.25,1.7188,0.018014,99983.0
1986-06-25,0.0000,28.81,32.00,25.72,304.12,2.0863,0.018791,99878.2
1986-06-26,0.5162,30.69,35.19,27.31,308.12,3.0613,0.019740,99447.4
1986-06-27,7.8462,29.64,33.15,26.57,267.75,4.0125,0.021034,99252.6
1986-06-28,13.8434,27.94,30.83,26.01,194.25,4.1438,0.020434,99360.5
1986-06-29,0.3748,27.92,29.99,25.62,187.75,2.2737,0.020987,99659.4
1986-06-30,0.3564,29.07,31.76,26.33,180.88,2.1875,0.021675,99898.5
1986-07-01,0.2171,28.62,31.95,24.83,227.50,3.5013,0.018732,100103.9
1986-07-02,1.6978,24.05,25.92,22.14,101.25,2.8637,0.014130,100221.6
1986-07-03,7.1075,21.12,23.21,18.60,77.00,1.6550,0.013965,100182.1
1986-07-04,8.0158,20.31,21.30,18.92,75.12,2.6063,0.014415,100133.9
1986-07-05,0.0248,22.49,25.15,20.24,155.12,1.8963,0.014847,100276.4
1986-07-06,0.0324,24.59,27.92,21.93,260.75,2.5037,0.016120,100146.0
1986-07-07,0.1447,26.30,30.65,23.04,258.50,1.4650,0.016814,100303.5
1986-07-08,0.0000,27.15,31.47,23.51,287.12,1.7387,0.018353,100335.1
1986-07-09,0.0000,27.75,30.41,25.58,287.50,3.0600,0.017939,100314.6
1986-07-10,6.6668,23.62,26.13,21.31,67.62,3.1025,0.016884,100347.1
1986-07-11,0.0238,24.18,27.41,21.80,140.00,2.6137,0.016304,100342.6
1986-07-12,0.0151,27.12,30.54,23.25,264.62,3.5475,0.018543,100359.1
1986-07-13,0.3078,29.92,34.10,26.80,261.88,2.4288,0.020170,100014.1
1986-07-14,0.8932,29.25,31.64,27.35,219.75,5.2075,0.020005,99787.9
1986-07-15,40.6728,25.92,27.79,23.40,123.00,4.2100,0.019242,99753.1
1986-07-16,16.1309,23.36,24.92,22.10,59.62,2.2188,0.017119,99877.6
1986-07-17,16.1978,23.83,25.97,22.28,93.50,2.6163,0.017703,99840.0
1986-07-18,0.0248,25.40,28.94,22.95,222.25,2.3063,0.017413,100006.6
1986-07-19,2.2658,25.01,26.36,23.86,117.62,2.5000,0.017619,100254.8
1986-07-20,5.9681,23.39,25.02,22.85,59.12,2.5987,0.017169,100396.1
1986-07-21,7.1237,25.15,26.54,23.79,121.50,2.5075,0.018388,100348.6
1986-07-22,3.0726,25.89,27.72,23.89,133.50,3.2063,0.019099,100216.2
1986-07-23,0.2840,27.84,30.18,25.94,253.75,4.4575,0.019545,100201.2
1986-07-24,4.2962,28.57,31.94,26.39,195.00,3.9425,0.019680,100148.4
1986-07-25,8.3020,27.59,32.22,24.39,273.88,4.0387,0.018633,100042.6
1986-07-26,0.4374,29.00,31.68,26.17,251.38,4.8687,0.018771,100191.9
1986-07-27,6.1139,26.70,31.19,22.44,242.62,2.6150,0.018906,100312.2
1986-07-28,1.4396,30.12,33.53,26.77,287.50,2.8625,0.020310,100225.1
1986-07-29,0.0000,30.44,34.11,27.26,289.38,4.4738,0.019299,100099.6
1986-07-30,0.8986,29.45,34.04,24.38,262.50,3.3613,0.019508,100166.5
1986-07-31,5.1764,25.03,26.85,23.31,111.25,3.2125,0.018170,100272.9
1986-08-01,0.0011,26.95,30.54,23.52,229.88,2.0287,0.017254,100401.1
1986-08-02,0.8413,26.92,31.12,23.53,280.50,3.0025,0.016759,100505.8
1986-08-03,3.4960,25.45,28.19,23.17,161.12,1.9787,0.017974,100356.4
1986-08-04,2.0725,25.99,30.73,22.96,224.75,1.4075,0.017947,100032.0
1986-08-05,5.5588,24.80,31.70,21.08,246.00,2.7450,0.016277,99942.5
1986-08-06,7.8948,23.28,27.28,21.06,285.25,2.1775,0.015893,100365.2
1986-08-07,0.3748,25.61,29.83,22.40,271.88,1.4325,0.016736,100543.1
1986-08-08,0.0032,27.74,31.69,24.47,271.12,2.0812,0.017986,100386.2
1986-08-09,0.1134,29.47,33.80,26.26,277.12,2.3488,0.019961,100120.9
1986-08-10,0.0594,30.80,34.90,26.97,278.38,2.0700,0.021015,100227.1
1986-08-11,0.0022,31.40,35.86,27.48,271.75,2.5262,0.020762,100236.2
1986-08-12,0.0000,29.45,33.76,25.33,292.88,5.1175,0.017696,99936.0
1986-08-13,0.0324,30.26,33.73,27.26,274.50,2.3150,0.020349,99983.5
1986-08-14,0.0000,30.90,35.44,27.75,265.00,2.7375,0.020503,100091.6
1986-08-15,0.8186,26.42,31.26,22.67,161.38,3.2962,0.018760,100460.2
1986-08-16,0.2333,24.91,28.21,22.60,195.50,2.2475,0.016639,100465.9
1986-08-17,0.0194,27.84,32.18,24.44,263.75,1.8975,0.016617,100260.5
1986-08-18,0.2560,29.50,33.72,24.73,246.12,1.9763,0.020356,100113.0
1986-08-19,0.9061,24.17,27.19,21.07,188.25,2.6962,0.016099,100270.4
1986-08-20,0.0184,25.64,30.48,21.91,286.38,1.5687,0.015407,100052.5
1986-08-21,0.2689,26.09,31.05,20.81,245.12,2.5275,0.014853,100153.1
1986-08-22,0.0011,25.34,30.59,19.67,280.62,2.4150,0.012284,100586.6
1986-08-23,0.0000,25.72,30.10,21.22,289.75,2.3038,0.012530,100733.0
1986-08-24,0.0000,26.24,30.39,22.52,208.50,1.6850,0.013544,100720.5
1986-08-25,0.0086,24.44,28.00,21.53,93.12,2.1163,0.014669,100757.5
1986-08-26,0.1015,25.45,29.46,21.99,239.38,2.4862,0.014166,100427.1
1986-08-27,0.1102,25.28,30.45,20.02,201.12,2.9000,0.013659,100100.8
1986-08-28,0.0000,25.41,32.50,20.37,283.12,2.2400,0.011925,100230.0
1986-08-29,0.0000,27.76,33.59,22.24,280.88,2.5325,0.011908,100200.2
1986-08-30,0.0000,28.60,33.94,24.01,226.62,1.5662,0.013626,100087.6
1986-08-31,0.0022,28.30,33.39,23.45,230.88,2.3575,0.015930,100151.4
1986-09-01,0.9526,25.37,30.43,21.41,218.50,1.9525,0.017012,100229.8
1986-09-02,0.0000,26.66,33.82,20.43,274.38,3.0450,0.012501,100221.0
1986-09-03,0.0000,27.21,34.41,22.39,274.38,2.2213,0.010862,100427.9
1986-09-04,0.0011,24.81,28.26,21.75,100.88,1.6175,0.012888,100767.8
1986-09-05,0.0184,26.22,30.74,22.56,172.88,2.8200,0.014837,101028.6
1986-09-06,27.8996,25.21,28.51,23.46,104.25,3.0638,0.016658,101015.4
1986-09-07,31.7812,24.06,24.87,23.36,49.50,1.8288,0.018220,100737.4
1986-09-08,37.5829,25.60,28.72,23.20,178.88,2.1925,0.018819,100412.6
1986-09-09,10.4058,20.93,22.43,18.08,38.12,3.4637,0.014268,100738.0
1986-09-10,12.4340,18.53,19.04,17.99,25.62,2.4625,0.012826,101093.6
1986-09-11,1.6416,21.23,23.60,18.61,134.00,1.6825,0.013467,101081.0
1986-09-12,2.2907,21.04,23.27,18.18,57.38,1.9175,0.012639,101161.1
1986-09-13,0.0194,22.09,25.92,18.64,218.88,1.9075,0.012606,101084.2
1986-09-14,0.0022,21.96,25.66,18.93,215.75,2.7787,0.013005,101126.4
1986-09-15,0.0000,22.29,26.48,19.47,193.88,2.4962,0.011714,101097.4
1986-09-16,0.0022,22.46,28.16,15.82,216.25,2.5275,0.010566,101218.5
1986-09-17,0.0000,20.00,24.34,16.41,266.75,2.2275,0.008652,101330.8
1986-09-18,0.0000,21.40,26.30,16.99,261.75,1.4338,0.009535,101228.6
1986-09-19,0.0000,22.03,28.13,17.60,248.88,1.4275,0.010551,100921.8
1986-09-20,0.0238,22.27,27.96,16.56,223.38,2.0063,0.010035,100972.8
1986-09-21,0.0011,20.47,26.20,16.69,244.38,1.9037,0.009515,101346.2
1986-09-22,0.0000,23.73,29.52,18.92,252.88,2.8688,0.008596,101204.2
1986-09-23,0.0000,25.04,32.64,18.33,245.38,2.6525,0.010233,101271.9
1986-09-24,0.0000,24.76,31.46,19.48,236.25,2.0938,0.011639,101349.9
1986-09-25,0.0011,25.05,31.54,19.87,181.50,2.3775,0.011095,101215.5
1986-09-26,0.0000,24.80,30.25,20.53,134.00,1.6300,0.012436,101193.0
1986-09-27,4.3384,23.23,29.22,19.23,205.75,3.5963,0.011817,101580.6
1986-09-28,5.9875,17.41,22.40,14.24,131.25,2.8713,0.010242,101430.4
1986-09-29,0.6934,14.29,17.05,10.92,46.38,2.8375,0.008734,101580.6
1986-09-30,0.0000,17.09,23.37,12.38,239.75,2.7188,0.008071,101866.1
1986-10-01,0.0000,17.96,25.39,11.24,247.00,2.2100,0.007330,101922.1
1986-10-02,0.0000,19.39,25.40,14.75,251.62,1.6413,0.007194,101932.0
1986-10-03,0.0000,18.75,23.57,14.72,107.00,1.9713,0.008226,101971.0
1986-10-04,0.0076,20.22,24.46,16.49,165.50,2.4938,0.008995,101776.9
1986-10-05,0.0032,18.84,24.68,14.02,145.12,2.6700,0.008912,101720.1
1986-10-06,0.0000,19.22,24.48,14.95,218.75,3.3513,0.008741,101744.8
1986-10-07,0.0000,19.92,24.31,14.33,136.88,1.9838,0.009546,101381.0
1986-10-08,0.0043,20.32,26.11,14.79,189.50,2.6950,0.008856,101196.5
1986-10-09,0.0000,17.46,24.13,10.97,202.75,3.5950,0.005332,101712.6
1986-10-10,0.0000,14.98,20.62,9.98,217.88,2.1625,0.005534,102137.8
1986-10-11,0.0000,15.29,21.04,9.07,219.62,1.3162,0.005683,102090.1
1986-10-12,0.0065,17.64,22.63,12.98,197.00,1.5163,0.005770,101822.6
1986-10-13,0.0000,20.16,25.64,15.75,201.75,3.2625,0.006276,101286.9
1986-10-14,0.0000,20.53,26.92,13.69,194.12,3.0175,0.006702,101366.5
1986-10-15,0.0000,21.75,28.00,14.88,204.75,3.6137,0.008128,101132.0
1986-10-16,0.1966,22.34,27.88,18.95,153.75,4.0087,0.010351,101102.5
1986-10-17,18.8417,14.37,17.34,10.24,30.00,5.3475,0.008994,101808.2
1986-10-18,0.3996,11.13,13.39,8.48,17.00,3.9688,0.006685,102393.1
1986-10-19,1.1286,14.80,16.33,11.48,51.25,3.0687,0.008108,102196.0
1986-10-20,10.6315,12.41,13.53,11.74,15.38,2.6537,0.008379,101836.2
1986-10-21,2.5942,12.49,14.31,11.07,40.12,2.3550,0.007939,102277.6
1986-10-22,0.0486,12.64,15.37,9.98,130.00,2.5750,0.006224,102516.5
1986-10-23,0.7150,11.62,12.95,9.50,53.88,0.7725,0.007341,101983.9
1986-10-24,0.1112,15.41,19.77,10.55,179.38,1.6675,0.008477,101712.0
1986-10-25,7.5157,14.36,15.20,13.59,32.75,0.7025,0.009620,101553.9
1986-10-26,0.1544,13.64,16.62,10.75,98.88,1.4475,0.009044,101534.8
1986-10-27,0.1620,13.68,19.25,9.34,139.88,3.2100,0.007827,101306.1
1986-10-28,0.0119,7.04,10.52,2.82,73.12,4.2887,0.003544,102639.4
1986-10-29,0.0000,7.79,12.86,3.88,199.88,3.0487,0.003585,102627.6
1986-10-30,0.0000,9.93,15.10,5.71,187.75,3.9925,0.003750,102254.2
1986-10-31,0.0000,12.97,20.01,7.29,167.50,1.8850,0.005408,101693.9
1986-11-01,0.0000,14.12,20.20,9.97,138.12,2.0425,0.006583,101487.8
1986-11-02,1.1189,16.14,21.64,10.91,118.75,2.1100,0.007096,101376.5
1986-11-03,0.0000,11.63,16.97,7.86,143.25,2.4738,0.004631,101965.0
1986-11-04,0.0000,14.07,19.70,8.56,140.25,2.9900,0.004556,101603.8
1986-11-05,0.0054,16.28,22.14,10.57,135.25,2.0438,0.006041,101549.5
1986-11-06,5.3914,10.86,13.55,7.14,38.25,1.5987,0.007656,101573.2
1986-11-07,0.0097,10.69,16.04,7.36,91.75,2.4887,0.006124,102297.2
1986-11-08,0.0000,8.94,13.29,5.90,97.00,4.3175,0.004158,102164.8
1986-11-09,0.0000,11.31,17.54,6.84,151.75,4.5262,0.004521,101828.5
1986-11-10,0.0000,13.61,17.83,8.40,108.62,1.9725,0.005238,102033.4
1986-11-11,0.0086,12.64,15.17,10.96,60.38,1.9900,0.006029,101878.9
1986-11-12,0.0043,12.71,15.13,9.98,49.50,2.7675,0.006331,101515.1
1986-11-13,14.5055,16.04,20.79,10.86,116.00,2.3637,0.007779,101513.6
1986-11-14,26.0345,7.50,13.53,4.61,24.25,5.1613,0.005974,102572.9
1986-11-15,0.0076,4.80,7.57,2.12,117.25,2.7425,0.003976,102759.4
1986-11-16,0.0000,6.70,9.47,2.67,112.50,3.1550,0.004984,102265.8
1986-11-17,0.0248,9.57,12.42,5.58,83.62,1.9375,0.006060,102211.5
1986-11-18,0.9698,9.03,10.53,7.74,83.75,1.1762,0.006555,102300.1
1986-11-19,0.0043,7.75,10.47,4.00,65.25,0.3462,0.005844,102288.5
1986-11-20,0.0248,7.43,11.40,4.07,91.38,1.2525,0.006046,102297.1
1986-11-21,0.1199,7.81,10.84,6.29,52.00,1.3737,0.006325,102259.4
1986-11-22,0.0248,10.58,14.06,6.27,99.50,2.2613,0.006262,102355.5
1986-11-23,0.2862,9.73,10.98,8.19,26.88,2.9700,0.006866,102296.9
1986-11-24,0.2722,6.60,9.17,2.38,35.88,4.7888,0.004862,102971.1
1986-11-25,0.0000,2.01,3.43,1.08,71.75,3.2650,0.002569,103617.8
1986-11-26,0.0000,1.63,2.50,1.04,77.88,2.3563,0.002795,103569.5
1986-11-27,0.0011,3.13,3.87,1.68,38.62,0.8925,0.003206,103079.2
1986-11-28,0.0238,2.16,4.38,-2.36,65.12,2.5712,0.002995,103579.8
1986-11-29,0.0000,-0.29,3.11,-3.07,122.00,1.6287,0.001929,103582.2
1986-11-30,0.0000,4.01,9.39,-1.57,116.12,2.3963,0.003035,102694.4
1986-12-01,0.0000,6.03,9.80,1.23,88.25,2.5975,0.003716,102400.9
1986-12-02,0.0000,6.06,11.21,2.41,111.25,3.2875,0.004087,102438.1
1986-12-03,0.0000,6.72,14.26,0.56,137.88,4.3387,0.002836,102515.6
1986-12-04,0.0000,8.96,15.34,1.16,138.75,3.5625,0.003192,101603.2
1986-12-05,0.0000,9.66,16.95,2.73,121.75,3.0175,0.004376,101619.5
1986-12-06,0.0000,4.61,9.96,-0.19,136.00,2.9550,0.002256,103145.5
1986-12-07,0.0000,3.08,7.16,-0.67,134.88,3.0863,0.002249,103208.6
1986-12-08,0.0000,4.00,5.66,2.18,53.62,1.7038,0.003235,102972.9
1986-12-09,0.0000,5.55,11.25,0.61,103.38,3.5725,0.003314,102443.0
1986-12-10,0.0000,7.58,14.46,2.00,125.62,2.0800,0.003394,102165.8
1986-12-11,0.0162,9.16,16.17,1.97,123.62,2.3050,0.004313,101558.6
1986-12-12,0.1987,8.48,10.95,6.54,46.25,2.7275,0.005351,101485.6
1986-12-13,3.4484,5.84,6.50,5.45,16.50,3.6937,0.005382,101846.1
1986-12-14,0.1134,4.32,6.18,2.46,15.62,3.2600,0.004804,102466.2
1986-12-15,6.7543,1.59,3.46,-0.06,34.62,3.8825,0.003434,102524.4
1986-12-16,2.8037,0.92,1.80,0.12,15.12,3.3387,0.003818,102496.8
1986-12-17,7.0718,0.04,0.34,-0.43,15.75,2.7587,0.003666,102443.8
1986-12-18,0.0000,0.22,5.27,-3.62,122.25,3.6412,0.002598,102899.8
1986-12-19,0.0000,-1.62,1.61,-4.14,138.62,2.3050,0.002034,103181.4
1986-12-20,0.0000,-1.15,0.40,-2.81,74.88,1.7100,0.002274,102637.6
1986-12-21,0.0000,0.59,4.43,-2.08,104.50,2.5037,0.003140,103051.9
1986-12-22,0.0043,1.84,4.20,-2.16,107.75,3.4988,0.003466,102433.8
1986-12-23,0.1339,7.15,10.01,0.97,105.38,1.1163,0.004569,101886.4
1986-12-24,0.0173,4.58,9.02,-0.23,65.25,2.9050,0.004251,102235.4
1986-12-25,0.0000,3.09,7.56,-1.12,119.00,3.7462,0.003589,102790.8
1986-12-26,6.4789,1.74,3.90,0.48,61.50,3.8787,0.003850,102838.2
1986-12-27,0.0043,2.53,5.98,0.05,90.12,3.3263,0.003942,102764.6
1986-12-28,0.0054,1.51,3.72,0.16,42.38,1.8963,0.003907,102380.5
1986-12-29,1.5790,2.67,4.30,-1.00,69.38,1.6900,0.004424,101447.1
1986-12-30,0.0518,4.49,5.65,3.63,58.12,1.8875,0.004872,101541.0
1986-12-31,1.9030,2.57,3.35,0.80,24.75,4.8488,0.004095,102442.5
1987-01-01,28.5487,0.11,1.10,-2.02,24.75,3.4862,0.003690,101780.4
1987-01-02,2.0768,-1.92,-0.79,-3.08,51.00,1.4800,0.002904,102186.8
1987-01-03,0.0000,1.25,3.26,-1.90,87.62,2.2413,0.003516,102304.6
1987-01-04,0.0130,2.73,3.97,0.81,45.50,3.1337,0.004061,102031.1
1987-01-05,0.0000,2.83,6.44,0.14,103.62,1.3563,0.004244,102228.0
1987-01-06,0.0022,1.49,3.23,-0.33,36.75,2.4075,0.004161,102186.9
1987-01-07,0.0022,5.37,9.92,2.23,121.38,3.6250,0.003620,102447.9
1987-01-08,0.0000,8.38,14.47,2.64,132.12,5.0938,0.003942,101637.8
1987-01-09,0.6988,5.29,9.99,2.62,80.62,3.3700,0.004689,102273.6
1987-01-10,0.0356,3.29,3.72,2.31,25.62,2.8263,0.004306,102566.1
1987-01-11,0.0043,3.14,5.36,-0.75,53.88,2.9625,0.004041,102583.9
1987-01-12,0.0000,0.88,4.82,-3.55,150.00,3.4875,0.002234,102954.9
1987-01-13,0.0000,-0.41,2.98,-4.70,153.25,3.3350,0.001995,102769.9
1987-01-14,0.0000,5.39,11.61,-1.71,134.25,2.3988,0.003616,101635.0
1987-01-15,3.5219,7.48,10.52,2.57,61.38,1.4800,0.005041,101655.2
1987-01-16,0.0000,7.10,12.48,3.40,130.62,2.3450,0.004336,102204.2
1987-01-17,1.6567,6.25,8.61,1.16,73.38,2.0312,0.004385,102229.6
1987-01-18,8.0514,3.57,5.51,1.80,21.12,1.8788,0.004461,102590.5
1987-01-19,0.0032,2.14,4.77,0.58,82.12,2.5400,0.003901,102543.4
1987-01-20,0.0184,5.02,8.19,0.04,91.38,3.8075,0.004139,101915.0
1987-01-21,0.4288,4.98,5.90,4.00,31.62,1.5488,0.004811,101878.4
1987-01-22,0.5735,4.62,5.83,2.96,58.00,3.4125,0.004968,102202.8
1987-01-23,0.0011,2.89,6.24,-0.75,99.12,2.2487,0.003550,103020.5
1987-01-24,0.0000,1.77,6.03,-1.92,144.25,1.0087,0.002876,103151.6
1987-01-25,0.0000,1.92,5.04,-2.07,149.50,1.4313,0.002453,103292.1
1987-01-26,0.0000,3.31,8.58,-0.85,152.75,3.5188,0.002714,102832.5
1987-01-27,0.0000,6.45,11.89,0.76,164.12,3.8725,0.003085,102661.4
1987-01-28,0.0000,9.11,15.43,2.53,157.62,2.9613,0.003705,101990.4
1987-01-29,0.0000,8.27,14.19,2.21,127.75,2.3050,0.004628,102237.8
1987-01-30,0.0000,2.70,5.62,-0.19,110.62,3.0475,0.003814,103180.9
1987-01-31,0.1372,3.87,7.00,-0.76,128.12,4.8988,0.003515,102814.6
1987-02-01,0.0043,2.94,6.14,0.22,92.88,2.0287,0.003885,102698.4
1987-02-02,0.0000,3.10,8.07,-1.07,167.62,2.9500,0.002674,103094.9
1987-02-03,0.0000,-0.66,3.20,-5.23,174.88,3.0687,0.001602,103842.4
1987-02-04,0.0000,2.00,5.61,-4.49,173.00,1.7775,0.002159,102853.6
1987-02-05,0.0130,4.97,7.39,2.02,55.75,2.3900,0.003331,101943.2
1987-02-06,0.0000,7.97,14.64,1.17,150.88,4.1413,0.004110,101706.0
1987-02-07,0.0000,10.86,18.29,4.19,177.00,2.9787,0.004496,101692.0
1987-02-08,0.0000,14.67,20.93,6.43,147.12,2.0200,0.005884,101346.8
1987-02-09,1.3954,18.27,24.64,9.76,137.75,2.9563,0.008715,100861.4
1987-02-10,12.1381,14.06,20.45,8.07,136.00,2.9963,0.008765,100732.6
1987-02-11,9.5213,6.90,7.66,5.22,38.25,3.8988,0.005708,101395.8
1987-02-12,0.7160,5.21,6.33,4.15,56.50,3.5425,0.004901,101781.8
1987-02-13,0.8662,10.10,13.44,4.22,100.12,3.2463,0.006642,101502.2
1987-02-14,10.3075,3.74,8.17,1.31,25.88,5.7225,0.004673,102196.1
1987-02-15,4.2012,4.46,5.21,2.05,39.50,3.4400,0.004789,102196.4
1987-02-16,7.1982,5.35,5.86,4.84,28.62,3.1912,0.005405,101555.0
1987-02-17,8.4845,2.84,4.77,0.32,73.62,4.9563,0.004477,102321.6
1987-02-18,6.8213,-1.08,-0.23,-1.98,34.62,4.4637,0.002905,102943.1
1987-02-19,1.3187,-1.06,-0.47,-2.31,92.88,2.5512,0.002906,103005.0
1987-02-20,0.9752,-1.83,-0.17,-4.24,36.12,1.7463,0.002820,102948.2
1987-02-21,0.0076,-0.16,1.09,-2.67,58.75,1.8325,0.003240,102356.0
1987-02-22,0.0000,4.83,9.49,0.90,155.75,5.2962,0.004083,101764.5
1987-02-23,0.0000,7.72,12.24,3.72,129.12,4.6737,0.004879,101441.0
1987-02-24,0.0022,4.25,7.24,0.70,154.50,4.2063,0.003538,102344.0
1987-02-25,0.0000,1.41,4.38,-0.72,191.75,4.8962,0.002757,102444.8
1987-02-26,0.0032,2.22,4.90,-0.27,53.38,2.3875,0.003225,102642.8
1987-02-27,0.0000,3.67,8.00,-1.61,220.88,3.1463,0.002629,102728.6
1987-02-28,0.0000,7.61,12.81,3.11,223.62,5.9100,0.003686,101963.0
1987-03-01,0.0000,9.92,15.84,3.55,249.75,2.8513,0.004425,102453.5
1987-03-02,0.0000,9.06,14.82,4.01,252.38,5.0225,0.004301,102281.2
1987-03-03,0.0076,12.45,18.82,4.81,197.75,4.1775,0.005630,101465.8
1987-03-04,0.0000,14.27,19.48,9.77,228.62,5.1350,0.006195,101145.6
1987-03-05,3.3048,16.56,22.13,9.85,229.50,3.7062,0.007382,100677.1
1987-03-06,15.1168,3.78,7.39,0.77,35.88,4.5050,0.004619,101152.1
1987-03-07,9.1822,3.05,3.96,0.66,92.50,3.9500,0.004014,101456.2
1987-03-08,43.4322,2.94,3.86,1.70,27.38,3.4700,0.004550,101300.2
1987-03-09,4.2682,3.19,5.57,0.92,47.25,3.5800,0.004208,101891.5
1987-03-10,1.8986,2.68,5.04,0.88,184.62,1.8438,0.004107,101833.4
1987-03-11,0.6728,4.63,6.33,1.42,88.00,2.7225,0.004814,101295.0
1987-03-12,0.2095,5.53,7.12,3.16,21.75,1.6275,0.005240,100881.4
1987-03-13,3.3923,6.42,7.89,4.65,25.38,2.4662,0.005613,101421.9
1987-03-14,0.0011,5.95,7.77,4.04,124.38,2.4750,0.004346,101844.1
1987-03-15,0.0065,9.35,12.70,5.03,241.50,2.0738,0.005522,101372.6
1987-03-16,0.0130,10.76,15.12,7.86,192.38,3.8750,0.005855,100592.1
1987-03-17,0.0000,13.57,18.16,9.99,247.38,4.1300,0.006464,101038.6
1987-03-18,20.4098,8.39,11.60,5.11,38.62,5.4200,0.006281,100852.6
1987-03-19,0.0000,6.73,8.89,4.57,147.00,2.5763,0.005106,101034.9
1987-03-20,0.1976,8.77,13.94,5.17,142.12,3.2225,0.005880,101422.0
1987-03-21,2.4062,6.55,8.02,5.53,37.12,4.9812,0.005389,101643.9
1987-03-22,7.3040,4.74,5.29,4.09,49.12,3.1537,0.005099,101401.9
1987-03-23,0.2009,4.75,5.82,3.89,30.38,1.9225,0.005060,101422.9
1987-03-24,0.0356,5.95,8.91,2.61,83.88,3.1988,0.004428,102491.4
1987-03-25,0.0000,4.13,7.35,1.26,264.50,1.6387,0.002712,102838.9
1987-03-26,0.0000,5.28,8.97,2.38,187.38,2.4975,0.003480,102197.9
1987-03-27,0.1814,9.06,12.26,3.62,196.62,2.7000,0.004680,101929.2
1987-03-28,0.1620,8.09,9.45,6.84,61.38,2.8725,0.005394,101662.9
1987-03-29,0.5292,10.35,14.22,8.28,154.50,2.9000,0.006395,101169.5
1987-03-30,0.0518,11.06,16.90,3.90,180.62,3.5500,0.005710,102199.9
1987-03-31,7.9294,2.60,3.81,0.49,53.38,3.8225,0.003355,102443.6
1987-04-01,3.7400,3.68,5.79,0.52,42.25,1.4288,0.004370,101912.4
1987-04-02,0.0000,10.31,16.45,4.41,224.50,4.2950,0.005601,101327.4
1987-04-03,0.0000,14.87,21.37,9.03,296.50,2.5487,0.006582,101084.5
1987-04-04,5.0231,15.62,20.28,10.25,240.75,2.4325,0.008229,100698.9
1987-04-05,1.9159,13.88,15.19,13.22,27.00,1.8338,0.009537,100791.0
1987-04-06,0.0043,16.48,19.97,12.75,239.62,1.6150,0.009300,100986.8
1987-04-07,0.0151,18.21,21.79,14.71,176.25,3.1837,0.009879,101049.5
1987-04-08,0.0238,17.34,21.30,14.33,193.50,2.8362,0.010446,100694.4
1987-04-09,2.5898,18.77,25.97,11.49,235.62,3.8463,0.010430,100635.6
1987-04-10,5.2758,9.29,10.45,7.11,56.25,3.5275,0.005965,101632.1
1987-04-11,0.2354,7.72,9.65,6.19,52.00,2.8412,0.004565,102087.5
1987-04-12,0.0011,9.99,12.36,7.28,112.12,1.4162,0.005338,102406.6
1987-04-13,0.0097,10.82,13.63,8.29,196.50,3.1913,0.004880,102282.5
1987-04-14,0.0000,10.42,14.62,5.81,291.38,3.4550,0.004841,102111.0
1987-04-15,0.0000,12.86,17.38,8.67,309.00,2.6463,0.005001,101900.4
1987-04-16,0.0000,16.30,21.14,10.89,289.12,2.2750,0.006649,101524.2
1987-04-17,0.0000,19.18,24.10,14.40,291.00,2.9938,0.008180,100995.4
1987-04-18,0.0000,21.62,28.76,14.73,298.38,2.9950,0.010319,100728.1
1987-04-19,4.4690,23.83,29.86,17.76,260.25,2.3400,0.010722,100511.1
1987-04-20,10.6445,14.81,21.90,11.38,44.25,3.8725,0.009621,100400.4
1987-04-21,1.1772,19.57,24.15,14.92,257.25,3.6550,0.010644,100650.4
1987-04-22,0.0000,20.47,25.51,16.07,304.88,2.7275,0.009038,100784.8
1987-04-23,7.8149,22.79,27.85,18.71,225.12,4.2562,0.011476,100490.9
1987-04-24,10.5322,18.65,20.41,14.50,57.50,2.3375,0.012921,100311.0
1987-04-25,8.1972,10.65,11.59,9.59,46.50,3.3575,0.007477,101499.0
1987-04-26,0.0054,11.67,14.45,9.04,224.12,2.1500,0.006405,102375.9
1987-04-27,0.0000,14.55,17.89,11.58,213.50,2.4413,0.006645,101880.2
1987-04-28,0.0000,16.79,21.92,13.15,333.62,3.0200,0.007589,101199.2
1987-04-29,2.4311,20.41,24.84,16.46,224.38,2.4775,0.010633,100458.4
1987-04-30,0.4730,23.10,27.02,19.26,281.50,2.3925,0.014441,100200.9
1987-05-01,32.8698,18.25,21.51,13.13,49.62,5.0200,0.012801,100192.5
1987-05-02,1.6751,9.76,11.08,7.38,45.38,3.0987,0.007180,101524.0
1987-05-03,0.0000,15.32,18.73,9.50,307.88,2.2900,0.007435,101626.6
1987-05-04,0.0000,16.18,19.62,13.23,128.50,2.8212,0.008100,101335.9
1987-05-05,0.0000,15.68,17.86,14.03,63.75,0.9975,0.008659,101209.2
1987-05-06,0.0842,14.91,17.09,12.47,69.88,1.2825,0.009341,101007.0
1987-05-07,0.0000,17.41,22.85,12.52,284.62,2.3212,0.008853,101041.2
1987-05-08,0.0302,18.54,22.92,14.61,253.38,2.3125,0.009830,101060.2
1987-05-09,0.0529,22.29,26.17,18.64,252.88,1.3563,0.012637,101124.6
1987-05-10,0.3100,21.56,24.70,17.82,155.62,1.8700,0.012935,101016.4
1987-05-11,15.5099,23.39,27.32,20.21,216.88,2.5800,0.014299,100785.0
1987-05-12,32.5890,18.47,21.58,14.58,39.12,4.2787,0.012391,100707.2
1987-05-13,0.0043,19.12,22.55,15.70,274.25,1.8987,0.009981,101553.4
1987-05-14,0.0000,20.98,24.77,17.42,300.25,2.4113,0.010707,101163.0
1987-05-15,0.0032,21.37,25.21,18.01,227.12,2.6912,0.012072,100490.8
1987-05-16,0.0032,19.46,25.32,14.32,238.25,2.9225,0.009946,100934.9
1987-05-17,0.0000,22.06,28.27,15.99,349.25,3.2125,0.008152,100778.0
1987-05-18,0.0000,24.21,29.30,18.96,308.00,3.2325,0.009928,100388.6
1987-05-19,0.0000,26.01,31.25,21.53,286.25,2.2600,0.013349,100545.6
1987-05-20,0.0756,26.50,31.33,22.23,310.25,2.1650,0.014036,100273.8
1987-05-21,0.2484,25.08,28.91,20.93,241.75,1.6387,0.015878,99886.5
1987-05-22,0.0680,26.98,31.67,22.36,280.38,0.9800,0.016282,99784.2
1987-05-23,0.0000,29.21,34.10,24.67,297.38,2.5350,0.017267,99968.1
1987-05-24,0.0097,28.04,35.20,19.54,303.38,3.5037,0.015661,100125.1
1987-05-25,0.8068,22.55,27.75,18.88,196.00,3.5875,0.013933,100672.9
1987-05-26,24.0548,17.97,19.46,16.22,58.00,5.0363,0.012005,101109.8
1987-05-27,2.6806,18.14,20.96,15.53,149.12,2.5550,0.009110,101383.1
1987-05-28,0.0000,22.03,26.43,18.50,312.25,2.6363,0.009514,101011.8
1987-05-29,0.0000,24.25,29.29,19.07,327.00,1.6875,0.011334,100808.5
1987-05-30,0.0000,25.28,29.91,21.18,319.00,2.1525,0.013406,100625.5
1987-05-31,19.9703,26.49,31.64,20.80,291.75,2.0887,0.014318,100083.8
1987-06-01,19.2467,18.51,20.68,16.88,35.38,5.0275,0.012599,99865.6
1987-06-02,0.0000,25.72,30.35,20.19,303.50,5.2225,0.014005,100029.0
1987-06-03,0.0000,26.80,30.97,21.88,276.38,4.1100,0.013383,100020.2
1987-06-04,0.1750,30.09,34.54,25.78,315.75,2.7062,0.016525,100056.6
1987-06-05,5.6138,28.68,33.31,21.56,237.12,3.6275,0.016770,100225.2
1987-06-06,24.0689,13.88,14.76,13.27,48.12,4.5912,0.009130,101062.6
1987-06-07,0.0022,16.87,21.52,13.96,213.38,2.8787,0.009000,100968.1
1987-06-08,0.0000,21.98,28.25,17.65,338.00,1.4675,0.009791,100763.8
1987-06-09,0.0000,23.53,28.38,18.80,342.25,2.4475,0.009289,100695.8
1987-06-10,0.0000,23.20,28.25,18.45,266.62,3.0275,0.010309,100569.6
1987-06-11,2.5790,25.62,29.47,21.80,282.50,2.5437,0.011949,100215.2
1987-06-12,17.0111,19.08,21.23,17.52,43.88,2.4662,0.012157,100271.9
1987-06-13,7.9175,17.42,17.82,16.89,32.12,1.4887,0.011627,100405.0
1987-06-14,1.3079,19.30,21.73,16.92,107.62,1.5550,0.012603,100614.0
1987-06-15,0.0000,22.15,27.16,17.93,294.62,1.8987,0.012786,100669.5
1987-06-16,0.0000,25.01,28.92,21.75,319.38,2.3050,0.011917,100687.4
1987-06-17,0.0000,24.79,28.65,20.52,316.12,3.5300,0.011843,100518.1
1987-06-18,0.5659,25.00,27.97,21.84,268.88,1.9725,0.015115,100425.9
1987-06-19,1.0854,23.72,26.64,21.11,159.12,2.4925,0.014787,100497.5
1987-06-20,12.0722,22.58,25.07,20.18,171.75,3.1363,0.014874,100527.0
1987-06-21,5.6884,21.09,21.55,20.60,104.12,4.2675,0.013181,100409.0
1987-06-22,8.4089,20.33,21.44,18.93,55.12,4.0200,0.013797,99898.1
1987-06-23,0.0022,21.90,24.70,19.28,116.25,1.1175,0.014262,99835.1
1987-06-24,0.1091,22.70,25.88,19.57,204.50,2.1575,0.014433,100153.6
1987-06-25,0.0000,24.30,28.27,20.01,330.88,3.4675,0.013420,100254.6
1987-06-26,0.0011,25.42,28.88,22.27,297.38,2.4062,0.014259,100436.9
1987-06-27,0.0140,25.94,28.76,23.28,195.75,1.3450,0.015096,100526.4
1987-06-28,0.0043,26.40,30.62,21.69,220.25,1.1275,0.014526,100357.4
1987-06-29,0.0000,27.05,30.60,23.64,296.12,2.3937,0.014571,100059.1
1987-06-30,0.0000,27.79,31.43,24.83,295.38,2.4788,0.015569,100170.2
1987-07-01,3.0758,24.87,28.52,20.68,128.25,3.4913,0.015364,100236.9
1987-07-02,3.1223,23.87,25.82,21.60,100.12,0.9850,0.017110,100122.1
1987-07-03,10.5721,25.30,28.22,23.44,172.00,2.7762,0.018176,100107.8
1987-07-04,6.2856,26.09,28.55,24.81,236.50,3.0662,0.018900,99953.1
1987-07-05,46.1484,25.90,30.42,23.05,227.75,4.0275,0.019407,99827.5
1987-07-06,56.3868,24.68,28.63,22.80,178.75,2.0050,0.017976,100012.6
1987-07-07,0.0994,28.18,31.50,25.57,315.25,2.0763,0.019769,100039.6
1987-07-08,2.0174,28.88,31.89,26.66,121.38,3.2225,0.021245,100013.8
1987-07-09,1.6157,29.61,32.81,27.67,185.25,2.4338,0.021129,99923.2
1987-07-10,0.6113,29.74,33.59,25.16,270.62,4.3313,0.019978,99682.2
1987-07-11,13.9514,27.99,31.11,24.93,101.50,1.5650,0.020063,99773.0
1987-07-12,15.7151,22.68,23.64,21.62,61.75,2.4938,0.016181,99906.8
1987-07-13,0.8413,24.62,26.97,22.82,205.50,2.3725,0.017110,100152.8
1987-07-14,0.3002,25.90,28.78,22.70,316.38,2.0025,0.016429,100202.9
1987-07-15,0.0000,26.35,30.34,21.44,318.25,1.3225,0.015251,100023.4
1987-07-16,0.0011,27.72,31.19,24.83,309.00,2.0763,0.016369,100006.5
1987-07-17,2.6957,27.25,29.26,25.60,141.50,1.6237,0.019431,100096.5
1987-07-18,12.8822,25.02,25.67,22.86,117.00,2.3688,0.019280,99963.5
1987-07-19,58.1558,26.86,28.54,24.95,60.25,2.7400,0.021046,99640.2
1987-07-20,84.3286,26.37,28.88,25.08,139.62,2.0575,0.020567,99608.0
1987-07-21,19.9908,27.72,29.63,26.30,135.38,2.5538,0.021445,99647.1
1987-07-22,0.0108,26.61,29.63,22.77,90.88,3.1975,0.019504,100024.1
1987-07-23,0.0000,26.49,30.62,22.59,263.75,2.8162,0.017979,100296.6
1987-07-24,0.0011,27.07,31.02,22.78,266.88,1.9812,0.018136,100376.4
1987-07-25,0.0108,26.99,30.73,23.92,298.88,2.4262,0.017471,100297.6
1987-07-26,0.0162,26.45,30.63,21.28,243.88,1.8288,0.017351,100248.2
1987-07-27,1.4008,26.11,29.34,22.16,212.75,1.7012,0.017820,100232.8
1987-07-28,7.5762,26.45,31.32,24.72,111.88,2.0738,0.019632,99940.6
1987-07-29,0.5270,27.05,28.42,25.85,120.12,1.7725,0.019818,99764.6
1987-07-30,2.2054,26.98,30.31,24.58,97.00,2.6788,0.018885,99640.9
1987-07-31,0.4158,28.98,33.21,25.74,263.62,2.4037,0.019540,99664.6
1987-08-01,5.3762,28.80,32.47,26.05,276.38,3.6112,0.019944,99837.0
1987-08-02,1.0530,30.33,32.91,28.47,210.50,3.2025,0.019991,99944.0
1987-08-03,0.1210,30.54,32.89,27.74,225.62,4.2225,0.019558,99992.0
1987-08-04,1.6891,29.46,33.44,26.12,267.62,3.2362,0.021115,100062.4
1987-08-05,22.8290,27.89,30.53,25.71,175.50,1.8587,0.021426,100140.2
1987-08-06,26.1014,25.61,28.51,23.70,148.50,3.3762,0.019524,99971.1
1987-08-07,0.0000,26.51,30.81,23.11,286.75,3.1075,0.016281,99893.6
1987-08-08,0.0000,27.38,31.88,23.79,311.50,2.1200,0.017543,100095.8
1987-08-09,0.0000,27.81,32.37,23.75,287.38,1.4275,0.017518,100404.4
1987-08-10,1.2560,26.29,29.95,22.15,228.38,2.5525,0.016413,100653.0
1987-08-11,0.0000,26.38,30.13,23.57,255.12,2.3800,0.017063,100924.0
1987-08-12,0.1102,27.44,31.52,24.22,245.12,2.7362,0.017815,100937.4
1987-08-13,10.2816,26.48,30.31,24.68,165.00,2.2638,0.018475,100622.9
1987-08-14,17.5122,24.57,27.89,21.66,76.12,2.1575,0.018109,100387.9
1987-08-15,0.4849,24.65,27.63,22.26,219.88,1.2725,0.016719,100469.9
1987-08-16,0.0011,26.31,30.27,23.84,172.75,1.5862,0.018310,100349.1
1987-08-17,0.0022,28.55,32.50,25.46,277.88,1.6487,0.018919,100392.1
1987-08-18,1.2020,28.89,33.40,26.03,238.12,1.1137,0.020566,100302.2
1987-08-19,11.7310,27.82,32.57,24.46,240.38,2.7037,0.019776,100176.0
1987-08-20,16.5596,26.51,28.81,24.90,132.88,1.8775,0.019595,100151.2
1987-08-21,24.0818,26.17,28.31,24.83,93.50,0.6650,0.019506,100290.2
1987-08-22,59.6992,24.36,28.30,22.90,55.38,1.8487,0.018400,100469.2
1987-08-23,32.3892,25.61,27.00,24.39,75.88,2.2225,0.019162,100300.5
1987-08-24,20.0189,26.11,31.05,23.95,84.12,3.4288,0.019159,100094.8
1987-08-25,0.1123,28.77,32.08,25.94,268.00,2.5500,0.021536,100033.0
1987-08-26,1.7658,30.00,33.48,26.91,272.00,3.4650,0.019838,99775.4
1987-08-27,19.3439,27.74,30.92,25.21,135.25,2.3312,0.021045,99874.8
1987-08-28,29.5553,24.94,26.44,24.04,53.00,2.0725,0.019316,99802.4
1987-08-29,2.3706,25.86,30.15,22.98,194.75,2.2475,0.017770,99939.0
1987-08-30,0.0000,27.61,32.80,23.92,255.12,1.2900,0.017813,100136.8
1987-08-31,0.0335,27.63,31.70,23.90,234.00,2.3963,0.018238,100474.1
1987-09-01,0.0000,27.03,30.77,23.89,147.25,3.2487,0.018190,100686.1
1987-09-02,0.0000,26.88,30.00,24.38,193.50,3.2912,0.017963,100582.8
1987-09-03,7.2295,26.49,30.66,22.03,133.88,3.0500,0.019484,100186.1
1987-09-04,26.5529,23.11,24.95,20.83,56.12,2.6638,0.016371,100380.0
1987-09-05,1.9062,23.76,28.02,20.11,237.25,2.5300,0.014353,100699.6
1987-09-06,0.0205,24.33,28.32,21.12,224.88,1.4850,0.014524,100878.6
1987-09-07,0.0011,22.92,26.65,19.26,211.88,1.1413,0.013000,101002.9
1987-09-08,0.0140,23.03,27.22,18.92,235.12,1.8200,0.011891,101053.4
1987-09-09,0.0022,22.87,27.15,18.85,233.25,2.9662,0.011901,101110.9
1987-09-10,0.0151,21.63,25.81,18.08,193.25,3.0213,0.011806,101235.1
1987-09-11,0.1328,22.66,25.82,18.82,171.88,2.6163,0.013898,101190.9
1987-09-12,0.1588,23.80,25.30,21.71,129.38,1.7075,0.015844,101126.5
1987-09-13,0.0130,25.89,29.19,23.68,206.12,0.8750,0.016757,100914.2
1987-09-14,1.6621,25.56,31.94,20.76,178.00,2.4150,0.014786,100936.2
1987-09-15,0.1814,21.49,24.39,16.93,70.88,2.2250,0.013013,101343.8
1987-09-16,0.0000,18.92,23.23,15.94,124.62,1.6825,0.009857,101473.4
1987-09-17,0.0000,22.29,27.24,18.19,233.50,1.7525,0.010596,101286.1
1987-09-18,0.0000,25.27,30.19,20.89,224.75,3.1275,0.012281,100931.5
1987-09-19,0.0000,26.31,32.27,22.32,237.00,4.1750,0.012986,100828.6
1987-09-20,0.0000,25.08,31.09,18.83,190.00,2.1937,0.012582,100912.9
1987-09-21,0.0011,25.88,31.69,20.28,198.38,1.1087,0.013269,101254.0
1987-09-22,0.0000,23.84,28.53,20.35,211.62,2.6888,0.012013,101340.9
1987-09-23,0.0000,23.32,27.45,20.35,201.38,2.1450,0.014220,101123.0
1987-09-24,1.7928,23.47,27.26,19.79,143.50,1.8525,0.013530,100963.8
1987-09-25,0.0000,18.67,24.27,12.08,211.88,3.2038,0.006929,101963.0
1987-09-26,0.0000,18.18,23.18,13.99,247.75,1.7912,0.006615,101932.2
1987-09-27,0.0000,19.66,25.53,15.29,232.62,1.4612,0.008025,101572.2
1987-09-28,0.0000,20.45,24.66,16.33,111.25,1.0225,0.010114,101486.1
1987-09-29,0.0000,21.86,27.29,16.23,193.12,1.1625,0.009920,101402.4
1987-09-30,0.0000,22.34,28.52,16.27,212.88,1.9700,0.010161,101398.2
1987-10-01,0.0000,23.12,28.89,18.25,196.38,1.1537,0.011071,101138.1
1987-10-02,0.0000,23.79,31.07,17.57,209.38,1.1950,0.011746,100978.2
1987-10-03,0.0000,24.75,31.44,19.09,202.50,1.9887,0.010645,100975.6
1987-10-04,0.4817,24.24,29.98,19.31,171.25,2.4987,0.012036,100883.1
1987-10-05,0.0000,25.41,30.87,21.17,192.50,2.0312,0.012892,101095.4
1987-10-06,0.0270,25.15,30.28,20.58,152.12,0.6337,0.014011,101199.5
1987-10-07,0.0065,25.38,30.70,20.57,187.50,2.6450,0.013471,101424.2
1987-10-08,0.0011,24.13,29.34,19.95,198.88,3.8525,0.013109,101242.1
1987-10-09,0.1566,24.05,29.12,20.30,171.75,2.8488,0.012651,100913.4
1987-10-10,0.0400,23.77,27.72,20.16,185.88,2.3050,0.013749,100714.2
1987-10-11,0.0378,24.02,27.96,20.73,161.38,3.3563,0.014154,100882.2
1987-10-12,22.6746,21.04,23.82,19.21,83.25,6.1325,0.012656,100830.5
1987-10-13,8.8862,16.13,19.83,13.63,51.50,3.6087,0.011131,100924.2
1987-10-14,11.8660,14.98,15.94,14.12,34.75,4.4338,0.010225,101342.8
1987-10-15,0.5800,14.38,15.11,13.45,11.75,2.1750,0.009834,101691.6
1987-10-16,0.0065,16.84,18.05,14.86,69.25,1.2475,0.010379,101453.2
1987-10-17,3.3318,16.08,18.97,11.22,85.00,3.2488,0.009180,101480.2
1987-10-18,1.2398,11.51,14.68,8.77,128.12,3.5387,0.005739,102029.5
1987-10-19,0.0000,12.36,14.77,9.31,111.38,1.7262,0.006044,101851.0
1987-10-20,1.9753,11.44,13.22,9.26,25.75,2.5938,0.006705,101754.1
1987-10-21,3.8966,9.59,9.99,9.33,10.12,2.5462,0.007000,102282.0
1987-10-22,0.4039,11.50,14.00,9.75,56.25,0.6037,0.007532,102392.5
1987-10-23,0.0000,13.47,17.06,9.65,100.12,1.9663,0.007994,102416.8
1987-10-24,0.0000,14.27,19.24,9.94,179.75,1.4288,0.008096,102392.9
1987-10-25,0.0000,14.37,19.80,10.20,189.00,2.1012,0.006629,102068.8
1987-10-26,0.0000,15.38,20.50,11.18,195.50,1.6788,0.007770,101792.4
1987-10-27,0.0000,17.38,23.47,12.07,182.38,2.0687,0.008536,101529.8
1987-10-28,0.1069,19.80,23.73,13.95,163.62,2.1662,0.010445,101020.4
1987-10-29,3.3890,20.75,26.48,13.17,66.75,2.4837,0.012606,101155.8
1987-10-30,9.6725,9.41,11.53,8.04,34.50,4.5087,0.006816,102133.0
1987-10-31,30.1147,6.89,7.77,4.74,35.00,3.9025,0.005865,101940.9
1987-11-01,21.3883,5.20,5.58,4.71,31.00,3.6125,0.005141,102263.6
1987-11-02,2.2108,6.54,9.19,5.40,25.00,2.3850,0.005207,102520.0
1987-11-03,0.0000,9.88,14.41,5.79,173.50,1.7275,0.005223,102460.2
1987-11-04,0.0032,9.29,14.77,6.00,164.50,2.5600,0.004634,102843.1
1987-11-05,0.0054,7.27,9.23,5.51,79.25,2.6512,0.004852,102247.5
1987-11-06,0.0022,10.94,16.51,6.88,147.88,1.9538,0.006391,101968.5
1987-11-07,0.0000,10.25,14.58,6.77,172.88,1.6513,0.005656,102387.4
1987-11-08,0.0000,12.69,17.49,7.98,126.38,4.3075,0.006032,101511.2
1987-11-09,0.0000,15.25,21.14,10.49,167.50,4.1562,0.007000,101048.4
1987-11-10,0.0000,16.39,23.50,8.96,174.25,2.0563,0.007877,101113.9
1987-11-11,0.2646,15.51,22.22,10.63,138.50,2.4862,0.008467,101573.5
1987-11-12,0.0302,11.77,12.63,9.31,57.12,2.6250,0.007628,102243.2
1987-11-13,0.0000,9.90,13.86,6.87,157.00,2.3888,0.005004,102476.8
1987-11-14,0.0140,10.77,13.46,6.94,92.75,2.6400,0.005768,102329.8
1987-11-15,0.0810,11.17,15.32,7.99,141.88,1.0512,0.006617,102017.5
1987-11-16,1.3014,12.41,15.79,7.42,90.38,1.4537,0.006556,101960.4
1987-11-17,0.4471,11.92,14.25,7.80,45.75,2.6388,0.007220,101990.8
1987-11-18,0.0076,11.21,17.50,5.79,126.00,1.8025,0.006183,102086.2
1987-11-19,0.0000,12.20,17.97,5.81,141.12,1.4288,0.006221,101554.1
1987-11-20,0.0000,14.53,19.67,9.46,133.75,2.2275,0.006674,101288.2
1987-11-21,0.0000,14.75,20.81,10.72,112.00,1.2075,0.007902,101614.9
1987-11-22,0.0054,12.64,16.80,8.16,99.38,1.7725,0.007999,101558.4
1987-11-23,0.0065,14.76,20.29,8.65,129.12,3.1000,0.008525,101561.1
1987-11-24,0.0054,14.04,15.26,12.99,54.00,2.8288,0.008729,101317.6
1987-11-25,6.3774,16.17,18.32,13.36,55.62,1.9175,0.010031,101060.5
1987-11-26,28.8101,5.47,10.06,2.29,15.75,5.3025,0.005391,101841.4
1987-11-27,12.5453,-1.83,1.06,-4.63,75.62,4.6112,0.002923,103395.6
1987-11-28,0.0454,-3.94,-2.74,-5.71,78.12,3.3175,0.001587,104079.9
1987-11-29,0.0000,-3.24,-1.66,-5.27,125.50,1.3950,0.001846,103820.0
1987-11-30,0.0000,-0.75,2.54,-3.46,119.00,1.2638,0.002405,103471.6
1987-12-01,0.0000,-1.75,1.14,-4.20,142.88,1.6938,0.001937,103688.2
1987-12-02,0.0000,0.24,1.60,-3.76,124.25,1.5350,0.002324,102839.0
1987-12-03,0.0000,1.36,4.54,-0.82,88.25,0.9525,0.003206,102968.1
1987-12-04,0.0000,2.01,3.89,0.09,48.50,2.7787,0.003000,102815.0
1987-12-05,0.0000,1.14,5.26,-3.16,110.50,2.7225,0.002589,103261.0
1987-12-06,0.0000,0.94,5.30,-2.78,143.25,1.0825,0.002401,103292.0
1987-12-07,0.0000,4.10,8.40,-1.58,124.12,1.9012,0.003013,102767.6
1987-12-08,0.0000,4.55,10.50,0.61,127.12,1.3637,0.003700,102512.8
1987-12-09,0.0000,7.19,13.85,1.59,126.62,2.1125,0.003673,102059.6
1987-12-10,0.0022,4.76,12.03,-0.94,119.25,2.7587,0.003381,102730.9
1987-12-11,0.0000,-0.49,2.89,-3.38,100.75,1.2600,0.002172,103164.5
1987-12-12,0.0000,1.44,5.98,-2.69,130.25,2.8063,0.002168,102457.8
1987-12-13,0.0000,2.27,5.40,-0.40,64.50,1.5663,0.002616,102818.0
1987-12-14,0.0000,4.49,9.23,1.12,114.38,2.6675,0.002893,102473.1
1987-12-15,0.0000,5.56,11.27,1.03,126.00,2.7912,0.003011,102409.5
1987-12-16,0.0000,6.05,12.29,0.44,114.25,2.2550,0.002678,102541.6
1987-12-17,0.0000,6.95,14.32,1.68,113.12,2.1100,0.003276,102562.8
1987-12-18,0.0000,7.09,13.75,1.42,106.88,1.1550,0.003987,102495.5
1987-12-19,0.0000,4.53,10.93,-0.68,92.50,2.3975,0.004090,102706.4
1987-12-20,0.0000,6.04,11.06,-0.63,122.00,1.8375,0.003675,102643.9
1987-12-21,0.0000,9.25,17.05,3.40,118.00,3.8763,0.003856,102195.6
1987-12-22,0.0000,7.47,12.94,2.60,113.00,2.0475,0.003836,102180.9
1987-12-23,0.0000,10.31,17.00,3.62,112.50,2.4738,0.004740,101742.2
1987-12-24,0.0000,12.31,20.21,5.51,117.50,2.4275,0.004723,101929.8
1987-12-25,0.0000,8.70,15.57,3.61,115.00,1.5037,0.004196,102287.1
1987-12-26,0.0000,11.68,18.71,4.24,112.75,3.4813,0.004396,101660.2
1987-12-27,0.0000,13.84,21.19,8.97,121.38,3.8400,0.005971,101284.5
1987-12-28,0.0065,14.92,22.97,8.22,115.62,2.0787,0.006946,101072.5
1987-12-29,0.0043,7.45,13.93,1.35,115.75,3.2012,0.003876,102123.9
1987-12-30,0.0000,3.35,6.53,-0.01,125.62,5.5738,0.002559,102566.0
1987-12-31,0.0000,7.89,11.80,0.89,106.88,2.5575,0.003860,101914.6
1988-01-01,0.0000,4.57,7.89,-0.24,73.00,2.6962,0.003144,102597.2
1988-01-02,0.0000,5.25,8.57,0.21,92.75,3.6275,0.003944,102464.1
1988-01-03,0.2074,4.51,5.97,3.02,11.88,2.5550,0.004517,102381.2
1988-01-04,0.0000,1.87,3.38,0.35,25.75,3.0387,0.003419,103100.6
1988-01-05,0.0000,1.41,4.28,-0.73,102.00,1.4525,0.003176,103020.2
1988-01-06,0.3002,3.97,5.53,-0.02,82.38,2.1725,0.003480,102013.9
1988-01-07,0.0000,6.71,11.47,2.42,113.88,4.6413,0.003396,101864.5
1988-01-08,0.0000,7.26,12.53,2.36,106.88,3.9425,0.002983,102356.2
1988-01-09,0.0000,1.11,3.57,-2.66,62.62,2.8587,0.001816,103213.1
1988-01-10,0.0000,2.22,5.45,-2.53,111.38,2.9700,0.001926,103244.2
1988-01-11,1.3781,1.24,3.00,0.43,73.25,2.8187,0.003469,102844.6
1988-01-12,0.0000,3.37,7.36,-0.12,112.88,3.7613,0.003761,102201.8
1988-01-13,0.7355,3.99,6.09,-1.71,115.12,0.9800,0.004420,101781.9
1988-01-14,0.3618,5.31,6.68,4.36,51.12,1.6475,0.004829,102177.2
1988-01-15,3.3966,1.93,4.36,0.52,49.12,2.1562,0.003881,102838.8
1988-01-16,0.5951,0.54,1.76,-1.19,73.75,1.1513,0.003388,103279.9
1988-01-17,0.0000,1.35,5.24,-2.86,130.38,2.7950,0.002854,102831.2
1988-01-18,0.0000,0.96,5.20,-2.41,112.50,0.9488,0.002408,102692.8
1988-01-19,0.0000,4.11,9.17,-2.48,140.00,2.2800,0.003086,102121.1
1988-01-20,0.0000,3.96,8.06,0.89,105.00,1.7450,0.003600,101096.2
1988-01-21,0.0626,4.05,6.94,2.12,81.00,2.3688,0.004285,100957.5
1988-01-22,0.0000,2.02,6.62,-2.92,123.00,4.3800,0.001167,102241.1
1988-01-23,0.0000,-2.57,-0.31,-4.90,136.25,1.3913,0.000866,102605.0
1988-01-24,0.0529,-1.46,-0.24,-2.80,80.75,1.9350,0.001426,102134.9
1988-01-25,0.0000,1.49,4.42,-3.03,103.88,0.9625,0.001932,102129.6
1988-01-26,0.0000,2.00,6.23,-1.83,118.00,1.5875,0.002052,102183.4
1988-01-27,0.0000,5.23,9.26,-1.46,128.88,1.5975,0.002712,101886.5
1988-01-28,0.0000,5.14,11.57,0.21,134.75,1.7037,0.003329,101502.6
1988-01-29,0.0054,4.56,9.48,-0.46,101.25,3.1163,0.002933,102064.9
1988-01-30,0.0961,1.86,5.59,-1.28,109.12,1.6350,0.002382,102488.0
1988-01-31,0.0076,3.60,7.91,-1.73,136.75,3.1788,0.003115,101895.8
1988-02-01,0.0000,4.34,10.40,-0.41,92.88,2.2938,0.003638,101801.4
1988-02-02,0.0000,2.99,8.42,-1.67,139.50,3.8850,0.002335,102262.6
1988-02-03,0.0000,5.73,9.30,-2.20,129.12,4.0887,0.003580,101361.2
1988-02-04,0.0022,12.53,18.41,3.57,134.62,7.2725,0.004551,100200.0
1988-02-05,0.0000,5.77,10.39,1.21,110.12,3.5600,0.002604,101921.8
1988-02-06,0.2992,3.18,5.80,-0.15,82.25,3.5225,0.002083,102377.0
1988-02-07,0.0000,2.25,5.16,-1.85,110.25,2.0825,0.002188,102591.8
1988-02-08,0.0000,3.46,7.49,-1.17,134.25,2.3288,0.001930,102519.4
1988-02-09,0.0097,3.11,5.03,1.15,80.88,2.2000,0.001924,102818.4
1988-02-10,0.0000,3.02,4.82,0.38,90.88,2.3050,0.002315,102757.6
1988-02-11,0.0000,4.75,10.11,0.11,153.75,1.5912,0.002155,102170.1
1988-02-12,0.0000,6.32,11.17,-0.29,143.50,2.4375,0.002628,101905.6
1988-02-13,0.0032,5.18,8.77,0.77,116.00,2.6163,0.003892,102285.8
1988-02-14,0.0076,1.74,4.24,-1.06,102.38,3.1838,0.002257,102949.0
1988-02-15,0.0259,1.65,3.46,-2.06,79.75,3.2775,0.001858,102985.5
1988-02-16,2.5974,-2.89,-0.59,-6.34,76.88,2.0500,0.002558,103524.0
1988-02-17,0.0000,-0.17,4.86,-4.63,128.50,2.0975,0.002274,103421.4
1988-02-18,0.0000,2.16,6.33,-3.13,173.62,1.4613,0.001933,103144.0
1988-02-19,0.0043,1.66,4.35,-1.38,97.25,1.7225,0.002855,102533.8
1988-02-20,0.0000,4.28,9.48,-0.46,164.12,2.2337,0.002900,102738.5
1988-02-21,0.0983,5.53,8.63,0.34,144.62,4.0775,0.003906,102258.9
1988-02-22,0.0194,6.48,8.41,4.53,84.38,2.2687,0.004317,102162.1
1988-02-23,0.2754,4.30,5.79,2.43,73.00,2.1062,0.004033,102633.0
1988-02-24,1.9591,2.82,4.19,-0.80,109.12,2.9025,0.002541,102675.6
1988-02-25,16.1924,0.07,0.48,-0.98,88.12,2.8812,0.003480,102546.5
1988-02-26,4.6062,0.11,0.72,-0.40,38.12,1.7450,0.003392,102352.0
1988-02-27,6.4757,0.40,0.94,-0.16,64.88,2.4538,0.003600,102576.8
1988-02-28,10.7827,-1.22,-0.94,-1.57,34.12,2.7038,0.003126,102550.0
1988-02-29,0.0529,-0.29,0.45,-1.24,24.00,1.1438,0.003452,102439.9
1988-03-01,0.2246,0.64,3.36,-1.43,60.12,0.8338,0.003317,102372.5
1988-03-02,0.0043,1.36,3.98,-2.02,126.62,1.3825,0.003047,102690.2
1988-03-03,0.0000,1.28,3.56,-1.23,191.88,1.4975,0.002653,102718.0
1988-03-04,0.0000,3.24,5.65,-0.27,124.00,1.5113,0.003166,102494.8
1988-03-05,0.0000,5.61,8.94,1.47,175.62,1.6200,0.003725,102359.2
1988-03-06,0.0000,2.16,6.21,-1.82,199.50,3.7025,0.002026,103119.9
1988-03-07,0.0000,2.71,6.84,-1.77,267.88,3.2013,0.002254,102718.6
1988-03-08,0.0000,6.14,12.14,1.42,267.38,3.0475,0.002782,102682.4
1988-03-09,0.0000,9.63,15.67,4.40,264.25,2.9125,0.003090,102167.9
1988-03-10,0.0259,13.21,17.62,4.68,206.62,2.4825,0.004576,101045.4
1988-03-11,0.0000,14.26,19.72,9.80,208.62,3.2850,0.005722,100666.6
1988-03-12,1.2560,17.84,22.59,10.39,189.00,3.8650,0.007766,100130.1
1988-03-13,20.7760,15.61,18.19,10.70,33.38,2.2987,0.009311,99848.0
1988-03-14,21.2944,6.59,10.93,3.16,35.38,5.4163,0.005684,101262.9
1988-03-15,18.1332,-0.42,1.78,-2.07,44.38,4.0800,0.003417,102398.6
1988-03-16,0.0076,-0.05,1.50,-1.69,137.25,1.4150,0.003220,102083.0
1988-03-17,0.0000,5.48,8.76,-0.50,243.62,1.1163,0.004021,101764.0
1988-03-18,0.1814,9.05,12.38,4.17,201.50,2.1637,0.005491,101685.8
1988-03-19,0.3650,7.94,10.52,5.64,67.25,4.1750,0.005160,101969.2
1988-03-20,6.1798,3.61,4.22,3.08,27.00,3.3737,0.004612,101747.8
1988-03-21,5.5631,2.76,3.79,0.58,29.50,2.4388,0.004350,101687.2
1988-03-22,0.0238,5.89,6.99,3.29,109.50,1.4175,0.004881,101890.5
1988-03-23,0.0140,7.96,9.95,6.07,33.00,2.6525,0.005365,101761.2
1988-03-24,0.0464,8.03,10.82,4.57,105.00,1.6662,0.005769,101611.5
1988-03-25,0.1555,7.88,10.57,5.27,130.00,1.2812,0.005386,101736.8
1988-03-26,0.0086,8.90,11.48,6.48,153.88,2.5587,0.005751,101547.5
1988-03-27,0.2797,9.47,11.66,7.39,72.12,3.0412,0.005310,101285.8
1988-03-28,2.3155,8.19,9.14,7.15,54.50,3.3513,0.005770,101442.5
1988-03-29,1.0390,9.20,11.42,7.33,91.12,1.9825,0.005463,101590.4
1988-03-30,0.0000,11.24,14.97,8.10,300.25,1.7400,0.005321,101614.2
1988-03-31,0.0076,14.06,17.20,9.74,212.75,1.7712,0.006733,101484.1
1988-04-01,0.0140,13.81,17.02,10.93,158.38,2.1163,0.007000,101506.5
1988-04-02,0.0011,12.45,14.10,10.83,106.50,2.5312,0.006637,101606.1
1988-04-03,0.0086,13.75,17.20,10.59,123.12,2.2537,0.007210,101249.2
1988-04-04,0.0950,16.97,21.22,13.01,206.12,2.5600,0.008231,101091.8
1988-04-05,3.6385,9.96,14.19,5.21,92.25,5.0100,0.004429,101815.9
1988-04-06,6.0005,3.49,4.43,2.08,42.25,3.2200,0.004285,102315.5
1988-04-07,0.0000,9.52,13.37,3.90,278.75,1.2438,0.005779,102127.2
1988-04-08,0.1231,14.16,19.46,8.67,229.12,2.4050,0.007011,102074.8
1988-04-09,0.0000,16.75,22.10,11.06,247.88,2.7287,0.006639,101804.5
1988-04-10,0.0000,19.33,24.41,14.06,231.12,2.0838,0.007897,101513.4
1988-04-11,6.7932,14.70,16.51,11.88,39.00,3.5212,0.008324,101666.5
1988-04-12,0.0000,15.54,20.41,11.95,274.38,3.1512,0.005529,101843.1
1988-04-13,0.0000,17.37,23.48,11.91,272.88,2.7500,0.006881,101631.6
1988-04-14,0.0022,17.65,22.78,12.82,294.38,3.4850,0.007026,101776.6
1988-04-15,0.0000,20.47,26.24,14.42,286.88,2.2875,0.006969,101336.8
1988-04-16,8.8020,15.81,19.06,13.53,47.00,2.3225,0.009489,101133.4
1988-04-17,0.0173,14.74,20.30,10.02,232.12,2.7962,0.006622,101479.5
1988-04-18,0.0000,20.45,24.70,13.94,300.25,7.2063,0.007044,100023.2
1988-04-19,0.0011,21.27,26.93,15.64,264.50,4.4887,0.009511,99855.5
1988-04-20,0.0000,17.56,20.14,15.25,198.25,1.9112,0.008877,100842.6
1988-04-21,0.0000,14.95,18.11,11.81,107.25,2.1363,0.006275,101243.8
1988-04-22,0.0000,17.06,21.74,12.89,293.25,3.0025,0.006588,101043.2
1988-04-23,3.0650,17.16,21.79,11.64,299.00,3.3338,0.005723,101095.2
1988-04-24,0.0000,17.28,21.49,13.10,298.50,2.0612,0.006404,101217.4
1988-04-25,0.2959,19.72,24.48,16.10,274.25,3.6737,0.008877,101191.0
1988-04-26,1.2236,16.34,20.81,11.97,86.62,1.6300,0.009872,101327.5
1988-04-27,0.0011,18.03,22.92,13.50,220.62,1.1087,0.009336,100921.4
1988-04-28,0.0000,21.77,26.39,18.07,310.25,4.8988,0.010101,100314.6
1988-04-29,0.0000,23.08,28.13,19.37,283.12,2.9100,0.009230,100058.8
1988-04-30,0.0929,25.34,30.66,21.83,295.75,4.8350,0.010898,99626.8
1988-05-01,0.0356,23.13,27.33,18.66,240.12,2.9387,0.012345,100282.4
1988-05-02,4.4032,26.63,31.29,21.36,182.75,3.1562,0.016504,100072.2
1988-05-03,11.0333,27.58,33.78,21.68,260.25,3.7525,0.016834,99821.1
1988-05-04,0.0022,21.59,25.12,17.60,160.25,3.5825,0.012674,100436.9
1988-05-05,0.1112,20.98,25.37,17.98,199.50,4.4075,0.010540,100320.9
1988-05-06,35.6206,19.09,27.02,12.41,119.75,5.3187,0.012214,99721.8
1988-05-07,0.5983,14.25,15.02,12.33,25.12,2.3712,0.009099,101276.8
1988-05-08,3.3188,12.88,14.88,11.31,41.88,2.9588,0.007693,101220.5
1988-05-09,0.1307,13.09,15.60,9.99,44.62,1.6375,0.007711,101058.9
1988-05-10,1.0627,16.40,18.46,13.96,180.38,1.1988,0.009514,100960.5
1988-05-11,0.7830,18.72,22.70,15.18,246.00,2.0575,0.009620,101341.0
1988-05-12,0.0076,19.13,22.83,16.53,186.00,2.8375,0.008591,101405.2
1988-05-13,2.1222,16.67,18.05,14.79,49.38,1.0813,0.010788,100936.5
1988-05-14,0.0086,21.25,26.26,17.35,289.62,3.5812,0.009991,100726.9
1988-05-15,0.0000,23.57,28.34,18.71,319.00,3.6663,0.010969,100821.0
1988-05-16,0.0000,24.95,30.10,19.62,312.12,2.4925,0.012637,100718.0
1988-05-17,0.0000,26.75,31.74,22.34,326.50,2.6200,0.012876,100533.4
1988-05-18,14.4126,23.78,28.32,21.87,104.75,1.5175,0.015635,100059.9
1988-05-19,0.0097,24.00,28.31,19.96,225.00,2.1213,0.016475,100090.4
1988-05-20,3.8556,20.64,22.97,18.19,208.88,4.4012,0.012686,100301.0
1988-05-21,11.7882,15.20,18.46,13.87,48.62,2.0863,0.010244,100547.5
1988-05-22,0.0011,19.19,24.10,15.48,269.12,1.8375,0.011659,100428.6
1988-05-23,0.0130,21.70,24.91,17.73,121.75,1.9388,0.012634,100297.0
1988-05-24,0.0000,23.79,27.98,20.37,276.25,1.3800,0.012279,100473.4
1988-05-25,0.0367,22.85,27.73,17.87,281.12,2.9688,0.012486,100736.8
1988-05-26,0.0000,22.52,25.38,19.68,289.62,2.8325,0.012836,100659.1
1988-05-27,0.0000,23.80,27.64,21.15,321.25,2.4213,0.012632,100883.5
1988-05-28,0.0086,22.35,26.52,19.38,201.38,3.0538,0.012880,100829.4
1988-05-29,0.0983,22.08,24.69,20.13,153.25,2.5462,0.014065,100718.4
1988-05-30,13.1533,19.92,23.69,17.20,59.50,2.8888,0.013484,100675.9
1988-05-31,0.1728,19.19,23.16,16.02,139.38,3.0700,0.012168,100542.2
1988-06-01,0.0173,24.76,31.04,20.00,341.75,3.0938,0.011246,100076.0
1988-06-02,0.0464,25.94,32.39,19.11,335.88,1.9062,0.010750,99983.0
1988-06-03,0.0022,25.71,31.62,19.47,324.25,1.3487,0.010554,100317.5
1988-06-04,0.0000,27.32,32.71,22.18,330.00,3.2438,0.010716,100580.4
1988-06-05,0.0000,28.44,33.64,24.08,314.38,3.6400,0.012845,100520.9
1988-06-06,0.0000,29.97,34.98,26.27,285.25,2.1950,0.015846,100418.6
1988-06-07,0.0000,30.95,36.13,25.79,295.50,3.5463,0.015838,100075.0
1988-06-08,0.0821,30.54,35.25,25.91,291.38,3.0087,0.015705,99883.9
1988-06-09,12.1295,27.01,32.90,22.71,212.50,3.2537,0.017380,99779.0
1988-06-10,0.3456,24.52,25.79,22.84,76.75,1.4188,0.016610,99970.2
1988-06-11,4.9421,24.55,27.61,22.81,128.62,1.4488,0.016606,100200.1
1988-06-12,0.2095,25.55,29.26,22.47,89.25,1.4688,0.015205,100356.8
1988-06-13,0.0194,28.40,32.26,25.26,280.12,1.9950,0.014591,100190.0
1988-06-14,0.0691,28.57,32.11,25.95,215.62,2.9738,0.016231,99955.8
1988-06-15,0.1847,27.10,31.36,22.84,214.38,2.5975,0.015584,100091.6
1988-06-16,0.2538,24.14,27.27,22.13,216.75,1.6275,0.014257,100450.1
1988-06-17,0.0734,24.83,29.21,21.63,99.12,2.3875,0.013801,100593.5
1988-06-18,0.8564,21.35,23.61,18.29,83.00,2.3663,0.013293,100696.5
1988-06-19,0.0497,21.89,24.72,19.56,140.12,1.7550,0.013595,100373.4
1988-06-20,0.1598,23.67,26.49,21.20,161.88,2.7925,0.014824,100488.8
1988-06-21,3.1871,21.75,23.11,20.23,107.62,2.8000,0.014776,100210.4
1988-06-22,1.2096,21.26,24.42,18.29,132.00,2.1000,0.014047,99833.6
1988-06-23,0.0097,24.60,28.75,20.83,295.50,1.5812,0.014874,99794.8
1988-06-24,0.0119,24.84,28.29,21.13,281.88,2.7563,0.014849,99962.8
1988-06-25,0.0043,25.15,29.31,20.71,310.62,3.0000,0.014383,100100.1
1988-06-26,0.0324,25.60,28.98,22.77,256.62,2.8312,0.015575,100173.4
1988-06-27,0.0335,26.54,29.00,24.02,133.62,2.2100,0.018116,100056.4
1988-06-28,6.7392,24.35,27.62,21.49,166.12,2.2825,0.016778,99883.1
1988-06-29,0.0281,26.48,29.99,23.58,304.00,2.0775,0.017621,99932.8
1988-06-30,0.1566,30.51,34.24,27.16,312.12,1.9438,0.019428,99752.1
1988-07-01,1.2258,29.45,34.98,21.74,291.75,4.2863,0.018203,99876.6
1988-07-02,1.7690,27.50,31.45,23.61,234.50,1.5175,0.015946,100301.6
1988-07-03,19.4119,28.74,32.48,26.05,215.75,2.5325,0.020361,100178.8
1988-07-04,1.5509,27.31,30.93,22.10,282.00,1.8700,0.018823,100316.1
1988-07-05,0.0011,30.50,35.27,24.17,316.12,3.2987,0.018546,100096.8
1988-07-06,0.0000,31.50,34.85,27.77,331.50,4.5000,0.018169,99806.4
1988-07-07,0.0000,32.28,35.66,28.48,333.25,4.9625,0.017939,99647.6
1988-07-08,0.0000,32.87,36.90,28.61,329.25,3.3425,0.019306,99783.2
1988-07-09,0.0043,33.01,36.79,26.72,311.38,2.5637,0.021410,99987.4
1988-07-10,0.0335,31.52,37.47,25.69,277.00,2.2875,0.018190,100183.6
1988-07-11,0.7171,29.98,36.27,26.63,243.00,2.2513,0.018980,100215.9
1988-07-12,15.5520,28.27,31.54,26.36,196.88,2.8212,0.020471,100152.4
1988-07-13,10.1628,30.14,32.80,28.14,261.50,2.7463,0.020875,100026.2
1988-07-14,0.6059,30.90,34.12,28.56,269.38,3.0938,0.020035,99930.0
1988-07-15,0.4568,32.81,36.17,30.43,310.25,4.1438,0.018037,99837.5
1988-07-16,0.0000,32.48,35.97,29.14,289.00,3.9075,0.019324,99905.2
1988-07-17,0.0022,33.36,37.70,29.59,320.12,3.4525,0.017805,99909.4
1988-07-18,0.0000,33.34,37.46,29.12,327.38,3.6163,0.018730,99717.5
1988-07-19,0.0000,34.00,38.84,29.17,312.50,2.4312,0.020836,99598.8
1988-07-20,1.2420,31.11,34.13,28.09,280.25,2.2887,0.021644,99647.2
1988-07-21,5.7402,29.36,33.25,27.09,258.75,3.0037,0.020674,99592.8
1988-07-22,0.6491,29.78,34.33,27.04,264.12,2.7050,0.021105,99698.0
1988-07-23,7.2317,31.55,36.23,27.32,244.25,3.3825,0.021461,99797.1
1988-07-24,42.2474,26.38,30.39,24.08,102.75,2.2488,0.019883,99973.0
1988-07-25,20.1766,26.28,29.74,24.19,153.12,1.5450,0.018476,100272.4
1988-07-26,10.3043,25.91,29.31,23.84,223.62,1.9025,0.018825,100334.8
1988-07-27,0.0043,25.55,29.14,22.40,284.00,2.0575,0.016134,100223.8
1988-07-28,1.9591,24.92,26.77,23.59,136.12,1.5000,0.017322,100131.9
1988-07-29,0.8899,27.48,30.19,25.20,240.50,2.6525,0.019167,100218.9
1988-07-30,3.4949,26.04,28.19,24.99,95.38,3.6012,0.018900,100301.8
1988-07-31,7.9218,28.70,31.67,25.89,242.62,2.3050,0.020828,100295.6
1988-08-01,0.2052,28.44,30.79,26.58,240.00,2.9587,0.021500,100318.6
1988-08-02,0.0832,28.39,31.90,25.73,213.62,2.3725,0.021300,100312.5
1988-08-03,0.2646,29.61,33.81,26.06,259.75,2.4137,0.021134,100147.9
1988-08-04,0.0000,30.28,34.60,25.48,278.25,2.9562,0.020469,100008.9
1988-08-05,0.0000,28.05,32.78,23.73,300.50,3.3138,0.018016,100206.2
1988-08-06,0.0011,26.87,30.10,24.57,233.38,2.6088,0.017928,100291.8
1988-08-07,0.0162,28.29,31.07,25.92,240.50,2.8162,0.019151,100217.4
1988-08-08,16.0067,28.00,29.78,26.37,165.25,5.9875,0.019277,99970.1
1988-08-09,4.3697,28.86,31.83,26.20,263.62,3.6788,0.020669,100192.4
1988-08-10,0.4633,28.75,32.18,25.57,250.88,3.3663,0.020729,100339.0
1988-08-11,0.3899,28.44,31.77,25.29,262.38,2.4862,0.019876,100300.2
1988-08-12,0.0313,28.87,32.63,25.10,258.38,2.4125,0.018579,100157.2
1988-08-13,0.0000,28.76,32.44,24.97,284.88,2.7762,0.018541,100150.0
1988-08-14,0.0000,28.64,32.39,25.14,274.62,2.9800,0.018605,100144.8
1988-08-15,6.3547,28.43,31.78,24.11,193.75,3.0000,0.019039,100120.2
1988-08-16,9.5699,24.86,27.32,22.68,71.38,1.8812,0.017918,100217.1
1988-08-17,0.0011,26.34,30.03,23.93,250.12,0.9638,0.017227,100267.8
1988-08-18,0.2527,25.85,28.54,23.16,154.12,2.2213,0.017507,100227.6
1988-08-19,28.0616,23.34,25.68,21.15,44.38,2.0325,0.016510,100110.8
1988-08-20,21.4304,23.00,25.22,21.23,85.00,1.5987,0.016510,100058.6
1988-08-21,0.1598,25.59,29.81,21.62,209.00,1.6788,0.017771,100185.8
1988-08-22,0.6210,23.10,26.67,20.03,186.62,3.1537,0.014386,100375.9
1988-08-23,0.7290,24.98,29.64,20.57,302.00,2.3075,0.014852,100557.9
1988-08-24,1.2139,25.34,29.95,21.46,292.88,2.0563,0.013049,100860.1
1988-08-25,17.0413,22.89,27.56,19.39,124.88,2.6950,0.014104,100747.2
1988-08-26,0.5940,20.11,22.48,17.31,56.62,2.8212,0.013440,100609.6
1988-08-27,0.1415,23.10,27.50,19.58,274.50,1.0588,0.013626,100625.8
1988-08-28,0.0108,24.51,28.73,20.04,264.38,2.0512,0.013926,100517.5
1988-08-29,0.0389,23.99,28.37,20.59,236.00,2.7175,0.013850,100534.2
1988-08-30,6.1862,25.50,28.59,22.95,217.38,3.0888,0.015243,100593.8
1988-08-31,14.6740,23.39,25.68,21.50,57.75,2.4575,0.016353,100409.4
1988-09-01,11.3454,24.48,26.84,22.23,106.75,2.5188,0.017055,100201.6
1988-09-02,13.6609,21.16,21.97,20.27,29.75,3.1300,0.014199,100365.9
1988-09-03,1.3759,22.71,25.44,20.59,54.75,1.4612,0.015657,100543.4
1988-09-04,0.0119,24.04,26.90,21.85,66.50,1.4025,0.016559,100699.5
1988-09-05,0.0011,25.75,29.55,22.37,223.38,1.4638,0.016647,100686.9
1988-09-06,0.0076,26.99,31.48,22.97,243.00,1.7775,0.016844,100513.4
1988-09-07,3.0974,28.12,32.53,24.71,236.38,2.0512,0.016825,100528.6
1988-09-08,56.7940,21.55,23.85,19.61,42.50,4.1912,0.014940,100645.2
1988-09-09,28.1437,19.93,21.68,18.34,14.75,4.2225,0.014206,100430.5
1988-09-10,0.0896,21.27,23.71,19.30,92.00,2.5538,0.014481,100765.2
1988-09-11,0.1447,24.51,28.40,21.44,168.25,1.6437,0.015566,100855.2
1988-09-12,7.6561,24.45,28.08,20.79,165.00,1.9438,0.015028,100955.4
1988-09-13,25.3627,20.05,22.46,17.54,30.25,3.0037,0.013120,100972.9
1988-09-14,5.8882,18.33,20.56,16.91,44.12,1.5600,0.012153,101024.8
1988-09-15,0.0000,21.56,25.52,18.13,222.25,1.2100,0.012697,100997.9
1988-09-16,0.0011,23.19,27.48,19.23,233.38,1.9212,0.013350,101133.5
1988-09-17,0.0000,23.71,28.40,19.44,232.00,2.8438,0.013181,101261.6
1988-09-18,0.0983,23.10,28.53,17.82,209.88,2.3162,0.013557,101526.2
1988-09-19,0.0205,20.04,22.95,17.39,152.38,1.8675,0.012273,101757.8
1988-09-20,0.0000,21.33,25.64,17.20,235.62,2.3988,0.010985,101587.9
1988-09-21,0.0000,21.36,26.77,16.37,222.50,2.0988,0.010153,101528.8
1988-09-22,0.0000,21.39,25.24,18.55,214.12,3.1600,0.010893,101417.8
1988-09-23,3.3577,18.52,20.41,17.13,42.25,2.4637,0.011086,101489.0
1988-09-24,0.0000,20.30,24.79,16.69,181.12,2.4513,0.010656,101469.1
1988-09-25,0.0000,20.44,26.22,16.00,214.25,1.6988,0.008734,101345.4
1988-09-26,0.0000,18.35,23.30,13.22,228.62,1.5163,0.007605,101231.9
1988-09-27,0.0000,18.68,23.84,13.92,226.88,1.4737,0.008509,101257.2
1988-09-28,0.0000,20.04,23.87,16.82,206.88,2.4538,0.008650,101530.5
1988-09-29,0.0000,19.46,23.07,14.85,110.38,3.0725,0.010036,101717.9
1988-09-30,0.0508,20.52,23.97,16.32,175.12,2.2525,0.010157,101692.0
1988-10-01,0.0000,20.04,22.85,18.18,98.88,2.5563,0.011099,101590.2
1988-10-02,0.0108,20.12,22.73,18.34,102.12,1.9000,0.011284,101465.2
1988-10-03,1.6373,19.27,21.35,17.39,27.12,1.9075,0.011470,101365.2
1988-10-04,5.1419,17.37,18.79,16.30,44.50,2.0575,0.010805,101284.6
1988-10-05,0.1847,14.70,19.71,11.29,90.62,2.3138,0.008376,101258.5
1988-10-06,0.0000,16.96,21.08,12.78,137.12,1.2000,0.008730,101128.9
1988-10-07,0.0000,19.01,24.08,15.18,94.38,1.3525,0.008713,101197.6
1988-10-08,0.0000,19.36,25.17,15.19,211.50,0.8750,0.008832,101382.6
1988-10-09,0.0000,20.75,25.65,17.13,214.50,2.8125,0.008927,101667.2
1988-10-10,0.0000,20.22,24.84,16.26,202.50,3.0575,0.010114,101454.9
1988-10-11,0.0000,21.38,26.16,17.89,186.50,1.6575,0.010436,101394.6
1988-10-12,0.1145,16.36,19.85,12.89,61.38,3.3938,0.006567,102132.6
1988-10-13,0.0000,14.35,17.36,12.53,108.50,1.6988,0.005796,102033.9
1988-10-14,1.3684,13.57,15.53,12.27,34.88,1.5625,0.007570,101627.6
1988-10-15,10.2211,12.77,14.12,12.10,14.12,3.0537,0.008269,101663.4
1988-10-16,10.2762,12.24,12.69,11.89,13.38,1.6150,0.008582,101795.4
1988-10-17,1.4062,14.35,15.49,12.59,46.12,0.8450,0.008990,101928.1
1988-10-18,0.0011,16.34,20.20,14.11,142.62,2.2950,0.009576,101947.8
1988-10-19,0.0140,17.49,21.67,14.23,97.25,2.1937,0.009196,101652.0
1988-10-20,0.0119,18.26,22.44,14.70,119.62,1.3850,0.010766,101576.4
1988-10-21,0.0184,18.34,20.25,16.62,99.62,1.9488,0.011210,101777.4
1988-10-22,0.5087,18.48,20.46,16.90,75.75,2.2688,0.011251,101793.9
1988-10-23,2.1773,15.73,18.18,14.43,79.25,1.7100,0.010500,101595.5
1988-10-24,0.0000,16.87,22.19,12.92,149.38,1.3400,0.009653,101478.5
1988-10-25,0.0011,17.30,22.92,12.72,184.88,1.9725,0.008091,101572.8
1988-10-26,0.0011,16.08,21.11,10.94,188.88,2.4563,0.008160,101795.2
1988-10-27,0.0054,16.69,21.92,11.08,163.50,3.8863,0.007341,102327.6
1988-10-28,0.0000,11.55,16.30,5.88,189.50,2.4187,0.004678,102753.2
1988-10-29,0.0000,10.96,15.50,7.03,187.75,1.3212,0.004555,102376.1
1988-10-30,0.0000,13.13,18.30,8.84,186.12,2.8900,0.004758,101962.2
1988-10-31,0.0000,14.76,21.34,9.25,182.12,2.3900,0.005341,101883.6
1988-11-01,0.0000,15.77,22.07,10.16,142.88,1.7612,0.006111,102334.0
1988-11-02,0.0000,12.35,19.00,7.16,157.75,1.6887,0.005288,102485.5
1988-11-03,0.0000,12.34,19.15,7.24,165.62,2.3163,0.004588,102191.4
1988-11-04,0.0000,14.23,21.33,8.02,179.62,2.1513,0.004821,102162.8
1988-11-05,0.0000,13.55,21.25,7.06,172.12,0.8563,0.005255,102361.4
1988-11-06,0.0000,15.98,23.01,9.85,164.75,1.3125,0.005175,102091.2
1988-11-07,0.0000,17.31,23.81,11.38,155.50,1.8637,0.005209,101882.4
1988-11-08,0.0000,17.42,24.55,11.61,151.38,1.4737,0.005796,101661.1
1988-11-09,0.0000,9.13,14.74,2.25,146.00,4.0900,0.001829,102827.8
1988-11-10,0.0000,7.52,13.06,3.21,159.38,2.1137,0.002404,102889.0
1988-11-11,0.0000,12.23,17.99,6.10,174.38,3.8987,0.002535,102185.9
1988-11-12,0.0000,16.10,22.38,11.69,158.25,5.2338,0.004123,101364.8
1988-11-13,0.0000,17.54,24.06,11.57,148.25,4.5113,0.005280,101169.5
1988-11-14,0.0000,15.83,24.01,9.55,146.88,1.7750,0.006338,101211.0
1988-11-15,0.0605,12.33,17.62,6.06,125.75,2.5150,0.005796,101819.4
1988-11-16,1.5001,10.47,13.81,6.25,96.88,2.0687,0.005181,102128.2
1988-11-17,0.0000,10.10,15.27,5.08,125.88,2.2900,0.005367,102280.1
1988-11-18,0.0000,8.08,14.80,3.96,154.50,1.5075,0.003571,102895.4
1988-11-19,0.0000,12.33,17.73,5.93,136.75,4.1663,0.004099,102093.4
1988-11-20,0.0000,12.97,20.08,6.64,148.62,1.7550,0.005082,101814.8
1988-11-21,0.0000,14.37,21.96,8.22,147.88,1.5600,0.005235,101448.0
1988-11-22,0.0000,13.23,20.85,5.32,110.12,2.5025,0.004949,101642.5
1988-11-23,0.0000,6.94,12.07,2.70,133.25,1.7812,0.003032,102464.0
1988-11-24,0.0000,7.39,11.85,2.22,138.12,1.7500,0.003127,102317.5
1988-11-25,0.0000,7.93,13.87,1.70,120.50,1.6550,0.003156,102217.9
1988-11-26,0.0000,5.45,12.49,-0.16,149.75,2.3313,0.002457,102491.6
1988-11-27,0.0000,6.03,13.48,0.70,149.50,1.8238,0.002431,102636.0
1988-11-28,0.0000,6.28,11.99,2.17,147.50,1.4250,0.002544,102951.4
1988-11-29,0.0000,8.28,12.17,2.86,97.12,1.8275,0.002674,102752.5
1988-11-30,0.0000,9.51,15.70,5.13,108.62,2.4763,0.003152,102194.6
1988-12-01,0.0000,6.82,12.93,2.93,134.88,2.1200,0.003554,102544.0
1988-12-02,0.0000,7.74,13.68,3.04,140.12,2.6013,0.003588,102601.0
1988-12-03,0.0000,7.52,12.44,3.14,69.38,1.6237,0.004240,102135.2
1988-12-04,0.0000,4.63,10.55,1.13,152.25,1.6900,0.002780,102595.1
1988-12-05,0.0000,6.80,13.02,1.27,155.25,2.5975,0.002433,101804.0
1988-12-06,0.0000,11.96,18.29,4.42,93.50,2.3400,0.003321,100807.9
1988-12-07,0.1469,11.28,14.95,8.59,28.00,2.9962,0.004016,101504.6
1988-12-08,0.1080,6.89,10.58,1.59,44.25,3.1750,0.002636,103015.8
1988-12-09,0.0000,4.23,9.06,1.00,139.50,2.9763,0.001746,103079.2
1988-12-10,0.0000,5.83,12.89,1.15,140.00,2.5900,0.002310,102588.6
1988-12-11,0.0000,8.85,13.97,0.45,146.50,3.4913,0.002439,101988.0
1988-12-12,0.0000,11.44,18.39,6.29,138.25,4.5100,0.003220,101620.4
1988-12-13,0.0000,7.43,13.58,1.71,124.88,3.2613,0.002419,102272.9
1988-12-14,0.0000,4.02,9.21,-1.83,90.25,3.1338,0.002485,102429.2
1988-12-15,0.0000,0.22,6.01,-4.72,144.12,2.5250,0.001549,103049.4
1988-12-16,0.0000,0.66,5.33,-3.98,151.38,1.9137,0.001289,103264.1
1988-12-17,0.3575,2.45,4.92,-0.70,48.50,1.9800,0.002089,102775.9
1988-12-18,0.0000,4.44,9.36,0.72,122.88,1.5013,0.003311,102111.8
1988-12-19,0.3478,8.01,10.38,2.49,49.12,2.5563,0.003765,101926.6
1988-12-20,0.0151,6.36,10.31,3.02,43.50,1.4100,0.004621,102180.0
1988-12-21,0.0032,7.57,9.94,4.80,60.12,2.9012,0.004851,102337.0
1988-12-22,2.1946,6.68,7.22,5.97,21.75,2.8400,0.004679,101996.5
1988-12-23,0.1426,6.69,7.49,5.74,31.75,1.5838,0.005176,101914.5
1988-12-24,1.3295,3.79,6.07,1.35,13.38,3.5988,0.004576,102623.2
1988-12-25,0.0410,0.57,1.05,0.18,26.50,2.0538,0.002914,103034.9
1988-12-26,1.1243,1.98,2.55,0.02,15.62,1.3675,0.003831,102478.2
1988-12-27,0.4838,3.99,4.71,3.19,27.00,1.2100,0.004142,102619.9
1988-12-28,1.9580,3.38,5.27,0.71,28.62,3.8387,0.003582,102774.1
1988-12-29,0.0097,2.93,4.28,0.95,58.38,1.0287,0.003965,102877.9
1988-12-30,1.3295,4.02,5.04,2.81,31.88,1.3700,0.003992,102711.1
1988-12-31,0.3866,3.25,5.95,-0.13,35.62,1.2800,0.003606,102967.0
1989-01-01,0.0184,4.87,6.50,0.73,20.38,1.5613,0.004499,102518.6
1989-01-02,0.0054,8.11,9.87,5.56,41.75,0.9487,0.005346,102225.8
1989-01-03,0.7625,7.06,7.74,5.85,12.88,3.1987,0.005139,102687.9
1989-01-04,3.9571,6.42,8.48,4.21,64.50,5.1263,0.004155,102655.8
1989-01-05,12.4675,4.89,5.74,3.62,17.62,2.7338,0.005121,101942.1
1989-01-06,7.4552,4.75,5.42,2.77,52.25,2.1525,0.005190,101350.9
1989-01-07,1.3273,2.92,3.50,2.50,57.50,2.6088,0.004488,101554.9
1989-01-08,4.1094,2.93,3.22,2.24,56.62,1.4700,0.004536,101732.4
1989-01-09,10.4479,5.39,6.75,3.36,51.38,3.0463,0.005286,101461.8
1989-01-10,10.0796,0.53,3.13,-1.24,16.00,3.2925,0.003770,102101.4
1989-01-11,0.1706,-0.48,0.44,-1.68,30.00,2.3400,0.002813,103033.6
1989-01-12,0.0032,-0.88,0.37,-2.31,36.25,1.4500,0.002559,103330.2
1989-01-13,0.0065,-0.29,2.33,-2.26,90.25,0.5150,0.002460,103178.9
1989-01-14,0.0032,-0.01,3.31,-2.69,117.38,0.6862,0.002576,103155.0
1989-01-15,0.0000,1.78,5.29,-2.18,119.12,0.8875,0.002741,102857.4
1989-01-16,0.0000,2.23,6.67,-1.27,116.62,1.5300,0.003168,102616.0
1989-01-17,7.1161,0.39,0.93,-1.36,23.00,1.7175,0.003714,102313.6
1989-01-18,0.3164,1.40,1.65,0.39,27.25,2.0538,0.004099,102064.5
1989-01-19,0.0594,1.69,4.33,-0.99,33.00,1.1163,0.003934,102018.1
1989-01-20,0.0011,4.06,7.34,-0.41,105.00,1.2225,0.004080,102157.0
1989-01-21,1.2085,3.91,5.98,2.10,28.12,1.5663,0.004136,102326.1
1989-01-22,0.0864,3.49,6.08,2.09,83.62,2.5262,0.003983,102045.2
1989-01-23,0.0000,4.56,8.26,1.32,136.62,2.4550,0.003774,102349.8
1989-01-24,0.0000,4.57,7.24,1.61,73.25,1.6838,0.003758,102105.0
1989-01-25,0.0000,6.08,10.84,2.02,130.12,2.2938,0.004202,101937.4
1989-01-26,0.0000,1.65,6.43,-2.56,142.00,2.9963,0.002170,103062.0
1989-01-27,0.0000,-0.24,3.39,-3.42,147.88,2.2800,0.001576,103571.6
1989-01-28,0.0000,-0.31,2.07,-3.66,133.25,3.0275,0.002005,103217.1
1989-01-29,0.0130,2.40,5.19,-2.29,123.50,1.5550,0.002997,102749.8
1989-01-30,0.0000,5.00,8.99,0.53,131.00,1.0138,0.003369,102426.4
1989-01-31,0.0000,2.93,6.90,-0.25,70.62,2.8625,0.003085,102582.1
1989-02-01,0.0000,2.45,6.04,-1.60,152.00,0.8612,0.002464,102726.6
1989-02-02,0.0000,2.30,7.00,-0.91,158.00,2.1950,0.001819,102944.6
1989-02-03,0.0000,1.62,5.62,-2.18,158.25,1.9700,0.002265,102521.0
1989-02-04,0.0000,2.11,5.66,-2.63,115.75,2.5950,0.002640,102523.4
1989-02-05,0.0065,4.20,7.02,0.18,112.12,2.5625,0.003379,102530.9
1989-02-06,1.8047,2.42,4.43,0.72,40.62,2.5625,0.003639,102383.2
1989-02-07,2.7572,1.20,1.94,0.19,23.38,1.4000,0.003831,102150.5
1989-02-08,0.0097,3.24,5.38,-0.16,125.00,0.9137,0.003956,102153.0
1989-02-09,0.0086,3.24,6.72,-1.72,121.38,2.0450,0.003539,102447.8
1989-02-10,0.0000,3.51,7.94,-1.83,193.75,1.5475,0.002375,102464.2
1989-02-11,0.0000,6.72,11.85,0.75,202.88,3.6375,0.002579,101927.8
1989-02-12,0.0000,8.70,14.80,2.43,197.00,2.6600,0.002821,102023.5
1989-02-13,0.0000,7.07,11.84,1.45,194.12,3.8525,0.002429,102029.6
1989-02-14,0.6394,6.62,9.01,2.72,73.62,1.9175,0.004454,101440.1
1989-02-15,1.2409,7.54,8.65,6.05,54.50,2.3375,0.005789,101235.8
1989-02-16,13.5475,5.95,7.34,2.90,25.25,4.3112,0.005581,101394.0
1989-02-17,0.8975,1.25,1.58,1.02,30.00,2.7737,0.003785,102063.2
1989-02-18,0.0000,4.46,6.93,0.04,175.38,1.2100,0.003676,102271.2
1989-02-19,0.0076,6.52,8.61,3.33,106.88,1.2050,0.004700,102213.1
1989-02-20,12.6932,3.88,6.78,0.14,34.50,3.2262,0.004592,102358.8
1989-02-21,2.9322,0.48,1.15,0.11,65.50,2.4125,0.003520,103080.5
1989-02-22,24.0268,-1.32,-0.52,-2.03,31.88,3.5550,0.003159,103000.9
1989-02-23,11.4847,-0.59,-0.13,-1.18,37.25,1.1325,0.003476,102539.6
1989-02-24,4.9540,-0.33,0.27,-1.30,35.50,0.9563,0.003606,102211.2
1989-02-25,0.0032,1.06,3.95,-4.19,93.12,0.9688,0.003429,102355.2
1989-02-26,0.0011,1.90,5.09,-1.27,116.12,1.2887,0.003923,102233.2
1989-02-27,0.0000,4.67,7.05,0.91,165.88,1.5312,0.004601,101757.4
1989-02-28,7.4736,6.37,8.83,3.60,92.25,2.7787,0.005096,102002.8
1989-03-01,3.3415,5.07,5.37,4.04,33.12,4.1537,0.005042,101867.6
1989-03-02,16.5272,3.52,5.33,1.62,13.88,3.7375,0.004681,101561.0
1989-03-03,3.1093,2.36,3.28,1.69,37.38,3.2900,0.004070,102216.4
1989-03-04,0.0000,4.37,7.98,0.26,189.25,1.5412,0.003941,102444.4
1989-03-05,0.0000,4.36,8.40,0.34,216.75,2.3725,0.003335,102338.5
1989-03-06,0.0238,6.46,10.81,1.89,220.12,1.1175,0.003332,102624.2
1989-03-07,0.3337,5.36,9.14,2.27,205.88,1.4850,0.003363,102938.5
1989-03-08,0.0000,6.60,11.81,1.90,255.12,2.8938,0.003482,102495.9
1989-03-09,0.0000,9.66,14.30,4.75,230.12,2.4537,0.003862,102127.6
1989-03-10,0.0076,12.76,16.82,6.40,183.00,1.1463,0.004559,101760.8
1989-03-11,0.0022,14.54,17.68,10.71,210.00,1.5675,0.005867,101435.6
1989-03-12,0.0000,15.48,19.64,11.89,179.00,2.3212,0.007174,100955.2
1989-03-13,0.0000,12.67,17.96,8.44,126.50,2.8625,0.005968,101092.9
1989-03-14,0.0000,14.66,20.88,9.67,233.00,2.2625,0.006289,101263.2
1989-03-15,0.0000,11.86,15.46,6.76,60.62,2.1175,0.006901,101309.1
1989-03-16,0.0065,10.96,15.02,6.50,223.12,4.4812,0.003957,102087.9
1989-03-17,2.2669,7.64,8.66,6.16,40.38,3.0325,0.004309,101632.0
1989-03-18,0.0356,8.54,10.18,7.08,70.88,2.0187,0.005829,101245.2
1989-03-19,0.2462,8.87,9.64,7.87,27.25,1.5750,0.006644,101698.9
1989-03-20,0.1588,11.80,15.09,8.55,153.88,2.5800,0.006127,102203.9
1989-03-21,0.0000,9.40,13.49,6.53,244.62,4.2387,0.003704,102337.9
1989-03-22,8.1670,7.56,10.12,6.22,64.38,3.0262,0.004550,101775.2
1989-03-23,1.7593,6.83,7.66,6.07,28.12,1.9275,0.005421,101660.8
1989-03-24,1.3921,6.95,8.36,5.32,81.00,1.7987,0.005211,102004.2
1989-03-25,0.0292,8.77,12.45,5.23,232.88,1.9300,0.004922,101738.2
1989-03-26,0.5324,10.59,16.87,5.70,240.50,4.0600,0.005756,101303.0
1989-03-27,0.0076,9.19,14.70,4.12,300.88,2.5938,0.003835,101856.1
1989-03-28,0.0000,11.96,17.02,6.20,297.50,2.6600,0.003580,101554.9
1989-03-29,0.0000,16.68,21.85,8.76,253.00,3.3950,0.006134,100933.1
1989-03-30,0.0270,14.96,19.49,10.80,83.38,3.5213,0.007140,101082.8
1989-03-31,0.1264,17.29,21.42,14.09,172.88,2.6525,0.007494,100936.9
1989-04-01,2.0574,15.11,18.56,12.88,57.00,2.4888,0.008254,100594.2
1989-04-02,2.2540,14.92,17.79,12.60,43.38,1.7125,0.009116,100431.5
1989-04-03,0.0000,15.18,18.14,12.16,83.62,3.0788,0.008361,100904.9
1989-04-04,0.0000,12.15,14.20,9.55,140.50,2.3400,0.005313,101160.9
1989-04-05,0.0000,13.08,17.24,8.63,213.38,2.0687,0.005104,101126.5
1989-04-06,0.0000,15.25,19.25,10.95,251.00,1.3188,0.006149,101103.9
1989-04-07,0.0000,17.93,22.70,13.03,246.25,1.1688,0.006689,101303.8
1989-04-08,0.0022,17.53,22.74,12.65,255.62,1.2437,0.006496,101250.0
1989-04-09,0.0000,18.57,24.09,12.57,255.38,1.9225,0.006569,101342.1
1989-04-10,0.0000,14.48,17.90,11.84,219.12,4.4425,0.004132,101848.2
1989-04-11,0.0151,13.21,16.03,10.28,77.62,4.1912,0.004689,101667.2
1989-04-12,9.5483,10.90,11.97,9.39,46.88,4.2200,0.007418,101413.9
1989-04-13,1.5520,10.33,10.68,9.35,20.75,2.6562,0.007317,101393.8
1989-04-14,0.1782,11.51,14.54,8.81,101.25,1.4450,0.007249,101337.1
1989-04-15,0.2959,14.79,19.34,11.18,227.88,1.4400,0.008199,100896.0
1989-04-16,0.0022,20.08,25.23,16.47,288.88,3.3475,0.008583,100500.8
1989-04-17,0.0065,20.94,26.68,15.72,227.75,1.6737,0.009320,100433.1
1989-04-18,0.0000,22.51,26.68,18.96,275.00,2.0550,0.011444,100522.9
1989-04-19,0.1847,20.86,24.73,18.62,213.12,3.0325,0.012970,100418.6
1989-04-20,0.2020,18.87,20.09,17.60,49.25,2.1937,0.012854,100534.2
1989-04-21,15.9440,17.07,19.18,14.25,60.00,3.0650,0.011253,100808.9
1989-04-22,0.2776,17.43,20.19,15.10,151.12,1.7812,0.009096,100975.1
1989-04-23,2.4818,14.01,19.55,9.67,157.25,1.9212,0.007449,101160.2
1989-04-24,0.0000,17.28,21.81,12.92,288.25,2.0375,0.008145,101228.9
1989-04-25,0.0000,19.09,24.26,15.12,277.75,3.0425,0.008825,100713.5
1989-04-26,0.0000,21.53,26.49,15.82,302.00,2.0325,0.010556,100736.1
1989-04-27,18.8752,16.19,23.69,9.50,151.88,5.5200,0.008685,101175.9
1989-04-28,8.3236,11.80,12.64,10.57,62.25,3.7038,0.007757,101515.4
1989-04-29,1.7075,12.47,13.52,11.84,42.25,2.2500,0.008695,101346.5
1989-04-30,2.6935,14.32,16.15,12.41,131.12,1.0850,0.008798,101203.2
1989-05-01,4.3945,14.64,15.52,13.45,56.25,1.2912,0.009723,100919.4
1989-05-02,1.4915,14.36,15.85,12.60,40.62,2.1037,0.009539,100993.5
1989-05-03,0.2538,16.49,19.39,13.93,136.50,1.9700,0.009627,100988.5
1989-05-04,0.5670,18.94,22.76,15.86,250.38,1.3787,0.011151,100884.5
1989-05-05,0.0248,19.41,24.04,13.90,211.38,1.3200,0.011120,100982.9
1989-05-06,0.0054,21.41,25.13,18.13,300.12,2.6188,0.010569,100752.6
1989-05-07,0.3218,20.05,22.09,17.95,42.50,1.3950,0.012860,100437.2
1989-05-08,0.3294,20.93,23.55,18.49,105.25,1.5075,0.013086,100178.9
1989-05-09,12.8585,22.47,24.51,20.47,143.62,2.2675,0.015231,99973.6
1989-05-10,10.6153,18.08,20.85,15.34,37.00,2.8187,0.012543,99983.5
1989-05-11,0.4061,18.07,20.54,16.21,166.88,1.8475,0.010771,100761.0
1989-05-12,2.7421,17.81,21.72,13.81,112.75,2.2513,0.010645,101033.6
1989-05-13,0.0000,17.19,23.95,10.83,333.88,3.1000,0.007519,101279.4
1989-05-14,0.0000,19.05,23.03,15.43,341.00,1.9288,0.006973,101330.9
1989-05-15,0.0000,18.22,22.05,14.20,139.12,2.2875,0.008776,100730.9
1989-05-16,0.0000,20.05,24.56,16.26,265.50,3.0125,0.010421,100500.0
1989-05-17,0.0000,22.91,27.46,18.95,318.25,3.0800,0.010694,100698.1
1989-05-18,0.0000,22.99,28.45,17.53,318.38,3.1837,0.012107,100705.2
1989-05-19,0.0184,21.51,25.14,17.87,173.12,2.4225,0.012858,101106.2
1989-05-20,0.0011,22.11,26.06,18.99,228.12,1.9975,0.013288,101202.5
1989-05-21,1.3932,22.98,26.76,19.30,181.38,2.4337,0.012875,100916.2
1989-05-22,0.8932,19.84,22.42,17.07,82.50,1.3338,0.011269,100543.8
1989-05-23,0.0000,23.52,28.47,19.51,316.75,2.6413,0.010938,100518.4
1989-05-24,4.9345,15.21,21.34,10.72,118.62,2.5838,0.009157,101553.4
1989-05-25,0.0875,20.32,25.37,15.32,349.25,1.9575,0.007895,101323.0
1989-05-26,0.5778,19.66,22.69,15.83,80.38,1.6875,0.010372,100882.2
1989-05-27,4.6624,17.69,18.61,15.29,64.25,1.7013,0.011716,100697.6
1989-05-28,0.2300,22.09,26.67,18.36,211.75,1.2900,0.011919,100577.2
1989-05-29,0.0022,22.62,26.25,18.28,217.00,1.2988,0.012283,100913.1
1989-05-30,0.0000,24.31,28.83,19.22,304.38,3.0725,0.011505,101059.2
1989-05-31,0.0000,26.00,31.18,21.65,315.62,1.8087,0.012265,100701.0
1989-06-01,0.0486,27.80,32.88,23.18,245.25,2.2937,0.013956,100532.1
1989-06-02,0.0000,28.59,33.17,23.50,313.38,2.6000,0.014442,100532.5
1989-06-03,80.2937,24.59,29.13,22.24,119.38,2.3387,0.016354,100020.0
1989-06-04,0.0572,20.14,21.72,18.30,91.25,2.2575,0.013687,100144.6
1989-06-05,0.0000,25.09,29.23,19.80,299.38,2.0038,0.015729,100292.2
1989-06-06,23.0828,25.51,27.04,24.06,139.62,1.8525,0.018704,99983.1
1989-06-07,48.4369,23.67,28.57,19.73,91.00,3.5425,0.017195,99707.4
1989-06-08,0.0000,24.04,27.03,21.40,265.00,2.6737,0.014427,100312.4
1989-06-09,1.1977,24.50,27.21,22.50,186.62,2.3863,0.013442,100641.4
1989-06-10,7.3440,18.56,19.54,17.58,72.00,3.9700,0.011975,100868.4
1989-06-11,0.9493,23.08,25.66,19.63,243.00,3.8125,0.014111,100663.5
1989-06-12,16.5100,27.19,32.32,23.10,196.88,2.9525,0.018970,100111.6
1989-06-13,0.0929,24.57,30.93,18.38,178.25,2.8463,0.016842,99904.9
1989-06-14,14.2398,23.34,25.77,20.02,167.12,1.3700,0.015366,100107.0
1989-06-15,4.7714,20.35,21.50,18.60,95.00,1.7175,0.013574,100065.9
1989-06-16,0.9342,22.19,25.19,20.48,192.12,1.8300,0.014691,99979.5
1989-06-17,0.4860,23.87,26.26,21.14,104.25,1.0025,0.016058,100292.0
1989-06-18,0.0346,24.81,29.93,21.43,291.25,1.8738,0.013669,100652.6
1989-06-19,0.5054,24.80,28.78,21.11,289.00,1.9725,0.014655,100826.2
1989-06-20,1.0940,23.46,25.86,18.78,113.38,2.7562,0.012845,100722.0
1989-06-21,0.6296,20.59,24.07,17.82,198.00,2.5362,0.010791,100763.8
1989-06-22,0.0000,23.06,27.14,18.60,306.50,2.1363,0.012310,100739.4
1989-06-23,0.0000,23.76,27.65,18.73,328.50,2.2325,0.011777,100418.2
1989-06-24,0.0000,26.15,30.55,22.89,319.75,1.7475,0.014260,100223.2
1989-06-25,0.0000,27.70,31.76,24.79,292.62,2.2750,0.015308,100341.0
1989-06-26,15.3965,25.42,29.66,20.30,102.50,1.4450,0.016660,100412.8
1989-06-27,0.8489,24.57,28.79,21.56,270.12,3.8800,0.015585,100255.4
1989-06-28,0.0076,26.36,31.63,22.46,253.12,3.2638,0.015987,100073.5
1989-06-29,0.0011,26.06,30.71,22.59,266.75,3.0512,0.015357,99876.8
1989-06-30,0.1123,27.35,30.94,24.28,242.12,2.3950,0.016506,100137.2
1989-07-01,0.2689,26.71,31.03,22.81,141.88,2.2700,0.015844,100360.2
1989-07-02,0.0000,25.90,29.92,21.91,287.88,3.0675,0.014789,100624.1
1989-07-03,0.0281,25.43,28.72,22.62,256.00,3.0925,0.015103,100620.9
1989-07-04,1.1675,24.93,26.87,23.46,134.75,2.3637,0.017206,100504.9
1989-07-05,38.8908,22.86,23.95,21.01,60.25,3.2088,0.016509,100275.4
1989-07-06,7.8300,22.20,23.26,21.17,98.62,1.9475,0.016521,100143.9
1989-07-07,14.1599,23.39,26.46,21.58,114.12,1.9375,0.016875,99968.6
1989-07-08,3.1450,24.64,26.32,22.75,91.75,1.8875,0.017216,100180.1
1989-07-09,2.5153,24.88,26.71,23.95,78.62,2.4188,0.018094,100337.1
1989-07-10,8.3938,26.35,30.42,23.60,204.88,2.0850,0.019349,99999.5
1989-07-11,5.1959,22.97,23.86,21.80,47.00,1.6000,0.016640,100334.8
1989-07-12,1.1437,24.26,26.69,22.47,145.25,1.1900,0.016671,100589.5
1989-07-13,5.0296,26.12,27.83,24.20,114.88,1.7950,0.019176,100512.8
1989-07-14,3.2314,27.99,34.16,24.72,275.12,1.9238,0.019929,100363.4
1989-07-15,4.1774,29.80,33.40,27.19,249.25,2.5875,0.022886,100208.6
1989-07-16,0.0000,31.78,35.62,28.07,284.12,2.6013,0.021773,99921.1
1989-07-17,0.0000,31.97,36.33,28.14,301.50,1.8263,0.022577,99733.2
1989-07-18,0.0011,32.34,35.58,28.46,288.38,2.1137,0.021785,99924.6
1989-07-19,0.0000,32.72,36.39,29.28,290.38,1.7100,0.021171,100147.9
1989-07-20,0.0032,32.69,36.58,28.23,277.12,2.6625,0.021411,100219.2
1989-07-21,0.0378,29.55,33.26,25.77,263.88,3.2488,0.020919,100149.8
1989-07-22,3.5791,28.92,32.23,26.46,263.12,2.2013,0.019605,99919.8
1989-07-23,34.9294,28.56,33.61,25.64,244.00,2.4350,0.020889,99854.1
1989-07-24,16.7562,26.36,28.02,25.22,71.88,2.8250,0.020591,99717.0
1989-07-25,0.6545,28.67,32.02,26.43,229.25,2.1413,0.020195,99702.6
1989-07-26,7.0157,22.81,25.57,21.41,66.25,2.2263,0.015721,100244.6
1989-07-27,0.0659,24.33,27.15,22.13,133.38,1.5475,0.015236,100590.1
1989-07-28,0.2754,22.61,25.12,20.45,132.00,1.0087,0.014830,100506.2
1989-07-29,2.8858,23.10,26.69,19.13,189.88,0.8425,0.013746,100427.5
1989-07-30,32.8612,19.92,20.44,19.23,41.25,2.2238,0.013874,100446.1
1989-07-31,4.1310,22.34,23.91,20.59,45.75,1.6450,0.015811,100317.8
1989-08-01,1.2258,26.34,29.96,22.44,176.62,0.9575,0.018545,100305.6
1989-08-02,1.9915,26.51,30.55,22.26,247.38,1.9550,0.017706,100326.8
1989-08-03,0.0108,25.78,28.84,23.49,303.38,1.9937,0.015210,100278.9
1989-08-04,9.1832,25.00,26.48,24.02,93.25,3.6762,0.017640,99995.6
1989-08-05,23.2859,24.24,25.17,23.80,56.12,3.7525,0.018134,99669.6
1989-08-06,12.0485,25.77,27.56,24.39,79.25,2.1600,0.019566,99636.2
1989-08-07,4.5760,27.01,31.25,25.23,160.75,2.1400,0.019837,100092.4
1989-08-08,0.3737,26.89,29.54,25.02,123.50,2.2125,0.019747,100400.2
1989-08-09,0.4741,28.25,31.36,25.70,246.75,2.2175,0.020600,100401.5
1989-08-10,0.9310,30.14,33.49,27.57,261.50,2.5512,0.021932,100108.4
1989-08-11,0.0994,31.15,34.22,27.83,254.50,2.7800,0.022361,99813.9
1989-08-12,7.8581,27.90,30.50,25.61,168.75,2.0600,0.021096,100079.4
1989-08-13,19.6538,24.44,26.02,22.43,79.00,2.2925,0.018104,100532.2
1989-08-14,0.8726,26.55,29.41,24.21,152.75,2.6163,0.017928,100543.1
1989-08-15,2.6050,27.26,30.30,24.93,201.12,1.7075,0.019340,100350.0
1989-08-16,1.7885,27.20,30.34,24.51,228.38,3.1575,0.018604,100380.9
1989-08-17,0.5735,25.14,29.00,22.69,183.00,2.7562,0.016895,100739.4
1989-08-18,0.0065,25.55,28.40,23.31,257.00,1.5863,0.016012,100570.0
1989-08-19,2.3998,25.58,28.65,22.97,207.50,1.7575,0.016385,100510.9
1989-08-20,0.4007,25.52,29.28,23.00,211.00,1.1337,0.016204,100612.9
1989-08-21,0.0464,24.60,28.51,21.14,228.75,2.7450,0.014886,100943.0
1989-08-22,0.2117,24.74,28.63,21.21,241.62,2.0363,0.014444,101048.5
1989-08-23,0.0000,24.62,28.71,21.68,267.25,2.1363,0.012932,100916.4
1989-08-24,0.2322,25.19,28.36,21.60,236.25,1.7312,0.015694,100705.2
1989-08-25,1.0487,26.60,30.69,23.69,185.12,1.4075,0.018224,100475.5
1989-08-26,2.0509,26.75,30.54,24.34,172.25,2.0175,0.017981,100319.5
1989-08-27,7.3235,26.84,29.79,24.99,176.00,0.9588,0.018695,100160.9
1989-08-28,23.0440,22.57,24.81,20.26,52.00,2.2987,0.016085,99961.1
1989-08-29,0.0508,24.43,27.86,21.63,213.12,0.9625,0.016009,100246.9
1989-08-30,0.1382,26.57,29.53,24.08,146.25,0.7013,0.018164,100363.8
1989-08-31,1.9818,24.75,25.83,23.64,33.75,0.7162,0.018214,100331.8
1989-09-01,8.4823,25.21,27.53,23.51,102.12,0.8900,0.017616,100385.6
1989-09-02,0.0972,23.19,27.28,18.87,159.75,2.1237,0.011858,100657.2
1989-09-03,0.0000,23.45,26.82,20.66,259.75,2.4100,0.011479,100460.6
1989-09-04,2.3566,18.86,20.01,17.19,59.50,1.3112,0.012105,100388.9
1989-09-05,0.0000,21.76,25.50,18.68,254.25,1.4425,0.012125,100651.5
1989-09-06,0.0065,23.24,26.61,20.60,234.62,1.9562,0.013450,100952.9
1989-09-07,0.4406,24.14,27.65,21.91,155.00,3.0012,0.014096,101029.4
1989-09-08,0.0594,22.91,24.15,21.53,114.25,2.0563,0.015158,101017.6
1989-09-09,0.1998,23.33,26.89,20.28,176.25,2.3763,0.014254,100835.6
1989-09-10,0.0011,24.84,28.64,21.50,216.12,1.1525,0.014115,100630.2
1989-09-11,0.0000,23.39,27.54,20.03,107.88,1.5962,0.014784,100475.4
1989-09-12,0.0011,24.27,30.45,18.46,271.12,2.3763,0.010652,100574.0
1989-09-13,0.0000,23.11,28.88,17.47,272.00,2.4088,0.011149,100723.4
1989-09-14,0.3240,23.23,28.56,19.16,229.25,1.8000,0.011036,100793.0
1989-09-15,8.0611,21.07,21.48,20.52,54.50,3.5625,0.014527,101208.8
1989-09-16,3.5802,20.26,21.50,18.95,49.50,2.2562,0.013126,101102.5
1989-09-17,0.1750,22.28,26.07,19.21,146.12,0.3762,0.013077,100932.8
1989-09-18,0.0000,23.32,27.87,20.20,151.62,1.2575,0.014478,100851.4
1989-09-19,0.0594,20.95,23.09,19.52,150.25,3.2475,0.011891,101266.5
1989-09-20,0.4644,18.91,19.97,17.39,36.00,2.5988,0.012617,100990.8
1989-09-21,0.4936,19.56,22.03,17.14,69.12,0.9800,0.012694,100998.9
1989-09-22,0.0000,21.60,25.86,17.97,194.62,3.2425,0.012910,101149.1
1989-09-23,0.0205,24.79,29.92,19.22,194.38,1.9263,0.014736,100903.1
1989-09-24,0.5810,26.56,31.30,23.00,169.88,1.3500,0.015704,100835.4
1989-09-25,21.6540,18.09,20.95,15.74,45.62,3.6775,0.012587,101079.8
1989-09-26,0.2981,15.60,16.42,15.04,42.62,2.8513,0.010539,101213.6
1989-09-27,2.4019,17.40,18.30,15.97,30.38,2.2575,0.011364,101483.6
1989-09-28,0.1609,21.42,25.48,17.99,140.38,0.7437,0.011592,101580.0
1989-09-29,0.0000,18.77,22.54,14.54,106.25,1.0000,0.010696,101678.2
1989-09-30,0.0000,19.10,23.27,15.68,176.50,1.4313,0.010769,101564.8
1989-10-01,0.0000,20.54,25.10,16.93,220.12,2.2838,0.009787,101701.1
1989-10-02,0.0000,19.72,24.32,15.24,211.50,2.7850,0.009117,101790.0
1989-10-03,0.0000,19.52,23.98,15.42,218.00,2.5387,0.009526,101662.1
1989-10-04,1.6405,20.67,23.80,17.45,117.88,2.1725,0.011083,101456.5
1989-10-05,0.1048,19.04,23.50,14.56,56.00,1.7850,0.010850,101637.8
1989-10-06,0.0130,18.85,23.56,13.99,163.25,1.8812,0.009256,101803.9
1989-10-07,0.0000,18.40,23.65,13.30,199.62,2.2400,0.007678,101938.1
1989-10-08,0.0000,18.45,22.96,15.24,187.00,2.3963,0.007144,102038.9
1989-10-09,0.0000,18.04,21.52,15.52,133.50,3.3250,0.007287,101585.5
1989-10-10,0.0000,19.47,23.99,14.88,126.75,3.6988,0.009194,101153.2
1989-10-11,0.0000,20.85,26.86,16.03,202.62,2.0638,0.007744,101475.8
1989-10-12,0.0000,19.85,25.08,15.95,188.88,2.9787,0.007333,101752.2
1989-10-13,0.0000,20.16,25.84,15.29,198.38,4.3313,0.008017,101654.2
1989-10-14,3.1687,18.63,22.25,15.80,122.00,1.4787,0.010805,101311.5
1989-10-15,10.5851,15.56,17.92,10.80,34.62,3.6525,0.009893,101695.9
1989-10-16,0.0043,10.42,14.15,6.29,127.88,2.1600,0.005199,102667.8
1989-10-17,0.0000,12.10,14.72,8.53,158.12,1.0350,0.005224,102253.1
1989-10-18,0.0022,11.61,13.14,10.58,30.38,3.0788,0.006146,101851.0
1989-10-19,0.0000,14.56,21.47,8.07,185.50,2.4425,0.006184,102041.5
1989-10-20,0.0000,15.00,22.01,9.02,213.25,1.2000,0.005836,102062.8
1989-10-21,0.0000,17.65,24.95,11.92,202.88,1.2738,0.006417,101990.2
1989-10-22,0.0000,16.88,22.79,10.82,126.50,1.0875,0.007496,101693.0
1989-10-23,0.0000,17.79,23.31,12.24,159.88,1.8937,0.007800,101460.0
1989-10-24,0.0000,19.83,26.39,14.28,184.00,2.8637,0.009185,101116.8
1989-10-25,0.0281,21.40,26.66,17.08,162.38,1.6662,0.010845,101154.9
1989-10-26,3.0672,19.23,21.27,17.91,60.12,2.3700,0.011739,101200.5
1989-10-27,1.2236,15.08,16.62,12.85,56.25,2.8825,0.009460,101479.1
1989-10-28,0.0000,17.42,22.76,13.12,174.62,1.4025,0.007734,101674.1
1989-10-29,0.0443,19.23,23.00,14.85,150.12,2.6312,0.009762,101369.8
1989-10-30,0.0270,18.12,24.00,10.96,82.62,3.0825,0.007563,101339.9
1989-10-31,0.0000,14.25,20.27,8.66,191.12,1.5612,0.004609,102122.6
1989-11-01,0.0313,15.70,20.23,10.84,163.12,2.5487,0.005596,101862.5
1989-11-02,18.5101,12.04,12.47,11.58,51.88,2.0113,0.008140,101275.5
1989-11-03,19.3892,12.92,13.18,12.62,20.75,1.9413,0.009021,101229.9
1989-11-04,5.2466,13.38,14.11,12.87,22.00,1.7625,0.009219,101307.6
1989-11-05,8.7815,12.27,12.97,11.50,22.12,2.7188,0.008403,101642.4
1989-11-06,8.8301,12.35,13.35,11.18,35.88,2.6262,0.008234,101970.8
1989-11-07,12.6403,9.63,11.50,8.71,35.00,2.6762,0.006971,102308.8
1989-11-08,0.8132,8.22,11.19,5.31,98.75,1.4562,0.006030,102670.9
1989-11-09,0.0032,10.96,14.32,6.42,137.62,2.1800,0.006436,102422.1
1989-11-10,0.0054,10.63,12.05,9.78,56.00,2.4925,0.006501,102198.4
1989-11-11,6.3245,11.30,13.32,10.07,77.62,1.5063,0.007347,101976.1
1989-11-12,2.2615,10.18,11.85,7.49,16.75,2.7650,0.006510,102435.0
1989-11-13,0.0454,6.57,8.69,4.64,83.62,3.8612,0.003903,103122.1
1989-11-14,0.0108,4.70,6.86,2.62,58.62,1.8737,0.003945,102955.8
1989-11-15,0.0097,7.15,10.26,3.57,125.38,1.6750,0.004940,102512.6
1989-11-16,0.0000,8.04,11.61,4.77,115.25,0.9863,0.005525,102430.0
1989-11-17,0.0000,10.35,15.38,5.46,136.88,2.5462,0.005463,102454.2
1989-11-18,0.0000,3.63,6.96,0.93,155.50,2.9662,0.002433,103138.9
1989-11-19,0.0000,4.26,8.04,0.89,119.50,2.2200,0.003355,102690.9
1989-11-20,0.0000,8.05,12.61,2.11,137.00,2.1337,0.004285,102497.1
1989-11-21,0.0000,8.46,12.97,3.99,55.12,0.8200,0.005834,102307.6
1989-11-22,0.0000,9.47,15.40,4.22,136.12,1.1200,0.005401,102334.1
1989-11-23,0.0000,10.82,16.60,5.54,121.25,2.4738,0.006125,102276.9
1989-11-24,0.0313,9.78,14.95,4.84,106.88,0.9638,0.006264,102446.8
1989-11-25,0.0011,10.05,14.59,5.40,113.88,1.4750,0.006689,102390.5
1989-11-26,0.0227,10.69,14.79,6.49,84.75,2.8500,0.005615,102324.6
1989-11-27,0.0000,4.91,9.21,0.20,141.75,2.4562,0.002668,103146.1
1989-11-28,0.0000,3.17,8.04,-0.38,147.00,1.0950,0.002526,103246.4
1989-11-29,0.0000,5.58,11.81,0.64,139.75,1.2563,0.003109,103191.6
1989-11-30,0.0000,6.99,12.51,1.26,131.00,1.1012,0.003861,103117.8
1989-12-01,0.0000,10.17,15.91,4.65,125.62,4.0975,0.004167,102359.9
1989-12-02,0.0000,13.19,18.76,7.38,135.38,5.0062,0.005009,101616.6
1989-12-03,0.0000,14.26,20.74,9.15,131.50,5.2775,0.004984,101003.9
1989-12-04,0.0000,11.00,16.08,6.47,110.62,1.6100,0.006103,101503.2
1989-12-05,0.0000,6.97,9.65,5.28,57.75,1.1137,0.006029,101410.8
1989-12-06,0.3596,6.99,7.99,5.37,45.62,2.0638,0.005944,101505.0
1989-12-07,0.0000,4.03,7.53,0.17,62.00,1.6450,0.004350,102300.8
1989-12-08,0.0000,5.08,9.88,-0.40,122.88,1.7487,0.004001,102534.5
1989-12-09,0.0000,7.44,11.57,3.12,88.12,2.8150,0.004201,102041.8
1989-12-10,0.4730,9.25,13.00,4.72,71.62,0.9787,0.005384,102116.0
1989-12-11,0.0518,8.15,10.36,6.76,56.88,2.5563,0.005215,102669.5
1989-12-12,3.0154,4.25,6.98,1.26,30.62,2.8950,0.004055,103105.5
1989-12-13,0.9752,2.80,4.23,1.70,43.00,1.4700,0.004263,103110.4
1989-12-14,0.0022,3.92,6.97,-0.41,93.88,0.9138,0.004161,102869.2
1989-12-15,0.0000,6.39,11.89,0.38,99.38,2.8688,0.004653,102132.4
1989-12-16,0.0000,4.37,6.59,1.34,55.88,2.1213,0.004911,102266.9
1989-12-17,0.0000,5.04,10.22,1.98,55.75,2.3150,0.005035,102395.5
1989-12-18,0.0065,4.29,5.90,2.13,41.50,2.8700,0.004636,103037.1
1989-12-19,0.0000,6.04,8.48,3.25,75.38,2.7600,0.004781,102728.6
1989-12-20,0.1285,4.23,4.72,3.34,39.12,2.4437,0.004342,102637.9
1989-12-21,5.1106,2.84,5.50,0.19,46.12,4.0613,0.004130,102604.1
1989-12-22,4.7941,0.20,0.84,-0.37,23.12,1.9963,0.003661,102431.1
1989-12-23,1.0552,1.29,1.79,-0.06,32.88,0.9438,0.003740,102345.8
1989-12-24,0.1274,2.88,3.48,1.70,25.12,1.4100,0.004206,102119.4
1989-12-25,0.0270,4.46,6.28,2.24,59.88,0.7825,0.004335,102237.9
1989-12-26,0.1307,2.34,3.85,1.43,40.50,1.4737,0.004085,102395.4
1989-12-27,0.0108,2.94,4.64,1.38,71.75,1.9075,0.004036,102183.2
1989-12-28,0.4655,3.07,5.13,1.27,44.00,2.1025,0.004184,102006.1
1989-12-29,0.0000,2.80,4.45,1.49,45.38,1.5612,0.004151,102390.5
1989-12-30,0.0000,3.81,7.51,0.91,53.75,1.6275,0.004360,102146.1
1989-12-31,0.0000,1.82,2.47,1.49,35.50,1.3737,0.004181,101942.8
1990-01-01,0.0130,2.77,4.05,1.25,39.75,1.1613,0.004021,102322.5
1990-01-02,0.0097,1.87,4.60,-0.83,99.50,2.1337,0.003360,102696.8
1990-01-03,0.0000,2.08,5.94,-1.88,41.38,1.4137,0.003784,102536.0
1990-01-04,0.0000,3.64,7.54,-2.70,82.88,1.2088,0.004243,102110.2
1990-01-05,0.0130,2.72,7.98,-0.77,95.00,2.0813,0.004001,102495.4
1990-01-06,0.0162,2.50,6.09,-1.72,115.38,2.6850,0.003518,102852.0
1990-01-07,0.8802,4.64,7.05,1.39,87.38,2.2250,0.004410,102236.8
1990-01-08,7.7393,6.04,7.28,4.37,49.62,2.8138,0.005214,101944.4
1990-01-09,0.9493,4.18,6.61,1.21,34.75,2.3200,0.004751,101957.1
1990-01-10,0.0119,2.75,3.63,1.55,40.25,2.6475,0.003881,102358.4
1990-01-11,0.0086,2.82,4.02,2.07,73.62,1.2700,0.003845,102399.8
1990-01-12,0.0032,2.28,3.35,1.17,69.12,2.2013,0.003544,102761.5
1990-01-13,0.0065,3.28,4.51,1.00,57.88,2.3537,0.003765,102170.2
1990-01-14,6.5999,1.78,2.77,-0.17,22.12,3.2362,0.003763,102292.5
1990-01-15,2.3382,-0.80,1.51,-4.15,59.00,1.6875,0.003149,102522.0
1990-01-16,0.0000,1.59,5.49,-5.17,136.25,2.1925,0.003685,101790.9
1990-01-17,0.9418,3.96,5.88,-0.25,58.88,2.0712,0.004329,101452.5
1990-01-18,0.0000,2.50,3.97,0.24,36.50,2.1600,0.003789,102328.9
1990-01-19,0.0086,-0.39,1.22,-2.48,46.00,1.5800,0.002868,103193.5
1990-01-20,0.0000,-1.10,0.64,-2.83,77.38,2.1112,0.002856,102804.4
1990-01-21,0.0000,2.13,6.06,-2.08,60.38,1.8763,0.003533,102423.4
1990-01-22,0.0000,0.05,2.37,-1.88,82.75,1.3262,0.003095,103023.0
1990-01-23,0.0086,3.20,8.86,-2.33,118.88,3.1837,0.003268,102449.2
1990-01-24,0.5886,-0.45,1.01,-2.80,60.88,5.2750,0.002534,102653.5
1990-01-25,0.0108,-0.92,-0.10,-2.94,60.25,2.8950,0.002792,103076.0
1990-01-26,0.0022,0.72,1.16,-0.48,48.50,1.1762,0.003433,102974.0
1990-01-27,8.0611,3.10,4.01,0.79,35.12,2.5175,0.004350,102225.6
1990-01-28,0.9752,1.23,3.05,0.26,27.12,2.1437,0.003899,102194.4
1990-01-29,7.4380,-1.24,-0.18,-4.06,16.12,3.7800,0.003089,102858.9
1990-01-30,7.4207,-7.05,-5.26,-8.80,64.75,2.2663,0.001752,103494.9
1990-01-31,0.0000,-7.85,-4.24,-10.80,50.00,1.0975,0.001339,103322.2
1990-02-01,0.0043,-3.06,-0.44,-9.34,69.38,2.2137,0.002250,102734.4
1990-02-02,0.0767,-1.21,-0.07,-2.50,86.12,0.5075,0.002840,102735.8
1990-02-03,0.0000,-1.57,1.43,-5.48,74.62,1.3263,0.002639,103008.0
1990-02-04,0.0032,-0.39,2.73,-5.50,129.38,1.0888,0.002903,102785.5
1990-02-05,0.0032,1.22,3.49,-0.91,53.38,1.4088,0.003545,102885.9
1990-02-06,2.6806,2.09,4.14,-0.79,36.00,2.1487,0.003796,102892.1
1990-02-07,0.7333,1.92,2.29,1.36,31.00,0.7575,0.004112,102659.4
1990-02-08,0.9882,3.52,4.11,1.63,59.12,1.9775,0.004305,102408.8
1990-02-09,15.1891,3.99,4.69,2.75,19.50,1.9650,0.004843,102076.5
1990-02-10,0.2387,4.41,6.70,2.53,71.50,3.4738,0.004597,102254.4
1990-02-11,0.0000,9.37,14.63,4.81,174.38,4.5650,0.005289,101981.8
1990-02-12,0.6059,10.55,15.44,5.89,147.88,3.7613,0.005350,101837.6
1990-02-13,3.5629,5.66,6.55,4.83,29.00,2.8400,0.005334,101667.4
1990-02-14,1.5055,6.22,6.91,5.02,29.00,2.5925,0.005480,101817.2
1990-02-15,1.2452,6.23,7.41,4.82,26.00,3.4813,0.005246,102035.9
1990-02-16,7.9499,5.12,5.45,4.53,30.25,4.7800,0.004970,102025.1
1990-02-17,12.3563,5.05,6.72,2.34,79.75,3.6400,0.005279,101503.2
1990-02-18,0.0043,4.13,7.07,1.27,95.25,3.2013,0.004469,101792.1
1990-02-19,0.0000,7.43,12.02,1.79,178.88,3.2162,0.005147,101728.4
1990-02-20,32.9627,6.25,7.03,4.92,34.25,3.4188,0.005730,101179.4
1990-02-21,3.4603,6.15,6.78,4.34,32.25,3.0575,0.005648,101406.2
1990-02-22,4.4658,3.81,4.93,1.68,91.75,4.2063,0.004655,102150.6
1990-02-23,1.8403,0.92,2.35,-0.56,35.12,3.3687,0.003444,102954.8
1990-02-24,0.1598,0.51,2.38,-1.52,109.00,1.3963,0.002910,102840.2
1990-02-25,0.0000,2.03,4.89,-0.58,185.38,1.6037,0.002821,102599.5
1990-02-26,0.0000,2.55,5.28,0.15,170.62,2.8137,0.002994,102501.8
1990-02-27,0.6836,2.85,4.39,0.91,126.38,3.0175,0.003564,102385.4
1990-02-28,1.9321,2.55,3.51,1.31,90.12,2.2213,0.004215,102306.4
1990-03-01,0.0259,4.67,6.81,1.65,110.00,1.2038,0.004205,102209.2
1990-03-02,1.0249,5.18,6.08,4.08,95.88,0.6313,0.005157,102101.2
1990-03-03,0.4547,6.09,8.78,3.97,108.25,1.3475,0.005336,101961.5
1990-03-04,0.2430,7.22,11.95,2.42,137.75,1.7188,0.004789,101817.8
1990-03-05,0.0000,7.54,11.72,2.92,238.50,2.7275,0.003927,101866.6
1990-03-06,0.0000,10.73,16.37,6.01,235.38,3.4463,0.004810,101799.9
1990-03-07,0.0626,13.31,18.39,7.95,219.62,2.0437,0.004802,102106.8
1990-03-08,0.1199,11.27,16.26,7.95,207.12,1.8938,0.005463,102164.2
1990-03-09,0.0000,14.52,19.46,9.43,210.75,2.9713,0.005803,101967.5
1990-03-10,3.3610,14.00,21.24,10.09,73.00,3.4725,0.007613,101431.0
1990-03-11,0.0000,12.42,18.37,7.04,234.88,2.9913,0.005154,101980.5
1990-03-12,0.0173,11.00,14.80,7.28,242.88,4.2475,0.004410,102104.9
1990-03-13,7.2760,9.78,11.32,8.29,68.62,2.1637,0.006386,101481.8
1990-03-14,0.1307,13.24,18.09,8.62,203.88,2.9812,0.006959,101976.1
1990-03-15,0.0000,12.82,16.36,9.55,186.25,3.3938,0.005405,102500.4
1990-03-16,0.0000,13.07,17.33,8.89,205.62,2.9975,0.006154,102289.0
1990-03-17,0.0000,13.99,19.01,8.69,228.38,2.6337,0.006824,102230.2
1990-03-18,0.0000,12.67,17.71,8.10,234.00,4.0512,0.006081,102089.5
1990-03-19,0.0000,15.97,22.47,9.57,239.12,2.5225,0.007270,101353.8
1990-03-20,0.0032,18.43,24.91,12.07,215.25,3.0025,0.008331,101181.5
1990-03-21,15.2820,11.49,18.85,5.98,125.25,3.5087,0.007432,101100.9
1990-03-22,0.0076,7.73,8.57,6.32,57.50,1.9125,0.006348,101113.4
1990-03-23,7.6972,9.59,10.55,8.51,62.00,2.3850,0.007213,100867.2
1990-03-24,0.3359,6.97,9.21,5.60,32.25,4.0188,0.005860,101672.2
1990-03-25,6.1582,6.78,8.23,5.95,26.88,3.4300,0.005320,102140.5
1990-03-26,15.8803,8.27,8.86,6.29,30.12,3.1925,0.006536,101581.1
1990-03-27,15.2388,7.83,8.96,5.97,45.88,2.9225,0.006393,101344.4
1990-03-28,2.5726,5.60,7.49,3.49,43.38,1.8575,0.005371,101652.0
1990-03-29,0.0054,10.19,14.20,5.22,167.75,1.2625,0.006533,101496.0
1990-03-30,0.0054,13.27,17.28,8.34,216.00,1.5987,0.007494,101271.8
1990-03-31,0.0043,15.78,20.87,10.96,228.00,1.8037,0.008081,100970.2
1990-04-01,0.0011,17.17,21.57,13.33,238.62,2.4387,0.008012,100953.2
1990-04-02,5.4605,16.15,20.17,12.86,162.38,3.3038,0.009256,100833.5
1990-04-03,0.3186,7.58,9.76,3.47,40.75,3.2450,0.004495,102260.1
1990-04-04,0.0000,9.31,13.69,6.39,304.62,2.1463,0.004400,102403.5
1990-04-05,0.0000,14.29,17.89,8.57,261.38,2.8012,0.005710,101530.6
1990-04-06,0.1674,15.01,15.94,13.64,52.12,3.3488,0.007346,100601.4
1990-04-07,0.0000,13.01,16.02,9.77,177.62,4.6725,0.004245,101394.1
1990-04-08,0.0022,16.52,20.34,11.63,279.50,2.8063,0.006039,101129.9
1990-04-09,0.0140,14.45,18.05,11.61,121.25,2.9513,0.007355,100710.6
1990-04-10,3.0262,14.72,16.52,12.19,45.12,3.5163,0.009340,100702.5
1990-04-11,4.2584,11.69,12.66,10.50,46.88,3.7625,0.008172,100817.1
1990-04-12,0.0216,11.36,15.38,7.12,173.25,2.9200,0.006812,101275.2
1990-04-13,0.0022,13.43,18.61,8.81,294.50,4.2325,0.006183,100905.6
1990-04-14,0.0000,15.87,20.68,12.09,306.38,2.0238,0.005884,100748.5
1990-04-15,0.0000,17.58,22.79,12.57,236.88,2.1200,0.006700,100825.1
1990-04-16,0.0000,16.57,20.21,12.96,227.75,2.3500,0.007406,101056.9
1990-04-17,0.0000,15.39,20.51,10.53,257.12,3.4775,0.006537,101005.4
1990-04-18,2.5888,17.20,21.89,12.52,274.00,2.9350,0.008611,100583.6
1990-04-19,1.3327,17.03,21.41,13.81,161.75,1.6600,0.010505,100477.2
1990-04-20,2.1568,15.51,18.17,12.60,218.38,4.6287,0.009383,100664.9
1990-04-21,3.0953,11.81,12.51,10.62,62.38,2.8975,0.008267,100662.0
1990-04-22,0.0000,14.32,18.66,9.68,286.00,1.6512,0.007807,101133.1
1990-04-23,0.0011,11.62,15.64,7.89,269.88,2.6050,0.005634,101970.5
1990-04-24,0.0000,15.52,19.00,12.12,292.62,2.7087,0.005906,101396.0
1990-04-25,0.0011,19.44,24.31,15.45,283.88,3.8275,0.009154,101090.4
1990-04-26,0.0086,21.44,26.06,17.21,302.38,2.3800,0.010640,101138.8
1990-04-27,0.0000,23.20,28.33,18.97,292.50,1.9750,0.011831,100843.2
1990-04-28,3.3674,23.26,27.58,18.24,222.25,3.1900,0.013104,100966.6
1990-04-29,6.9563,19.38,21.01,17.81,109.88,4.0712,0.012615,100803.2
1990-04-30,11.6996,18.19,20.39,13.23,62.00,2.4000,0.012784,100370.1
1990-05-01,0.0497,15.08,17.50,13.36,94.50,2.0387,0.009560,100659.4
1990-05-02,0.8510,12.27,12.95,11.74,62.62,2.8075,0.007780,101012.4
1990-05-03,0.0551,14.49,17.92,10.20,216.25,2.9563,0.007709,101287.1
1990-05-04,0.0000,17.37,21.74,13.32,300.62,4.2525,0.005710,100896.6
1990-05-05,0.0400,21.63,25.38,18.28,291.88,6.2650,0.008494,100215.5
1990-05-06,0.0000,22.92,28.21,18.52,312.50,3.6562,0.008975,100511.1
1990-05-07,0.0000,24.13,30.21,18.65,307.50,1.8012,0.011096,100532.4
1990-05-08,0.0000,26.59,32.04,21.94,300.12,3.2487,0.013364,100132.9
1990-05-09,0.0000,27.93,33.44,22.30,318.25,4.3763,0.012364,100136.4
1990-05-10,0.0054,26.42,32.09,20.37,273.00,2.0688,0.015399,100470.1
1990-05-11,0.1253,25.05,29.64,20.67,258.25,1.8138,0.015884,100483.6
1990-05-12,0.0378,27.17,32.42,23.33,277.50,2.9913,0.015899,100129.6
1990-05-13,1.1653,21.10,23.73,17.43,153.50,2.7038,0.013381,100623.5
1990-05-14,0.2495,21.44,25.16,18.79,306.75,3.5875,0.010352,101284.6
1990-05-15,40.6544,18.24,21.61,15.41,107.50,4.5712,0.010060,100821.2
1990-05-16,18.9270,14.23,15.92,12.97,63.25,4.8100,0.009713,100369.0
1990-05-17,0.4709,15.26,17.33,13.79,101.50,4.0988,0.009038,100731.8
1990-05-18,0.0000,21.86,27.18,17.87,312.62,5.7487,0.011563,100088.1
1990-05-19,0.0011,25.27,29.70,21.57,278.62,2.7663,0.013835,100412.2
1990-05-20,0.0000,20.72,24.05,18.32,97.50,1.7213,0.010391,100992.0
1990-05-21,1.2452,18.51,21.49,15.80,92.88,1.3312,0.010304,101195.8
1990-05-22,8.2728,14.75,15.69,12.54,48.88,1.9250,0.009466,101404.8
1990-05-23,0.1588,16.57,20.07,13.12,180.25,1.3188,0.009425,101519.8
1990-05-24,0.0000,19.92,25.01,15.32,313.88,2.0675,0.009838,101563.2
1990-05-25,0.0000,22.45,27.17,17.58,317.75,2.7650,0.009123,100981.1
1990-05-26,0.0000,23.27,28.00,18.67,286.50,2.1887,0.010295,100756.8
1990-05-27,0.0000,25.10,29.67,19.90,324.00,1.7563,0.011672,100717.4
1990-05-28,8.0838,25.02,28.70,22.18,278.12,2.3375,0.014391,100611.5
1990-05-29,16.8998,21.30,21.75,20.61,57.38,1.1737,0.015222,100240.8
1990-05-30,4.9982,22.64,26.50,19.83,209.75,2.2750,0.014017,100205.2
1990-05-31,0.0065,20.26,25.03,17.48,152.50,1.4588,0.011949,100574.0
1990-06-01,0.0000,24.09,30.24,18.68,299.50,2.4162,0.011205,100431.9
1990-06-02,0.0011,25.20,29.64,21.24,173.25,1.5538,0.012684,100438.5
1990-06-03,0.0000,25.57,30.33,21.52,281.88,2.6237,0.012473,100178.6
1990-06-04,0.0000,27.52,32.34,22.29,307.38,4.1375,0.012081,99934.2
1990-06-05,0.0000,28.61,33.93,22.41,320.12,2.3063,0.013007,100098.2
1990-06-06,4.0921,28.29,31.97,24.80,225.38,2.0000,0.014935,100098.5
1990-06-07,9.2556,21.37,25.00,18.96,75.62,4.5338,0.014589,99974.2
1990-06-08,0.0108,23.03,27.37,19.92,283.75,4.4725,0.012951,100054.1
1990-06-09,0.0000,27.19,31.03,24.03,320.62,5.7900,0.013208,99759.2
1990-06-10,0.0000,27.71,32.48,21.68,302.88,4.0538,0.011621,100067.9
1990-06-11,0.0000,27.49,31.90,23.47,273.38,1.3350,0.014611,100212.8
1990-06-12,0.0000,29.05,32.88,24.33,265.12,1.6925,0.015791,99945.8
1990-06-13,0.0248,29.30,33.33,25.56,314.12,1.6050,0.017928,99760.0
1990-06-14,10.1952,24.95,29.87,21.62,91.25,2.5587,0.017010,100021.2
1990-06-15,0.1868,24.24,28.16,20.75,253.88,2.2850,0.014866,100672.6
1990-06-16,0.0270,26.28,29.44,23.00,289.62,2.5175,0.015565,100494.2
1990-06-17,11.0344,28.01,34.03,25.50,259.12,2.3463,0.018936,100199.5
1990-06-18,23.1574,26.96,32.76,22.47,211.12,2.4250,0.018160,100139.2
1990-06-19,34.2274,22.59,23.49,21.58,57.00,2.2088,0.016286,100382.1
1990-06-20,7.7587,21.49,21.79,21.00,117.12,2.9700,0.015335,100264.1
1990-06-21,0.1501,24.15,25.99,22.02,151.25,1.6325,0.016535,100151.9
1990-06-22,0.3046,27.77,31.60,23.80,293.88,1.8250,0.019156,100111.9
1990-06-23,0.9482,28.95,31.69,25.18,296.38,2.9250,0.020373,100062.5
1990-06-24,0.5432,26.51,28.96,23.98,224.62,2.7712,0.018870,99764.2
1990-06-25,6.0858,25.98,29.07,23.73,149.88,2.2287,0.018632,99791.1
1990-06-26,7.6302,25.18,27.31,23.68,84.50,0.6738,0.018482,99808.9
1990-06-27,1.3284,28.60,31.90,26.07,291.88,1.4600,0.019527,99833.5
1990-06-28,0.0011,29.69,32.79,27.18,255.12,1.5987,0.020193,99930.5
1990-06-29,0.0011,29.79,33.17,26.13,231.62,2.4775,0.020039,99935.0
1990-06-30,0.7106,27.02,29.85,23.78,171.50,2.7838,0.018037,99854.9
1990-07-01,20.3148,21.51,23.45,19.63,76.38,2.5138,0.014726,99985.0
1990-07-02,3.1255,24.38,27.62,21.71,268.88,1.4713,0.015245,100163.6
1990-07-03,0.0000,26.53,30.17,23.39,301.75,1.7175,0.016864,100285.2
1990-07-04,2.5402,28.51,31.54,25.22,259.12,2.0600,0.019759,100172.5
1990-07-05,0.8035,30.54,33.87,27.95,288.88,3.2525,0.020531,100074.2
1990-07-06,0.0173,31.32,34.48,27.65,299.88,5.7400,0.018745,99620.8
1990-07-07,4.9972,26.78,30.88,21.96,220.38,4.9425,0.017164,99658.0
1990-07-08,0.2236,31.02,34.34,28.53,302.38,3.7225,0.020875,99723.9
1990-07-09,0.7258,28.45,35.00,24.45,224.62,3.2700,0.019065,99827.8
1990-07-10,14.8759,29.06,34.48,23.36,252.25,3.4462,0.020469,99730.0
1990-07-11,2.6168,29.35,34.45,25.96,265.75,2.5638,0.020476,99635.6
1990-07-12,3.7120,28.72,31.51,27.36,252.62,2.4887,0.021174,99595.6
1990-07-13,2.6633,30.56,33.37,27.34,253.88,3.6750,0.020911,99427.1
1990-07-14,0.4147,31.23,34.46,28.57,250.38,4.2975,0.021506,99605.0
1990-07-15,0.0270,30.98,33.47,28.23,287.38,5.2375,0.019806,99678.2
1990-07-16,1.5790,30.95,33.98,29.11,197.75,4.3787,0.019919,99423.6
1990-07-17,21.5125,26.05,30.55,23.68,115.75,2.2725,0.019414,99326.9
1990-07-18,68.9742,25.35,26.45,24.32,118.50,3.2525,0.019191,99669.8
1990-07-19,71.7692,24.11,24.86,23.17,84.62,2.3162,0.017966,99961.4
1990-07-20,6.6636,27.31,30.82,26.02,188.62,2.3738,0.020174,100271.1
1990-07-21,0.2225,30.12,34.05,27.19,236.50,2.3300,0.021302,100292.6
1990-07-22,0.0000,31.31,34.75,28.38,295.38,3.1188,0.021510,100258.2
1990-07-23,0.0000,30.73,34.10,27.42,293.25,3.2462,0.019655,100041.6
1990-07-24,0.1307,31.16,34.58,27.86,295.50,3.3925,0.020933,99794.5
1990-07-25,3.6396,29.57,35.26,24.22,285.12,3.1663,0.019955,99860.4
1990-07-26,6.3785,29.02,33.25,25.82,212.88,2.4800,0.021055,99860.1
1990-07-27,7.4250,28.44,33.81,25.73,267.25,1.3300,0.020520,100027.8
1990-07-28,4.3632,28.19,34.25,24.91,254.00,1.7737,0.020700,100266.8
1990-07-29,1.0087,28.23,31.51,26.02,164.50,2.0025,0.021214,100417.1
1990-07-30,0.1274,28.70,31.93,26.05,240.88,3.3338,0.020647,100344.4
1990-07-31,0.0853,28.69,31.85,26.03,234.75,3.5400,0.020098,100155.9
1990-08-01,5.2531,28.74,31.01,26.82,186.25,1.7100,0.020984,99937.4
1990-08-02,24.9383,25.46,27.72,23.94,112.38,1.9000,0.019020,99758.4
1990-08-03,0.5918,25.52,27.64,23.91,102.75,2.8725,0.018816,99815.5
1990-08-04,0.1588,26.90,30.02,24.51,260.50,2.2725,0.018948,99842.6
1990-08-05,0.3337,26.81,30.57,24.85,253.75,1.9362,0.019842,99850.8
1990-08-06,5.4248,26.59,30.97,24.01,230.75,2.4175,0.019302,99903.1
1990-08-07,10.7860,26.73,30.01,24.64,111.25,2.1488,0.020180,100010.4
1990-08-08,0.6534,27.72,31.09,25.88,237.50,1.9037,0.020771,100096.2
1990-08-09,0.4795,26.66,29.97,24.87,147.12,1.1562,0.019870,100073.5
1990-08-10,1.5217,28.77,32.34,25.82,251.25,1.2250,0.019794,100082.4
1990-08-11,2.3825,29.37,33.76,26.17,285.75,2.1925,0.019976,100139.6
1990-08-12,7.0027,30.42,33.57,27.82,286.50,2.9812,0.020414,100127.4
1990-08-13,0.6178,30.58,34.64,26.65,239.50,2.2463,0.020758,100088.6
1990-08-14,5.0468,27.66,33.25,25.25,244.00,1.9238,0.020274,100174.0
1990-08-15,6.7522,27.58,29.46,26.02,129.88,1.9987,0.021446,100282.9
1990-08-16,1.0433,22.99,26.50,20.83,71.12,3.1225,0.016534,100536.4
1990-08-17,0.1328,22.19,23.17,21.09,36.50,2.1075,0.015878,100442.2
1990-08-18,0.1706,24.60,26.99,22.57,146.25,1.4875,0.017483,100162.0
1990-08-19,0.1404,27.81,31.58,24.02,227.75,2.5563,0.018932,99923.5
1990-08-20,0.6145,27.31,31.15,24.98,191.62,3.0175,0.019336,99762.6
1990-08-21,0.0929,26.98,31.77,22.65,282.75,2.7025,0.017565,99655.0
1990-08-22,0.0000,28.14,34.07,23.38,267.38,1.5425,0.018510,99728.0
1990-08-23,0.0000,28.52,33.43,24.03,273.88,2.0188,0.017723,100229.9
1990-08-24,0.0000,28.22,32.36,24.86,260.12,2.4375,0.016944,100403.0
1990-08-25,0.2819,29.18,33.21,26.00,271.75,2.5013,0.020406,100544.9
1990-08-26,0.1231,29.68,33.32,26.89,244.88,2.6275,0.021570,100605.9
1990-08-27,0.0637,29.83,34.03,26.11,274.50,2.9262,0.020671,100671.1
1990-08-28,0.0151,29.56,33.99,25.22,284.50,2.1725,0.018964,100688.5
1990-08-29,0.0086,29.06,33.17,25.45,235.62,1.3125,0.018419,100573.6
1990-08-30,0.0292,28.24,32.43,23.62,218.50,2.0788,0.017653,100370.6
1990-08-31,0.0940,27.27,31.95,23.07,237.38,2.5825,0.017808,100147.4
1990-09-01,0.0076,26.35,31.43,21.04,257.38,2.4175,0.014670,100362.5
1990-09-02,0.0000,26.37,31.28,21.90,274.50,1.9950,0.012953,100672.5
1990-09-03,0.0000,25.83,30.22,22.57,244.50,2.8100,0.014029,100692.8
1990-09-04,2.2712,25.67,31.12,22.49,171.88,3.1588,0.015019,100716.6
1990-09-05,6.6452,23.89,25.45,22.41,102.50,1.7263,0.016704,100794.8
1990-09-06,0.3499,25.03,27.60,23.22,72.50,2.1213,0.017165,100938.0
1990-09-07,2.0228,25.03,25.43,23.52,108.00,2.1175,0.018204,100982.6
1990-09-08,2.6147,28.46,32.29,24.67,215.00,2.9000,0.019042,100592.1
1990-09-09,16.0423,25.71,29.09,23.77,76.25,3.1800,0.018714,100162.0
1990-09-10,4.9410,21.98,22.62,20.72,16.88,4.0350,0.015475,100309.8
1990-09-11,0.0022,23.09,27.70,20.00,218.50,1.4312,0.013861,100554.9
1990-09-12,0.6534,24.27,28.46,21.48,207.62,2.4562,0.013511,100757.8
1990-09-13,0.8780,20.96,22.81,18.81,39.12,1.9937,0.013667,101112.0
1990-09-14,0.9763,21.07,25.28,17.66,134.62,1.2600,0.011664,101294.9
1990-09-15,0.0011,23.47,27.81,20.25,177.12,1.2812,0.012875,101210.8
1990-09-16,0.0000,22.49,25.21,20.48,148.50,2.5787,0.012780,100904.6
1990-09-17,0.0000,20.20,25.09,15.66,245.50,2.2912,0.007410,101289.2
1990-09-18,0.0000,19.92,25.86,14.49,258.62,1.5575,0.007381,100969.1
1990-09-19,0.0000,21.84,28.09,16.53,261.62,2.9725,0.007883,100757.6
1990-09-20,0.0000,24.31,31.43,18.39,250.50,2.4688,0.010516,100833.0
1990-09-21,0.0173,26.34,32.55,20.99,222.75,1.4525,0.013079,100856.4
1990-09-22,29.7454,24.98,29.84,21.27,152.25,1.8125,0.015967,100578.2
1990-09-23,24.9296,20.22,21.93,17.96,64.75,2.7663,0.013011,101060.2
1990-09-24,0.0011,20.46,24.57,17.15,186.38,1.0612,0.012037,101547.9
1990-09-25,0.0000,21.39,25.92,17.16,221.50,2.3438,0.010730,101642.4
1990-09-26,0.0000,21.27,24.71,18.64,193.50,1.9562,0.011931,101449.6
1990-09-27,0.1393,21.76,24.19,20.19,83.88,1.1225,0.014120,101291.0
1990-09-28,3.0629,21.88,23.61,21.02,55.62,1.7725,0.014678,101175.6
1990-09-29,3.1190,21.74,25.39,19.74,91.00,2.2325,0.014356,101212.0
1990-09-30,0.0032,21.50,25.01,18.73,137.62,1.5400,0.013169,101568.8
1990-10-01,0.0551,19.79,23.21,17.01,153.00,2.0437,0.011061,101826.5
1990-10-02,0.0000,19.47,23.31,16.57,97.62,2.3000,0.009406,101586.6
1990-10-03,0.0054,20.50,25.83,16.76,197.12,1.3263,0.010039,101437.8
1990-10-04,0.0000,22.28,26.92,17.74,194.12,1.3550,0.010522,101416.6
1990-10-05,0.0000,22.44,28.00,17.60,195.62,1.5412,0.011004,101382.5
1990-10-06,0.0000,23.15,28.23,18.77,192.25,1.5775,0.010316,101578.0
1990-10-07,0.0000,20.05,25.07,14.97,195.50,1.6238,0.009904,101500.9
1990-10-08,0.0000,20.26,24.97,16.18,206.25,2.8238,0.007868,102014.6
1990-10-09,0.0842,18.12,21.11,14.53,97.88,3.6688,0.007060,102574.8
1990-10-10,0.0443,15.00,17.13,13.24,46.88,2.6750,0.007006,102322.6
1990-10-11,1.1448,16.80,19.34,14.34,93.25,0.6025,0.009216,102013.1
1990-10-12,0.0346,16.82,20.99,13.37,91.50,1.5362,0.008519,101644.2
1990-10-13,0.0000,19.69,25.50,14.57,180.50,2.8800,0.009266,101469.8
1990-10-14,0.0000,20.46,27.89,13.86,181.88,1.7137,0.008524,101704.1
1990-10-15,0.0000,21.92,27.35,16.60,152.00,0.7425,0.008646,101672.4
1990-10-16,0.2214,21.20,26.36,16.43,113.12,1.0425,0.009865,101597.8
1990-10-17,4.1731,16.72,18.64,15.09,29.62,1.0987,0.011021,101943.0
1990-10-18,0.2527,16.75,19.92,15.14,102.88,1.9087,0.010131,101892.9
1990-10-19,0.1706,16.41,20.01,13.64,81.00,2.2850,0.009762,101534.1
1990-10-20,0.2322,16.93,19.96,14.23,125.00,2.2962,0.009918,101585.4
1990-10-21,0.0227,17.89,20.84,15.58,90.88,2.5037,0.009815,101779.4
1990-10-22,1.1794,16.00,17.62,14.24,48.62,1.7062,0.009125,101729.1
1990-10-23,0.1987,18.39,22.33,15.11,123.88,1.9362,0.008626,101684.1
1990-10-24,0.1404,13.45,18.10,6.75,84.50,3.8375,0.006254,102205.5
1990-10-25,0.0000,12.98,18.45,8.10,193.25,2.4213,0.005060,102111.8
1990-10-26,0.0000,14.95,21.85,9.00,185.62,1.0375,0.005431,102000.5
1990-10-27,0.0000,15.70,21.32,10.23,133.38,1.4088,0.005845,101910.4
1990-10-28,0.0000,16.54,23.16,10.96,176.25,1.5487,0.006119,101794.8
1990-10-29,0.0000,17.41,24.38,11.67,177.00,2.1900,0.006238,101703.4
1990-10-30,0.0000,17.98,26.31,11.72,180.88,1.9137,0.006210,101484.8
1990-10-31,0.0000,18.67,26.79,12.88,177.12,1.8650,0.006261,101253.9
1990-11-01,0.0000,18.67,25.57,12.00,156.62,2.0462,0.007431,101407.9
1990-11-02,0.1177,15.05,18.79,11.71,86.75,2.9837,0.008099,101526.1
1990-11-03,0.1318,11.14,13.99,8.19,80.25,1.3238,0.007204,101397.4
1990-11-04,0.0302,14.89,20.38,8.68,126.12,1.1450,0.008609,100965.6
1990-11-05,0.0022,16.15,20.63,12.52,86.62,1.7387,0.009321,101161.4
1990-11-06,0.0011,18.26,23.11,13.09,130.88,1.9612,0.009755,101237.9
1990-11-07,5.4259,17.37,19.11,15.95,44.38,2.4125,0.010568,101104.5
1990-11-08,19.7165,12.75,16.05,9.07,29.88,5.1900,0.008626,101853.4
1990-11-09,0.0000,7.13,10.87,3.51,138.50,2.0400,0.004330,102765.8
1990-11-10,0.0000,10.79,15.59,6.79,146.12,2.5700,0.004961,102259.1
1990-11-11,0.0000,13.40,18.29,9.11,150.25,2.3550,0.005444,101996.2
1990-11-12,0.0000,15.09,20.94,10.30,148.75,1.8537,0.006187,101945.0
1990-11-13,0.0000,15.81,22.75,10.73,145.38,2.4875,0.007133,101867.2
1990-11-14,0.0000,16.15,23.84,9.69,145.00,1.4238,0.007845,101768.2
1990-11-15,0.0054,15.20,21.94,9.97,139.75,1.5275,0.007992,101763.6
1990-11-16,0.0486,13.24,18.19,9.65,100.88,1.0500,0.008467,101609.1
1990-11-17,9.7114,12.07,13.09,10.07,80.75,1.8300,0.008379,101784.1
1990-11-18,33.6798,12.93,13.25,12.59,38.00,2.3012,0.008983,101505.0
1990-11-19,3.3242,11.88,12.29,11.20,36.00,2.5650,0.007909,101890.9
1990-11-20,0.0086,5.86,10.28,0.63,107.25,3.8388,0.003712,103356.9
1990-11-21,0.0000,4.88,8.66,-0.14,139.50,0.9500,0.004010,103007.0
1990-11-22,0.0194,9.21,13.42,3.30,124.75,0.9725,0.004904,102609.6
1990-11-23,2.2421,9.90,12.48,8.39,63.00,2.4037,0.005790,102460.0
1990-11-24,0.7690,8.24,10.87,4.67,27.12,0.7975,0.006256,102270.2
1990-11-25,0.0011,9.47,15.11,4.03,115.88,0.9737,0.005735,102365.5
1990-11-26,0.0000,10.63,16.15,6.59,125.25,1.6025,0.005565,102122.1
1990-11-27,0.0000,11.07,17.16,6.24,126.50,1.8763,0.005788,101965.1
1990-11-28,0.0000,10.12,15.47,6.46,123.25,2.8087,0.005749,101989.9
1990-11-29,0.0151,9.13,14.22,6.62,61.25,3.2912,0.005993,102417.9
1990-11-30,0.0011,1.37,5.70,-3.21,86.50,5.1163,0.001521,103157.9
1990-12-01,0.0000,-0.21,4.00,-2.99,138.38,3.0600,0.001625,103087.2
1990-12-02,0.0000,1.50,5.56,-2.28,136.38,0.8050,0.001835,103431.6
1990-12-03,0.0000,3.81,8.58,-0.44,130.12,1.2938,0.002100,103276.9
1990-12-04,0.0000,8.09,13.93,1.44,130.50,2.9775,0.003189,102691.9
1990-12-05,0.0000,11.00,16.95,7.36,129.50,3.1500,0.003964,102142.5
1990-12-06,0.0000,12.65,18.75,6.63,130.00,3.3762,0.004140,101944.4
1990-12-07,0.0000,11.94,19.57,4.02,123.62,0.9762,0.005461,101928.9
1990-12-08,0.0000,9.50,15.23,2.68,112.50,1.6513,0.005782,101630.0
1990-12-09,0.0000,13.57,20.00,6.86,120.00,1.9075,0.005941,101347.8
1990-12-10,0.0076,6.88,16.15,-1.65,110.12,4.4563,0.004536,102398.5
1990-12-11,0.7938,0.68,2.66,-2.67,102.00,2.9900,0.002275,103096.9
1990-12-12,2.0876,0.89,1.54,-0.41,23.88,1.4913,0.003437,102455.9
1990-12-13,0.0119,3.86,8.84,-0.70,93.75,0.9187,0.004297,102139.2
1990-12-14,0.0000,4.22,7.17,-0.28,91.12,1.6075,0.003798,102768.0
1990-12-15,0.0076,6.55,9.13,3.04,102.25,2.5025,0.003626,102582.0
1990-12-16,0.4633,4.50,6.14,1.28,20.25,2.5700,0.003746,102444.0
1990-12-17,0.0011,2.91,8.25,-0.70,119.12,1.2738,0.003524,102458.6
1990-12-18,0.0000,4.47,8.73,0.39,122.25,2.3650,0.002912,102277.6
1990-12-19,0.2074,2.27,4.04,0.22,21.00,1.9212,0.003695,101871.4
1990-12-20,0.0000,7.75,13.65,0.89,125.38,4.5138,0.003885,101518.1
1990-12-21,0.0000,6.29,11.06,1.83,82.12,2.1700,0.003529,102117.0
1990-12-22,0.0000,5.04,10.43,1.04,133.62,1.3875,0.002510,102699.9
1990-12-23,0.0000,5.14,10.62,1.13,123.75,1.3062,0.002971,102375.9
1990-12-24,0.2354,6.99,12.24,0.37,112.50,2.2888,0.003680,101711.1
1990-12-25,0.0000,3.90,8.85,-1.57,130.50,2.7313,0.002071,102502.6
1990-12-26,0.0000,2.15,5.47,-2.74,121.00,3.6788,0.001599,102900.1
1990-12-27,0.0000,-0.14,1.43,-2.57,37.88,2.8987,0.002163,102492.9
1990-12-28,0.0032,2.02,5.91,-3.52,112.00,2.3225,0.003160,102322.1
1990-12-29,0.5314,4.58,6.15,1.95,46.12,2.1038,0.003973,102255.8
1990-12-30,7.1690,3.22,4.44,1.66,16.62,2.8800,0.004694,101754.1
1990-12-31,1.2917,3.61,5.80,2.29,36.38,2.6588,0.004224,101750.1
