day,DVS,LAI,TAGP,TWSO,TWLV,TWST,TWRT,TRA,RD,SM,WWLOW,RFTRA
1980-06-01,,,,,,,,,,0.31,54.8,
1980-06-02,,,,,,,,,,0.29944772660718466,53.69447726607184,
1980-06-03,,,,,,,,,,0.27594657463697836,52.45946574636978,
1980-06-04,,,,,,,,,,0.2578796193440988,51.27879619344098,
1980-06-05,,,,,,,,,,0.24209794919148803,50.12097949191487,
1980-06-06,,,,,,,,,,0.22791459553264462,48.979145955326445,
1980-06-07,,,,,,,,,,0.22251709488565283,47.925170948856525,
1980-06-08,,,,,,,,,,0.21126933977386794,46.81269339773868,
1980-06-09,,,,,,,,,,0.2007033184068378,45.70703318406837,
1980-06-10,,,,,,,,,,0.2076528423366267,44.776528423366265,
1980-06-11,,,,,,,,,,0.19975403910497452,43.69754039104974,
1980-06-12,,,,,,,,,,0.19089161593695766,42.60891615936957,
1980-06-13,,,,,,,,,,0.18281407892165344,41.52814078921653,
1980-06-14,,,,,,,,,,0.1761620512994792,40.461620512994784,
1980-06-15,-0.1,0.04836,30.0,0.0,18.6,11.4,20.0,0.0,10.0,0.16792038855229646,39.37920388552296,0.0
1980-06-16,-0.07636363636363637,0.04836,30.0,0.0,18.6,11.4,20.0,0.0,10.0,0.159046527913238,38.29046527913238,0.0
1980-06-17,-0.056636363636363644,0.04836,30.0,0.0,18.6,11.4,20.0,0.0,10.0,0.17251805082853547,37.42518050828535,0.0
1980-06-18,-0.03763636363636365,0.04836,30.0,0.0,18.6,11.4,20.0,0.0,10.0,0.15265516622895636,36.22655166228956,0.0
1980-06-19,-0.022363636363636374,0.04836,30.0,0.0,18.6,11.4,20.0,0.0,10.0,0.15893438232058227,35.689343823205824,0.0
1980-06-20,-0.008272727272727282,0.04836,30.0,0.0,18.6,11.4,20.0,0.0,10.0,0.16828047750881397,35.78280477508814,0.0
1980-06-21,0.0,0.04836,30.0,0.0,18.6,11.4,20.0,0.0018828172584299042,10.0,0.14227511445301372,35.52275114453014,0.243438125484137
1980-06-22,0.024172661870503598,0.04892816473670576,31.03336520114974,0.0,19.240686424712838,11.792678776436901,20.688910134099824,0.0059729943369070705,12.2,0.1688447103500789,35.47790546627096,0.6420623697277851
1980-06-23,0.05251798561151079,0.05447134050262778,34.86187574969021,0.0,21.61436296480793,13.247512784882282,23.165050403575727,0.003309590748880607,14.399999999999999,0.18666133980338317,35.42392329316872,1.0
1980-06-24,0.0772661870503597,0.0576649016313952,36.917520516653994,0.0,22.888862720325477,14.02865779632852,24.44781693008041,0.0036941549854847726,16.599999999999998,0.2453658912271175,36.12707379437015,1.0
1980-06-25,0.10014388489208632,0.062089462757430165,39.81693925163872,0.0,24.686502336016005,15.130436915622715,26.201017670089065,0.009180365299236243,18.799999999999997,0.27372508473313795,36.518031592982986,1.0
1980-06-26,0.1260431654676259,0.07177560191482768,46.271964815796125,0.0,28.688618185793594,17.583346630002527,29.99136245189264,0.01234892563388025,20.999999999999996,0.26483893894713073,36.251617717889744,1.0
1980-06-27,0.15237410071942445,0.08493868778132516,55.21587913149143,0.0,34.23384506152468,20.982034069966744,35.07023384592536,0.021110114160884055,23.199999999999996,0.2671115231330002,36.204987336685605,1.0
1980-06-28,0.1851798561151079,0.10368797012669885,68.21423446055218,0.0,42.29282536554235,25.921409095009828,42.20213890347071,0.030512276587442336,25.399999999999995,0.2664169305947178,36.09299003710583,1.0
1980-06-29,0.2197122302158273,0.12666931820648533,84.56026863798341,0.0,52.42736655554972,32.132902082433695,50.79079394118995,0.03646365810112032,27.599999999999994,0.2637375391991322,35.923156081896046,1.0
1980-06-30,0.2542446043165467,0.15299903560350428,103.81417922270666,0.0,64.36479111807813,39.449388104628525,60.45040695445001,0.036215720312032934,29.799999999999994,0.26377776550820775,35.82257741214459,1.0
1980-07-01,0.2882014388489208,0.18313126787425596,126.48582238587582,0.0,78.42120987924301,48.06461250663281,71.30313986498687,0.014898902491697699,31.999999999999993,0.27145096920492706,35.966431014557664,1.0
1980-07-02,0.3162589928057553,0.1951580284539062,135.79962553440907,0.0,84.19576783133363,51.60385770307545,75.55720271287068,0.018621526444920333,34.199999999999996,0.2723713746664573,35.913101013592836,1.0
1980-07-03,0.34187050359712223,0.20877591067091925,146.60694959400917,0.0,90.89630874828569,55.71064084572349,80.26641597519111,0.017054869684098268,36.4,0.27032294275565527,35.75575511630585,1.0
1980-07-04,0.3646043165467625,0.22303459301635536,158.37727054049358,0.0,98.07451095428198,60.302759586211614,85.1502880249132,0.018920081181894137,38.6,0.27305137907301297,35.7737832322183,1.0
1980-07-05,0.38762589928057545,0.24139579843292805,174.36121425962477,0.0,107.5118954772023,66.84931878242246,91.49522389573231,0.024028626688173096,40.800000000000004,0.2730978486975471,35.69439222685992,1.0
1980-07-06,0.4149640287769783,0.2604402521703139,191.88352898201654,0.0,117.5128626098545,74.37066637216205,98.13994045285926,0.06095424980457892,43.00000000000001,0.2735326906757343,35.631905699056574,1.0
1980-07-07,0.44589928057553946,0.30522981289039736,235.98848868165834,0.0,141.65566947706864,94.33281920458971,113.96136927201681,0.04211107735707912,45.20000000000001,0.27295842211603505,35.52572067964478,1.0
1980-07-08,0.47697841726618695,0.33287272266646023,265.47259687730065,0.0,157.01567500146766,108.45692187583299,123.87557142605323,0.023516221400185888,47.40000000000001,0.27327034626088254,35.459014412765825,1.0
1980-07-09,0.4991366906474819,0.3490832874501062,284.27449256964445,0.0,166.31133715050558,117.96315541913886,129.7872785822748,0.021724958234307316,49.600000000000016,0.2815156185503678,35.78717468009823,1.0
1980-07-10,0.5233093525179855,0.3641307458049702,302.8459521466467,0.0,175.14141636047717,127.70453578616952,135.34541913616667,0.03290513825213394,51.80000000000002,0.28036326076251517,35.66481690749828,1.0
1980-07-11,0.550503597122302,0.3826420201218672,327.3540537243343,0.0,186.28790612720516,141.06614759712912,142.28522590272308,0.026139170128045248,54.00000000000002,0.28027975840811975,35.59510695403846,1.0
1980-07-12,0.5751079136690646,0.3969429118534249,347.91152284274926,0.0,195.1598859487673,152.75163689398198,147.7432360124412,0.02858723753867632,56.200000000000024,0.2810443890563943,35.57269466496935,1.0
1980-07-13,0.5979856115107912,0.41135695356310314,370.30634964898667,0.0,204.35395100597134,165.95239864301533,153.34043235303938,0.03244975598342015,58.40000000000003,0.28138269579141606,35.52874943421868,1.0
1980-07-14,0.6211510791366905,0.4258636610911374,394.60863220689384,0.0,213.85600043801426,180.75263176887958,159.0708430822559,0.0893249727359942,60.60000000000003,0.28140429907993364,35.46710052424396,1.0
1980-07-15,0.6487769784172661,0.4674430202719428,470.0331141816331,0.0,241.85343002502995,228.17968415660317,175.80045806520837,0.10652631277374956,62.80000000000003,0.28039588430387347,35.340861534283235,1.0
1980-07-16,0.6801438848920862,0.5078015589238787,550.9158089938173,0.0,269.9674929949791,280.9483159988382,192.4242642581551,0.07089279346412078,65.00000000000003,0.2792811146184216,35.20327245019739,1.0
1980-07-17,0.7107913669064747,0.5321330861552322,605.9100768231089,0.0,287.6088916041659,318.301185218943,202.7393895586717,0.030718454293231903,67.20000000000003,0.27887963010619876,35.108711143136546,1.0
1980-07-18,0.7346762589928056,0.5423746075394508,632.1629350191508,0.0,295.34289091097344,336.82004410817734,207.17742530081168,0.09389747976599684,69.40000000000003,0.2864026363808484,35.56234296483086,1.0
1980-07-19,0.7631654676258992,0.5717794381462935,715.8591730503058,0.0,318.29120606453864,397.5679669857672,219.9790064993394,0.03487651846058971,71.60000000000004,0.28049037670373783,35.08711097198762,1.0
1980-07-20,0.7893525179856115,0.5793249511701289,740.4087924826445,0.0,324.4246932593522,415.9840992232922,223.27659696658515,0.02932872496141582,73.80000000000004,0.2826380925703977,35.180691231695334,1.0
1980-07-21,0.815251798561151,0.5829171536342326,753.5692187159423,0.0,327.41819531277184,426.1510234031705,224.8258784080091,0.10765676679751228,76.00000000000004,0.2858425905243681,35.364036879851966,1.0
1980-07-22,0.8458992805755395,0.6052555062144576,844.2294647613958,0.0,346.0334891296261,498.1959756317697,234.22100601134744,0.1400854680952521,78.20000000000005,0.28118436247850404,34.946617145819005,1.0
1980-07-23,0.8792805755395683,0.6278721569673239,949.4384872031962,0.0,364.880698090348,584.5577891128482,243.57387151027854,0.15557584249823075,80.40000000000005,0.27974482984869653,34.76748431983519,1.0
1980-07-24,0.9138129496402877,0.6467447747077993,1053.8583944404008,0.0,380.60787954074425,673.2505148996565,251.22709570874926,0.18236292073218793,82.60000000000005,0.2781464686449913,34.56889831007628,1.0
1980-07-25,0.9483453237410071,0.6666115465114004,1164.229348904851,0.0,397.16352271041177,767.0658261944392,257.2458680564146,0.160053328238231,84.80000000000005,0.2763266334772077,34.344498518867205,1.0
1980-07-26,0.9823021582733812,0.6871271491310752,1278.2049190141554,0.0,414.25985822680747,863.9450607873479,260.89127205985125,0.15957919395009298,87.00000000000006,0.2752810397358672,34.17945045702044,1.0
1980-07-27,1.0,0.705937562388021,1390.788773764218,12.122338317212941,429.93520260759556,948.7312328394095,262.0995976583729,0.15815584620123693,89.20000000000006,0.2736459427282427,33.957218091359245,1.0
1980-07-28,1.03,0.723607108695877,1501.2234381883184,30.528115721229675,444.6598245308089,1026.0354979362799,262.0995976583729,0.11287856340990432,89.20000000000006,0.2715157841829231,33.76720794911673,1.0
1980-07-29,1.056625,0.7389025634556863,1604.5711054843275,58.0874936668321,457.40603683065007,1089.0775749868453,262.0995976583729,0.08965729261617898,89.20000000000006,0.27436086562786527,34.02098921400557,1.0
1980-07-30,1.082125,0.74911568845372,1678.9294964419807,84.51570511969797,465.91697432901145,1128.4968169932713,262.0995976583729,0.040382319052839497,89.20000000000006,0.2706179769153016,33.687123540844894,1.0
1980-07-31,1.104625,0.7522748637516634,1703.7755467600575,95.45831978061764,468.549620410631,1139.767606568809,262.0995976583729,0.052559843399197,89.20000000000006,0.2732634168456431,33.923096782631355,1.0
1980-08-01,1.12825,0.756560863470234,1741.2242118414954,115.04865270134474,472.12128684277315,1154.0542722973776,262.0995976583729,0.04359184732144684,89.20000000000006,0.27142024003272514,33.75868541091907,1.0
1980-08-02,1.151625,0.7591763002605657,1771.6009457594014,134.52773332620188,474.3008175013829,1162.7723949318165,262.0995976583729,0.04402895263850151,89.20000000000006,0.27171232098605785,33.78473903195635,1.0
1980-08-03,1.1746249999999998,0.7604576800313573,1793.6746713544323,151.2623765429349,475.3686339770425,1167.043660834455,262.0995976583729,0.10953736090143944,89.20000000000006,0.27159547933463785,33.77431675664968,1.0
1980-08-04,1.1979999999999997,0.7636957730432143,1900.0159853727273,244.1116363451584,478.06704482025674,1177.8373042073122,262.0995976583729,0.08886822175208925,89.20000000000006,0.26869130924014484,33.5152647842209,1.0
1980-08-05,1.2203749999999998,0.763874804064668,1974.6122443117124,317.9619326947535,478.21623733813476,1178.434074278824,262.0995976583729,0.11352410989325701,89.20000000000006,0.2674835370612528,33.40753150586374,1.0
1980-08-06,1.2426249999999999,0.763874804064668,2086.971855282652,430.3215436656932,478.21623733813476,1178.434074278824,262.0995976583729,0.13667514984493107,89.20000000000006,0.2660310054782812,33.27796568866267,1.0
1980-08-07,1.2658749999999999,0.763874804064668,2217.137454438136,560.4871428211774,478.21623733813476,1178.434074278824,262.0995976583729,0.1335666760564982,89.20000000000006,0.2642152305461259,33.11599856471442,1.0
1980-08-08,1.2907499999999998,0.763874804064668,2337.6226014155914,680.9722897986325,478.21623733813476,1178.434074278824,262.0995976583729,0.11267928609117182,89.20000000000006,0.2624665184292361,32.960013443887846,1.0
1980-08-09,1.3148749999999998,0.763874804064668,2442.6241792966052,785.9738676796463,478.21623733813476,1178.434074278824,262.0995976583729,0.13446950581094758,89.20000000000006,0.2613750164778725,32.86265146982622,1.0
1980-08-10,1.3412499999999998,0.763874804064668,2556.593625148729,899.9433135317704,478.21623733813476,1178.434074278824,262.0995976583729,0.07690990502371349,89.20000000000006,0.2592615090997427,32.67412661169704,1.0
1980-08-11,1.3669999999999998,0.763874804064668,2609.65373231169,953.0034206947312,478.21623733813476,1178.434074278824,262.0995976583729,0.06422808252954443,89.20000000000006,0.2583767160031172,32.59520306747804,1.0
1980-08-12,1.3902499999999998,0.763874804064668,2657.24828166828,1000.5979700513211,478.21623733813476,1178.434074278824,262.0995976583729,0.05041139219620225,89.20000000000006,0.2627795174937616,32.98793296044352,1.0
1980-08-13,1.4136249999999997,0.763874804064668,2681.394853311075,1024.7445416941166,478.21623733813476,1178.434074278824,262.0995976583729,0.14383423907972215,89.20000000000006,0.2609390870982312,32.82376656916222,1.0
1980-08-14,1.4399999999999997,0.7171378209723983,2794.9900967990407,1138.3397851820816,478.2162373381348,1178.434074278824,262.0995976583729,0.09804293922280313,89.20000000000006,0.2592347815481602,32.67174251409588,1.0
1980-08-15,1.4653749999999997,0.7154720362681449,2864.980683891857,1208.3303722748983,478.21623733813476,1178.434074278824,262.0995976583729,0.14498642391880526,89.20000000000006,0.2577943621515632,32.54325710391943,1.0
1980-08-16,1.4909999999999997,0.7094034635620402,2972.0368049670783,1315.3864933501195,478.21623733813476,1178.434074278824,262.0995976583729,0.09386567882616129,89.20000000000006,0.25587047892749504,32.37164672033255,1.0
1980-08-17,1.5156249999999996,0.7017853413072378,3041.6977530662516,1385.0474414492928,478.21623733813476,1178.434074278824,262.0995976583729,0.09004819158832857,89.20000000000006,0.2546656685348116,32.26417763330518,1.0
1980-08-18,1.5389999999999995,0.6920992021498403,3118.180192323507,1461.5298807065485,478.21623733813476,1178.434074278824,262.0995976583729,0.04272398440400393,89.20000000000006,0.2535946814745287,32.16864558752795,1.0
1980-08-19,1.5611249999999994,0.6789361162833428,3137.197465156506,1480.5471535395475,478.21623733813476,1178.434074278824,262.09959765837283,0.04478993571872993,89.20000000000006,0.25378630157590204,32.18573810057045,1.0
1980-08-20,1.5824999999999994,0.6789361162833428,3165.1952349003204,1508.5449232833616,478.21623733813476,1178.434074278824,262.0995976583729,0.05007352051587987,89.20000000000006,0.25234308135208733,32.057002856606175,1.0
1980-08-21,1.6057499999999993,0.6601868339379692,3192.5365516317825,1535.8862400148234,478.21623733813476,1178.434074278824,262.0995976583729,0.04846212614006809,89.20000000000006,0.2519121495459538,32.01856373949907,1.0
1980-08-22,1.6281249999999994,0.6372054858581826,3222.346498381471,1565.696186764512,478.21623733813476,1178.434074278824,262.0995976583729,0.09901732393928085,89.20000000000006,0.25117302367068806,31.952633711425364,1.0
1980-08-23,1.6523749999999995,0.6372054858581826,3303.3990323449393,1646.7487207279805,478.21623733813476,1178.434074278824,262.0995976583729,0.036065776648942977,89.20000000000006,0.2497217060653704,31.823176181031027,1.0
1980-08-24,1.6758749999999996,0.6108757684611636,3318.789945698534,1662.1396340815754,478.21623733813476,1178.434074278824,262.09959765837283,0.038200081883046993,89.20000000000006,0.25130796399588584,31.964670388433003,1.0
1980-08-25,1.6978749999999996,0.580743536190412,3336.050820865956,1679.4005092489974,478.21623733813476,1178.434074278824,262.0995976583729,0.08862284838570852,89.20000000000006,0.2535637899970276,32.16589006773485,1.0
1980-08-26,1.7197499999999997,0.5687167756107617,3411.416279700097,1754.7659680831384,478.21623733813476,1178.434074278824,262.09959765837283,0.10092461623579885,89.20000000000006,0.24886364982626405,31.74663756450274,1.0
1980-08-27,1.7437499999999997,0.5550988933937487,3486.465355480633,1829.8150438636744,478.21623733813476,1178.434074278824,262.09959765837283,0.09768601841111259,89.20000000000006,0.24749002208125276,31.624109969647733,1.0
1980-08-28,1.7686249999999997,0.5408402110483126,3551.8640046760074,1895.2136930590484,478.21623733813476,1178.434074278824,262.09959765837283,0.07526923589933454,89.20000000000006,0.24616558252203657,31.50596996096565,1.0
1980-08-29,1.7922499999999997,0.5224790056317399,3604.844885356657,1948.194573739698,478.21623733813476,1178.434074278824,262.09959765837283,0.09596953642916091,89.20000000000006,0.2451460041068824,31.415023566333897,1.0
1980-08-30,1.8169999999999997,0.503434551894354,3665.548741692056,2008.898430075097,478.21623733813476,1178.434074278824,262.09959765837283,0.08810284996598246,89.20000000000006,0.24384084715127508,31.298603565893725,1.0
1980-08-31,1.8433749999999998,0.4586449911742706,3721.304618971656,2064.6543073546973,478.21623733813476,1178.434074278824,262.09959765837283,0.07879755232307627,89.20000000000006,0.24262996606431564,31.190592972936944,1.0
1980-09-01,1.8697499999999998,0.41479151661456176,3766.476645384532,2109.826333767573,478.21623733813476,1178.434074278824,262.09959765837283,0.0931650273318737,89.20000000000006,0.24163522523616482,31.10186209106589,1.0
1980-09-02,1.8969999999999998,0.3997440582596978,3807.5818552538453,2150.9315436368865,478.21623733813476,1178.434074278824,262.09959765837283,0.07945226501619723,89.20000000000006,0.2402014191638106,30.973966589411894,1.0
1980-09-03,1.9243749999999997,0.38123278394280075,3845.445613620184,2188.795302003225,478.21623733813476,1178.434074278824,262.0995976583728,0.0764471788595004,89.20000000000006,0.23905829384227717,30.87199981073111,1.0
1980-09-04,1.9526249999999998,0.35251785050156487,3878.0378835029715,2221.3875718860127,478.21623733813476,1178.434074278824,262.0995976583728,0.04158576077263245,89.20000000000006,0.23798623186230294,30.77637188211741,1.0
1980-09-05,1.9752499999999997,0.3380111429735306,3897.844993090691,2241.194681473732,478.21623733813476,1178.434074278824,262.09959765837283,0.015621501270735551,89.20000000000006,0.23787770527191862,30.76669131025513,1.0
1980-09-06,1.9884999999999997,0.2964317837927252,3910.2552154896957,2253.604903872737,478.21623733813476,1178.434074278824,262.0995976583728,0.01845654041348833,89.20000000000006,0.23985482680770856,30.94305055124759,1.0
1980-09-07,2.0,0.2964317837927252,3923.758738817515,2267.1084272005564,478.21623733813476,1178.434074278824,262.0995976583728,0.022108324745076874,89.20000000000006,0.23947104058751778,30.908816820406575,1.0
1980-09-08,,,,,,,,,,0.23802148836870246,30.779516762488253,
1980-09-09,,,,,,,,,,0.24801571877629275,30.879459066564156,
1980-09-10,,,,,,,,,,0.23531943437848396,30.752496222586068,
1980-09-11,,,,,,,,,,0.23337368712090983,30.733038750010326,
1980-09-12,,,,,,,,,,0.2311504946964293,30.710806825765523,
1980-09-13,,,,,,,,,,0.22890013217831298,30.688303200584357,
1980-09-14,,,,,,,,,,0.22663047165768066,30.665606595378037,
1980-09-15,,,,,,,,,,0.22447484772934065,30.644050356094635,
1980-09-16,,,,,,,,,,0.22257418593570982,30.625043738158325,
1980-09-17,,,,,,,,,,0.22093822813936223,30.60868416019485,
1980-09-18,,,,,,,,,,0.21926487692417224,30.59195064804295,
1980-09-19,,,,,,,,,,0.21746206916918737,30.573922570493103,
1980-09-20,,,,,,,,,,0.21561620138656462,30.555463892666875,
1980-09-21,,,,,,,,,,0.21404445187811377,30.539746397582366,
1980-09-22,,,,,,,,,,0.214343898383729,30.542740862638517,
1980-09-23,,,,,,,,,,0.2142231028981226,30.541532907782454,
1980-09-24,,,,,,,,,,0.21179190987766822,30.51722097757791,
1980-09-25,,,,,,,,,,0.21076695063732903,30.50697138517452,
1980-09-26,,,,,,,,,,0.2088308902978553,30.487610781779782,
1980-09-27,,,,,,,,,,0.20718444589848742,30.471146337786102,
1980-09-28,,,,,,,,,,0.205922334271968,30.458525221520908,
1980-09-29,,,,,,,,,,0.20430553024493148,30.442357181250543,
1980-09-30,,,,,,,,,,0.20283272352810705,30.4276291140823,
1980-10-01,,,,,,,,,,0.20124563143115784,30.411758193112806,
1980-10-02,,,,,,,,,,0.19904092049240996,30.389711083725327,
1980-10-03,,,,,,,,,,0.19723050376177434,30.371606916418973,
1980-10-04,,,,,,,,,,0.19696464090814367,30.368948287882667,
1980-10-05,,,,,,,,,,0.2095734521028322,30.49503639982955,
1980-10-06,,,,,,,,,,0.20857728688879704,30.4850747476892,
1980-10-07,,,,,,,,,,0.19978003268017708,30.397102205602998,
1980-10-08,,,,,,,,,,0.198152361910589,30.380825497907118,
1980-10-09,,,,,,,,,,0.1981571037722295,30.380872916523522,
1980-10-10,,,,,,,,,,0.24547520256417132,30.854053904442942,
1980-10-11,,,,,,,,,,0.23851904683857347,30.784492347186962,
1980-10-12,,,,,,,,,,0.2346754057015597,30.746055935816827,
1980-10-13,,,,,,,,,,0.233322328236635,30.73252516116758,
1980-10-14,,,,,,,,,,0.23229361964090162,30.722238075210246,
1980-10-15,,,,,,,,,,0.23109940392744782,30.71029591807571,
1980-10-16,,,,,,,,,,0.24154803998212615,30.81478227862249,
1980-10-17,,,,,,,,,,0.22982791280600928,30.69758100686132,
1980-10-18,,,,,,,,,,0.22899420916449525,30.68924397044618,
1980-10-19,,,,,,,,,,0.2280238039179468,30.679539917980698,
1980-10-20,,,,,,,,,,0.22681419831255858,30.667443861926813,
1980-10-21,,,,,,,,,,0.22650117364448635,30.664313615246094,
1980-10-22,,,,,,,,,,0.22611516604245865,30.660453539225816,
1980-10-23,,,,,,,,,,0.225319083154907,30.652492710350298,
1980-10-24,,,,,,,,,,0.22476245716672225,30.646926450468452,
1980-10-25,,,,,,,,,,0.2234885894293484,30.634187773094713,
1980-10-26,,,,,,,,,,0.22235873490433034,30.62288922784453,
1980-10-27,,,,,,,,,,0.22140443690828593,30.61334624788409,
1980-10-28,,,,,,,,,,0.22047373932357833,30.604039272037014,
1980-10-29,,,,,,,,,,0.21959022454250557,30.595204124226285,
1980-10-30,,,,,,,,,,0.21866580570237493,30.585959935824977,
1980-10-31,,,,,,,,,,0.21821965483418876,30.581498427143117,
1980-11-01,,,,,,,,,,0.21759829175158457,30.575284796317074,
1980-11-02,,,,,,,,,,0.21654840443540543,30.564785923155284,
1980-11-03,,,,,,,,,,0.2158021004378281,30.55732288317951,
1980-11-04,,,,,,,,,,0.21507651132258668,30.550066992027094,
1980-11-05,,,,,,,,,,0.21418977007427054,30.541199579543935,
1980-11-06,,,,,,,,,,0.21336139640306978,30.532915842831926,
1980-11-07,,,,,,,,,,0.21263971035681442,30.525698982369374,
1980-11-08,,,,,,,,,,0.2115034842513594,30.514336721314823,
1980-11-09,,,,,,,,,,0.21088629285938448,30.508164807395072,
1980-11-10,,,,,,,,,,0.20999058950985477,30.499207773899776,
1980-11-11,,,,,,,,,,0.20906836658508077,30.489985544652036,
1980-11-12,,,,,,,,,,0.20798382749644886,30.479140153765716,
1980-11-13,,,,,,,,,,0.206927861527056,30.468580494071787,
1980-11-14,,,,,,,,,,0.2059790306909434,30.459092185710663,
1980-11-15,,,,,,,,,,0.20526072452350536,30.451909124036284,
1980-11-16,,,,,,,,,,0.20492067248687493,30.44850860366998,
1980-11-17,,,,,,,,,,0.20441039885788287,30.443405867380058,
1980-11-18,,,,,,,,,,0.20375734643220653,30.436875343123294,
1980-11-19,,,,,,,,,,0.20330369629382222,30.43233884173945,
1980-11-20,,,,,,,,,,0.2044995550645828,30.444297429447058,
1980-11-21,,,,,,,,,,0.20282040114342803,30.42750589023551,
1980-11-22,,,,,,,,,,0.2025306193813654,30.424608072614884,
1980-11-23,,,,,,,,,,0.20195796006091413,30.41888147941037,
1980-11-24,,,,,,,,,,0.20396793558635257,30.438981234664755,
1980-11-25,,,,,,,,,,0.20116681345645243,30.410970013365752,
1980-11-26,,,,,,,,,,0.2009287808346404,30.408589687147632,
1980-11-27,,,,,,,,,,0.20042463738116334,30.40354825261286,
1980-11-28,,,,,,,,,,0.20175252705116345,30.416827149312862,
1980-11-29,,,,,,,,,,0.19980467113649542,30.39734859016618,
1980-11-30,,,,,,,,,,0.19979441111246707,30.3972459899259,
1980-12-01,,,,,,,,,,0.19900735060551672,30.389375384856397,
1980-12-02,,,,,,,,,,0.1994182197706462,30.39348407650769,
1980-12-03,,,,,,,,,,0.19775957789955326,30.37689765779676,
1980-12-04,,,,,,,,,,0.1972894948449433,30.37219682725066,
1980-12-05,,,,,,,,,,0.19688171052974737,30.368118984098704,
1980-12-06,,,,,,,,,,0.19655752947828015,30.36487717358403,
1980-12-07,,,,,,,,,,0.1962523762455423,30.36182564125665,
1980-12-08,,,,,,,,,,0.19594144286873288,30.358716307488557,
1980-12-09,,,,,,,,,,0.1955305576771283,30.354607455572513,
1980-12-10,,,,,,,,,,0.1948531657073074,30.3478335358743,
1980-12-11,,,,,,,,,,0.1940623325720919,30.339925204522146,
1980-12-12,,,,,,,,,,0.1931375304223005,30.330677183024235,
1980-12-13,,,,,,,,,,0.1926681427534619,30.325983306335846,
1980-12-14,,,,,,,,,,0.19237816957640858,30.323083574565313,
1980-12-15,,,,,,,,,,0.1920776372890483,30.32007825169171,
1980-12-16,,,,,,,,,,0.19189626461765394,30.318264524977767,
1980-12-17,,,,,,,,,,0.1915888121340693,30.31519000014192,
1980-12-18,,,,,,,,,,0.1913908029936329,30.31320990873756,
1980-12-19,,,,,,,,,,0.19111364627081043,30.310438341509332,
1980-12-20,,,,,,,,,,0.19092300101681217,30.308531888969352,
1980-12-21,,,,,,,,,,0.19059392515457405,30.305241130346968,
1980-12-22,,,,,,,,,,0.19013989111213916,30.30070078992262,
1980-12-23,,,,,,,,,,0.18919735977146335,30.291275476515864,
1980-12-24,,,,,,,,,,0.18887135059725332,30.28801538477376,
1980-12-25,,,,,,,,,,0.1885910728787607,30.285212607588836,
1980-12-26,,,,,,,,,,0.1880368085099015,30.279669963900243,
1980-12-27,,,,,,,,,,0.18781251459173515,30.27742702471858,
1980-12-28,,,,,,,,,,0.18741951407806653,30.273497019581892,
1980-12-29,,,,,,,,,,0.18711020046779253,30.270403883479155,
1980-12-30,,,,,,,,,,0.18688914867753767,30.268193365576604,
1980-12-31,,,,,,,,,,0.18651941089835258,30.264495987784755,
1981-01-01,,,,,,,,,,0.18580365066370258,30.257338385438253,
1981-01-02,,,,,,,,,,0.18543158702053736,30.2536177490066,
1981-01-03,,,,,,,,,,0.18513203878704426,30.25062226667167,
1981-01-04,,,,,,,,,,0.18454594002478777,30.244761279049108,
1981-01-05,,,,,,,,,,0.18397371874096496,30.23903906621088,
1981-01-06,,,,,,,,,,0.18494395251335213,30.24874140393475,
1981-01-07,,,,,,,,,,0.18375842248238408,30.236886103625068,
1981-01-08,,,,,,,,,,0.1832589332920767,30.231891211721994,
1981-01-09,,,,,,,,,,0.18319872881480884,30.231289166949317,
1981-01-10,,,,,,,,,,0.18331212146949794,30.23242309349621,
1981-01-11,,,,,,,,,,0.18232802054564007,30.222582084257628,
1981-01-12,,,,,,,,,,0.1816186377817719,30.215488256618947,
1981-01-13,,,,,,,,,,0.18101893190845156,30.209491197885743,
1981-01-14,,,,,,,,,,0.18057220420077,30.20502392080893,
1981-01-15,,,,,,,,,,0.17994168807771793,30.19871875957841,
1981-01-16,,,,,,,,,,0.17954700263357215,30.19477190513695,
1981-01-17,,,,,,,,,,0.1792519313225892,30.19182119202712,
1981-01-18,,,,,,,,,,0.17883725239189496,30.187674402720177,
1981-01-19,,,,,,,,,,0.17840199858884553,30.183321864689685,
1981-01-20,,,,,,,,,,0.17799959352071218,30.17929781400835,
1981-01-21,,,,,,,,,,0.184062805386619,30.23992993266742,
1981-01-22,,,,,,,,,,0.18055238000648893,30.20482567886612,
1981-01-23,,,,,,,,,,0.18467027415225043,30.24600462032373,
1981-01-24,,,,,,,,,,0.18996171699754863,30.298919048776714,
1981-01-25,,,,,,,,,,0.1821288967669847,30.220590846471076,
1981-01-26,,,,,,,,,,0.18209407264631666,30.220242605264396,
1981-01-27,,,,,,,,,,0.18154799082619982,30.214781787063227,
1981-01-28,,,,,,,,,,0.18132339412387402,30.212535820039967,
1981-01-29,,,,,,,,,,0.18108387325026948,30.210140611303924,
1981-01-30,,,,,,,,,,0.18085737364410992,30.20787561524233,
1981-01-31,,,,,,,,,,0.18070654783739165,30.206367357175147,
1981-02-01,,,,,,,,,,0.18039487809186489,30.203250659719878,
1981-02-02,,,,,,,,,,0.18008303179566748,30.200132196757902,
1981-02-03,,,,,,,,,,0.17987130103626844,30.198014889163915,
1981-02-04,,,,,,,,,,0.17951767139800878,30.194478592781316,
1981-02-05,,,,,,,,,,0.17899444662417,30.18924634504293,
1981-02-06,,,,,,,,,,0.17875806460747717,30.186882524876,
1981-02-07,,,,,,,,,,0.17848628735360425,30.18416475233727,
1981-02-08,,,,,,,,,,0.17790353204590428,30.17833719926027,
1981-02-09,,,,,,,,,,0.1769560389172226,30.168862267973456,
1981-02-10,,,,,,,,,,0.17645860685534276,30.163887947354656,
1981-02-11,,,,,,,,,,0.17565793970218968,30.155881275823127,
1981-02-12,,,,,,,,,,0.17531720489656494,30.152473927766877,
1981-02-13,,,,,,,,,,0.1834245437033975,30.233547315835203,
1981-02-14,,,,,,,,,,0.17429627350290233,30.142264613830253,
1981-02-15,,,,,,,,,,0.17694230537661648,30.168724932567393,
1981-02-16,,,,,,,,,,0.20443163523356703,30.4436182311369,
1981-02-17,,,,,,,,,,0.2023556553386218,30.422858432187446,
1981-02-18,,,,,,,,,,0.19943744685010129,30.393676347302243,
1981-02-19,,,,,,,,,,0.2042421914803696,30.441723793604925,
1981-02-20,,,,,,,,,,0.19914470723391797,30.39074895114041,
1981-02-21,,,,,,,,,,0.19839078694048726,30.383209748206102,
1981-02-22,,,,,,,,,,0.19783877726333507,30.37768965143458,
1981-02-23,,,,,,,,,,0.19967040129754332,30.39600589177666,
1981-02-24,,,,,,,,,,0.1986667170570281,30.38596904937151,
1981-02-25,,,,,,,,,,0.1968498903922049,30.36780078272328,
1981-02-26,,,,,,,,,,0.1963046950762128,30.362348829563356,
1981-02-27,,,,,,,,,,0.19576192694963898,30.35692114829762,
1981-02-28,,,,,,,,,,0.19526595824165466,30.351961461217776,
1981-03-01,,,,,,,,,,0.19485888032216112,30.34789068202284,
1981-03-02,,,,,,,,,,0.1968905218569475,30.368207097370703,
1981-03-03,,,,,,,,,,0.19457029945523435,30.345004873353574,
1981-03-04,,,,,,,,,,0.19412766865166614,30.34057856531789,
1981-03-05,,,,,,,,,,0.19328722507802135,30.332174129581443,
1981-03-06,,,,,,,,,,0.19249964522267127,30.32429833102794,
1981-03-07,,,,,,,,,,0.19132166561029001,30.31251853490413,
1981-03-08,,,,,,,,,,0.18987121442241728,30.298014023025402,
1981-03-09,,,,,,,,,,0.1891546535999724,30.29084841480095,
1981-03-10,,,,,,,,,,0.18831988818928538,30.28250076069408,
1981-03-11,,,,,,,,,,0.18736195146070753,30.272921393408303,
1981-03-12,,,,,,,,,,0.1889902218609871,30.2892040974111,
1981-03-13,,,,,,,,,,0.18734320491275563,30.272733927928783,
1981-03-14,,,,,,,,,,0.18580205214243145,30.257322400225544,
1981-03-15,,,,,,,,,,0.18462434563594415,30.24554533516067,
1981-03-16,,,,,,,,,,0.18343897703169176,30.233691649118146,
1981-03-17,,,,,,,,,,0.18241739387090786,30.223475817510305,
1981-03-18,,,,,,,,,,0.18132658468009674,30.212567725602195,
1981-03-19,,,,,,,,,,0.18058070952937266,30.205108974094955,
1981-03-20,,,,,,,,,,0.17981185013938433,30.197420380195073,
1981-03-21,,,,,,,,,,0.17886858110155765,30.187987689816804,
1981-03-22,,,,,,,,,,0.1776727342495187,30.176029221296417,
1981-03-23,,,,,,,,,,0.17657427407918286,30.165044619593058,
1981-03-24,,,,,,,,,,0.17823522578197043,30.18165413662093,
1981-03-25,,,,,,,,,,0.17557922176833862,30.155094096484614,
1981-03-26,,,,,,,,,,0.17437186989068576,30.143020577708086,
1981-03-27,,,,,,,,,,0.17317175437246154,30.131019422525846,
1981-03-28,,,,,,,,,,0.18089196294616,30.208221508262827,
1981-03-29,,,,,,,,,,0.17754209111260202,30.174722789927248,
1981-03-30,,,,,,,,,,0.1735822847003647,30.135124725804875,
1981-03-31,,,,,,,,,,0.17186705933008317,30.11797247210206,
1981-04-01,,,,,,,,,,0.17732378959531886,30.172539774754416,
1981-04-02,,,,,,,,,,0.17981696820875853,30.197471560888815,
1981-04-03,,,,,,,,,,0.1742782955327213,30.142084834128443,
1981-04-04,,,,,,,,,,0.17388107636496383,30.138112642450867,
1981-04-05,,,,,,,,,,0.16999409103655294,30.09924278916676,
1981-04-06,,,,,,,,,,0.16920864857710624,30.091388364572293,
1981-04-07,,,,,,,,,,0.16810288190629716,30.0803306978642,
1981-04-08,,,,,,,,,,0.170175007610419,30.10105195490542,
1981-04-09,,,,,,,,,,0.16729181563200632,30.07222003512129,
1981-04-10,,,,,,,,,,0.1664701647887658,30.064003526688886,
1981-04-11,,,,,,,,,,0.1656997102752054,30.056298981553283,
1981-04-12,,,,,,,,,,0.16480716260956535,30.047373504896882,
1981-04-13,,,,,,,,,,0.16406061619259643,30.039908040727195,
1981-04-14,,,,,,,,,,0.16261738723857908,30.02547575118702,
1981-04-15,,,,,,,,,,0.16405956414608686,30.039897520262098,
1981-04-16,,,,,,,,,,0.16385663547711907,30.037868233572418,
1981-04-17,,,,,,,,,,0.16102936896323375,30.009595568433568,
1981-04-18,,,,,,,,,,0.20301594127633696,30.4294612915646,
1981-04-19,,,,,,,,,,0.1860849029217677,30.260150908018904,
1981-04-20,,,,,,,,,,0.17736519399154232,30.172953818716653,
1981-04-21,,,,,,,,,,0.17665753901335896,30.165877268934818,
1981-04-22,,,,,,,,,,0.17578141004728212,30.15711597927405,
1981-04-23,,,,,,,,,,0.17405154806673392,30.13981735946857,
1981-04-24,,,,,,,,,,0.17260508065628985,30.125352685364128,
1981-04-25,,,,,,,,,,0.17176220276551635,30.116923906456393,
1981-04-26,,,,,,,,,,0.17045842740918604,30.10388615289309,
1981-04-27,,,,,,,,,,0.16903207192877012,30.08962259808893,
1981-04-28,,,,,,,,,,0.16766330845236385,30.07593496332487,
1981-04-29,,,,,,,,,,0.1662979474968697,30.062281353769926,
1981-04-30,,,,,,,,,,0.16498196163775336,30.049121495178763,
1981-05-01,,,,,,,,,,0.1640740864584524,30.04004274338575,
1981-05-02,,,,,,,,,,0.16254586012325195,30.02476048003375,
1981-05-03,,,,,,,,,,0.16097775708198891,30.00907944962112,
1981-05-04,,,,,,,,,,0.15931600077757327,29.99246188657696,
1981-05-05,,,,,,,,,,0.15751730472288514,29.97447492603008,
1981-05-06,,,,,,,,,,0.15542992442303952,29.953601123031625,
1981-05-07,,,,,,,,,,0.15317243989301904,29.93102627773142,
1981-05-08,,,,,,,,,,0.15098123540348157,29.909114232836046,
1981-05-09,,,,,,,,,,0.1488048443055387,29.887350321856616,
1981-05-10,,,,,,,,,,0.14771597799649336,29.87646165876616,
1981-05-11,,,,,,,,,,0.1455122789715252,29.85442466851648,
1981-05-12,,,,,,,,,,0.14435532919032396,29.842855170704468,
1981-05-13,,,,,,,,,,0.14265878928653306,29.82588977166656,
1981-05-14,,,,,,,,,,0.14412910063173562,29.840592885118586,
1981-05-15,,,,,,,,,,0.14076707589683604,29.80697263776959,
1981-05-16,,,,,,,,,,0.13898717835078095,29.78917366230904,
1981-05-17,,,,,,,,,,0.13731592346643468,29.772461113465575,
1981-05-18,,,,,,,,,,0.13506318492108657,29.749933728012095,
1981-05-19,,,,,,,,,,0.13378484548063824,29.737150333607612,
1981-05-20,,,,,,,,,,0.1323637185461549,29.72293906426278,
1981-05-21,,,,,,,,,,0.13082822572480218,29.70758413604925,
1981-05-22,,,,,,,,,,0.1292043250192753,29.69134512899398,
1981-05-23,,,,,,,,,,0.12812599992412618,29.68056187804249,
1981-05-24,,,,,,,,,,0.12649980904065194,29.664299969207747,
1981-05-25,,,,,,,,,,0.12468915034282227,29.646193382229452,
1981-05-26,,,,,,,,,,0.12298347004283534,29.62913657922958,
1981-05-27,,,,,,,,,,0.13161139339905817,29.71541581279181,
1981-05-28,,,,,,,,,,0.12061927010282505,29.60549457982948,
1981-05-29,,,,,,,,,,0.11870194342784524,29.58632131307968,
1981-05-30,,,,,,,,,,0.11934492198645712,29.5927510986658,
1981-05-31,,,,,,,,,,0.11660551615426237,29.56535704034385,
1981-06-01,,,,,,,,,,0.11518870053459163,29.551188884147145,
1981-06-02,,,,,,,,,,0.11338673185100472,29.533169197311274,
1981-06-03,,,,,,,,,,0.11176441231235805,29.516946001924808,
1981-06-04,,,,,,,,,,0.11049307034353728,29.5042325822366,
1981-06-05,,,,,,,,,,0.10876115746526713,29.4869134534539,
1981-06-06,,,,,,,,,,0.1067961683851963,29.46726356265319,
1981-06-07,,,,,,,,,,0.10501923211854144,29.449494199986642,
1981-06-08,,,,,,,,,,0.10345865314011682,29.433888410202396,
1981-06-09,,,,,,,,,,0.10545580695043066,29.453859948305535,
1981-06-10,,,,,,,,,,0.12174315648406368,29.616733443641866,
1981-06-11,,,,,,,,,,0.10185761628771872,29.417878041678417,
1981-06-12,,,,,,,,,,0.10204739407789279,29.419775819580156,
1981-06-13,,,,,,,,,,0.09983466981924018,29.39764857699363,
1981-06-14,,,,,,,,,,0.09815997942227739,29.380901673024002,
1981-06-15,-0.1,0.04836,30.0,0.0,18.6,11.4,20.0,0.0,10.0,0.096302115258146,29.36232303138269,0.0
1981-06-16,-0.07854545454545454,0.04836,30.0,0.0,18.6,11.4,20.0,0.0,10.0,0.09433498230547911,29.34265170185602,0.0
1981-06-17,-0.05490909090909091,0.04836,30.0,0.0,18.6,11.4,20.0,0.0,10.0,0.09231783706961252,29.322480249497353,0.0
1981-06-18,-0.03127272727272727,0.04836,30.0,0.0,18.6,11.4,20.0,0.0,10.0,0.09054686605281236,29.30477053932935,0.0
1981-06-19,-0.007636363636363636,0.04836,30.0,0.0,18.6,11.4,20.0,0.0,10.0,0.08872731045831488,29.286574983384376,0.0
1981-06-20,0.0,0.04836,30.0,0.0,18.6,11.4,20.0,0.0,10.0,0.08681094555912702,29.2674113343925,0.0
1981-06-21,0.034532374100719423,0.046909200000000005,30.0,0.0,18.6,11.4,20.0,0.0,12.2,0.1176305746536441,29.266408851999664,0.0
1981-06-22,0.06532374100719424,0.045501924,30.0,0.0,18.6,11.4,20.0,0.0012177475629508384,14.399999999999999,0.1381300785848099,29.252402935270442,0.10312694512684374
1981-06-23,0.09812949640287769,0.04427764051258541,30.0,0.0,18.6,11.4,20.0,0.00335089896922416,16.599999999999998,0.1521564547522086,29.22114091495982,0.6043772233328323
1981-06-24,0.12402877697841726,0.04570335495893737,31.29839793019902,0.0,19.405006716723392,11.893391213475628,20.76438852224993,0.004812951535300644,18.799999999999997,0.16489244849089094,29.227335760125882,1.0
1981-06-25,0.14877697841726617,0.05012868834194465,34.30070372043156,0.0,21.266436306667565,13.03426741376399,22.473735453445414,0.003649814775401658,20.999999999999996,0.17766831122880852,29.290406226726088,1.0
1981-06-26,0.17194244604316544,0.05416440782479515,37.09081272454735,0.0,22.99630388921936,14.094508835327993,24.011838935067928,0.011527576255062812,23.199999999999996,0.1982188673171008,29.590063375101824,1.0
1981-06-27,0.20402877697841723,0.06336838918079979,43.569483454579164,0.0,27.013079741839082,16.55640371274008,27.47614304741684,0.007274330625231952,25.399999999999995,0.19931142618299869,29.48590984081723,1.0
1981-06-28,0.23151079136690644,0.07024316657854042,48.53339156131149,0.0,30.090702768013124,18.442688793298366,30.019559948690272,0.014404196614616862,27.599999999999994,0.19497273376040775,29.236661029980294,0.9632386612232798
1981-06-29,0.2588489208633093,0.08459504188486593,59.19006198006703,0.0,36.69783842764156,22.49222355242547,35.28135824924847,0.01833316594171882,29.799999999999994,0.1975020298317549,29.17298802960331,0.903938749646117
1981-06-30,0.28748201438848914,0.10092944316621745,71.72519307121863,0.0,44.469619704155555,27.25557336706308,41.24404253561637,0.01971351408419395,31.999999999999993,0.20063347289461003,29.139712635668513,1.0
1981-07-01,0.3166906474820143,0.11931858308910974,85.95734690421577,0.0,53.29355508061378,32.66379182360199,47.751073744622445,0.023051034140635685,34.199999999999996,0.2034352704551128,29.108941715029825,1.0
1981-07-02,0.3473381294964028,0.13977904984762635,102.2012252616119,0.0,63.364759662199376,38.83646559941252,54.823446153227906,0.02980010009079917,36.4,0.20613513958310384,29.08678850871392,1.0
1981-07-03,0.37870503597122296,0.16447968942373584,122.85065919273492,0.0,75.86146214862865,46.98919704410628,63.301402740118526,0.04530227513636013,38.6,0.20984586870742197,29.115533922419402,0.8655465482113293
1981-07-04,0.41323741007194237,0.18726424185794685,144.0636886958386,0.0,88.1306400013649,55.933048694473726,71.49039446561517,0.04924217886113614,40.800000000000004,0.20882146263117565,28.967413028088856,0.8987295237087221
1981-07-05,0.4477697841726618,0.20839092836451556,165.4424042132619,0.0,99.86477237151728,65.57763184174462,79.18669858423904,0.05780087299411483,43.00000000000001,0.2098263675887717,28.902045121478046,0.8426582617334601
1981-07-06,0.4823021582733812,0.2338087780457775,193.96882099748132,0.0,114.6802626404396,79.28855835704174,88.7407989907933,0.06026532980856669,45.20000000000001,0.210477750986591,28.825119622178747,0.9812954783360383
1981-07-07,0.5168345323741006,0.2640836456115501,229.79656115419232,0.0,132.23051278959178,97.56604836460052,99.87433867285819,0.0712275174015363,47.40000000000001,0.21110074052053454,28.74971434068215,0.9011481994520978
1981-07-08,0.55136690647482,0.2919621691405263,267.3038852865827,0.0,149.49668687623182,117.8071984103509,110.65553179962592,0.08431943176483689,49.600000000000016,0.21142005311596007,28.661987836984405,0.8148017139254046
1981-07-09,0.5858992805755394,0.31563947679665544,304.47350062321544,0.0,165.51054347929534,138.9629571439201,120.5035213607231,0.05675685911839996,51.80000000000002,0.21141893759239433,28.559068132142784,1.0
1981-07-10,0.6175539568345322,0.34135930792767016,345.86350445819386,0.0,182.1212805186852,163.74222393950865,130.57059973118984,0.018423849594814058,54.00000000000002,0.2154081687305509,28.67162223873048,1.0
1981-07-11,0.6447482014388487,0.3480964730635392,357.93180680275134,0.0,186.6381090577965,171.29369774495484,133.27339107570734,0.050992348219553306,56.200000000000024,0.2201477778144574,28.843900202877215,1.0
1981-07-12,0.6728057553956832,0.37151980867365136,404.1812354220478,0.0,202.87320115906203,201.30803426298576,142.8875556547825,0.07338343767511293,58.40000000000003,0.21624967224105054,28.532589911006035,1.0
1981-07-13,0.7030215827338127,0.39806044890301856,462.46184525643935,0.0,221.93427673779598,240.52756851864333,154.0611954387008,0.0766107747201449,60.60000000000003,0.2157340204521355,28.40910465395207,1.0
1981-07-14,0.7365467625899278,0.4216664578430932,521.0224334633563,0.0,239.57484006168343,281.44759340167286,164.2731804048276,0.10328161381573328,62.80000000000003,0.21598290961653763,28.331363700895196,1.0
1981-07-15,0.7710791366906472,0.44586546787318804,590.4870257189856,0.0,258.51000654164073,331.97701917734486,174.81172282093974,0.1058429390949372,65.00000000000003,0.21549652767430175,28.206925238230223,1.0
1981-07-16,0.8054676258992803,0.46733613096201754,663.1247647363834,0.0,276.1666304197573,386.9581343166262,184.20051498737732,0.05550217386121166,67.20000000000003,0.21515372683638714,28.089995345229802,1.0
1981-07-17,0.8358273381294962,0.47911902247597743,709.0745820313,0.0,285.9857066813906,423.0888753499095,189.18228363862997,0.10896716853343927,69.40000000000003,0.2175864884398709,28.164181161975602,1.0
1981-07-18,0.8703597122302156,0.4964612145542739,786.0493650884924,0.0,300.43753341330427,485.61183167518817,196.39450562463261,0.1273003499339789,71.60000000000004,0.21515923420672112,27.901093995873765,1.0
1981-07-19,0.904892086330935,0.5125870036213726,870.9730377385667,0.0,313.8756909692199,557.0973467693469,202.9692245843336,0.12737884398124763,73.80000000000004,0.21455333842700336,27.761743165009356,1.0
1981-07-20,0.9389928057553955,0.528634634377997,960.1265419420358,0.0,327.24871659974025,632.8778253422956,208.36463456496898,0.1339218697224735,76.00000000000004,0.2139231280450777,27.617878482946395,1.0
1981-07-21,0.9723741007194242,0.5456227639473148,1054.5050395493572,0.0,341.40549124083844,713.0995483085188,211.9505551383758,0.12184410910462984,78.20000000000005,0.2132792066363792,27.470168672909317,1.0
1981-07-22,1.0,0.5611628556366878,1145.3560130025387,6.775696101664045,354.35556764864924,784.2247492522253,213.48184093193325,0.1330597640694489,80.40000000000005,0.21284841213935965,27.336761012372953,1.0
1981-07-23,1.029,0.5771575965212334,1245.3231435309492,23.4368845230658,367.6845183857706,854.2017406221127,213.48184093193325,0.13634776769951848,80.40000000000005,0.21102588815945264,27.19023008438843,1.0
1981-07-24,1.05775,0.5923358574094763,1347.6025295703214,50.37045618010045,380.333069125973,916.8990042642479,213.48184093193325,0.04130718682298476,80.40000000000005,0.20920168575613982,27.043564211162078,1.0
1981-07-25,1.082625,0.5961959124578405,1375.7986950076058,60.49757893299179,383.54978166627654,931.7513344083375,213.48184093193325,0.0564115971406259,80.40000000000005,0.2101277469448434,27.118019530733847,1.0
1981-07-26,1.1083749999999999,0.6018391187325092,1420.2508909482806,80.1491538884317,388.25245356183376,951.849283498015,213.48184093193325,0.06083325663504451,80.40000000000005,0.20830412008301918,26.97139993104318,1.0
1981-07-27,1.134625,0.6068445895583245,1465.775864352695,104.81799885194879,392.4236792500132,968.534186250733,213.48184093193325,0.09449652473263469,80.40000000000005,0.20708308049290133,26.873228347997703,1.0
1981-07-28,1.163375,0.6128304811710373,1542.0778606906524,156.17878013693633,397.4119222606072,988.4871582931089,213.48184093193325,0.12744138411714118,80.40000000000005,0.20608241253961607,26.792774644553567,1.0
1981-07-29,1.193375,0.6170191111112836,1637.3822961911364,234.03059088639418,400.9024472108124,1002.4492580939298,213.48184093193325,0.10663484135311135,80.40000000000005,0.204216512621397,26.642756291128755,1.0
1981-07-30,1.223125,0.6176687751554287,1719.1010438823444,313.0424050603311,401.4438339142667,1004.6148049077467,213.48184093193325,0.11991902134758296,80.40000000000005,0.2030534955959384,26.549249722281886,1.0
1981-07-31,1.253125,0.6176687751554287,1809.0257491390873,402.967110317074,401.4438339142667,1004.6148049077467,213.48184093193325,0.12538081615644137,80.40000000000005,0.20105143785121365,26.388284279606015,0.9510872675482209
1981-08-01,1.282,0.6161531409272333,1902.2543203861817,496.1956815641684,401.44383391426663,1004.6148049077467,213.48184093193325,0.12304736258593989,80.40000000000005,0.19928563073013017,26.246313387070902,0.9000096108349483
1981-08-02,1.310875,0.6130593355178042,1989.741335352393,583.6826965303798,401.44383391426663,1004.6148049077467,213.48184093193325,0.12040849418571413,80.40000000000005,0.19759226440118058,26.110166734223355,0.8578754075471753
1981-08-03,1.34075,0.6086750457287208,2067.8932685198297,661.8346296978166,401.44383391426663,1004.6148049077467,213.48184093193325,0.11691202985155727,80.40000000000005,0.19594441976340862,25.977680025346487,0.8334045624440876
1981-08-04,1.3707500000000001,0.6035577861626324,2137.548663607452,731.4900247854388,401.44383391426663,1004.6148049077467,213.48184093193325,0.10883372281239286,80.40000000000005,0.19433518092464908,25.848297222710222,0.9664458362743897
1981-08-05,1.3982500000000002,0.5801795162575879,2218.6155324055294,812.5568935835162,401.4438339142667,1004.6148049077467,213.48184093193325,0.06482164055827963,80.40000000000005,0.19322353558964506,25.758920937775898,1.0
1981-08-06,1.4213750000000003,0.5801795162575879,2267.6028684668145,861.544229644801,401.4438339142667,1004.6148049077467,213.48184093193325,0.10340806029666458,80.40000000000005,0.19197911802793147,25.658869765814124,0.8344831620131316
1981-08-07,1.4506250000000003,0.5756226563874912,2331.236870225973,925.1782314039593,401.4438339142667,1004.6148049077467,213.48184093193325,0.10009981352009883,80.40000000000005,0.19120363422826156,25.596520868320667,0.8747575319549205
1981-08-08,1.4805000000000004,0.5722494691260214,2389.469903007885,983.4112641858718,401.44383391426663,1004.6148049077467,213.48184093193325,0.06774343173198119,80.40000000000005,0.1897816425022324,25.48219273354792,1.0
1981-08-09,1.5083750000000005,0.5722494691260214,2427.941223114153,1021.8825842921399,401.44383391426663,1004.6148049077467,213.48184093193325,0.09097061431037884,80.40000000000005,0.1885007807912489,25.379211451984848,1.0
1981-08-10,1.5356250000000005,0.5722494691260214,2492.4752158486567,1086.4165770266434,401.44383391426663,1004.6148049077467,213.48184093193325,0.033662271363667846,80.40000000000005,0.18819707508749037,25.35479351340266,1.0
1981-08-11,1.5575000000000006,0.5697672316528624,2509.535568242961,1103.4769294209477,401.44383391426663,1004.6148049077467,213.48184093193325,0.039187858812761565,80.40000000000005,0.18921172304059916,25.436371208832607,1.0
1981-08-12,1.5792500000000005,0.5605632502968577,2534.0785419716603,1128.019903149647,401.4438339142667,1004.6148049077467,213.48184093193322,0.09134835369989229,80.40000000000005,0.18758913259967588,25.305914937382376,0.8632008681532395
1981-08-13,1.6048750000000005,0.553688472899117,2600.5535298732248,1194.4948910512112,401.44383391426663,1004.6148049077467,213.48184093193322,0.07847123636263036,80.40000000000005,0.1857872980204282,25.16104743721086,1.0
1981-08-14,1.6302500000000004,0.5392553977319302,2650.0913577057017,1244.0327188836886,401.4438339142667,1004.6148049077467,213.48184093193322,0.07967700609677654,80.40000000000005,0.18470266606790145,25.073843028227714,1.0
1981-08-15,1.6556250000000003,0.5226595408684501,2711.7343931693185,1305.6757543473054,401.4438339142667,1004.6148049077467,213.48184093193322,0.07996138927785298,80.40000000000005,0.18361959372298406,24.98676401169635,0.8029979272588597
1981-08-16,1.6838750000000005,0.5042704009455578,2756.932704453292,1350.8740656312784,401.4438339142667,1004.6148049077467,213.48184093193322,0.07888616338696709,80.40000000000005,0.18248552525104586,24.89558490655252,0.6623123369421892
1981-08-17,1.7138750000000005,0.48380993418704116,2786.581418091156,1380.5227792691428,401.4438339142667,1004.6148049077467,213.48184093193322,0.07172917516814808,80.40000000000005,0.18137950120845545,24.806660573528255,0.7539279413795403
1981-08-18,1.7430000000000005,0.4591092946109317,2823.425061989632,1417.3664231676184,401.44383391426663,1004.6148049077467,213.48184093193322,0.06746185415229129,80.40000000000005,0.1804060141790418,24.728392216363396,0.7186426281521047
1981-08-19,1.7720000000000005,0.4355491234964853,2854.3736813437963,1448.3150425217827,401.4438339142667,1004.6148049077467,213.48184093193322,0.06336577537450443,80.40000000000005,0.17940745397618565,24.648107976053762,0.6872096518261276
1981-08-20,1.8020000000000005,0.41374368120346905,2878.996068365623,1472.9374295436098,401.4438339142667,1004.6148049077467,213.48184093193322,0.03505439037692783,80.40000000000005,0.18010011287063782,24.703797751167716,1.0
1981-08-21,1.8272500000000005,0.38713045834039733,2896.0536284145664,1489.9949895925533,401.4438339142667,1004.6148049077467,213.48184093193322,0.052676653486149846,80.40000000000005,0.1783254322022621,24.561113425430307,1.0
1981-08-22,1.8521250000000005,0.3566925424849649,2927.0777076638415,1521.0190688418281,401.44383391426663,1004.6148049077468,213.48184093193322,0.01888371476195568,80.40000000000005,0.1779245104932767,24.528879320027883,1.0
1981-08-23,1.8737500000000005,0.3566925424849649,2933.89613059915,1527.8374917771366,401.44383391426663,1004.6148049077468,213.48184093193322,0.024363785947226952,80.40000000000005,0.1807400412883975,24.755247995955592,1.0
1981-08-24,1.8986250000000005,0.3278174860314211,2944.2499862976165,1538.191347475603,401.44383391426663,1004.6148049077469,213.48184093193322,0.018538814869058142,80.40000000000005,0.18008503394077174,24.702585405206484,1.0
1981-08-25,1.9195000000000004,0.30202929835877323,2955.8041963393607,1549.745557517347,401.44383391426663,1004.6148049077469,213.48184093193322,0.019686974348484973,80.40000000000005,0.17929517986413684,24.63908113744504,1.0
1981-08-26,1.9418750000000005,0.2763094672277585,2967.7332328164753,1561.6745939944617,401.44383391426663,1004.6148049077469,213.48184093193322,0.039908410226509365,80.40000000000005,0.17835344004640566,24.563365256099452,0.8077811390112005
1981-08-27,1.9647500000000004,0.2695723020918895,2987.908862946012,1581.8502241239985,401.44383391426663,1004.6148049077469,213.48184093193322,0.03883020332012328,80.40000000000005,0.17751699310258323,24.496114921816126,0.6865987568902377
1981-08-28,1.9888750000000004,0.26665848822681565,3002.576074905115,1596.5174360831018,401.44383391426663,1004.6148049077469,213.48184093193322,0.03787725248466242,80.40000000000005,0.1768994932680989,24.446467935123586,0.6840936279135222
1981-08-29,2.0,0.24614896648177734,3015.7759458487662,1609.7173070267525,401.44383391426663,1004.6148049077469,213.48184093193322,0.03445588618009717,80.40000000000005,0.17628972919278094,24.397442903468022,0.706808779750418
1981-08-30,,,,,,,,,,0.1757340616931577,24.352767236498316,
1981-08-31,,,,,,,,,,0.17473474053253785,24.342774024892115,
1981-09-01,,,,,,,,,,0.17366552525877205,24.332081872154458,
1981-09-02,,,,,,,,,,0.17331848334174513,24.328611452984187,
1981-09-03,,,,,,,,,,0.17230282086269028,24.31845482819364,
1981-09-04,,,,,,,,,,0.1711270093106571,24.306696712673308,
1981-09-05,,,,,,,,,,0.17019009341964297,24.297327553763168,
1981-09-06,,,,,,,,,,0.16895757119012958,24.285002331468032,
1981-09-07,,,,,,,,,,0.1677051309713695,24.27247792928043,
1981-09-08,,,,,,,,,,0.16679866906614477,24.263413310228184,
1981-09-09,,,,,,,,,,0.1662231236821689,24.257657856388427,
1981-09-10,,,,,,,,,,0.17135710846678345,24.30899770423457,
1981-09-11,,,,,,,,,,0.16641898118189805,24.259616431385716,
1981-09-12,,,,,,,,,,0.1708509768550849,24.303936388117584,
1981-09-13,,,,,,,,,,0.164589986267822,24.241326482244958,
1981-09-14,,,,,,,,,,0.16414786009129664,24.236905220479702,
1981-09-15,,,,,,,,,,0.16358949026533676,24.231321522220107,
1981-09-16,,,,,,,,,,0.16257614849102903,24.22118810447703,
1981-09-17,,,,,,,,,,0.16163211996544014,24.211747819221138,
1981-09-18,,,,,,,,,,0.1609246904969261,24.204673524536,
1981-09-19,,,,,,,,,,0.16003521300538276,24.195778749620565,
1981-09-20,,,,,,,,,,0.1589667128062538,24.185093747629274,
1981-09-21,,,,,,,,,,0.15786393777114685,24.174065997278205,
1981-09-22,,,,,,,,,,0.1567339218658758,24.162765838225496,
1981-09-23,,,,,,,,,,0.16014721657571424,24.196898785323878,
1981-09-24,,,,,,,,,,0.17015807909850017,24.29700741055174,
1981-09-25,,,,,,,,,,0.15533653478678183,24.148791967434555,
1981-09-26,,,,,,,,,,0.1544309487192669,24.139736106759408,
1981-09-27,,,,,,,,,,0.15344606383733805,24.12988725794012,
1981-09-28,,,,,,,,,,0.15252442871632016,24.120670906729938,
1981-09-29,,,,,,,,,,0.1520804504892349,24.116231124459087,
1981-09-30,,,,,,,,,,0.1560814042886476,24.156240662453214,
1981-10-01,,,,,,,,,,0.17203756616288968,24.315802281195634,
1981-10-02,,,,,,,,,,0.17272311430143983,24.322657762581137,
1981-10-03,,,,,,,,,,0.17720670474090622,24.3674936669758,
1981-10-04,,,,,,,,,,0.18893236919302242,24.48475031149696,
1981-10-05,,,,,,,,,,0.18251669572291582,24.420593576795895,
1981-10-06,,,,,,,,,,0.20975678028473066,24.692994422414046,
1981-10-07,,,,,,,,,,0.23697894917993706,24.965216111366107,
1981-10-08,,,,,,,,,,0.2518334384192282,25.11376100375902,
1981-10-09,,,,,,,,,,0.22994302975452893,24.894856917112026,
1981-10-10,,,,,,,,,,0.2292853328469394,24.888279948036132,
1981-10-11,,,,,,,,,,0.22860956090474627,24.8815222286142,
1981-10-12,,,,,,,,,,0.2282177169905375,24.87760378947211,
1981-10-13,,,,,,,,,,0.22771423354906067,24.872568955057343,
1981-10-14,,,,,,,,,,0.2271243879135238,24.866670498701975,
1981-10-15,,,,,,,,,,0.22670933423734238,24.862519961940162,
1981-10-16,,,,,,,,,,0.22881372334018746,24.883563852968614,
1981-10-17,,,,,,,,,,0.23477877702058766,24.943214389772614,
1981-10-18,,,,,,,,,,0.22766514003613114,24.872078019928047,
1981-10-19,,,,,,,,,,0.23151947070811132,24.91062132664785,
1981-10-20,,,,,,,,,,0.23277230296408913,24.92314964920763,
1981-10-21,,,,,,,,,,0.22874713466470525,24.88289796621379,
1981-10-22,,,,,,,,,,0.23490375232921362,24.944464142858873,
1981-10-23,,,,,,,,,,0.22586912075998447,24.854117827166583,
1981-10-24,,,,,,,,,,0.22529022197356485,24.848328839302386,
1981-10-25,,,,,,,,,,0.22470590871757082,24.842485706742444,
1981-10-26,,,,,,,,,,0.22428831319975187,24.838309751564257,
1981-10-27,,,,,,,,,,0.22376820938027095,24.833108713369448,
1981-10-28,,,,,,,,,,0.22538365816309652,24.8492632011977,
1981-10-29,,,,,,,,,,0.22286300715241344,24.82405669109087,
1981-10-30,,,,,,,,,,0.22233288414617677,24.818755461028505,
1981-10-31,,,,,,,,,,0.22186927148439647,24.8141193344107,
1981-11-01,,,,,,,,,,0.2231593492439483,24.82702011200622,
1981-11-02,,,,,,,,,,0.23204916100289452,24.915918229595682,
1981-11-03,,,,,,,,,,0.22077969738553987,24.803223593422135,
1981-11-04,,,,,,,,,,0.22044403634528836,24.79986698301962,
1981-11-05,,,,,,,,,,0.22709162470556787,24.866342866622418,
1981-11-06,,,,,,,,,,0.24366322367002669,25.032058856267003,
1981-11-07,,,,,,,,,,0.23859807451110743,24.98140736467781,
1981-11-08,,,,,,,,,,0.23682083056500774,24.963634925216816,
1981-11-09,,,,,,,,,,0.23650731868471048,24.960499806413843,
1981-11-10,,,,,,,,,,0.2361628148001877,24.957054767568614,
1981-11-11,,,,,,,,,,0.2358424382109714,24.95385100167645,
1981-11-12,,,,,,,,,,0.2355989515567046,24.951416135133783,
1981-11-13,,,,,,,,,,0.2353761967590066,24.949188587156804,
1981-11-14,,,,,,,,,,0.23508722039880642,24.9462988235548,
1981-11-15,,,,,,,,,,0.23478552274954861,24.943281847062224,
1981-11-16,,,,,,,,,,0.23431815255036806,24.93860814507042,
1981-11-17,,,,,,,,,,0.23385538671240105,24.933980486690746,
1981-11-18,,,,,,,,,,0.23359729380322905,24.93139955759903,
1981-11-19,,,,,,,,,,0.23334434728261236,24.92887009239286,
1981-11-20,,,,,,,,,,0.2331170165142018,24.926596784708757,
1981-11-21,,,,,,,,,,0.23272883487784896,24.922714968345225,
1981-11-22,,,,,,,,,,0.23998785596881386,24.995305179254878,
1981-11-23,,,,,,,,,,0.24075093035843448,25.00293592315108,
1981-11-24,,,,,,,,,,0.23798938751492252,24.975320494715962,
1981-11-25,,,,,,,,,,0.23752009839068128,24.97062760347355,
1981-11-26,,,,,,,,,,0.23570807496431997,24.952507369209936,
1981-11-27,,,,,,,,,,0.23567536638484504,24.95218028341519,
1981-11-28,,,,,,,,,,0.23531785858791152,24.94860520544585,
1981-11-29,,,,,,,,,,0.2351472336663647,24.946898956230385,
1981-11-30,,,,,,,,,,0.2349986762641786,24.945413382208525,
1981-12-01,,,,,,,,,,0.23482428088136792,24.943669428380417,
1981-12-02,,,,,,,,,,0.23461297787697083,24.941556398336445,
1981-12-03,,,,,,,,,,0.2344564021075187,24.939990640641923,
1981-12-04,,,,,,,,,,0.23427838369811632,24.9382104565479,
1981-12-05,,,,,,,,,,0.23412918012129716,24.93671842077971,
1981-12-06,,,,,,,,,,0.23397220038839292,24.935148623450665,
1981-12-07,,,,,,,,,,0.23367944026914414,24.93222102225818,
1981-12-08,,,,,,,,,,0.23350734973409099,24.93050011690765,
1981-12-09,,,,,,,,,,0.23332235483815164,24.928650167948256,
1981-12-10,,,,,,,,,,0.23316890671902063,24.92711568675694,
1981-12-11,,,,,,,,,,0.23298625699314793,24.925289189498216,
1981-12-12,,,,,,,,,,0.23277437688365818,24.92317038840332,
1981-12-13,,,,,,,,,,0.2325073071684962,24.9204996912517,
1981-12-14,,,,,,,,,,0.23228982982857085,24.918324917852445,
1981-12-15,,,,,,,,,,0.23216178361289302,24.917044455695667,
1981-12-16,,,,,,,,,,0.23194477624295842,24.91487438199632,
1981-12-17,,,,,,,,,,0.2317449387730318,24.912876007297054,
1981-12-18,,,,,,,,,,0.23787717378161188,24.974198357382857,
1981-12-19,,,,,,,,,,0.231565195119589,24.911078570762626,
1981-12-20,,,,,,,,,,0.23112931525184505,24.90671977208519,
1981-12-21,,,,,,,,,,0.23082694549545207,24.903696074521257,
1981-12-22,,,,,,,,,,0.2306257693747918,24.901684313314654,
1981-12-23,,,,,,,,,,0.2303823285033039,24.899249904599777,
1981-12-24,,,,,,,,,,0.23023053881216876,24.897732007688425,
1981-12-25,,,,,,,,,,0.2300371032642144,24.89579765220888,
1981-12-26,,,,,,,,,,0.22981048008795768,24.893531420446315,
1981-12-27,,,,,,,,,,0.2294927180016261,24.890353799582996,
1981-12-28,,,,,,,,,,0.2292753741382974,24.88818036094971,
1981-12-29,,,,,,,,,,0.22908683607529495,24.886294980319686,
1981-12-30,,,,,,,,,,0.23050225901624427,24.90044920972918,
1981-12-31,,,,,,,,,,0.23058464387840744,24.90127305835081,
1982-01-01,,,,,,,,,,0.22865960148519573,24.882022634418696,
1982-01-02,,,,,,,,,,0.22855632908847762,24.880989910451515,
1982-01-03,,,,,,,,,,0.2287397176439716,24.882823796006452,
1982-01-04,,,,,,,,,,0.22846373860165134,24.88006400558325,
1982-01-05,,,,,,,,,,0.2281413398131218,24.876840017697955,
1982-01-06,,,,,,,,,,0.22794240829035725,24.87485070247031,
1982-01-07,,,,,,,,,,0.2277826248930527,24.873252868497264,
1982-01-08,,,,,,,,,,0.22766588277821023,24.87208544734884,
1982-01-09,,,,,,,,,,0.22722828085862884,24.867709428153027,
1982-01-10,,,,,,,,,,0.22696598045081276,24.865086424074864,
1982-01-11,,,,,,,,,,0.22673177414334167,24.862744361000154,
1982-01-12,,,,,,,,,,0.22639617523601827,24.85938837192692,
1982-01-13,,,,,,,,,,0.22619989981559613,24.857425617722697,
1982-01-14,,,,,,,,,,0.225973155062447,24.855158170191206,
1982-01-15,,,,,,,,,,0.22581883704967667,24.853614990063505,
1982-01-16,,,,,,,,,,0.22554843996845517,24.85091101925129,
1982-01-17,,,,,,,,,,0.2253438735551155,24.848865355117894,
1982-01-18,,,,,,,,,,0.22498080692033814,24.84523468877012,
1982-01-19,,,,,,,,,,0.2247794882197549,24.843221501764287,
1982-01-20,,,,,,,,,,0.2244909380102281,24.84033599966902,
1982-01-21,,,,,,,,,,0.22432569817785503,24.838683601345288,
1982-01-22,,,,,,,,,,0.22502202000347782,24.845646819601516,
1982-01-23,,,,,,,,,,0.22466066169829474,24.842033236549685,
1982-01-24,,,,,,,,,,0.23237356986206814,24.919162318187418,
1982-01-25,,,,,,,,,,0.22983883161292926,24.893814935696028,
1982-01-26,,,,,,,,,,0.22835987684979972,24.879025388064733,
1982-01-27,,,,,,,,,,0.227335904693361,24.868785666500347,
1982-01-28,,,,,,,,,,0.2271432048964288,24.866858668531027,
1982-01-29,,,,,,,,,,0.2269477612592233,24.86490423215897,
1982-01-30,,,,,,,,,,0.22679565186845257,24.863383138251262,
1982-01-31,,,,,,,,,,0.2292314788726269,24.887741408293007,
1982-02-01,,,,,,,,,,0.22657854408349104,24.861212060401648,
1982-02-02,,,,,,,,,,0.22662536553365625,24.8616802749033,
1982-02-03,,,,,,,,,,0.23426615394491498,24.938088159015887,
1982-02-04,,,,,,,,,,0.24051220057193762,25.000548625286115,
1982-02-05,,,,,,,,,,0.23441222500488218,24.93954886961556,
1982-02-06,,,,,,,,,,0.23465313235502575,24.941957943116996,
1982-02-07,,,,,,,,,,0.23396253829918473,24.935052002558585,
1982-02-08,,,,,,,,,,0.23386289519547848,24.934055571521522,
1982-02-09,,,,,,,,,,0.23357487029228968,24.931175322489633,
1982-02-10,,,,,,,,,,0.2334238795844247,24.929665415410984,
1982-02-11,,,,,,,,,,0.23319237315705962,24.927350351137335,
1982-02-12,,,,,,,,,,0.23321780815473456,24.927604701114085,
1982-02-13,,,,,,,,,,0.2327420205221799,24.922846824788536,
1982-02-14,,,,,,,,,,0.23248083536871214,24.92023497325386,
1982-02-15,,,,,,,,,,0.2322265947352491,24.91769256691923,
1982-02-16,,,,,,,,,,0.23196583752393027,24.91508499480604,
1982-02-17,,,,,,,,,,0.2316815391231335,24.91224201079807,
1982-02-18,,,,,,,,,,0.23405620761161647,24.9359886956829,
1982-02-19,,,,,,,,,,0.23423905060323955,24.937817125599132,
1982-02-20,,,,,,,,,,0.23100358761015757,24.905462495668313,
1982-02-21,,,,,,,,,,0.23081284568619695,24.903555076428706,
1982-02-22,,,,,,,,,,0.2309292621252296,24.904719240819034,
1982-02-23,,,,,,,,,,0.23535223771665154,24.948948996733254,
1982-02-24,,,,,,,,,,0.23352802784103188,24.930706897977057,
1982-02-25,,,,,,,,,,0.230073261741514,24.896159236981877,
1982-02-26,,,,,,,,,,0.22973541304096834,24.89278074997642,
1982-02-27,,,,,,,,,,0.2292939932582274,24.888366552149012,
1982-02-28,,,,,,,,,,0.22906032890038558,24.886029908570592,
1982-03-01,,,,,,,,,,0.22861384759193978,24.881565095486135,
1982-03-02,,,,,,,,,,0.2282095904823434,24.877522524390173,
1982-03-03,,,,,,,,,,0.2276794082680551,24.87222070224729,
1982-03-04,,,,,,,,,,0.2291611136158666,24.8870377557254,
1982-03-05,,,,,,,,,,0.22896628202057917,24.88508943977253,
1982-03-06,,,,,,,,,,0.22967539798875586,24.892180599454296,
1982-03-07,,,,,,,,,,0.2269573136924426,24.864999756491162,
1982-03-08,,,,,,,,,,0.22643799589111308,24.85980657847787,
1982-03-09,,,,,,,,,,0.22602661835810753,24.85569280314781,
1982-03-10,,,,,,,,,,0.2254460658453536,24.849887278020272,
1982-03-11,,,,,,,,,,0.224873328680314,24.844159906369878,
1982-03-12,,,,,,,,,,0.22444553968619158,24.839882016428653,
1982-03-13,,,,,,,,,,0.22380356512389846,24.83346227080572,
1982-03-14,,,,,,,,,,0.22399293326620923,24.83535595222883,
1982-03-15,,,,,,,,,,0.22306178968945986,24.826044516461337,
1982-03-16,,,,,,,,,,0.22237850843792423,24.819211703945978,
1982-03-17,,,,,,,,,,0.22728845146228763,24.868311134189614,
1982-03-18,,,,,,,,,,0.22329725748588114,24.82839919442555,
1982-03-19,,,,,,,,,,0.22709207129325862,24.866347332499323,
1982-03-20,,,,,,,,,,0.22175797491188512,24.81300636868559,
1982-03-21,,,,,,,,,,0.2225431181167608,24.820857800734345,
1982-03-22,,,,,,,,,,0.22085624679737417,24.80398908754048,
1982-03-23,,,,,,,,,,0.22269186586752981,24.822345278242036,
1982-03-24,,,,,,,,,,0.22786216549371666,24.874048274503902,
1982-03-25,,,,,,,,,,0.2213035726172079,24.808462345738818,
1982-03-26,,,,,,,,,,0.21926829686968258,24.788109588263563,
1982-03-27,,,,,,,,,,0.22489722582842053,24.844398877850942,
1982-03-28,,,,,,,,,,0.21883835476486485,24.783810167215385,
1982-03-29,,,,,,,,,,0.2184211791126105,24.779638410692844,
1982-03-30,,,,,,,,,,0.21810446310243278,24.776471250591065,
1982-03-31,,,,,,,,,,0.21734933520782823,24.76891997164502,
1982-04-01,,,,,,,,,,0.21703308408050548,24.76575746037179,
1982-04-02,,,,,,,,,,0.23439500159029242,24.93937663546966,
1982-04-03,,,,,,,,,,0.23174899890941786,24.912916608660915,
1982-04-04,,,,,,,,,,0.22116209233393058,24.807047542906044,
1982-04-05,,,,,,,,,,0.2206842442436828,24.802269062003564,
1982-04-06,,,,,,,,,,0.2201154549645167,24.796581169211905,
1982-04-07,,,,,,,,,,0.21947747415278446,24.79020136109458,
1982-04-08,,,,,,,,,,0.21860713365530468,24.781497956119786,
1982-04-09,,,,,,,,,,0.2178393514167026,24.773820133733764,
1982-04-10,,,,,,,,,,0.21701853233722956,24.76561194293903,
1982-04-11,,,,,,,,,,0.2163659259088873,24.75908587865561,
1982-04-12,,,,,,,,,,0.2156344275397392,24.751770894964128,
1982-04-13,,,,,,,,,,0.21482967991270185,24.743723418693754,
1982-04-14,,,,,,,,,,0.2141031202420572,24.736457821987308,
1982-04-15,,,,,,,,,,0.21297105992859566,24.725137218852694,
1982-04-16,,,,,,,,,,0.21209958632024137,24.71642248276915,
1982-04-17,,,,,,,,,,0.21456532404548484,24.741079860021586,
1982-04-18,,,,,,,,,,0.21357636702723376,24.731190289839073,
1982-04-19,,,,,,,,,,0.210234272321583,24.697769342782568,
1982-04-20,,,,,,,,,,0.2122402800769466,24.7178294203362,
1982-04-21,,,,,,,,,,0.20926768943319565,24.688103513898692,
1982-04-22,,,,,,,,,,0.2085362620096515,24.680789239663252,
1982-04-23,,,,,,,,,,0.20770328721447667,24.672459491711503,
1982-04-24,,,,,,,,,,0.20680227901064302,24.663449409673166,
1982-04-25,,,,,,,,,,0.20581189351909504,24.653545554757688,
1982-04-26,,,,,,,,,,0.205765375087288,24.653080370439618,
1982-04-27,,,,,,,,,,0.20491855794255467,24.644612198992284,
1982-04-28,,,,,,,,,,0.20407894562035422,24.636216075770278,
1982-04-29,,,,,,,,,,0.2034439302988041,24.629865922554778,
1982-04-30,,,,,,,,,,0.2048734105958921,24.64416072552566,
1982-05-01,,,,,,,,,,0.2028350136390517,24.623776755957255,
1982-05-02,,,,,,,,,,0.20147295399582968,24.610156159525033,
1982-05-03,,,,,,,,,,0.20043885576023351,24.599815177169074,
1982-05-04,,,,,,,,,,0.1988596317094977,24.584022936661714,
1982-05-05,,,,,,,,,,0.1976309557349176,24.571736176915913,
1982-05-06,,,,,,,,,,0.202528510384158,24.620711723408316,
1982-05-07,,,,,,,,,,0.1966998537693682,24.56242515726042,
1982-05-08,,,,,,,,,,0.19462814148608387,24.541708034427575,
1982-05-09,,,,,,,,,,0.19349376278606084,24.530364247427347,
1982-05-10,,,,,,,,,,0.19258546337567684,24.521281253323505,
1982-05-11,,,,,,,,,,0.1914136482354394,24.50956310192113,
1982-05-12,,,,,,,,,,0.19041156223997593,24.499542241966495,
1982-05-13,,,,,,,,,,0.20657590349113275,24.661185654478064,
1982-05-14,,,,,,,,,,0.18934673802721755,24.48889399983891,
1982-05-15,,,,,,,,,,0.18836319450035993,24.479058564570337,
1982-05-16,,,,,,,,,,0.1873122510810134,24.46854913037687,
1982-05-17,,,,,,,,,,0.1861528442487292,24.45695506205403,
1982-05-18,,,,,,,,,,0.1849457855697846,24.444884475264583,
1982-05-19,,,,,,,,,,0.1837249835667539,24.432676455234276,
1982-05-20,,,,,,,,,,0.1825094844299175,24.420521463865914,
1982-05-21,,,,,,,,,,0.18123510204881968,24.407777640054935,
1982-05-22,,,,,,,,,,0.1800214025930055,24.39564064549679,
1982-05-23,,,,,,,,,,0.1786433320041515,24.38185993960825,
1982-05-24,,,,,,,,,,0.17878533244927208,24.38327994405946,
1982-05-25,,,,,,,,,,0.17646283059564893,24.360054925523226,
1982-05-26,,,,,,,,,,0.1747009574433393,24.34243619400013,
1982-05-27,,,,,,,,,,0.17706236184805893,24.366050238047325,
1982-05-28,,,,,,,,,,0.1938235985419142,24.533662604985878,
1982-05-29,,,,,,,,,,0.2037641707158358,24.633068326725095,
1982-05-30,,,,,,,,,,0.19388824783201675,24.534309097886904,
1982-05-31,,,,,,,,,,0.1826889260621963,24.4223158801887,
1982-06-01,,,,,,,,,,0.17901980484175756,24.385624667984313,
1982-06-02,,,,,,,,,,0.17820938134168898,24.377520432983626,
1982-06-03,,,,,,,,,,0.17605076086103288,24.355934228177066,
1982-06-04,,,,,,,,,,0.1747611994839851,24.343038614406588,
1982-06-05,,,,,,,,,,0.17412803559736398,24.336706975540377,
1982-06-06,,,,,,,,,,0.17289140782413265,24.324340697808065,
1982-06-07,,,,,,,,,,0.1717461741265402,24.31288836083214,
1982-06-08,,,,,,,,,,0.17057974427324654,24.3012240622992,
1982-06-09,,,,,,,,,,0.16945748042711223,24.29000142383786,
1982-06-10,,,,,,,,,,0.1686851196133233,24.28227781569997,
1982-06-11,,,,,,,,,,0.17041382133688704,24.29956483293561,
1982-06-12,,,,,,,,,,0.1734358364397382,24.329784983964117,
1982-06-13,,,,,,,,,,0.17249216084586985,24.320348228025434,
1982-06-14,,,,,,,,,,0.1647148901698359,24.242575521265096,
1982-06-15,-0.1,0.04836,30.0,0.0,18.6,11.4,20.0,0.0,10.0,0.16423897705286944,24.237816390095432,0.0
1982-06-16,-0.08036363636363636,0.04836,30.0,0.0,18.6,11.4,20.0,0.0,10.0,0.1631429309604932,24.22685592917167,0.0
1982-06-17,-0.06027272727272727,0.04836,30.0,0.0,18.6,11.4,20.0,0.0,10.0,0.16203544511684648,24.2157810707352,0.0
1982-06-18,-0.037636363636363634,0.04836,30.0,0.0,18.6,11.4,20.0,0.0,10.0,0.1605734545533815,24.20116116510055,0.0
1982-06-19,-0.014909090909090907,0.04836,30.0,0.0,18.6,11.4,20.0,0.0,10.0,0.15920649719523497,24.187491591519088,0.0
1982-06-20,0.0,0.04836,30.0,0.0,18.6,11.4,20.0,0.004345199792799368,10.0,0.158588191155214,24.181308531118876,0.5029836511723635
1982-06-21,0.02805755395683453,0.051566022292190955,32.43616228974571,0.0,20.11042061964234,12.325741670103369,21.624108193163806,0.0033389239575541017,12.2,0.1749827515196837,24.278307655715544,1.0
1982-06-22,0.04805755395683453,0.05572006866371177,35.06401329481285,0.0,21.73968824278397,13.324325052028884,23.31541634269443,0.004655871814814503,14.399999999999999,0.17680220614616526,24.237561323288848,1.0
1982-06-23,0.06719424460431654,0.06128945846584648,38.637523915020395,0.0,23.955264827312643,14.682259087707749,25.558003050584496,0.008878543370784473,16.599999999999998,0.175803278652117,24.158035448017873,0.6786569192566149
1982-06-24,0.09323741007194244,0.0699853975707661,44.68050496561666,0.0,27.70191307868233,16.97859188693433,29.25927811971725,0.010991353188404196,18.799999999999997,0.17828562144107482,24.1395621730936,0.6249264552152418
1982-06-25,0.1218705035971223,0.07919478873227065,51.314075358165795,0.0,31.814726722062794,19.499348636103,33.18920195964371,0.01325735889156051,20.999999999999996,0.17986109129344863,24.11296687477248,0.5899069479622276
1982-06-26,0.1526618705035971,0.08863807125833395,58.38203009082929,0.0,36.19685865631416,22.18517143451513,37.22458697789256,0.015104051996497957,23.199999999999996,0.1812127119544702,24.08811034256243,0.6155667527708171
1982-06-27,0.18057553956834532,0.09892910896013345,66.2459362322464,0.0,41.07248046399277,25.17345576825363,41.53770725691278,0.012113459435369522,25.399999999999995,0.1822312633067069,24.06074098081774,1.0
1982-06-28,0.20517985611510792,0.10669581534794079,71.75013260027316,0.0,44.48508221216937,27.265050388103802,44.4474919199618,0.01200939465092962,27.599999999999994,0.18351609343084493,24.04520253912737,1.0
1982-06-29,0.23035971223021584,0.11543029621219512,78.0626713310578,0.0,48.39885622525584,29.66381510580196,47.67693939539605,0.019525824907386323,29.799999999999994,0.18454893666504804,24.027808140663147,0.8718509187537818
1982-06-30,0.2581294964028777,0.13120513278691764,90.04411293721776,0.0,55.82735002107501,34.21676291614275,53.60208858183264,0.022838125376857515,31.999999999999993,0.1851423115756555,24.000895266074355,0.7583156300458854
1982-07-01,0.28604316546762587,0.14947906537230882,104.6075315076536,0.0,64.85666953474524,39.75086197290837,60.53643116524096,0.02624772083782088,34.199999999999996,0.1854895418234332,23.968175093623458,0.7430179646680181
1982-07-02,0.31194244604316546,0.1716771878831873,122.73765979080429,0.0,76.09734907029866,46.64031072050563,68.84226955880588,0.03117275570135482,36.4,0.18566808959197825,23.930842692018715,0.6713469596356147
1982-07-03,0.3392805755395683,0.19378513954695809,141.704696048531,0.0,87.85691155008922,53.847784498441776,77.17469319529513,0.033637709975294305,38.6,0.1856892367720217,23.88822023787941,0.7616624642578941
1982-07-04,0.3677697841726618,0.21844825554794123,163.2314792920406,0.0,101.03279526857938,62.198684023461226,86.15153780718785,0.03755232845694896,40.800000000000004,0.186222625440612,23.866590284065005,0.8262775128998174
1982-07-05,0.39597122302158266,0.24858329681680552,190.81627236207,0.0,117.24504026303362,73.5712320990364,97.03346995971596,0.043654142755107705,43.00000000000001,0.1861189431497799,23.819913189137235,0.7238337375253855
1982-07-06,0.42474820143884884,0.2771816085693711,219.9540564776138,0.0,133.66781192468278,86.28624455293102,107.89876736897895,0.04908031886132793,45.20000000000001,0.18541463544974415,23.745631623633802,0.6639267038054445
1982-07-07,0.4542446043165467,0.30383422716641884,250.25503197501996,0.0,150.001048410885,100.25398356413497,118.55063003873008,0.054799683878874406,47.40000000000001,0.18508066969178738,23.685805312304755,0.6196007752382731
1982-07-08,0.4880575539568344,0.3264669303884143,279.57190538243486,0.0,165.0648594360964,114.50704594633844,128.23463142440391,0.05521493361970691,49.600000000000016,0.18465596469725754,23.62000888550667,0.6922597367587263
1982-07-09,0.5225899280575539,0.3501259014052744,312.3709294133786,0.0,180.97017660812494,131.40075280525366,138.29765297476607,0.05761859791511971,51.80000000000002,0.1845223721463681,23.567423381313233,0.7386642057011092
1982-07-10,0.5571223021582733,0.36428508033259177,335.6870114662593,0.0,191.58886019796606,144.09815126829326,144.91097458764474,0.055436804862460505,54.00000000000002,0.18456136188235367,23.52356951338713,1.0
1982-07-11,0.5880575539568345,0.391317380470488,375.35420048835465,0.0,208.4836582158516,166.87054227250306,155.2749932499881,0.037974720622187395,56.200000000000024,0.18631552854680103,23.576280143678915,1.0
1982-07-12,0.616978417266187,0.4080910695378788,402.5401379262226,0.0,219.34384458532486,183.19629334089774,161.85105305908374,0.03839825476555487,58.40000000000003,0.18433790445010162,23.4187725268433,1.0
1982-07-13,0.6458992805755395,0.42587294386127345,434.32903975492087,0.0,231.25717734691395,203.07186240800692,168.98139440149774,0.03420137994735139,60.60000000000003,0.18763116545815592,23.571979001330277,1.0
1982-07-14,0.6707913669064747,0.4387642660981974,459.89111570579007,0.0,240.20517451034098,219.68594119544906,174.27798476848665,0.026782088980825458,62.80000000000003,0.187705360929836,23.537518508568397,1.0
1982-07-15,0.6953956834532372,0.44936939653656954,482.9970028620643,0.0,247.80188849675915,235.19511436530513,178.7343439325368,0.027897281802459928,65.00000000000003,0.19231200822913866,23.79799384467737,1.0
1982-07-16,0.7212949640287768,0.45917019072793314,506.5545205877284,0.0,255.05178005717914,251.50274053054926,182.95173386856297,0.03099623875389088,67.20000000000003,0.19354459694280837,23.85200169194875,1.0
1982-07-17,0.7484892086330933,0.46789465599640423,529.9545402521901,0.0,261.73530928395854,268.2192309682315,186.74056928526966,0.032549964846607035,69.40000000000003,0.19193977471165402,23.71451660998948,1.0
1982-07-18,0.7735251798561149,0.4764024281356961,555.7592759472866,0.0,268.5060061287134,287.25326981857313,190.45244206300407,0.02802394169042083,71.60000000000004,0.19217973281057607,23.702056581846602,1.0
1982-07-19,0.8008633093525178,0.47979994085728256,567.3951625836573,0.0,271.3101102156353,296.08505236802205,191.93831627731916,0.033088649788310935,73.80000000000004,0.1963058450984253,23.977450548481812,1.0
1982-07-20,0.8270503597122301,0.48717281210714164,595.6273692979937,0.0,277.45416959051784,318.1731997074759,195.06319663822774,0.02485350062095428,76.00000000000004,0.1993166227992504,24.186233980569718,1.0
1982-07-21,0.8533812949640286,0.49048788620000555,609.7763670893924,0.0,280.2167313345711,329.5596357548213,196.44854762731322,0.029212896047193248,78.20000000000005,0.20248523517202827,24.420607505887965,1.0
1982-07-22,0.8812949640287768,0.4955049721606612,633.9788571316774,0.0,284.39763630178413,349.5812208298932,198.51449400847213,0.031970774261831134,80.40000000000005,0.2021178957833186,24.38463240402283,1.0
1982-07-23,0.9089208633093524,0.5004352237493556,661.3691437355351,0.0,288.5061792923628,372.8629644431723,200.49660238946416,0.03623515388035437,82.60000000000005,0.20388801568220957,24.523595146003196,1.0
1982-07-24,0.9359712230215826,0.5049365725339574,686.3766369833229,0.0,292.25730327953096,394.119333703792,201.94219703430144,0.06366412662289449,84.80000000000005,0.20693368998273706,24.778513428797453,1.0
1982-07-25,0.9640287769784172,0.5154953477149302,745.0364990998385,0.0,301.0562825970083,443.9802165028301,204.28578272712048,0.11212159173667932,87.00000000000006,0.20330461441056502,24.466129439589174,0.9307258385918603
1982-07-26,0.995251798561151,0.52989071890294,836.5672867525046,4.280216688793714,314.35787907602884,517.929190987682,206.30484421945872,0.1133719985805709,89.20000000000006,0.20172101526701167,24.320234015296123,0.8890364841091641
1982-07-27,1.0,0.5412978910673245,923.2037402065309,17.34840115464084,326.0465286475481,579.808810404342,206.5523698000177,0.046961832747224236,91.40000000000006,0.20043338048561019,24.194421897472118,1.0
1982-07-28,1.028,0.5458548737981701,951.6848822743158,22.095258165938308,329.8440142565861,599.7456098517914,206.5523698000177,0.08485917488053295,91.40000000000006,0.199922860163881,24.14776034006607,1.0
1982-07-29,1.0558750000000001,0.5562375650713052,1021.4610333034491,40.23705743351296,338.49625698419857,642.7277188857375,206.5523698000177,0.06535939571873316,91.40000000000006,0.20062580796653343,24.2120097692285,1.0
1982-07-30,1.08325,0.5606005080201389,1053.1569501129936,51.42307474088144,342.1320427748934,659.6018325972188,206.5523698000177,0.10766426302352498,91.40000000000006,0.19814199569873392,23.984989327951627,1.0
1982-07-31,1.109625,0.5715087714132284,1139.2521623710004,89.66369818547935,351.22226226913466,698.3662019163863,206.5523698000177,0.060920656804210396,91.40000000000006,0.19766655485127857,23.941534034494207,1.0
1982-08-01,1.1347500000000001,0.5769262120432443,1189.2055107344484,117.04437725719433,355.7367961274812,716.4243373497728,206.5523698000177,0.05548351689094829,91.40000000000006,0.19841192032884483,24.009660439143765,1.0
1982-08-02,1.1610000000000003,0.5802098525458445,1231.1421710486266,145.29920214387175,358.4731632129814,727.3698056917733,206.5523698000177,0.05410996761859173,91.40000000000006,0.1966663613955241,23.85011635263825,1.0
1982-08-03,1.1872500000000004,0.5822157125019174,1274.0024265202696,179.80170779854456,360.14471317637543,734.0560055453496,206.5523698000177,0.07882600869563483,91.40000000000006,0.1956908646321009,23.76095594846137,1.0
1982-08-04,1.2143750000000004,0.5832988623602574,1344.7965349085116,246.08269177703627,361.0473380583255,737.6665050731499,206.5523698000177,0.10653252372004071,91.40000000000006,0.19451950147345096,23.653893355760765,0.9331565350908112
1982-08-05,1.2427500000000005,0.5814828977207174,1433.8953445164452,335.1815013849697,361.0473380583255,737.6665050731499,206.5523698000177,0.09474686633896072,91.40000000000006,0.19343268471524339,23.554558304060592,1.0
1982-08-06,1.2698750000000005,0.5814828977207174,1515.5898989419293,416.876055810454,361.0473380583255,737.6665050731499,206.5523698000177,0.08248926651405655,91.40000000000006,0.19305464939166916,23.520005875485907,1.0
1982-08-07,1.2967500000000005,0.5814828977207174,1586.5352492382694,487.8214061067939,361.0473380583255,737.6665050731499,206.5523698000177,0.09563262416315145,91.40000000000006,0.1910078509853262,23.33292850114616,1.0
1982-08-08,1.3235000000000006,0.5814828977207174,1672.4984615735823,573.7846184421069,361.0473380583255,737.6665050731499,206.5523698000177,0.08003018286171425,91.40000000000006,0.190678389884756,23.302815756554043,1.0
1982-08-09,1.3503750000000005,0.5814828977207174,1740.4813177774204,641.767474645945,361.0473380583255,737.6665050731499,206.5523698000177,0.09896304629408054,91.40000000000006,0.190207355330019,23.259763198251083,0.8805677506184699
1982-08-10,1.3780000000000006,0.5782447379071437,1819.8629424599162,721.1490993284408,361.04733805832547,737.6665050731499,206.5523698000177,0.09547532462743254,91.40000000000006,0.18807668536430572,23.065019963384888,0.8248791416560542
1982-08-11,1.4058750000000007,0.5735137080724125,1890.2060078540028,791.4921647225274,361.0473380583255,737.6665050731499,206.5523698000177,0.09019096908202465,91.40000000000006,0.18642771493179,22.914304065852953,1.0
1982-08-12,1.4327500000000006,0.5680811978006053,1957.4293272226105,858.715484091135,361.0473380583255,737.6665050731499,206.5523698000177,0.07441457607243529,91.40000000000006,0.18575017084117482,22.852376535970723,1.0
1982-08-13,1.4585000000000006,0.5641541041895353,2010.8122411048926,912.098397973417,361.0473380583255,737.6665050731499,206.5523698000177,0.06348058789943486,91.40000000000006,0.1883469827182025,23.089725141531055,1.0
1982-08-14,1.4842500000000005,0.5544306680158797,2059.4368679205354,960.7230247890601,361.0473380583255,737.6665050731499,206.5523698000177,0.06184005486008317,91.40000000000006,0.18574575028619103,22.851972497245207,1.0
1982-08-15,1.5097500000000006,0.5451412472785601,2107.2128214933264,1008.4989783618508,361.04733805832547,737.6665050731499,206.5523698000177,0.06962391044641769,91.40000000000006,0.18598662709066086,22.87398863717375,1.0
1982-08-16,1.5372500000000007,0.5351362078687251,2157.4501575959384,1058.7363144644632,361.0473380583255,737.6665050731499,206.5523698000177,0.08159479175500864,91.40000000000006,0.18347920305096654,22.64481007994569,0.7895637676743623
1982-08-17,1.5667500000000008,0.5247012208344392,2206.1601909324245,1107.446347800949,361.0473380583255,737.66650507315,206.5523698000177,0.07810516222416115,91.40000000000006,0.18258101419819664,22.562715618802518,0.9351670545644621
1982-08-18,1.5945000000000007,0.5055938594941541,2262.1171230449736,1163.4032799134984,361.0473380583255,737.6665050731499,206.55236980001771,0.06638120564076037,91.40000000000006,0.1819711328289898,22.506972461657014,1.0
1982-08-19,1.6207500000000008,0.4968593786298999,2310.9596215809916,1212.2457784495164,361.04733805832547,737.6665050731499,206.55236980001771,0.057858897299840326,91.40000000000006,0.18617546095862328,22.891248052705514,1.0
1982-08-20,1.6456250000000008,0.480616725491991,2350.8603104782296,1252.1464673467544,361.04733805832547,737.6665050731499,206.55236980001774,0.03141388568290037,91.40000000000006,0.18456568049301808,22.7441141181492,1.0
1982-08-21,1.6657500000000007,0.461323862934005,2369.7596030910045,1271.0457599595293,361.0473380583255,737.6665050731499,206.55236980001774,0.0237284612693318,91.40000000000006,0.18489159790422335,22.77390296953336,1.0
1982-08-22,1.6817500000000007,0.4378691825247707,2387.1298937215606,1288.4160505900854,361.04733805832547,737.66650507315,206.55236980001774,0.01827210059041306,91.40000000000006,0.1864388392606547,22.915320829511185,1.0
1982-08-23,1.6975000000000007,0.4138784602799827,2394.14880427025,1295.4349611387743,361.0473380583255,737.66650507315,206.55236980001774,0.0602727225503126,91.40000000000006,0.18800452050421795,23.058424095172867,1.0
1982-08-24,1.7190000000000007,0.4138784602799827,2444.5391091659108,1345.8252660344351,361.0473380583255,737.66650507315,206.55236980001774,0.02411018285201485,91.40000000000006,0.18505472431766598,22.788812723722017,1.0
1982-08-25,1.7368750000000008,0.3876448164269756,2459.5991560874777,1360.885312956002,361.0473380583255,737.6665050731501,206.55236980001774,0.02552090951071129,91.40000000000006,0.18655883494757045,22.926288435295284,1.0
1982-08-26,1.755125000000001,0.3561946760818954,2477.9721164778125,1379.2582733463369,361.0473380583255,737.66650507315,206.55236980001774,0.05818555522290673,91.40000000000006,0.18561484297236364,22.840007568761383,0.9071348427798227
1982-08-27,1.777875000000001,0.354911433592823,2521.00652517325,1422.2926820417742,361.0473380583255,737.66650507315,206.55236980001774,0.0567445903765321,91.40000000000006,0.18409347652590688,22.700954675555234,0.8181510739385778
1982-08-28,1.8025000000000009,0.3251674222902927,2555.9172941953775,1457.203451063902,361.0473380583255,737.6665050731501,206.55236980001774,0.023608960919798146,91.40000000000006,0.18337741144327788,22.635506327002943,1.0
1982-08-29,1.8237500000000009,0.2951529535154819,2565.9815604180158,1467.2677172865401,361.0473380583255,737.6665050731501,206.55236980001771,0.01755215636751181,91.40000000000006,0.18434867107933076,22.724279457738177,1.0
1982-08-30,1.842500000000001,0.2682687330936565,2576.0997988903932,1477.3859557589176,361.0473380583255,737.6665050731501,206.5523698000177,0.042905240686117396,91.40000000000006,0.18332117958478086,22.630366735136317,0.9826240670021482
1982-08-31,1.867750000000001,0.2680926069972961,2601.911708527042,1503.197865395566,361.0473380583255,737.6665050731501,206.5523698000177,0.020869117556234714,91.40000000000006,0.18238528911101046,22.5448263458337,1.0
1982-09-01,1.891625000000001,0.24084797802515545,2613.088242860882,1514.3743997294064,361.0473380583255,737.6665050731501,206.5523698000177,0.018397513376704085,91.40000000000006,0.182312907729696,22.53821068758156,1.0
1982-09-02,1.914625000000001,0.22319953393591904,2623.764057736497,1525.0502146050212,361.0473380583255,737.6665050731502,206.5523698000177,0.018579543691480627,91.40000000000006,0.1819693547808236,22.506809948054624,1.0
1982-09-03,1.9352500000000008,0.1961672337980228,2634.701979401495,1535.9881362700191,361.0473380583255,737.6665050731502,206.5523698000177,0.010190936743813233,91.40000000000006,0.18168646418710702,22.480953747788927,1.0
1982-09-04,1.9531250000000009,0.1961672337980228,2641.05965302013,1542.3458098886545,361.0473380583255,737.6665050731502,206.5523698000177,0.011226967810444003,91.40000000000006,0.1815001278334262,22.4639226050625,1.0
1982-09-05,1.971375000000001,0.17939354473063196,2647.5723878067847,1548.8585446753088,361.0473380583255,737.6665050731502,206.5523698000177,0.011022717675253417,91.40000000000006,0.18135622711323668,22.450770079237177,1.0
1982-09-06,1.991375000000001,0.16161167040723737,2653.218823771378,1554.504980639902,361.0473380583255,737.6665050731503,206.5523698000177,0.020851455973576575,91.40000000000006,0.18120172801556347,22.43664886170985,1.0
1982-09-07,2.0,0.14872034817031338,2664.5747830044693,1565.8609398729936,361.0473380583255,737.6665050731503,206.55236980001766,0.02336396169297471,91.40000000000006,0.18089975528548197,22.409048554180398,0.9642183682227126
1982-09-08,,,,,,,,,,0.18085612202264958,22.40506047395751,
1982-09-09,,,,,,,,,,0.1798834462468985,22.3953337162,
1982-09-10,,,,,,,,,,0.1773933819213785,22.3704330729448,
1982-09-11,,,,,,,,,,0.17703293529090422,22.366828606640055,
1982-09-12,,,,,,,,,,0.17626931868693907,22.359192440600406,
1982-09-13,,,,,,,,,,0.1754949517714917,22.35144877144593,
1982-09-14,,,,,,,,,,0.17496471844329115,22.346146438163927,
1982-09-15,,,,,,,,,,0.17425336995523538,22.33903295328337,
1982-09-16,,,,,,,,,,0.17377122626988312,22.334211516429846,
1982-09-17,,,,,,,,,,0.1831018855562983,22.427518109294,
1982-09-18,,,,,,,,,,0.21009497669225996,22.697449020653615,
1982-09-19,,,,,,,,,,0.20628893226404652,22.65938857637148,
1982-09-20,,,,,,,,,,0.19941612256201738,22.59066047935119,
1982-09-21,,,,,,,,,,0.19859324526023978,22.582431706333413,
1982-09-22,,,,,,,,,,0.19822474586079944,22.578746712339008,
1982-09-23,,,,,,,,,,0.19750854074188867,22.571584661149902,
1982-09-24,,,,,,,,,,0.1968615770920565,22.56511502465158,
1982-09-25,,,,,,,,,,0.19619629924047313,22.558462246135747,
1982-09-26,,,,,,,,,,0.19549157283906676,22.55141498212168,
1982-09-27,,,,,,,,,,0.19723822879612715,22.568881541692285,
1982-09-28,,,,,,,,,,0.1950475370253559,22.546974623984575,
1982-09-29,,,,,,,,,,0.20159696556083162,22.61246890933933,
1982-09-30,,,,,,,,,,0.20371758905952414,22.633675144326254,
1982-10-01,,,,,,,,,,0.19790434603350485,22.575542714066064,
1982-10-02,,,,,,,,,,0.19513622346858828,22.5478614884169,
1982-10-03,,,,,,,,,,0.1964896976381359,22.561396230112372,
1982-10-04,,,,,,,,,,0.19848093821339638,22.58130863586498,
1982-10-05,,,,,,,,,,0.1992921745260661,22.589420998991674,
1982-10-06,,,,,,,,,,0.19392745649459459,22.53577381867696,
1982-10-07,,,,,,,,,,0.19341340199754103,22.530633273706425,
1982-10-08,,,,,,,,,,0.19290508870976958,22.52555014082871,
1982-10-09,,,,,,,,,,0.19243311312594596,22.520830384990475,
1982-10-10,,,,,,,,,,0.1918312500888148,22.514811754619164,
1982-10-11,,,,,,,,,,0.19128612648074936,22.509360518538507,
1982-10-12,,,,,,,,,,0.19080483271542578,22.504547580885273,
1982-10-13,,,,,,,,,,0.19030431160950356,22.49954236982605,
1982-10-14,,,,,,,,,,0.19363486034362665,22.53284785716728,
1982-10-15,,,,,,,,,,0.19201512594956374,22.51665051322665,
1982-10-16,,,,,,,,,,0.1894566504047856,22.49106575777887,
1982-10-17,,,,,,,,,,0.1886313943067087,22.4828131967981,
1982-10-18,,,,,,,,,,0.1881004044403027,22.477503298134042,
1982-10-19,,,,,,,,,,0.18730974678561746,22.469596721587187,
1982-10-20,,,,,,,,,,0.18680809690104358,22.46458022274145,
1982-10-21,,,,,,,,,,0.18645997258413655,22.46109897957238,
1982-10-22,,,,,,,,,,0.1860365476254857,22.45686472998587,
1982-10-23,,,,,,,,,,0.18549581221445857,22.4514573758756,
1982-10-24,,,,,,,,,,0.18540466079719792,22.450545861702995,
1982-10-25,,,,,,,,,,0.18510800492023557,22.44757930293337,
1982-10-26,,,,,,,,,,0.18466701764145987,22.443169430145613,
1982-10-27,,,,,,,,,,0.18578795620017002,22.454378815732714,
1982-10-28,,,,,,,,,,0.1850868828376689,22.447368082107705,
1982-10-29,,,,,,,,,,0.18509298497320803,22.447429103463094,
1982-10-30,,,,,,,,,,0.18374664455614423,22.433965699292457,
1982-10-31,,,,,,,,,,0.1944554209104513,22.541053462835528,
1982-11-01,,,,,,,,,,0.18544515473871953,22.45095080111821,
1982-11-02,,,,,,,,,,0.18295965633211886,22.426095817052204,
1982-11-03,,,,,,,,,,0.18474580874308374,22.443957341161852,
1982-11-04,,,,,,,,,,0.1891001122716068,22.487500376447084,
1982-11-05,,,,,,,,,,0.18375705352272959,22.43406978895831,
1982-11-06,,,,,,,,,,0.18383414230033818,22.434840676734396,
1982-11-07,,,,,,,,,,0.18542668254994665,22.45076607923048,
1982-11-08,,,,,,,,,,0.18455587663376133,22.44205802006863,
1982-11-09,,,,,,,,,,0.18870253395969375,22.483524593327953,
1982-11-10,,,,,,,,,,0.18273611650006985,22.423860418731714,
1982-11-11,,,,,,,,,,0.1823929707716434,22.42042896144745,
1982-11-12,,,,,,,,,,0.18197061560717276,22.416205409802743,
1982-11-13,,,,,,,,,,0.18174291636526424,22.41392841738366,
1982-11-14,,,,,,,,,,0.18151844210604032,22.41168367479142,
1982-11-15,,,,,,,,,,0.18132623746184404,22.409761628349454,
1982-11-16,,,,,,,,,,0.18124899703107067,22.408989224041722,
1982-11-17,,,,,,,,,,0.18082897249989036,22.40478897872992,
1982-11-18,,,,,,,,,,0.1805935463524408,22.40243471725542,
1982-11-19,,,,,,,,,,0.18211848746835732,22.41768412841459,
1982-11-20,,,,,,,,,,0.18034610856402042,22.39996033937122,
1982-11-21,,,,,,,,,,0.18256595486398702,22.422158802370884,
1982-11-22,,,,,,,,,,0.18050806296252062,22.40157988335622,
1982-11-23,,,,,,,,,,0.17997421482386938,22.396241401969707,
1982-11-24,,,,,,,,,,0.1798021296506238,22.394520550237253,
1982-11-25,,,,,,,,,,0.1795596997607764,22.392096251338778,
1982-11-26,,,,,,,,,,0.1800323898872685,22.396823152603698,
1982-11-27,,,,,,,,,,0.18258451816231944,22.42234443535421,
1982-11-28,,,,,,,,,,0.19549416665731917,22.551440920304206,
1982-11-29,,,,,,,,,,0.20039060711505532,22.600405324881567,
1982-11-30,,,,,,,,,,0.19132675948140052,22.50976684854502,
1982-12-01,,,,,,,,,,0.19108120242124446,22.507311277943458,
1982-12-02,,,,,,,,,,0.1909101706119871,22.505600959850884,
1982-12-03,,,,,,,,,,0.19064961436278172,22.50299539735883,
1982-12-04,,,,,,,,,,0.19061793323956658,22.50267858612668,
1982-12-05,,,,,,,,,,0.19244752648074587,22.520974518538473,
1982-12-06,,,,,,,,,,0.19007858724756627,22.497285126206677,
1982-12-07,,,,,,,,,,0.18994632868600103,22.495962540591023,
1982-12-08,,,,,,,,,,0.18982228465584333,22.494722100289447,
1982-12-09,,,,,,,,,,0.1896988384112839,22.493487637843852,
1982-12-10,,,,,,,,,,0.1896425007458483,22.492924261189497,
1982-12-11,,,,,,,,,,0.18942069589493885,22.490706212680404,
1982-12-12,,,,,,,,,,0.18926280674493212,22.489127321180337,
1982-12-13,,,,,,,,,,0.1891488568491023,22.48798782222204,
1982-12-14,,,,,,,,,,0.18897320461318629,22.486231299862876,
1982-12-15,,,,,,,,,,0.1887360235254392,22.483859488985406,
1982-12-16,,,,,,,,,,0.18859696328298148,22.48246888656083,
1982-12-17,,,,,,,,,,0.18837474796841372,22.48024673341515,
1982-12-18,,,,,,,,,,0.18823033913091686,22.478802645040183,
1982-12-19,,,,,,,,,,0.1880731564918733,22.477230818649748,
1982-12-20,,,,,,,,,,0.18785524039909737,22.475051657721988,
1982-12-21,,,,,,,,,,0.1876056773500982,22.472556027231995,
1982-12-22,,,,,,,,,,0.18723997856277325,22.468899039358746,
1982-12-23,,,,,,,,,,0.1870159754451906,22.46665900818292,
1982-12-24,,,,,,,,,,0.18679820848538548,22.464481338584868,
1982-12-25,,,,,,,,,,0.1871133402459721,22.467632656190737,
1982-12-26,,,,,,,,,,0.186340550881953,22.459904762550543,
1982-12-27,,,,,,,,,,0.18608362554939833,22.457335509224997,
1982-12-28,,,,,,,,,,0.18586777060270981,22.455176959758113,
1982-12-29,,,,,,,,,,0.18563471918632832,22.452846445594297,
1982-12-30,,,,,,,,,,0.18544953937907063,22.45099464752172,
1982-12-31,,,,,,,,,,0.18530328802392704,22.449532133970283,
1983-01-01,,,,,,,,,,0.18765402928445085,22.473039546575524,
1983-01-02,,,,,,,,,,0.18769663191267755,22.47346557285779,
1983-01-03,,,,,,,,,,0.18503045455541536,22.446803799285167,
1983-01-04,,,,,,,,,,0.18848017563595876,22.4813010100906,
1983-01-05,,,,,,,,,,0.18978663898888282,22.494365643619844,
1983-01-06,,,,,,,,,,0.18548323345691575,22.45133158830017,
1983-01-07,,,,,,,,,,0.18540458044144018,22.450545058145416,
1983-01-08,,,,,,,,,,0.18516555294432607,22.448154783174274,
1983-01-09,,,,,,,,,,0.18502002424185082,22.446699496149524,
1983-01-10,,,,,,,,,,0.18487387646338793,22.445238018364893,
1983-01-11,,,,,,,,,,0.1847959578737977,22.444458832468992,
1983-01-12,,,,,,,,,,0.18458050762427441,22.44230432997376,
1983-01-13,,,,,,,,,,0.18441785621434378,22.44067781587445,
1983-01-14,,,,,,,,,,0.18431432901407485,22.439642543871763,
1983-01-15,,,,,,,,,,0.1841881812661203,22.438381066392218,
1983-01-16,,,,,,,,,,0.18405672872703804,22.437066541001396,
1983-01-17,,,,,,,,,,0.18814640461883983,22.477963299919413,
1983-01-18,,,,,,,,,,0.18503130833560813,22.446812337087096,
1983-01-19,,,,,,,,,,0.1850815493537463,22.44731474726848,
1983-01-20,,,,,,,,,,0.18442395353390278,22.440738789070043,
1983-01-21,,,,,,,,,,0.18407668942169655,22.43726614794798,
1983-01-22,,,,,,,,,,0.1839513634115199,22.436012887846214,
1983-01-23,,,,,,,,,,0.18379259252232855,22.4344251789543,
1983-01-24,,,,,,,,,,0.1836561463789968,22.43306071752098,
1983-01-25,,,,,,,,,,0.18348553387118646,22.43135459244288,
1983-01-26,,,,,,,,,,0.18324948663435575,22.42899412007457,
1983-01-27,,,,,,,,,,0.1830428875263463,22.426928128994476,
1983-01-28,,,,,,,,,,0.18283762008719337,22.424875454602947,
1983-01-29,,,,,,,,,,0.18272441431250402,22.423743396856054,
1983-01-30,,,,,,,,,,0.18234610395471923,22.41996029327821,
1983-01-31,,,,,,,,,,0.1830355643789448,22.426854897520464,
1983-02-01,,,,,,,,,,0.18759137630575248,22.47241301678854,
1983-02-02,,,,,,,,,,0.1827901440746304,22.42440069447732,
1983-02-03,,,,,,,,,,0.18166002718109614,22.413099525541977,
1983-02-04,,,,,,,,,,0.18147337557527304,22.411233009483745,
1983-02-05,,,,,,,,,,0.18119416093408472,22.40844086307186,
1983-02-06,,,,,,,,,,0.1809174777309796,22.40567403104081,
1983-02-07,,,,,,,,,,0.1805620620438177,22.40211987416919,
1983-02-08,,,,,,,,,,0.1803232056913541,22.399731310644555,
1983-02-09,,,,,,,,,,0.1798930306454019,22.395429560185033,
1983-02-10,,,,,,,,,,0.17949945000201245,22.39149375375114,
1983-02-11,,,,,,,,,,0.17922660321927608,22.388765285923775,
1983-02-12,,,,,,,,,,0.1790011447968461,22.386510701699475,
1983-02-13,,,,,,,,,,0.1787111518695837,22.383610772426852,
1983-02-14,,,,,,,,,,0.17858521255757495,22.382351379306765,
1983-02-15,,,,,,,,,,0.17806244604469687,22.377123714177984,
1983-02-16,,,,,,,,,,0.17769928293265252,22.37349208305754,
1983-02-17,,,,,,,,,,0.17731151045303034,22.36961435826132,
1983-02-18,,,,,,,,,,0.1769816049912452,22.366315303643468,
1983-02-19,,,,,,,,,,0.1766702920373892,22.363202174104906,
1983-02-20,,,,,,,,,,0.17629948781198243,22.359494131850838,
1983-02-21,,,,,,,,,,0.17598589876589962,22.356358241390012,
1983-02-22,,,,,,,,,,0.17569359473203278,22.353435201051344,
1983-02-23,,,,,,,,,,0.17716836996789667,22.36818295340998,
1983-02-24,,,,,,,,,,0.175887685122404,22.355376104955056,
1983-02-25,,,,,,,,,,0.17519507108088483,22.348449964539864,
1983-02-26,,,,,,,,,,0.17481904864478076,22.344689740178822,
1983-02-27,,,,,,,,,,0.17440763471495527,22.340575600880566,
1983-02-28,,,,,,,,,,0.17410727367328965,22.33757199046391,
1983-03-01,,,,,,,,,,0.18110784600796154,22.407577713810632,
1983-03-02,,,,,,,,,,0.17844196403401552,22.38091889407117,
1983-03-03,,,,,,,,,,0.17456624806971205,22.342161734428135,
1983-03-04,,,,,,,,,,0.17478496328177678,22.344348886548783,
1983-03-05,,,,,,,,,,0.17470834317697387,22.343582685500753,
1983-03-06,,,,,,,,,,0.17353252781326217,22.331824531863635,
1983-03-07,,,,,,,,,,0.17305051899557589,22.327004443686775,
1983-03-08,,,,,,,,,,0.17249746891869028,22.32147394291792,
1983-03-09,,,,,,,,,,0.1723619205040995,22.320118458772008,
1983-03-10,,,,,,,,,,0.17203074135859683,22.316806667316982,
1983-03-11,,,,,,,,,,0.17162285543506856,22.3127278080817,
1983-03-12,,,,,,,,,,0.17120895896665184,22.308588843397533,
1983-03-13,,,,,,,,,,0.17078940502179735,22.304393303948988,
1983-03-14,,,,,,,,,,0.17046604722337808,22.301159725964794,
1983-03-15,,,,,,,,,,0.1700496486188164,22.29699573991918,
1983-03-16,,,,,,,,,,0.16957894695132814,22.292288723244297,
1983-03-17,,,,,,,,,,0.16888520544218072,22.285351308152823,
1983-03-18,,,,,,,,,,0.16846777875892502,22.281177041320266,
1983-03-19,,,,,,,,,,0.16792346688038082,22.275733922534823,
1983-03-20,,,,,,,,,,0.16742579531353896,22.270757206866403,
1983-03-21,,,,,,,,,,0.16698947254568086,22.266393979187825,
1983-03-22,,,,,,,,,,0.17017343838687374,22.29823363759975,
1983-03-23,,,,,,,,,,0.1938948262968295,22.53544751669931,
1983-03-24,,,,,,,,,,0.18703567567690568,22.46685601050007,
1983-03-25,,,,,,,,,,0.18365830988962875,22.433082352627302,
1983-03-26,,,,,,,,,,0.1832775341790713,22.42927459552173,
1983-03-27,,,,,,,,,,0.18307508173610826,22.427250071092097,
1983-03-28,,,,,,,,,,0.18261634218984305,22.422662675629446,
1983-03-29,,,,,,,,,,0.18251255255626278,22.42162477929364,
1983-03-30,,,,,,,,,,0.18201207427560356,22.41661999648705,
1983-03-31,,,,,,,,,,0.18160396823603706,22.412538936091384,
1983-04-01,,,,,,,,,,0.1809084407565976,22.40558366129699,
1983-04-02,,,,,,,,,,0.18021744624565844,22.3986737161876,
1983-04-03,,,,,,,,,,0.17953988978423252,22.39189815157334,
1983-04-04,,,,,,,,,,0.17908898756715017,22.387389129402518,
1983-04-05,,,,,,,,,,0.17817265398858348,22.37822579361685,
1983-04-06,,,,,,,,,,0.17728516403822073,22.36935089411322,
1983-04-07,,,,,,,,,,0.17704145849239059,22.36691383865492,
1983-04-08,,,,,,,,,,0.17618148161905853,22.3583140699216,
1983-04-09,,,,,,,,,,0.17649614171779643,22.36146067090898,
1983-04-10,,,,,,,,,,0.1754923047552815,22.35142230128383,
1983-04-11,,,,,,,,,,0.17998243485407234,22.39632360227174,
1983-04-12,,,,,,,,,,0.17679310891131056,22.36443034284412,
1983-04-13,,,,,,,,,,0.178141055544699,22.377909809178004,
1983-04-14,,,,,,,,,,0.17773176066247925,22.373816860355806,
1983-04-15,,,,,,,,,,0.17524729028227065,22.34897215655372,
1983-04-16,,,,,,,,,,0.17406574299581262,22.33715668368914,
1983-04-17,,,,,,,,,,0.173078549652877,22.327284750259786,
1983-04-18,,,,,,,,,,0.17253241730266405,22.321823426757653,
1983-04-19,,,,,,,,,,0.17309670515338155,22.32746630526483,
1983-04-20,,,,,,,,,,0.17168630465756893,22.313362300306704,
1983-04-21,,,,,,,,,,0.17300336637727384,22.32653291750375,
1983-04-22,,,,,,,,,,0.1707195497455396,22.30369475118641,
1983-04-23,,,,,,,,,,0.16997750645960252,22.29627431832704,
1983-04-24,,,,,,,,,,0.16920642000549652,22.28856345378598,
1983-04-25,,,,,,,,,,0.16839842104163025,22.280483464147316,
1983-04-26,,,,,,,,,,0.17564338223763587,22.352933076107373,
1983-04-27,,,,,,,,,,0.16676978462589784,22.264197099989993,
1983-04-28,,,,,,,,,,0.17307517269000403,22.327250980631057,
1983-04-29,,,,,,,,,,0.1663914897317576,22.26041415104859,
1983-04-30,,,,,,,,,,0.1652567975704809,22.249067229435823,
1983-05-01,,,,,,,,,,0.16477077620838748,22.24420701581489,
1983-05-02,,,,,,,,,,0.1640830115969971,22.237329369700987,
1983-05-03,,,,,,,,,,0.16786887229494285,22.275187976680442,
1983-05-04,,,,,,,,,,0.17019142998662457,22.29841355359726,
1983-05-05,,,,,,,,,,0.16373389421011403,22.233838195832156,
1983-05-06,,,,,,,,,,0.16430264824777618,22.239525736208776,
1983-05-07,,,,,,,,,,0.16225033140267955,22.21900256775781,
1983-05-08,,,,,,,,,,0.1613016483264637,22.20951573699565,
1983-05-09,,,,,,,,,,0.16042786309169113,22.200777884647927,
1983-05-10,,,,,,,,,,0.15964687878615574,22.19296804159257,
1983-05-11,,,,,,,,,,0.15880222896091262,22.18452154334014,
1983-05-12,,,,,,,,,,0.17211473001026426,22.317646553833658,
1983-05-13,,,,,,,,,,0.15794137930680532,22.175913046799067,
1983-05-14,,,,,,,,,,0.15682944851588845,22.164793738889898,
1983-05-15,,,,,,,,,,0.1670246904399999,22.266746158131014,
1983-05-16,,,,,,,,,,0.15590602439978024,22.155559497728817,
1983-05-17,,,,,,,,,,0.15509861157261656,22.14748536945718,
1983-05-18,,,,,,,,,,0.15423857975298286,22.138885051260843,
1983-05-19,,,,,,,,,,0.1533645385822102,22.130144639553116,
1983-05-20,,,,,,,,,,0.15255876115091666,22.12208686524018,
1983-05-21,,,,,,,,,,0.15157137176952118,22.112212971426228,
1983-05-22,,,,,,,,,,0.15055974571446634,22.102096710875678,
1983-05-23,,,,,,,,,,0.15091373686027593,22.105636622333773,
1983-05-24,,,,,,,,,,0.15010563111087857,22.0975555648398,
1983-05-25,,,,,,,,,,0.14989105376978434,22.095409791428857,
1983-05-26,,,,,,,,,,0.14884598348207675,22.08495908855178,
1983-05-27,,,,,,,,,,0.14803166027366538,22.076815856467668,
1983-05-28,,,,,,,,,,0.1471426010958602,22.067925264689617,
1983-05-29,,,,,,,,,,0.15315379123376582,22.128037166068673,
1983-05-30,,,,,,,,,,0.18238989782003429,22.420398231931358,
1983-05-31,,,,,,,,,,0.14529499015911557,22.04944915532217,
1983-06-01,,,,,,,,,,0.14434664497304422,22.039965703461455,
1983-06-02,,,,,,,,,,0.1462633580786053,22.05913283451707,
1983-06-03,,,,,,,,,,0.14260933238310075,22.022592577562023,
1983-06-04,,,,,,,,,,0.14171389993668862,22.013638253097902,
1983-06-05,,,,,,,,,,0.1407632338150306,22.004131591881322,
1983-06-06,,,,,,,,,,0.13999655327357582,21.996464786466774,
1983-06-07,,,,,,,,,,0.13913432772884599,21.987842531019474,
1983-06-08,,,,,,,,,,0.13846544387724058,21.98115369250342,
1983-06-09,,,,,,,,,,0.13752684217147745,21.97176767544579,
1983-06-10,,,,,,,,,,0.13690690138941844,21.965568267625198,
1983-06-11,,,,,,,,,,0.1369114202457245,21.965613456188258,
1983-06-12,,,,,,,,,,0.15820321324692657,22.17853138620028,
1983-06-13,,,,,,,,,,0.13467728254689343,21.94327207919995,
1983-06-14,,,,,,,,,,0.13373064630098117,21.933805716740828,
1983-06-15,-0.1,0.04836,30.0,0.0,18.6,11.4,20.0,0.0,10.0,0.1356911375929158,21.953410629660173,0.0
1983-06-16,-0.08236363636363636,0.04836,30.0,0.0,18.6,11.4,20.0,0.0,10.0,0.1328124628311122,21.924623882042138,0.0
1983-06-17,-0.0659090909090909,0.04836,30.0,0.0,18.6,11.4,20.0,0.0,10.0,0.13164580445196666,21.91295729825068,0.0
1983-06-18,-0.047272727272727265,0.04836,30.0,0.0,18.6,11.4,20.0,0.0,10.0,0.13074598024951567,21.90395905622617,0.0
1983-06-19,-0.027818181818181808,0.04836,30.0,0.0,18.6,11.4,20.0,0.0,10.0,0.12985186419088998,21.895017895639914,0.0
1983-06-20,-0.010090909090909077,0.04836,30.0,0.0,18.6,11.4,20.0,0.0,10.0,0.1416169772982841,22.012669026713855,0.0
1983-06-21,0.0,0.04836,30.0,0.0,18.6,11.4,20.0,0.0,10.0,0.12920529963565097,21.888552250087525,0.0
1983-06-22,0.027482014388489212,0.046909200000000005,30.0,0.0,18.6,11.4,20.0,0.0015081591611355262,12.2,0.13939048940004403,21.88513323933693,0.25846443393951307
1983-06-23,0.05525179856115109,0.046670890818133505,30.50918625127312,0.0,18.915695475789335,11.593490775483785,20.327954345880663,0.0032872762186575157,14.399999999999999,0.15323282122155588,21.979191909172176,1.0
1983-06-24,0.07971223021582735,0.050303511996133414,32.8520348934384,0.0,20.36826163393181,12.48377325950659,21.78488122482261,0.002897801111567331,16.599999999999998,0.1787371568192576,22.327746101706825,1.0
1983-06-25,0.10244604316546764,0.053635075407599445,35.039112443767586,0.0,21.724249715135905,13.314862728631683,23.103220623616586,0.0029086423490781235,18.799999999999997,0.19045490594099188,22.529331545123178,1.0
1983-06-26,0.12345323741007196,0.05644252746775235,36.91325107257559,0.0,22.886215664996865,14.027035407578724,24.20044422453201,0.004292744359506147,20.999999999999996,0.18685996559133944,22.460908605776037,1.0
1983-06-27,0.14748201438848924,0.06075308727771933,39.8364201570623,0.0,24.698580497378625,15.137839659683674,25.86597847319402,0.01061883822650475,23.199999999999996,0.18534393799658933,22.424898704804157,0.8295362343793934
1983-06-28,0.17597122302158277,0.07091406906752826,47.072261426366396,0.0,29.184802084347165,17.88745934201923,29.861649615205046,0.011530999327841835,25.399999999999995,0.18458067118037172,22.401338406190106,1.0
1983-06-29,0.20374100719424465,0.0812863759529832,54.3964285618807,0.0,33.72578570836603,20.670642853514668,33.757249631672146,0.012380737295996636,27.599999999999994,0.18417033047079898,22.384160494128093,1.0
1983-06-30,0.22949640287769787,0.09271752077111664,62.64833720252899,0.0,38.84196906556797,23.80636813696102,37.987008322029695,0.007498031403965616,29.799999999999994,0.18381084803272715,22.366692659434694,1.0
1983-07-01,0.25467625899280577,0.09999843082582183,68.0153188378408,0.0,42.16949767946129,25.8458211583795,40.64423285331292,0.008034504547594449,31.999999999999993,0.19562992969339194,22.737357153173342,1.0
1983-07-02,0.2789928057553957,0.10725583594201266,73.47780121634896,0.0,45.55623675413636,27.92156446221261,43.257532761686655,0.023206388468035993,34.199999999999996,0.19832457353239302,22.84796983271802,0.94872755554295
1983-07-03,0.3077697841726619,0.1272061716571889,88.94282125740514,0.0,55.14454917959119,33.798272077813955,50.41218342487115,0.023075470571299033,36.4,0.1887430342986552,22.52358588130661,0.9722725793856953
1983-07-04,0.339568345323741,0.14706883037651544,104.68076456861435,0.0,64.9020740325409,39.778690536073455,57.380579200021785,0.020249018971471643,38.6,0.1879758841509782,22.497278575988698,1.0
1983-07-05,0.36848920863309353,0.1641185321617437,118.68065083583195,0.0,73.46753224410675,45.213118591725205,63.21541101600923,0.03143943889367901,40.800000000000004,0.19774883309459423,22.897631852945764,1.0
1983-07-06,0.3998561151079137,0.1886301181730699,140.21651291553752,0.0,86.11143546865279,54.105077446884735,71.69905222637239,0.032357873698064324,43.00000000000001,0.18633586747939937,22.429991779225873,0.9535651425429742
1983-07-07,0.4287769784172662,0.21459645938167618,165.1285509706962,0.0,100.06976933005421,65.058781640642,80.91578444646018,0.036445212539410764,45.20000000000001,0.185564120992785,22.393117761410963,0.8234196643891428
1983-07-08,0.45884892086330936,0.23763296826414027,190.01439899337578,0.0,113.39839515807039,76.6160038353054,89.59094229505703,0.04062027087357201,47.40000000000001,0.1845546417647965,22.341579527113815,0.7062121918392764
1983-07-09,0.48848920863309353,0.2578083916080173,215.11075812414504,0.0,126.19484648814566,88.91591163599938,97.79921663679094,0.04159898345196004,49.600000000000016,0.18367936090802603,22.292255823425933,0.8521004231592182
1983-07-10,0.5181294964028778,0.27973595226258646,243.07543748137314,0.0,139.74551686513166,103.32992061624148,106.37077593596575,0.03040502716114975,51.80000000000002,0.18296100954850297,22.24720983192568,1.0
1983-07-11,0.5456115107913669,0.2943361138505249,262.1125102462476,0.0,148.48800305434807,113.62450719189953,111.8265030592561,0.043647721739817624,54.00000000000002,0.18353939767759664,22.269027026828823,1.0
1983-07-12,0.5723741007194245,0.3177852437928727,295.31627047321604,0.0,162.95654700224895,132.35972347096708,120.74641871302268,0.03401403125734341,56.200000000000024,0.18232993201100875,22.192911746182673,1.0
1983-07-13,0.5991366906474821,0.3357052883266717,322.91439379642287,0.0,174.35126882383204,148.56312497259083,127.69130277294252,0.02734319918012841,58.40000000000003,0.1816222998427443,22.140781892905633,1.0
1983-07-14,0.6267625899280577,0.34803050214872955,343.64226741210314,0.0,182.4353564377916,161.20691097431157,132.56431089545384,0.05373762531180955,60.60000000000003,0.1816138740548192,22.127910364736792,0.7295578625172396
1983-07-15,0.6561151079136692,0.36471782282421955,381.5076277551991,0.0,196.30933343256768,185.1982943226314,140.83655015692963,0.051018593857807215,62.80000000000003,0.1803099178877006,22.03364245528772,1.0
1983-07-16,0.6841726618705037,0.38071708600259363,414.463264843454,0.0,207.55774544848938,206.90551939496459,147.46982980246983,0.05582214782015478,65.00000000000003,0.17971129564836183,21.979483844009025,0.732033278015484
1983-07-17,0.7106474820143887,0.3964593145776421,460.3521235413033,0.0,222.1202701310617,238.23185341024163,155.9729840576439,0.05656525177982404,67.20000000000003,0.1790354002852644,21.91749854096065,0.8589663804338811
1983-07-18,0.7365467625899282,0.41315049601379733,509.1896228272042,0.0,236.51362981268912,272.67599301451503,164.23374703720035,0.04273065995803856,69.40000000000003,0.1786064914611044,21.869680164116907,1.0
1983-07-19,0.7643165467625901,0.4268690709502374,548.5695484151921,0.0,247.24809787424252,301.32145054094957,170.20811473556856,0.06054402845311865,71.60000000000004,0.17895433044313694,21.875589731370248,0.7744633536991973
1983-07-20,0.7961151079136692,0.43633617918478074,593.3524867798076,0.0,258.3926352278154,334.9598515519922,176.19037317964293,0.061008075952456275,73.80000000000004,0.17832669209015767,21.81103956282066,0.7578844777989612
1983-07-21,0.8289208633093527,0.4431660590619084,636.7324925486897,0.0,268.00926470811993,368.7232278405698,181.11462761964182,0.026428722585176923,76.00000000000004,0.17797476426315886,21.764681785492478,1.0
1983-07-22,0.8568345323741009,0.446987600659871,653.177765673091,0.0,271.1938827064221,381.9838829666689,182.70999095301573,0.023103512965001825,78.20000000000005,0.18144110002327818,22.015363738238136,1.0
1983-07-23,0.8800000000000002,0.45060565450929657,670.9346377433756,0.0,274.2089275809434,396.7257101624321,184.1968832501844,0.02214216010481553,80.40000000000005,0.1906838167965223,22.745718601783558,1.0
1983-07-24,0.9044604316546765,0.4535132441484213,687.0879135162905,0.0,276.63191894688066,410.4559945694099,185.37544843533271,0.0631608817086698,82.60000000000005,0.19122315926156375,22.79784270127371,1.0
1983-07-25,0.9322302158273383,0.46459407904122724,748.6481073652124,0.0,285.86594802421894,462.7821593409934,189.11889755148914,0.08133483851950839,84.80000000000005,0.1902735399128538,22.726075945803927,0.8713627350999928
1983-07-26,0.9651798561151081,0.4738027198382981,815.1403928664328,0.0,295.839790849402,519.3006020170308,191.9371955211092,0.0787669877674709,87.00000000000006,0.1876124482309882,22.501232772215275,0.85833339033779
1983-07-27,0.9982733812949642,0.48136684685430015,876.6723232653916,3.1134861664701536,304.75823179259885,568.8006053063226,193.25015641546742,0.07883308734333302,89.20000000000006,0.18732733328518786,22.476617920083438,0.9486533948560049
1983-07-28,1.0,0.49060186169410724,941.4132315412069,13.531028001739255,313.42761385044423,614.4545896890234,193.31729568774745,0.08349844830702226,91.40000000000006,0.18665796775055496,22.415628058370785,0.7052909864414522
1983-07-29,1.03,0.4920932487250406,993.8232065549549,22.266023837363953,320.41561051894394,651.141572198647,193.31729568774745,0.08144925425089283,91.40000000000006,0.18452383760689228,22.22056856324002,0.6600175433614736
1983-07-30,1.06,0.49079525321833295,1039.2267765187712,34.373642494381656,326.01538414781464,678.837749876575,193.31729568774745,0.07964022780570651,91.40000000000006,0.18353802490353535,22.130465282153196,0.6510516858015646
1983-07-31,1.09,0.4887838899292161,1082.577330825821,50.26884574029994,330.9284469692803,701.3800381162409,193.31729568774745,0.07485614817941204,91.40000000000006,0.18257986866375836,22.04288980183758,0.7290983542608489
1983-08-01,1.12,0.4889096026289722,1131.696506628113,73.1911277813694,336.0040951355171,722.5012837112264,193.31729568774745,0.07891933198888947,91.40000000000006,0.18169294410232512,21.96182489692258,0.5893699648989565
1983-08-02,1.1500000000000001,0.4838499462485984,1172.1939502980488,97.48959398333093,339.24389062911195,735.4604656856059,193.31729568774745,0.07851026999990907,91.40000000000006,0.18072662231564668,21.87350308562017,0.5547958037551881
1983-08-03,1.1800000000000002,0.4765988704142357,1209.4936997821465,125.46440609640426,341.1088781033169,742.9204155824254,193.31729568774745,0.0730524835289973,91.40000000000006,0.1797656228807703,21.78566773727247,0.5870399644329027
1983-08-04,1.2100000000000002,0.4689539723143916,1247.937485965684,160.06381366158786,341.8777538269876,745.9959184771084,193.31729568774745,0.0715779001297799,91.40000000000006,0.17887484758845024,21.704250875554415,0.5619325393272635
1983-08-05,1.2400000000000002,0.4600854296867897,1280.5934857823943,192.71981347829814,341.8777538269876,745.9959184771084,193.31729568774745,0.06975442950705192,91.40000000000006,0.1779968870969248,21.62400528662899,0.5417564282007867
1983-08-06,1.2700000000000002,0.4511534435951566,1309.1373277387393,221.26365543464306,341.8777538269876,745.9959184771084,193.31729568774745,0.0648327186230264,91.40000000000006,0.17713762508208675,21.545468738472792,0.5772391669401852
1983-08-07,1.3000000000000003,0.4432200958956379,1338.3175563442624,250.44388404016638,341.8777538269876,745.9959184771084,193.31729568774745,0.05918844645588141,91.40000000000006,0.17635745411092588,21.47416111170869,0.7653790869594409
1983-08-08,1.3272500000000003,0.43888810935633943,1381.4812820317834,293.6076097276874,341.8777538269876,745.9959184771084,193.31729568774745,0.05361433249700321,91.40000000000006,0.17700887699146498,21.533701162989964,1.0
1983-08-09,1.3530000000000002,0.43888810935633943,1423.6846952548176,335.8110229507216,341.8777538269876,745.9959184771084,193.31729568774745,0.03478815718186121,91.40000000000006,0.17545660986555542,21.39182394768183,1.0
1983-08-10,1.3780000000000001,0.43888810935633943,1443.630036144411,355.756363840315,341.8777538269876,745.9959184771084,193.31729568774745,0.057032991767481264,91.40000000000006,0.17505716871246757,21.3553150262896,0.8006937295606995
1983-08-11,1.404625,0.43523406601262543,1484.33911703004,396.4654447259438,341.8777538269876,745.9959184771084,193.31729568774745,0.05540882395534419,91.40000000000006,0.17411431820614046,21.2691384900113,0.7270580452320751
1983-08-12,1.431625,0.43025992025685017,1522.247258295599,434.373585991503,341.8777538269876,745.9959184771084,193.31729568774745,0.05445145948002736,91.40000000000006,0.17342606825375725,21.206232444363476,0.8592736888417539
1983-08-13,1.4589999999999999,0.4277647108937426,1557.3520918836994,469.47841957960327,341.8777538269876,745.9959184771084,193.31729568774745,0.04792413468225064,91.40000000000006,0.17285064356023092,21.15363862737517,1.0
1983-08-14,1.4849999999999999,0.4277647108937426,1582.8395687848888,494.9658964807926,341.8777538269876,745.9959184771084,193.31729568774745,0.053207184932974425,91.40000000000006,0.17213119480089076,21.08788101077148,0.5835198567812918
1983-08-15,1.51175,0.42045306600275445,1613.8930762308275,526.0194039267315,341.8777538269876,745.9959184771084,193.31729568774745,0.05141386310250018,91.40000000000006,0.17139284335743907,21.020395688839994,0.5758300411776054
1983-08-16,1.5387499999999998,0.4130994615987978,1642.7469488450115,554.8732765409154,341.8777538269876,745.9959184771084,193.31729568774745,0.049077360276339625,91.40000000000006,0.17073653528894292,20.960409131379446,0.6197763853878423
1983-08-17,1.5651249999999999,0.40667838071075046,1670.9425763730717,583.0689040689756,341.8777538269876,745.9959184771084,193.31729568774747,0.049479475128214066,91.40000000000006,0.1707167009445946,20.958596272306007,0.9092072123224985
1983-08-18,1.5867499999999999,0.40518493280902096,1709.8347829102586,621.9611106061625,341.8777538269876,745.9959184771084,193.31729568774747,0.04684317228875088,91.40000000000006,0.16959923173621833,20.856459586660417,0.6061316363530183
1983-08-19,1.6101249999999998,0.39872385030323027,1740.7996890593622,652.926016755266,341.8777538269876,745.9959184771084,193.31729568774747,0.04543767093690649,91.40000000000006,0.1689629594330993,20.798304298155337,0.5941822736222389
1983-08-20,1.6346249999999998,0.3921586939383476,1766.8076565029369,678.933984198841,341.8777538269876,745.9959184771083,193.3172956877475,0.04404933092003476,91.40000000000006,0.1684043041138706,20.747243201977835,0.5938625479699042
1983-08-21,1.6594999999999998,0.38582482160033355,1793.0472119166163,705.1735396125205,341.8777538269876,745.9959184771083,193.31729568774747,0.043772409285934476,91.40000000000006,0.16785867795062462,20.697372970657153,0.5116123166045199
1983-08-22,1.6862499999999998,0.378301026306772,1810.5233136279396,722.6496413238438,341.8777538269876,745.9959184771083,193.3172956877475,0.01559964899987422,91.40000000000006,0.16769609589887233,20.682512971126993,1.0
1983-08-23,1.7037499999999999,0.378301026306772,1813.3486175479266,725.4749452438306,341.8777538269876,745.9959184771083,193.31729568774747,0.040197090452093534,91.40000000000006,0.17063201569197464,20.950856040216543,1.0
1983-08-24,1.7218749999999998,0.378301026306772,1851.8089734154937,763.9353011113978,341.8777538269876,745.9959184771083,193.31729568774747,0.04164551013635521,91.40000000000006,0.16768764953643256,20.681740973599997,0.6287295747116256
1983-08-25,1.7443749999999998,0.36814324491072603,1882.217158390768,794.343486086672,341.8777538269876,745.9959184771083,193.31729568774747,0.0400821570270328,91.40000000000006,0.1671699555413816,20.634423742452338,0.6083311045670489
1983-08-26,1.7684999999999997,0.34186933996297836,1908.3559038033009,820.4822314992049,341.8777538269876,745.9959184771083,193.31729568774747,0.03708296983850925,91.40000000000006,0.16667905954073686,20.58955584799341,0.6941420126983849
1983-08-27,1.7916249999999998,0.31747261931345366,1934.127099994415,846.2534276903191,341.8777538269876,745.9959184771083,193.31729568774747,0.03453103712321436,91.40000000000006,0.16670808149445857,20.592208454563576,0.5951663748932884
1983-08-28,1.8163749999999999,0.31254324630117863,1954.2222435327735,866.3485712286778,341.8777538269876,745.9959184771083,193.31729568774747,0.03366320298324421,91.40000000000006,0.16582510329251127,20.51150424690559,0.5140872775073809
1983-08-29,1.843875,0.2947406830823847,1967.1202107008676,879.2465383967716,341.8777538269876,745.9959184771083,193.31729568774745,0.031600444038458415,91.40000000000006,0.16595829267317486,20.523677756298245,0.5706094464432492
1983-08-30,1.871,0.2567896743456449,1980.5359740452009,892.6623017411049,341.8777538269876,745.9959184771083,193.31729568774745,0.027752533186346025,91.40000000000006,0.165312976468431,20.464695855184655,0.4924935205891533
1983-08-31,1.900875,0.2333405444032971,1987.5600134534498,899.686341149354,341.8777538269876,745.9959184771083,193.31729568774745,0.025278243205964716,91.40000000000006,0.16453610795922172,20.393690073442926,0.4468489037727869
1983-09-01,1.9308750000000001,0.2154204998694981,1991.4206935951734,903.5470212910776,341.8777538269876,745.9959184771083,193.31729568774745,0.012186919222386213,91.40000000000006,0.164187390741024,20.361817319699657,1.0
1983-09-02,1.9523750000000002,0.20309528604744023,1998.256556049125,910.3828837450294,341.8777538269876,745.9959184771081,193.31729568774747,0.021608488978787855,91.40000000000006,0.16505057866978096,20.440712696388044,0.6078465244173383
1983-09-03,1.9771250000000002,0.18263059413716012,2007.5973797760862,919.7237074719902,341.8777538269876,745.9959184771083,193.31729568774747,0.018975254487474284,91.40000000000006,0.16372304183857828,20.319375830016117,0.49666683269492545
1983-09-04,2.0,0.16663133095878604,2012.951683548773,925.0780112446773,341.8777538269876,745.9959184771081,193.31729568774747,0.017247987502960166,91.40000000000006,0.1634412864900775,20.293623391163145,0.48901824650591774
1983-09-05,,,,,,,,,,0.16317767308269548,20.269529125728422,
1983-09-06,,,,,,,,,,0.16263284099393463,20.264080804840816,
1983-09-07,,,,,,,,,,0.16197625283905584,20.257514923292028,
1983-09-08,,,,,,,,,,0.16130435355375974,20.250795930439065,
1983-09-09,,,,,,,,,,0.17695085339555397,20.40726092885701,
1983-09-10,,,,,,,,,,0.20782748593338565,20.716027254235325,
1983-09-11,,,,,,,,,,0.2193829571985976,20.831581966887445,
1983-09-12,,,,,,,,,,0.20224061553047895,20.66015855020626,
1983-09-13,,,,,,,,,,0.20198324658266356,20.657584860728104,
1983-09-14,,,,,,,,,,0.20289330050572613,20.66668539995873,
1983-09-15,,,,,,,,,,0.20098305848797185,20.647582979781188,
1983-09-16,,,,,,,,,,0.21339345759128991,20.77168697081437,
1983-09-17,,,,,,,,,,0.2338177090978057,20.975929485879526,
1983-09-18,,,,,,,,,,0.23259401725278311,20.963692567429298,
1983-09-19,,,,,,,,,,0.2252222845146279,20.889975240047747,
1983-09-20,,,,,,,,,,0.22492170618429438,20.886969456744414,
1983-09-21,,,,,,,,,,0.22424494505994766,20.880201845500945,
1983-09-22,,,,,,,,,,0.22441316973710554,20.881884092272525,
1983-09-23,,,,,,,,,,0.22521966827793521,20.88994907768082,
1983-09-24,,,,,,,,,,0.22622441678752692,20.89999656277674,
1983-09-25,,,,,,,,,,0.22261843481166568,20.863936743018126,
1983-09-26,,,,,,,,,,0.2221853240578373,20.85960563547984,
1983-09-27,,,,,,,,,,0.22152333076651604,20.852985702566627,
1983-09-28,,,,,,,,,,0.2209037165795472,20.84678956069694,
1983-09-29,,,,,,,,,,0.22058740099615112,20.84362640486298,
1983-09-30,,,,,,,,,,0.22008653598398653,20.838617754741335,
1983-10-01,,,,,,,,,,0.21953196971606692,20.83307209206214,
1983-10-02,,,,,,,,,,0.21896331782359138,20.827385573137384,
1983-10-03,,,,,,,,,,0.21858751411697508,20.82362753607122,
1983-10-04,,,,,,,,,,0.2248487515289038,20.886239910190508,
1983-10-05,,,,,,,,,,0.2507830091209121,21.14558248611059,
1983-10-06,,,,,,,,,,0.2826067093990758,21.463819488892227,
1983-10-07,,,,,,,,,,0.2763149716763803,21.40090211166527,
1983-10-08,,,,,,,,,,0.2735818269463396,21.373570664364866,
1983-10-09,,,,,,,,,,0.269447346944012,21.332225864341588,
1983-10-10,,,,,,,,,,0.2690002336847459,21.32775473174893,
1983-10-11,,,,,,,,,,0.26854420663323686,21.323194461233836,
1983-10-12,,,,,,,,,,0.26836473898970714,21.32139978479854,
1983-10-13,,,,,,,,,,0.2681738885972199,21.319491280873667,
1983-10-14,,,,,,,,,,0.2694060521598606,21.331812916500073,
1983-10-15,,,,,,,,,,0.26943119443759295,21.332064339277398,
1983-10-16,,,,,,,,,,0.2698310805648011,21.33606320054948,
1983-10-17,,,,,,,,,,0.267572455345797,21.313476948359437,
1983-10-18,,,,,,,,,,0.27318034469755315,21.369555841877002,
1983-10-19,,,,,,,,,,0.30292471274381805,21.666999522339648,
1983-10-20,,,,,,,,,,0.33414522604656616,21.97920465536713,
1983-10-21,,,,,,,,,,0.310581,21.950882555311445,
1983-10-22,,,,,,,,,,0.31449809730015355,21.990053528312977,
1983-10-23,,,,,,,,,,0.30969785400775784,21.942051095389022,
1983-10-24,,,,,,,,,,0.3094024340438196,21.93909689574964,
1983-10-25,,,,,,,,,,0.30908853644226436,21.935957919734086,
1983-10-26,,,,,,,,,,0.3129948964076801,21.975021519388243,
1983-10-27,,,,,,,,,,0.30870377307193536,21.932110286030795,
1983-10-28,,,,,,,,,,0.30849688132564823,21.930041368567924,
1983-10-29,,,,,,,,,,0.308282696520714,21.927899520518583,
1983-10-30,,,,,,,,,,0.30806699041399543,21.9257424594514,
1983-10-31,,,,,,,,,,0.3078148356984599,21.923220912296042,
1983-11-01,,,,,,,,,,0.30752214518289084,21.920294007140352,
1983-11-02,,,,,,,,,,0.3072235184872652,21.917307740184096,
1983-11-03,,,,,,,,,,0.30734928157346864,21.918565371046128,
1983-11-04,,,,,,,,,,0.30816957962696456,21.92676835158109,
1983-11-05,,,,,,,,,,0.306661128462218,21.911683839933623,
1983-11-06,,,,,,,,,,0.3064324165733264,21.909396721044708,
1983-11-07,,,,,,,,,,0.30618388719913464,21.906911427302788,
1983-11-08,,,,,,,,,,0.30619336039013617,21.907006159212806,
1983-11-09,,,,,,,,,,0.3110734707129064,21.95580726244051,
1983-11-10,,,,,,,,,,0.30565909172076455,21.90166347251909,
1983-11-11,,,,,,,,,,0.30544491120494854,21.89952166736093,
1983-11-12,,,,,,,,,,0.3051714734882391,21.896787290193835,
1983-11-13,,,,,,,,,,0.30498611904049866,21.89493374571643,
1983-11-14,,,,,,,,,,0.30479443435957715,21.893016898907213,
1983-11-15,,,,,,,,,,0.3045302189636313,21.890374744947756,
1983-11-16,,,,,,,,,,0.3042121720056844,21.887194275368287,
1983-11-17,,,,,,,,,,0.30402264335455753,21.88529898885702,
1983-11-18,,,,,,,,,,0.3038407018679959,21.8834795739914,
1983-11-19,,,,,,,,,,0.30360345729247534,21.881107128236195,
1983-11-20,,,,,,,,,,0.30344155508979326,21.879488106209376,
1983-11-21,,,,,,,,,,0.3032496883054709,21.87756943836615,
1983-11-22,,,,,,,,,,0.3047066521372399,21.892139076683844,
1983-11-23,,,,,,,,,,0.30310178193098297,21.876090374621274,
1983-11-24,,,,,,,,,,0.30295003748662874,21.87457293017773,
1983-11-25,,,,,,,,,,0.3027987984269248,21.873060539580692,
1983-11-26,,,,,,,,,,0.3026324595290965,21.87139715060241,
1983-11-27,,,,,,,,,,0.302482552917855,21.869898084489993,
1983-11-28,,,,,,,,,,0.3022226645466873,21.867299200778316,
1983-11-29,,,,,,,,,,0.3020503811231022,21.865576366542463,
1983-11-30,,,,,,,,,,0.30175522754784,21.862624830789844,
1983-12-01,,,,,,,,,,0.3016140107591743,21.861212662903185,
1983-12-02,,,,,,,,,,0.3014592656280006,21.859665211591448,
1983-12-03,,,,,,,,,,0.3012116415227404,21.857188970538846,
1983-12-04,,,,,,,,,,0.3010559329885388,21.855631885196832,
1983-12-05,,,,,,,,,,0.3008466562714173,21.853539118025616,
1983-12-06,,,,,,,,,,0.3006681964724492,21.851754520035936,
1983-12-07,,,,,,,,,,0.3005326631466726,21.85039918677817,
1983-12-08,,,,,,,,,,0.3004209105181479,21.84928166049292,
1983-12-09,,,,,,,,,,0.3002627486496678,21.84770004180812,
1983-12-10,,,,,,,,,,0.3002413993286148,21.84748654859759,
1983-12-11,,,,,,,,,,0.2998383852409035,21.843456407720478,
1983-12-12,,,,,,,,,,0.299670516917291,21.841777724484352,
1983-12-13,,,,,,,,,,0.29940577244947597,21.839130279806202,
1983-12-14,,,,,,,,,,0.2992114280075696,21.83718683538714,
1983-12-15,,,,,,,,,,0.3009850628813073,21.854923184124516,
1983-12-16,,,,,,,,,,0.2990115416976801,21.835187972288246,
1983-12-17,,,,,,,,,,0.30149464901395473,21.86001904545099,
1983-12-18,,,,,,,,,,0.29880145692112364,21.83308712452268,
1983-12-19,,,,,,,,,,0.2986019011236776,21.83109156654822,
1983-12-20,,,,,,,,,,0.29845274683348977,21.82960002364634,
1983-12-21,,,,,,,,,,0.29873994104613144,21.832471965772758,
1983-12-22,,,,,,,,,,0.29939103695512687,21.838982924862712,
1983-12-23,,,,,,,,,,0.2981242758418864,21.82631531373031,
1983-12-24,,,,,,,,,,0.2980184416613044,21.82525697192449,
1983-12-25,,,,,,,,,,0.29791241955355285,21.824196750846973,
1983-12-26,,,,,,,,,,0.2977794340818176,21.822866896129618,
1983-12-27,,,,,,,,,,0.29767012093694734,21.821773764680916,
1983-12-28,,,,,,,,,,0.2975659031930194,21.82073158724164,
1983-12-29,,,,,,,,,,0.2974813320119776,21.81988587543122,
1983-12-30,,,,,,,,,,0.29736358153856385,21.81870837069708,
1983-12-31,,,,,,,,,,0.2972098874186503,21.817171429497947,
1984-01-01,,,,,,,,,,0.29708402066166606,21.815912761928104,
1984-01-02,,,,,,,,,,0.29688187931209586,21.813891348432403,
1984-01-03,,,,,,,,,,0.29669522231060463,21.812024778417488,
1984-01-04,,,,,,,,,,0.29659827780203607,21.811055333331804,
1984-01-05,,,,,,,,,,0.29646135749302965,21.80968613024174,
1984-01-06,,,,,,,,,,0.2963111142338363,21.808183697649806,
1984-01-07,,,,,,,,,,0.29619992558623376,21.80707181117378,
1984-01-08,,,,,,,,,,0.29602953889020694,21.80536794421351,
1984-01-09,,,,,,,,,,0.29572108230653654,21.80228337837681,
1984-01-10,,,,,,,,,,0.2953903372978135,21.79897592828958,
1984-01-11,,,,,,,,,,0.2952021028493973,21.797093583805417,
1984-01-12,,,,,,,,,,0.29503276740381246,21.795400229349568,
1984-01-13,,,,,,,,,,0.29490337183958276,21.79410627370727,
1984-01-14,,,,,,,,,,0.2947035892065255,21.792108447376698,
1984-01-15,,,,,,,,,,0.2960200832232799,21.805273387544243,
1984-01-16,,,,,,,,,,0.2942976160062786,21.788048715374227,
1984-01-17,,,,,,,,,,0.2940686018846705,21.785758574158148,
1984-01-18,,,,,,,,,,0.30009252914086526,21.845997846720095,
1984-01-19,,,,,,,,,,0.3062324385235241,21.907396940546683,
1984-01-20,,,,,,,,,,0.3018673810444015,21.863746365755457,
1984-01-21,,,,,,,,,,0.30200620421622404,21.865134597473684,
1984-01-22,,,,,,,,,,0.301710358304942,21.862176138360862,
1984-01-23,,,,,,,,,,0.30161098628522526,21.861182418163697,
1984-01-24,,,,,,,,,,0.3015112367891538,21.86018492320298,
1984-01-25,,,,,,,,,,0.30142605471524964,21.85933310246394,
1984-01-26,,,,,,,,,,0.3013274352298535,21.858346907609977,
1984-01-27,,,,,,,,,,0.3012288706135328,21.857361261446773,
1984-01-28,,,,,,,,,,0.3010724493160003,21.855797048471445,
1984-01-29,,,,,,,,,,0.302027840922839,21.865350964539832,
1984-01-30,,,,,,,,,,0.3021252380811471,21.866324936122915,
1984-01-31,,,,,,,,,,0.3013640301273578,21.858712856585022,
1984-02-01,,,,,,,,,,0.300770881509531,21.852781370406753,
1984-02-02,,,,,,,,,,0.30068085221750623,21.851881077486507,
1984-02-03,,,,,,,,,,0.30049862939838917,21.850058849295333,
1984-02-04,,,,,,,,,,0.30031178854108453,21.848190440722288,
1984-02-05,,,,,,,,,,0.3002407916293265,21.847480471604708,
1984-02-06,,,,,,,,,,0.3002333491298611,21.847406046610054,
1984-02-07,,,,,,,,,,0.2999202649152956,21.8442752044644,
1984-02-08,,,,,,,,,,0.2997521212516788,21.84259376782823,
1984-02-09,,,,,,,,,,0.299534987421365,21.84042242952509,
1984-02-10,,,,,,,,,,0.3000032935562946,21.84510549087439,
1984-02-11,,,,,,,,,,0.29952072811947306,21.840279836506173,
1984-02-12,,,,,,,,,,0.29926084166301087,21.837680971941552,
1984-02-13,,,,,,,,,,0.2991413602194678,21.836486157506123,
1984-02-14,,,,,,,,,,0.2991393868163068,21.836466423474512,
1984-02-15,,,,,,,,,,0.2988887825096692,21.833960380408136,
1984-02-16,,,,,,,,,,0.2987194769141706,21.83226732445315,
1984-02-17,,,,,,,,,,0.29860927845457375,21.83116533985718,
1984-02-18,,,,,,,,,,0.2983527680475661,21.828600235787103,
1984-02-19,,,,,,,,,,0.2981272035274691,21.826344590586135,
1984-02-20,,,,,,,,,,0.2980001259799725,21.825073815111168,
1984-02-21,,,,,,,,,,0.2981506381414094,21.826578936725536,
1984-02-22,,,,,,,,,,0.30474361621498797,21.89250871746132,
1984-02-23,,,,,,,,,,0.303120382359339,21.876276378904834,
1984-02-24,,,,,,,,,,0.30012161217729516,21.846288677084395,
1984-02-25,,,,,,,,,,0.30006225756646143,21.845695130976058,
1984-02-26,,,,,,,,,,0.2998832424997693,21.843904980309137,
1984-02-27,,,,,,,,,,0.2996509287739499,21.841581843050943,
1984-02-28,,,,,,,,,,0.29932832571837203,21.838355812495163,
1984-02-29,,,,,,,,,,0.2990511900173546,21.83558445548499,
1984-03-01,,,,,,,,,,0.298626070748707,21.831333262798513,
1984-03-02,,,,,,,,,,0.2981038438178226,21.82611099348967,
1984-03-03,,,,,,,,,,0.29761580547703165,21.82123061008176,
1984-03-04,,,,,,,,,,0.2972825749325262,21.817898304636707,
1984-03-05,,,,,,,,,,0.2968467609283819,21.813540164595263,
1984-03-06,,,,,,,,,,0.29645028269045265,21.809575382215968,
1984-03-07,,,,,,,,,,0.29602014343500904,21.805273989661533,
1984-03-08,,,,,,,,,,0.29567359468554316,21.801808502166875,
1984-03-09,,,,,,,,,,0.2953812846467244,21.798885401778687,
1984-03-10,,,,,,,,,,0.29498644022904935,21.794936957601937,
1984-03-11,,,,,,,,,,0.2945730161606367,21.79080271691781,
1984-03-12,,,,,,,,,,0.29409798514406993,21.78605240675214,
1984-03-13,,,,,,,,,,0.29553665203925344,21.800439075703977,
1984-03-14,,,,,,,,,,0.29542025969851227,21.799275152296566,
1984-03-15,,,,,,,,,,0.2963577015818303,21.808649571129745,
1984-03-16,,,,,,,,,,0.29360001553335857,21.781072710645027,
1984-03-17,,,,,,,,,,0.29327056731870527,21.777778228498494,
1984-03-18,,,,,,,,,,0.2929441644760581,21.774514200072023,
1984-03-19,,,,,,,,,,0.30169092994138375,21.86198185472528,
1984-03-20,,,,,,,,,,0.29251191452726605,21.770191700584103,
1984-03-21,,,,,,,,,,0.2920282455492055,21.765355010803496,
1984-03-22,,,,,,,,,,0.2917564585363032,21.762637140674475,
1984-03-23,,,,,,,,,,0.2913283136498029,21.75835569180947,
1984-03-24,,,,,,,,,,0.2910313752792262,21.755386308103706,
1984-03-25,,,,,,,,,,0.2907191904612458,21.7522644599239,
1984-03-26,,,,,,,,,,0.29050509459842827,21.750123501295725,
1984-03-27,,,,,,,,,,0.290272767498181,21.747800230293254,
1984-03-28,,,,,,,,,,0.2900657658869134,21.745730214180576,
1984-03-29,,,,,,,,,,0.2893142624750725,21.73821518006217,
1984-03-30,,,,,,,,,,0.2885867076035828,21.730939631347272,
1984-03-31,,,,,,,,,,0.2907487820058043,21.752560375369487,
1984-04-01,,,,,,,,,,0.2884238272756058,21.7293108280675,
1984-04-02,,,,,,,,,,0.2872065155855315,21.717137711166757,
1984-04-03,,,,,,,,,,0.28720716636836446,21.717144218995088,
1984-04-04,,,,,,,,,,0.2913894494112702,21.758967049424147,
1984-04-05,,,,,,,,,,0.29416206730422256,21.78669322835367,
1984-04-06,,,,,,,,,,0.2861567560240751,21.706640115552194,
1984-04-07,,,,,,,,,,0.28574773952703675,21.702549950581812,
1984-04-08,,,,,,,,,,0.2867149035960114,21.712221591271557,
1984-04-09,,,,,,,,,,0.28514173555003997,21.69648991081184,
1984-04-10,,,,,,,,,,0.28471756607432275,21.692248216054672,
1984-04-11,,,,,,,,,,0.2842406487312518,21.687479042623963,
1984-04-12,,,,,,,,,,0.2879452667852277,21.72452522316372,
1984-04-13,,,,,,,,,,0.28354639755079525,21.680536530819396,
1984-04-14,,,,,,,,,,0.28299037266291704,21.674976281940612,
1984-04-15,,,,,,,,,,0.2823211981252885,21.66828453656433,
1984-04-16,,,,,,,,,,0.281561128171468,21.660683837026124,
1984-04-17,,,,,,,,,,0.28824881074475506,21.727560662758993,
1984-04-18,,,,,,,,,,0.28250562280190705,21.670128783330515,
1984-04-19,,,,,,,,,,0.2804369358334633,21.649441913646076,
1984-04-20,,,,,,,,,,0.2848486061266384,21.69355861657783,
1984-04-21,,,,,,,,,,0.2808018951884942,21.653091507196386,
1984-04-22,,,,,,,,,,0.27891945365979387,21.634267091909383,
1984-04-23,,,,,,,,,,0.278304615811776,21.628118713429203,
1984-04-24,,,,,,,,,,0.277760178895669,21.622674344268134,
1984-04-25,,,,,,,,,,0.2800962041345102,21.646034596656545,
1984-04-26,,,,,,,,,,0.276986031712944,21.614932872440882,
1984-04-27,,,,,,,,,,0.2762369611988435,21.60744216729988,
1984-04-28,,,,,,,,,,0.27811801447352913,21.626252700046734,
1984-04-29,,,,,,,,,,0.2756701385556085,21.601773940867528,
1984-04-30,,,,,,,,,,0.27512654639144346,21.59633801922588,
1984-05-01,,,,,,,,,,0.2744587549555101,21.589660104866542,
1984-05-02,,,,,,,,,,0.2744762543944944,21.589835099256387,
1984-05-03,,,,,,,,,,0.27914568063950174,21.63652936170646,
1984-05-04,,,,,,,,,,0.28508315312434507,21.695904086554894,
1984-05-05,,,,,,,,,,0.2776934909344925,21.62200746465637,
1984-05-06,,,,,,,,,,0.2762438842061307,21.60751139737275,
1984-05-07,,,,,,,,,,0.27489536575839674,21.59402621289541,
1984-05-08,,,,,,,,,,0.27415348337499934,21.586607389061435,
1984-05-09,,,,,,,,,,0.27342862749608365,21.57935883027228,
1984-05-10,,,,,,,,,,0.2726891770795713,21.571964326107157,
1984-05-11,,,,,,,,,,0.2718972080976243,21.564044636287687,
1984-05-12,,,,,,,,,,0.28403971608448886,21.685469716156334,
1984-05-13,,,,,,,,,,0.3046790899276852,21.891863454588297,
1984-05-14,,,,,,,,,,0.2703402304812809,21.54847486012425,
1984-05-15,,,,,,,,,,0.2713642292197879,21.55871484750932,
1984-05-16,,,,,,,,,,0.2699113293601232,21.544185848912676,
1984-05-17,,,,,,,,,,0.2688145104758911,21.533217660070356,
1984-05-18,,,,,,,,,,0.26824390546114474,21.52751160992289,
1984-05-19,,,,,,,,,,0.26762306437018785,21.52130319901332,
1984-05-20,,,,,,,,,,0.2669163450308788,21.51423600562023,
1984-05-21,,,,,,,,,,0.2665207541497482,21.510280096808923,
1984-05-22,,,,,,,,,,0.2657585770268717,21.50265832558016,
1984-05-23,,,,,,,,,,0.2651623275686519,21.49669583099796,
1984-05-24,,,,,,,,,,0.28207312388843436,21.66580379419579,
1984-05-25,,,,,,,,,,0.2695490859285373,21.540563414596818,
1984-05-26,,,,,,,,,,0.26382057612304816,21.483278316541924,
1984-05-27,,,,,,,,,,0.26315030078587276,21.476575563170172,
1984-05-28,,,,,,,,,,0.26270778698424047,21.47215042515385,
1984-05-29,,,,,,,,,,0.26193797741151964,21.46445232942664,
1984-05-30,,,,,,,,,,0.26138751400125093,21.458947695323953,
1984-05-31,,,,,,,,,,0.2607423892804132,21.452496448115575,
1984-06-01,,,,,,,,,,0.2603147205026678,21.44821976033812,
1984-06-02,,,,,,,,,,0.259791772887724,21.44299028418868,
1984-06-03,,,,,,,,,,0.25875481063639294,21.432620661675372,
1984-06-04,,,,,,,,,,0.2578449029392593,21.423521584704037,
1984-06-05,,,,,,,,,,0.257126512205967,21.416337677371114,
1984-06-06,,,,,,,,,,0.2574982997911237,21.42005555322268,
1984-06-07,,,,,,,,,,0.28615318199367945,21.706604375248236,
1984-06-08,,,,,,,,,,0.2565537788102806,21.41061034341425,
1984-06-09,,,,,,,,,,0.2569823803288026,21.41489635859947,
1984-06-10,,,,,,,,,,0.2543530790859506,21.38860334617095,
1984-06-11,,,,,,,,,,0.25349220762010916,21.379994631512535,
1984-06-12,,,,,,,,,,0.2526310368207926,21.37138292351937,
1984-06-13,,,,,,,,,,0.4699999999999999,23.545072555311442,
1984-06-14,,,,,,,,,,0.4699999999999999,24.545072555311442,
1984-06-15,-0.1,0.04836,30.0,0.0,18.6,11.4,20.0,0.0,10.0,0.3530212236950499,24.375284792261944,0.0
1984-06-16,-0.083,0.04836,30.0,0.0,18.6,11.4,20.0,0.0,10.0,0.31091100000000005,24.241002245250368,0.0
1984-06-17,-0.062181818181818185,0.04836,30.0,0.0,18.6,11.4,20.0,0.0,10.0,0.29034275546495236,24.03531979989989,0.0
1984-06-18,-0.041,0.04836,30.0,0.0,18.6,11.4,20.0,0.0,10.0,0.27882009833554633,23.92009322860583,0.0
1984-06-19,-0.019545454545454543,0.04836,30.0,0.0,18.6,11.4,20.0,0.0,10.0,0.2629013582618321,23.760905827868687,0.0
1984-06-20,0.0,0.04836,30.0,0.0,18.6,11.4,20.0,0.012732841312160868,10.0,0.24961771485084308,23.628069393758796,1.0
1984-06-21,0.03194244604316547,0.05901335024110679,36.60877806520273,0.0,22.69744240042569,13.911335664777036,24.405852043468485,0.005661527819172745,12.2,0.22889374986998495,23.501758148759176,1.0
1984-06-22,0.058848920863309354,0.06457220871960546,40.134957209109075,0.0,24.883673469647626,15.25128373946145,26.664251346937185,0.005397072343649773,14.399999999999999,0.22633112199358418,23.545784712147963,1.0
1984-06-23,0.08446043165467626,0.0701477973321675,43.74022483375646,0.0,27.118939396929004,16.621285436827456,28.89601169799258,0.007931419917593288,16.599999999999998,0.21456928651241258,23.425828866641393,1.0
1984-06-24,0.11007194244604317,0.07785030084345763,48.814302055800646,0.0,30.264867274596398,18.549434781204248,31.936068226484988,0.013214785034848804,18.799999999999997,0.20804756843564998,23.352635152220554,1.0
1984-06-25,0.13971223021582735,0.09115462000312746,57.746314581519485,0.0,35.802715040542076,21.943599540977406,37.11417890880023,0.014012123771971306,20.999999999999996,0.20277066072876798,23.276886896029453,1.0
1984-06-26,0.16949640287769785,0.10397596518375628,66.54900727378173,0.0,41.26038450974467,25.288622764037058,42.024689590268196,0.02154570540951015,23.199999999999996,0.20153272665342503,23.271624434179778,1.0
1984-06-27,0.20115107913669067,0.12343083809633366,80.21707922614475,0.0,49.73458912020974,30.482490105935007,49.35699347663776,0.02287582329539592,25.399999999999995,0.19472347137309093,23.11940350379182,1.0
1984-06-28,0.23035971223021584,0.1413776350860678,93.14560492960209,0.0,57.75027505635329,35.3953298732488,56.0068992977868,0.010840612212639482,27.599999999999994,0.19840065559056416,23.226647580309873,1.0
1984-06-29,0.25467625899280577,0.15248847142551922,101.34154654495548,0.0,62.831758857872394,38.50978768708308,60.06001564142661,0.02133582575583347,29.799999999999994,0.20172753278799815,23.339632118187637,1.0
1984-06-30,0.2840287769784173,0.17268460359608515,116.54271202070096,0.0,72.25648145283459,44.28623056786637,67.33238772288834,0.033103901549358265,31.999999999999993,0.19133259080917883,23.02815670209401,0.845875275594581
1984-07-01,0.3158273381294964,0.20068823594869425,138.821961741233,0.0,86.06961627956444,52.75234546166854,77.56768706743077,0.038328925334944024,34.199999999999996,0.18777514400027057,22.90478587610453,0.666916600714635
1984-07-02,0.35035971223021584,0.22533781006756803,160.14378249570262,0.0,99.28914514733563,60.85463734836701,86.86610688400442,0.03714404000962968,36.4,0.18449203955165192,22.7757483460704,0.8771376308662722
1984-07-03,0.3814388489208633,0.25595568481948,186.7118091373533,0.0,115.29908317940287,71.41272595795043,97.71025431984785,0.030379166036617288,38.6,0.18509856866883317,22.782405012102224,1.0
1984-07-04,0.4082014388489209,0.2801288352442215,208.62100380565784,0.0,127.91972502897946,80.7012787766784,106.12203437121447,0.04385233089712798,40.800000000000004,0.1818562486717124,22.63469736238612,0.7578578692172458
1984-07-05,0.43525179856115115,0.3105889934944037,240.4198606886302,0.0,145.51000413253195,94.90985655609823,117.68837485430335,0.03332008234240899,43.00000000000001,0.18031503175822294,22.545870937278835,1.0
1984-07-06,0.4591366906474821,0.336337089316178,267.1279118641187,0.0,159.66680840956536,107.46110345455335,126.87338288207215,0.039232393801102536,45.20000000000001,0.17966025333426053,22.490330177478814,1.0
1984-07-07,0.48661870503597127,0.3661986455150186,300.1209663547579,0.0,176.48161397649184,123.63935237826607,137.6577446670286,0.03536253043742539,47.40000000000001,0.17983192446643745,22.471082101574368,1.0
1984-07-08,0.5107913669064749,0.39359138392550436,332.7547253745128,0.0,192.34691397470155,140.40781139981127,147.70216060677853,0.05622802506518766,49.600000000000016,0.17915622701551379,22.410559896929705,1.0
1984-07-09,0.5395683453237411,0.43128177565072506,380.8576355500113,0.0,214.73908607456582,166.1185494754455,161.72230640446867,0.06108924811446095,51.80000000000002,0.178419243949492,22.343890028638903,0.7003369685314733
1984-07-10,0.5690647482014389,0.46045695191747227,428.31114697109285,0.0,235.66201894089252,192.64912803020033,174.6554844233792,0.06284636150847712,54.00000000000002,0.17548604118278918,22.155381571020826,0.5787207609914862
1984-07-11,0.603021582733813,0.4797871331375814,469.34825375968467,0.0,252.72148509050086,216.62676866918383,185.067442698504,0.06822693726828373,56.200000000000024,0.17404493625179165,22.03782291959589,0.47510633589217804
1984-07-12,0.6375539568345324,0.4894478437238229,502.9312794077178,0.0,265.7077270227439,237.2235523849739,192.88316982257223,0.06388711746743235,58.40000000000003,0.17235115401340098,21.89916705172281,0.49583553172696
1984-07-13,0.6720863309352518,0.49754824539520903,537.7626924560464,0.0,278.1488516846691,259.6138407713773,200.27054689717633,0.06303422801940084,60.60000000000003,0.17109714635303583,21.77970888142916,0.4791504506706073
1984-07-14,0.7061870503597123,0.5030028896847313,573.1156414878149,0.0,289.73301191645874,283.3826295713561,207.06291695678007,0.06039503614006191,62.80000000000003,0.17015373016150848,21.67423822167291,0.5024453798553956
1984-07-15,0.739568345323741,0.5060178205359479,607.0281725388886,0.0,299.8569559638013,307.17121657508727,212.90280466181403,0.06123717016932512,65.00000000000003,0.16912962069469198,21.55937146778015,0.4514200522992853
1984-07-16,0.7733812949640289,0.506494709593606,641.6338051431746,0.0,309.20065782978446,332.4331473133901,218.0836313792464,0.05883440487390308,67.20000000000003,0.16811372786567452,21.440550790293493,0.4537163042294889
1984-07-17,0.8079136690647483,0.5045776527043704,673.401520615158,0.0,316.86018853643617,356.5413320787219,222.1431974537595,0.05477101437288426,69.40000000000003,0.1673527925219788,21.334954233840485,0.806339014740545
1984-07-18,0.8400000000000001,0.5099501285183315,710.1996339101645,0.0,324.6467078165145,385.55292609364994,226.0885742655389,0.034239056441007054,71.60000000000004,0.16763072296178344,21.30039235197384,1.0
1984-07-19,0.864748201438849,0.5167514910960821,740.9724984853765,0.0,330.3145099646399,410.6579885207365,228.91054001261074,0.031424939385194604,73.80000000000004,0.1698800809910378,21.41254472014373,1.0
1984-07-20,0.8893525179856115,0.5210481426944026,762.9345257997006,0.0,333.8950529632404,429.0394728364602,230.6681847782482,0.036201940658631714,76.00000000000004,0.1707621352431486,21.430679176579424,1.0
1984-07-21,0.9109352517985612,0.5281438415463625,802.3550749772555,0.0,339.8081353398736,462.54693963738185,233.37526373121065,0.03747051790077377,78.20000000000005,0.171621222579629,21.450898658922114,1.0
1984-07-22,0.9346762589928058,0.5343722600756857,836.9574001401626,0.0,344.9984841143097,491.9589160258529,235.32876501803514,0.060189102383389204,80.40000000000005,0.16989885668591378,21.267349285837586,0.6860410533087355
1984-07-23,0.9633093525179857,0.537053461433687,890.6215235564805,0.0,353.0481026267574,537.5734209297232,237.5178909343232,0.059800687499771715,82.60000000000005,0.16942150423341787,21.17905961306543,0.6396814755230383
1984-07-24,0.9951079136690648,0.5367010115554586,934.5626157103065,1.9494249516685542,359.4443239546644,573.1688668039736,238.50700188026042,0.04138488753033555,84.80000000000005,0.1693973409542454,21.12710003140012,1.0
1984-07-25,1.0,0.5419528973077409,966.9903040350777,6.825242836472259,363.82089541489967,596.3441657837056,238.60246552056077,0.04234482595337508,87.00000000000006,0.17088892202912315,21.206903890108812,1.0
1984-07-26,1.0245,0.5482358851599926,1006.2589781116508,13.370021849234465,369.05671862510945,623.8322376373069,238.60246552056077,0.03260276205566038,87.00000000000006,0.16871829093888002,21.01805898525766,1.0
1984-07-27,1.046625,0.5519761026499277,1031.1605592696742,19.55391450347696,372.1735665333887,639.4330782328086,238.60246552056077,0.0449350941201974,87.00000000000006,0.16847544927543326,20.99693176053779,1.0
1984-07-28,1.0699999999999998,0.5579094487586731,1073.1368317050853,33.07377225038224,377.1180216240098,662.9450378306932,238.60246552056077,0.06249204966787243,87.00000000000006,0.16933281128336267,21.07152225522765,0.805361721801691
1984-07-29,1.0976249999999999,0.5601161186713939,1124.4319745017065,53.59182936903062,382.76048733163816,688.0796578010376,238.60246552056077,0.0584826463714436,87.00000000000006,0.1664830234753869,20.82359071593376,0.7730382640348047
1984-07-30,1.1255,0.5602323981565187,1169.3945527027704,75.71716472547088,387.2923405261538,706.3850474511459,238.60246552056077,0.05740112664948999,87.00000000000006,0.16546878465763898,20.73535193878969,0.7899394266620046
1984-07-31,1.1521249999999998,0.5591402153874417,1212.6325751860102,102.84902383370382,390.5135732011551,719.2699781511513,238.60246552056077,0.05424919004507936,87.00000000000006,0.1645478616113593,20.655231633763357,0.6008480100790533
1984-08-01,1.1797499999999999,0.5518376387144149,1248.8587862740665,130.40358564255655,392.2479030569958,726.2072975745141,238.60246552056077,0.052987357474833935,87.00000000000006,0.16361670475143444,20.574220986949896,0.48009525269604475
1984-08-02,1.208,0.5407223911657022,1281.9993778458604,160.1886923177065,392.91900003632463,728.8916854918294,238.60246552056077,0.050720377477232396,87.00000000000006,0.1626359744587903,20.488897451489855,0.45698893430528537
1984-08-03,1.237125,0.5286489552932719,1310.6011759821592,188.7904904540053,392.91900003632463,728.8916854918294,238.60246552056077,0.04894421472163939,87.00000000000006,0.16169696493260494,20.407203622711727,0.419663981648039
1984-08-04,1.267125,0.5162426986149952,1331.3643701187966,209.55368459064266,392.91900003632463,728.8916854918294,238.60246552056077,0.04576345043536664,87.00000000000006,0.1607501550379761,20.32483116187902,0.43554346972152586
1984-08-05,1.297125,0.5044712193722614,1350.2503022734486,228.43961674529476,392.91900003632463,728.8916854918294,238.60246552056077,0.04812086446657803,87.00000000000006,0.16175096923101356,20.41190199667328,0.39194188909713173
1984-08-06,1.327125,0.492272279871943,1364.5920476873875,242.78136215923348,392.9190000363247,728.8916854918294,238.60246552056077,0.0417241097665339,87.00000000000006,0.1588777316386838,20.16193032614059,0.38664825682771853
1984-08-07,1.3571250000000001,0.48019160606899564,1378.9359017182944,257.12521619014046,392.91900003632463,728.8916854918294,238.60246552056077,0.0391168249788553,87.00000000000006,0.15811419133956017,20.095502320116836,0.40417188932787196
1984-08-08,1.3865,0.46890247055178336,1392.8782793588198,271.0675938306658,392.91900003632463,728.8916854918294,238.60246552056077,0.0369347471470607,87.00000000000006,0.15742294719590152,20.03536407961853,0.5097679791848589
1984-08-09,1.4132500000000001,0.4598480476398575,1413.7057745584502,291.8950890302963,392.91900003632463,728.8916854918294,238.60246552056077,0.04575114605606458,87.00000000000006,0.16131800699453525,20.374234282099664,1.0
1984-08-10,1.4392500000000001,0.4598480476398575,1443.3024126794048,321.4917271512508,392.91900003632463,728.8916854918294,238.60246552056077,0.038888607868777486,87.00000000000006,0.15922795325730313,20.19239960696047,0.4364786679105566
1984-08-11,1.4685000000000001,0.44961262512770034,1458.7707932017524,336.9601076735983,392.9190000363247,728.8916854918294,238.60246552056077,0.03670537800126058,87.00000000000006,0.15765003387430507,20.05512062063964,0.37508327996067764
1984-08-12,1.4985000000000002,0.438773452522806,1467.4187424657996,345.6080569376457,392.91900003632463,728.8916854918294,238.60246552056077,0.03432194074988695,87.00000000000006,0.15680664183253606,19.981745513005734,0.3898428725503237
1984-08-13,1.5280000000000002,0.42838869281731,1475.3817180360652,353.571032507911,392.9190000363247,728.8916854918294,238.60246552056077,0.03238217997754076,87.00000000000006,0.15612997961915734,19.922875900441788,0.4212859147018677
1984-08-14,1.5546250000000001,0.41871938198481595,1489.6495050707172,367.838819542563,392.9190000363247,728.8916854918294,238.60246552056077,0.032135763921980615,87.00000000000006,0.15620159388873925,19.929106341895412,0.5289239966981961
1984-08-15,1.5768750000000002,0.41120283429678284,1509.6080281148277,387.7973425866737,392.91900003632463,728.8916854918294,238.60246552056077,0.03139166383381724,87.00000000000006,0.15577626523647145,19.892102749148115,0.3577218436591898
1984-08-16,1.5980000000000003,0.4011010199174218,1526.8905013381452,405.0798158099912,392.91900003632463,728.8916854918294,238.6024655205608,0.028617243934171584,87.00000000000006,0.15401284348649566,19.738685056900223,0.33173465757399917
1984-08-17,1.6192500000000003,0.39088605328529374,1541.1243356287368,419.3136501005828,392.91900003632463,728.8916854918294,238.60246552056077,0.02698454684226569,87.00000000000006,0.1533515431806917,19.681151930295275,0.33446503893063734
1984-08-18,1.6427500000000004,0.38107825426391,1552.2201824851759,430.4094969570218,392.91900003632463,728.8916854918293,238.60246552056077,0.025773273288796285,87.00000000000006,0.15272538708335934,19.626676349827363,0.48222885001953514
1984-08-19,1.6675000000000004,0.3736003542702193,1565.1847509508461,443.3740654226922,392.91900003632463,728.8916854918293,238.60246552056077,0.024298943416678535,87.00000000000006,0.15223367220448458,19.583897155365257,0.39445548245896406
1984-08-20,1.6927500000000004,0.3649906351239275,1575.3980610423496,453.5873755141956,392.91900003632463,728.8916854918293,238.60246552056077,0.02320269234749513,87.00000000000006,0.15167609651400948,19.535388070293923,0.35047996028960426
1984-08-21,1.7186250000000005,0.356072498916615,1583.41363371567,461.602948187516,392.91900003632463,728.8916854918293,238.60246552056077,0.023358263829096,87.00000000000006,0.1523481834324074,19.593859632194544,0.3908129758576162
1984-08-22,1.7441250000000006,0.3479508523410924,1593.6459399135056,471.8352543853515,392.91900003632463,728.8916854918293,238.60246552056077,0.021206468109617613,87.00000000000006,0.1505658671531475,19.43879811589893,0.3082638720089507
1984-08-23,1.7730000000000006,0.33889720692346653,1596.5631710943542,474.75248556620016,392.91900003632463,728.8916854918293,238.60246552056077,0.020224488973790603,87.00000000000006,0.15025807853685202,19.412020506281223,0.35022255791504103
1984-08-24,1.7991250000000005,0.33069506789636954,1603.6039648209482,481.79327929279424,392.91900003632463,728.8916854918293,238.60246552056077,0.020553812919121107,87.00000000000006,0.15085352340453945,19.46382420977003,0.30816055583932456
1984-08-25,1.8271250000000006,0.30604699512657374,1607.7442524058579,485.93356687770404,392.91900003632463,728.8916854918293,238.6024655205608,0.017259674820892974,87.00000000000006,0.14898086100927968,19.30090258138243,0.3428675771546685
1984-08-26,1.8531250000000006,0.278654256716088,1613.3559473791192,491.54526185096523,392.91900003632463,728.8916854918293,238.6024655205608,0.015998956176056314,87.00000000000006,0.14923501019724025,19.323013560735,0.3265567064247067
1984-08-27,1.8795000000000006,0.24096386499086728,1617.6280028062579,495.81731727810387,392.91900003632463,728.8916854918293,238.6024655205608,0.013164703483515906,87.00000000000006,0.1481185940658357,19.225885357302804,0.32983676650966437
1984-08-28,1.9053750000000007,0.2068271795030398,1620.4158365885064,498.6051510603524,392.91900003632463,728.8916854918293,238.60246552056077,0.011123846544347109,87.00000000000006,0.14765886269176573,19.185888727758716,0.27384964218641605
1984-08-29,1.9323750000000006,0.17989707665819782,1620.9435429095176,499.1328573813637,392.91900003632463,728.8916854918293,238.60246552056077,0.009456837010753562,87.00000000000006,0.14722854804209254,19.14845135323715,0.2992105187106968
1984-08-30,1.9593750000000005,0.16018846023596028,1621.3062198073308,499.4955342791767,392.9190000363247,728.8916854918293,238.60246552056077,0.00844487232251923,87.00000000000006,0.14713677600909675,19.140467186366514,0.2667512755656166
1984-08-31,1.9865000000000006,0.15611501564842478,1621.3062198073308,499.4955342791767,392.9190000363247,728.8916854918293,238.60246552056077,0.009634154277256201,87.00000000000006,0.14712585848941473,19.13951736215418,0.574722287554998
1984-09-01,2.0,0.14207825862515333,1625.3108109535428,503.50012542538883,392.91900003632463,728.8916854918293,238.60246552056077,0.00866313309717879,87.00000000000006,0.14625136009104164,19.06343600149572,0.5927145853874307
1984-09-02,,,,,,,,,,0.14632725077140024,19.07003849068692,
1984-09-03,,,,,,,,,,0.1406311563502023,19.01307754647494,
1984-09-04,,,,,,,,,,0.1384729650670168,18.991495633643083,
1984-09-05,,,,,,,,,,0.13620440099571635,18.96880999293008,
1984-09-06,,,,,,,,,,0.1339232982707993,18.94599896568091,
1984-09-07,,,,,,,,,,0.1662018454388406,19.268784437361322,
1984-09-08,,,,,,,,,,0.14694140833732522,19.07618006634617,
1984-09-09,,,,,,,,,,0.144124679688846,19.048012779861377,
1984-09-10,,,,,,,,,,0.16541010603021344,19.260867043275052,
1984-09-11,,,,,,,,,,0.16384684161194848,19.2452343990924,
1984-09-12,,,,,,,,,,0.1508385780881642,19.11515176385456,
1984-09-13,,,,,,,,,,0.1484509999500802,19.091275982473718,
1984-09-14,,,,,,,,,,0.14647159211340594,19.071481904106975,
1984-09-15,,,,,,,,,,0.1475211183799974,19.08197716677289,
1984-09-16,,,,,,,,,,0.14285911564885403,19.035357139461457,
1984-09-17,,,,,,,,,,0.1418922131584689,19.025688114557607,
1984-09-18,,,,,,,,,,0.14052873563203988,19.012053339293317,
1984-09-19,,,,,,,,,,0.14026173531764463,19.009383336149362,
1984-09-20,,,,,,,,,,0.13776756372937377,18.984441620266654,
1984-09-21,,,,,,,,,,0.13595358705071217,18.96630185348004,
1984-09-22,,,,,,,,,,0.13407041309879794,18.947470113960897,
1984-09-23,,,,,,,,,,0.13217205440743918,18.92848652704731,
1984-09-24,,,,,,,,,,0.1303528717069031,18.91029470004195,
1984-09-25,,,,,,,,,,0.14460497516579074,19.052815734630823,
1984-09-26,,,,,,,,,,0.1617231499069111,19.223997482042027,
1984-09-27,,,,,,,,,,0.15493195888007927,19.15608557177371,
1984-09-28,,,,,,,,,,0.1520172088498037,19.126938071470953,
1984-09-29,,,,,,,,,,0.15180857872714312,19.124851770244348,
1984-09-30,,,,,,,,,,0.14148816232815256,19.021647606254444,
1984-10-01,,,,,,,,,,0.14924136134625318,19.099179596435448,
1984-10-02,,,,,,,,,,0.1698848749075947,19.305614732048863,
1984-10-03,,,,,,,,,,0.19084865075852556,19.515252490558172,
1984-10-04,,,,,,,,,,0.17633341896625856,19.370100172635503,
1984-10-05,,,,,,,,,,0.17315644213519873,19.338330404324903,
1984-10-06,,,,,,,,,,0.1723719634342656,19.330485617315574,
1984-10-07,,,,,,,,,,0.1711957791910515,19.31872377488343,
1984-10-08,,,,,,,,,,0.17004621419641064,19.307228124937023,
1984-10-09,,,,,,,,,,0.16960446924062092,19.302810675379124,
1984-10-10,,,,,,,,,,0.17373237401178968,19.344089723090814,
1984-10-11,,,,,,,,,,0.16746387041925345,19.281404687165452,
1984-10-12,,,,,,,,,,0.16725735772451333,19.279339560218048,
1984-10-13,,,,,,,,,,0.16662619728203462,19.273027955793264,
1984-10-14,,,,,,,,,,0.1640529655651175,19.24729563862409,
1984-10-15,,,,,,,,,,0.16335278276556003,19.24029381062852,
1984-10-16,,,,,,,,,,0.16251424560285693,19.231908439001486,
1984-10-17,,,,,,,,,,0.1615267278904089,19.222033261877005,
1984-10-18,,,,,,,,,,0.16043759798310145,19.211141962803932,
1984-10-19,,,,,,,,,,0.15926127555407152,19.19937873851363,
1984-10-20,,,,,,,,,,0.1579090436419705,19.18585641939262,
1984-10-21,,,,,,,,,,0.15685173132726518,19.175283296245567,
1984-10-22,,,,,,,,,,0.15535153913735175,19.160281374346432,
1984-10-23,,,,,,,,,,0.15368044121615793,19.143570395134496,
1984-10-24,,,,,,,,,,0.1527679725870961,19.134445708843877,
1984-10-25,,,,,,,,,,0.1518288406953358,19.125054389926273,
1984-10-26,,,,,,,,,,0.15066730218211044,19.11343900479402,
1984-10-27,,,,,,,,,,0.1498162509570749,19.104928492543664,
1984-10-28,,,,,,,,,,0.1490313643644982,19.097079626617898,
1984-10-29,,,,,,,,,,0.14803799356957417,19.087145918668657,
1984-10-30,,,,,,,,,,0.14713188391110635,19.07808482208398,
1984-10-31,,,,,,,,,,0.1460720889698792,19.067486872671708,
1984-11-01,,,,,,,,,,0.1453063368525382,19.059829351498298,
1984-11-02,,,,,,,,,,0.14470094705186498,19.053775453491568,
1984-11-03,,,,,,,,,,0.1440928072124109,19.047694055097026,
1984-11-04,,,,,,,,,,0.1429726382704091,19.036492365677006,
1984-11-05,,,,,,,,,,0.14183446095139035,19.02511059248682,
1984-11-06,,,,,,,,,,0.1410148056936425,19.01691403990934,
1984-11-07,,,,,,,,,,0.14006449817515387,19.007410964724457,
1984-11-08,,,,,,,,,,0.13959629707277366,19.002728953700654,
1984-11-09,,,,,,,,,,0.15160371301907222,19.122803113163638,
1984-11-10,,,,,,,,,,0.20829583367719923,19.689724319744908,
1984-11-11,,,,,,,,,,0.24187775909685594,20.025543573941476,
1984-11-12,,,,,,,,,,0.23829395145829055,19.98970549755582,
1984-11-13,,,,,,,,,,0.2398731484341507,20.005497467314424,
1984-11-14,,,,,,,,,,0.23840327245434506,19.99079870751637,
1984-11-15,,,,,,,,,,0.2465428836604206,20.072194819577124,
1984-11-16,,,,,,,,,,0.2385924945135005,19.992690928107923,
1984-11-17,,,,,,,,,,0.23675613836143924,19.97432736658731,
1984-11-18,,,,,,,,,,0.23696959146009888,19.976461897573905,
1984-11-19,,,,,,,,,,0.23612165832227366,19.96798256619565,
1984-11-20,,,,,,,,,,0.23535555148897952,19.96032149786271,
1984-11-21,,,,,,,,,,0.2350291923903855,19.95705790687677,
1984-11-22,,,,,,,,,,0.23468740663276452,19.95364004930056,
1984-11-23,,,,,,,,,,0.23441958307096916,19.950961813682607,
1984-11-24,,,,,,,,,,0.2340403001085162,19.947168984058077,
1984-11-25,,,,,,,,,,0.2337114197238436,19.94388018021135,
1984-11-26,,,,,,,,,,0.2332412096395308,19.939178079368226,
1984-11-27,,,,,,,,,,0.23431680112235687,19.949933994196485,
1984-11-28,,,,,,,,,,0.2325968671744393,19.932734654717308,
1984-11-29,,,,,,,,,,0.23226847300398692,19.929450713012784,
1984-11-30,,,,,,,,,,0.23185927203434048,19.92535870331632,
1984-12-01,,,,,,,,,,0.2313245004450119,19.920010987423037,
1984-12-02,,,,,,,,,,0.23075891990296968,19.914355182002613,
1984-12-03,,,,,,,,,,0.23027328208024925,19.90949880377541,
1984-12-04,,,,,,,,,,0.22984792257811804,19.905245208754096,
1984-12-05,,,,,,,,,,0.229424555230299,19.901011535275906,
1984-12-06,,,,,,,,,,0.22912350406352683,19.898001023608185,
1984-12-07,,,,,,,,,,0.22877235698341294,19.894489552807045,
1984-12-08,,,,,,,,,,0.22973688473792317,19.90413483035215,
1984-12-09,,,,,,,,,,0.240470946065165,20.011475443624565,
1984-12-10,,,,,,,,,,0.2365560047707122,19.972326030680037,
1984-12-11,,,,,,,,,,0.23601193502425097,19.966885333215426,
1984-12-12,,,,,,,,,,0.23614113284740962,19.968177311447015,
1984-12-13,,,,,,,,,,0.24035506701692255,20.01031665314214,
1984-12-14,,,,,,,,,,0.2430426864494284,20.0371928474672,
1984-12-15,,,,,,,,,,0.25013397817052946,20.10810576467821,
1984-12-16,,,,,,,,,,0.26508533942622764,20.257619377235194,
1984-12-17,,,,,,,,,,0.26145879250411497,20.221353908014066,
1984-12-18,,,,,,,,,,0.2624082891803202,20.230848874776118,
1984-12-19,,,,,,,,,,0.2610071317031618,20.216837300004535,
1984-12-20,,,,,,,,,,0.26082706342549306,20.215036617227845,
1984-12-21,,,,,,,,,,0.2606478616044115,20.21324459901703,
1984-12-22,,,,,,,,,,0.26036034386571016,20.21036942163002,
1984-12-23,,,,,,,,,,0.2600732872465331,20.20749885543825,
1984-12-24,,,,,,,,,,0.25980431924523834,20.2048091754253,
1984-12-25,,,,,,,,,,0.25967897200403217,20.203555703013237,
1984-12-26,,,,,,,,,,0.2595441757584299,20.202207740557217,
1984-12-27,,,,,,,,,,0.2593837273106017,20.200603256078935,
1984-12-28,,,,,,,,,,0.2592406636249976,20.199172619222892,
1984-12-29,,,,,,,,,,0.2590659408140995,20.19742539111391,
1984-12-30,,,,,,,,,,0.2588304630208271,20.195070613181187,
1984-12-31,,,,,,,,,,0.2585950004518939,20.192715987491855,
1985-01-01,,,,,,,,,,0.2584238694074313,20.19100467704723,
1985-01-02,,,,,,,,,,0.2582743759652208,20.189509742625123,
1985-01-03,,,,,,,,,,0.2599252853936174,20.20601883690909,
1985-01-04,,,,,,,,,,0.26139399692813564,20.220705952254274,
1985-01-05,,,,,,,,,,0.2578723101065535,20.18548908403845,
1985-01-06,,,,,,,,,,0.2576763425141935,20.18352940811485,
1985-01-07,,,,,,,,,,0.2584067405419489,20.190833388392406,
1985-01-08,,,,,,,,,,0.2573818480378071,20.18058446335099,
1985-01-09,,,,,,,,,,0.25711444085001434,20.17791039147306,
1985-01-10,,,,,,,,,,0.2567876029086837,20.174642012059753,
1985-01-11,,,,,,,,,,0.25630163964684816,20.169782379441397,
1985-01-12,,,,,,,,,,0.2559887938215195,20.16665392118811,
1985-01-13,,,,,,,,,,0.25569547753415556,20.163720758314472,
1985-01-14,,,,,,,,,,0.255279332468467,20.159559307657588,
1985-01-15,,,,,,,,,,0.2548631847069323,20.15539783004224,
1985-01-16,,,,,,,,,,0.25441161324088435,20.150882115381762,
1985-01-17,,,,,,,,,,0.2540709641118777,20.147475624091694,
1985-01-18,,,,,,,,,,0.25385828305872216,20.145348813560137,
1985-01-19,,,,,,,,,,0.2536548911607014,20.14331489457993,
1985-01-20,,,,,,,,,,0.2534025455795047,20.140791438767963,
1985-01-21,,,,,,,,,,0.25299679762111027,20.13673395918402,
1985-01-22,,,,,,,,,,0.2556925762331578,20.163691745304494,
1985-01-23,,,,,,,,,,0.2529839993516249,20.136605976489165,
1985-01-24,,,,,,,,,,0.2619451013999768,20.226216996972685,
1985-01-25,,,,,,,,,,0.25693905630727804,20.176156546045696,
1985-01-26,,,,,,,,,,0.2567729242487344,20.174495225460262,
1985-01-27,,,,,,,,,,0.25661621505537113,20.17292813352663,
1985-01-28,,,,,,,,,,0.25647523250468035,20.17151830801972,
1985-01-29,,,,,,,,,,0.25613141587484456,20.16808014172136,
1985-01-30,,,,,,,,,,0.255860453558702,20.165370518559936,
1985-01-31,,,,,,,,,,0.25547418563768703,20.161507839349788,
1985-02-01,,,,,,,,,,0.2550667605868724,20.15743358884164,
1985-02-02,,,,,,,,,,0.25435718818166353,20.150337864789552,
1985-02-03,,,,,,,,,,0.2536821161982238,20.143587144955156,
1985-02-04,,,,,,,,,,0.25405237197909175,20.147289702763835,
1985-02-05,,,,,,,,,,0.25322813284798396,20.139047311452757,
1985-02-06,,,,,,,,,,0.25301208668674907,20.13688684984041,
1985-02-07,,,,,,,,,,0.25304226225833204,20.137188605556236,
1985-02-08,,,,,,,,,,0.25561183369140617,20.162884319886977,
1985-02-09,,,,,,,,,,0.2542617555911849,20.149383538884766,
1985-02-10,,,,,,,,,,0.2522348502202702,20.12911448517562,
1985-02-11,,,,,,,,,,0.2517491839975265,20.12425782294818,
1985-02-12,,,,,,,,,,0.2515110410176868,20.121876393149783,
1985-02-13,,,,,,,,,,0.25085756361020467,20.115341619074965,
1985-02-14,,,,,,,,,,0.2503283236980152,20.11004921995307,
1985-02-15,,,,,,,,,,0.24990814520229926,20.10584743499591,
1985-02-16,,,,,,,,,,0.24959231753892924,20.10268915836221,
1985-02-17,,,,,,,,,,0.250900269548742,20.115768678460338,
1985-02-18,,,,,,,,,,0.2528646003896594,20.13541198686951,
1985-02-19,,,,,,,,,,0.249314120972415,20.099907192697067,
1985-02-20,,,,,,,,,,0.24964396335622618,20.103205616535178,
1985-02-21,,,,,,,,,,0.2482200046299016,20.088966029271933,
1985-02-22,,,,,,,,,,0.2478183697867379,20.084949680840296,
1985-02-23,,,,,,,,,,0.24740479205396837,20.0808139035126,
1985-02-24,,,,,,,,,,0.2469506922197197,20.076272905170114,
1985-02-25,,,,,,,,,,0.2466843909375794,20.07360989234871,
1985-02-26,,,,,,,,,,0.25005687428387746,20.10733472581169,
1985-02-27,,,,,,,,,,0.25287591588639013,20.13552514183682,
1985-02-28,,,,,,,,,,0.248426217538286,20.091028158355776,
1985-03-01,,,,,,,,,,0.24817037503095837,20.0884697332825,
1985-03-02,,,,,,,,,,0.24849479493018295,20.091713932274747,
1985-03-03,,,,,,,,,,0.2478106177855543,20.08487216082846,
1985-03-04,,,,,,,,,,0.24732102691071867,20.079976252080105,
1985-03-05,,,,,,,,,,0.24691284694606286,20.075894452433545,
1985-03-06,,,,,,,,,,0.24631093730866108,20.069875356059526,
1985-03-07,,,,,,,,,,0.26461012343892965,20.252867217362212,
1985-03-08,,,,,,,,,,0.26741833243113083,20.280949307284224,
1985-03-09,,,,,,,,,,0.2712451885105708,20.319217868078624,
1985-03-10,,,,,,,,,,0.2635041378707257,20.241807361680173,
1985-03-11,,,,,,,,,,0.26542059098735254,20.26097189284644,
1985-03-12,,,,,,,,,,0.26231415520704066,20.229907535043324,
1985-03-13,,,,,,,,,,0.26185777123056286,20.225343695278546,
1985-03-14,,,,,,,,,,0.26144820474621944,20.22124803043511,
1985-03-15,,,,,,,,,,0.2608252161807524,20.21501814478044,
1985-03-16,,,,,,,,,,0.2599760706760266,20.20652668973318,
1985-03-17,,,,,,,,,,0.259331508077795,20.200081063750865,
1985-03-18,,,,,,,,,,0.26017810601494484,20.208547043122365,
1985-03-19,,,,,,,,,,0.2599033300213382,20.2057992831863,
1985-03-20,,,,,,,,,,0.2580711059815568,20.187477042788483,
1985-03-21,,,,,,,,,,0.2571958355044961,20.17872433801788,
1985-03-22,,,,,,,,,,0.2564427135492243,20.17119311846516,
1985-03-23,,,,,,,,,,0.25562606673189286,20.163026650291844,
1985-03-24,,,,,,,,,,0.2546894010975019,20.153659993947937,
1985-03-25,,,,,,,,,,0.2649076701492127,20.255842684465044,
1985-03-26,,,,,,,,,,0.2553680486419136,20.160446469392053,
1985-03-27,,,,,,,,,,0.27098211774633174,20.316587160436235,
1985-03-28,,,,,,,,,,0.258581491989211,20.192580902865025,
1985-03-29,,,,,,,,,,0.25836634111816176,20.190429394154535,
1985-03-30,,,,,,,,,,0.2571251367786857,20.178017350759774,
1985-03-31,,,,,,,,,,0.2561251220688703,20.16801720366162,
1985-04-01,,,,,,,,,,0.2549580838587683,20.1563468215606,
1985-04-02,,,,,,,,,,0.2541382651191816,20.148148634164734,
1985-04-03,,,,,,,,,,0.25306517758911107,20.13741775886403,
1985-04-04,,,,,,,,,,0.25201400907131777,20.126906073686094,
1985-04-05,,,,,,,,,,0.2510500621564468,20.117266604537384,
1985-04-06,,,,,,,,,,0.2537710271497326,20.14447625447024,
1985-04-07,,,,,,,,,,0.24989277943169402,20.105693777289858,
1985-04-08,,,,,,,,,,0.2487543043278008,20.094309026250926,
1985-04-09,,,,,,,,,,0.24743679407163274,20.081133923689244,
1985-04-10,,,,,,,,,,0.2579516594532917,20.186282577505835,
1985-04-11,,,,,,,,,,0.24761213708234772,20.082887353796394,
1985-04-12,,,,,,,,,,0.24497583051279143,20.05652428810083,
1985-04-13,,,,,,,,,,0.24533719264954407,20.060137909468356,
1985-04-14,,,,,,,,,,0.24326781697292138,20.03944415270213,
1985-04-15,,,,,,,,,,0.2423406245626592,20.030172228599508,
1985-04-16,,,,,,,,,,0.24143963023335452,20.021162285306463,
1985-04-17,,,,,,,,,,0.24024965682319924,20.00926255120491,
1985-04-18,,,,,,,,,,0.23898230798359693,19.996589062808887,
1985-04-19,,,,,,,,,,0.23737000418204937,19.98046602479341,
1985-04-20,,,,,,,,,,0.23610392974124556,19.96780528038537,
1985-04-21,,,,,,,,,,0.23481153895270862,19.954881372500004,
1985-04-22,,,,,,,,,,0.23368565185860488,19.943622501558966,
1985-04-23,,,,,,,,,,0.23229131992989233,19.92967918227184,
1985-04-24,,,,,,,,,,0.23080841175812877,19.914850100554204,
1985-04-25,,,,,,,,,,0.23385551933481757,19.94532117632109,
1985-04-26,,,,,,,,,,0.2422097591535274,20.02886357450819,
1985-04-27,,,,,,,,,,0.22789657217759318,19.88573170474885,
1985-04-28,,,,,,,,,,0.22638801229642747,19.87064610593719,
1985-04-29,,,,,,,,,,0.22483071386859033,19.85507312165882,
1985-04-30,,,,,,,,,,0.2228943927087197,19.835709910060114,
1985-05-01,,,,,,,,,,0.22113445234620094,19.818110506434927,
1985-05-02,,,,,,,,,,0.2203843088825952,19.81060907179887,
1985-05-03,,,,,,,,,,0.2360975723831173,19.96774170680409,
1985-05-04,,,,,,,,,,0.23108540454027898,19.91762002837571,
1985-05-05,,,,,,,,,,0.23160882732274377,19.922854256200353,
1985-05-06,,,,,,,,,,0.23797876999519613,19.986553682924878,
1985-05-07,,,,,,,,,,0.22289279350421057,19.83569391801502,
1985-05-08,,,,,,,,,,0.22015434026050534,19.80830938557797,
1985-05-09,,,,,,,,,,0.21987205018800543,19.80548648485297,
1985-05-10,,,,,,,,,,0.22128689363424528,19.81963491931537,
1985-05-11,,,,,,,,,,0.21743692712397808,19.781135254212696,
1985-05-12,,,,,,,,,,0.2196454484201603,19.80322046717452,
1985-05-13,,,,,,,,,,0.24363475392032125,20.043113522176128,
1985-05-14,,,,,,,,,,0.2329497678878792,19.936263661851708,
1985-05-15,,,,,,,,,,0.2537018882469458,20.143784865442374,
1985-05-16,,,,,,,,,,0.24516869492866325,20.05845293225955,
1985-05-17,,,,,,,,,,0.23921921534565102,19.998958136429426,
1985-05-18,,,,,,,,,,0.24145715454940503,20.021337528466965,
1985-05-19,,,,,,,,,,0.2384931281144969,19.991697264117885,
1985-05-20,,,,,,,,,,0.23616744293796002,19.968440412352518,
1985-05-21,,,,,,,,,,0.23475864705618216,19.95435245353474,
1985-05-22,,,,,,,,,,0.23344239578219955,19.941189940794914,
1985-05-23,,,,,,,,,,0.2320516090423222,19.92728207339614,
1985-05-24,,,,,,,,,,0.23096650089774062,19.91643099195032,
1985-05-25,,,,,,,,,,0.22924650049264872,19.899230987899404,
1985-05-26,,,,,,,,,,0.2276655450750563,19.88342143372348,
1985-05-27,,,,,,,,,,0.2613599639112344,20.22036562208526,
1985-05-28,,,,,,,,,,0.23613971104989923,19.968163093471908,
1985-05-29,,,,,,,,,,0.23499310712043023,19.95669705417722,
1985-05-30,,,,,,,,,,0.23412069128867943,19.94797289585971,
1985-05-31,,,,,,,,,,0.23324972970066443,19.93926327997956,
1985-06-01,,,,,,,,,,0.23307247794047678,19.937490762377685,
1985-06-02,,,,,,,,,,0.2308416811666758,19.915182794639676,
1985-06-03,,,,,,,,,,0.22985275546710385,19.905293537643956,
1985-06-04,,,,,,,,,,0.23131397083625016,19.91990569133542,
1985-06-05,,,,,,,,,,0.22908866903607458,19.897652673333663,
1985-06-06,,,,,,,,,,0.23268162995240824,19.933582282497,
1985-06-07,,,,,,,,,,0.2264886890444328,19.871652873417244,
1985-06-08,,,,,,,,,,0.2241838187226765,19.848604170199682,
1985-06-09,,,,,,,,,,0.2223178697652306,19.82994468062522,
1985-06-10,,,,,,,,,,0.22145497304066084,19.821315713379526,
1985-06-11,,,,,,,,,,0.22114888653480494,19.818254848320965,
1985-06-12,,,,,,,,,,0.2207819261880021,19.81458524485294,
1985-06-13,,,,,,,,,,0.21966318882173047,19.80339787119022,
1985-06-14,,,,,,,,,,0.21781193308354646,19.78488531380838,
1985-06-15,-0.1,0.04836,30.0,0.0,18.6,11.4,20.0,0.0,10.0,0.21638819432398412,19.770647926212757,0.0
1985-06-16,-0.08063636363636364,0.04836,30.0,0.0,18.6,11.4,20.0,0.0,10.0,0.21607246354856202,19.767490618458538,0.0
1985-06-17,-0.061727272727272735,0.04836,30.0,0.0,18.6,11.4,20.0,0.0,10.0,0.21892976410692894,19.796063624042205,0.0
1985-06-18,-0.042090909090909095,0.04836,30.0,0.0,18.6,11.4,20.0,0.0,10.0,0.21370218908723765,19.743787873845292,0.0
1985-06-19,-0.022272727272727277,0.04836,30.0,0.0,18.6,11.4,20.0,0.0,10.0,0.21183933802550942,19.72515936322801,0.0
1985-06-20,-0.0027272727272727344,0.04836,30.0,0.0,18.6,11.4,20.0,0.0,10.0,0.2098444232924292,19.70521021589721,0.0
1985-06-21,0.0,0.04836,30.0,0.0,18.6,11.4,20.0,0.00418983034608588,10.0,0.20839685857089027,19.69073456868182,1.0
1985-06-22,0.02273381294964029,0.05225955864737733,32.419081046760134,0.0,20.09983024899128,12.31925079776885,21.612720697840086,0.003860127783649933,12.2,0.2163698276955528,19.894342561199203,1.0
1985-06-23,0.04618705035971223,0.056426263450864336,35.045098105594825,0.0,21.72796082546879,13.317137280126033,23.314208395229873,0.003595134965289482,14.399999999999999,0.20835156914578298,19.902757939353275,1.0
1985-06-24,0.0660431654676259,0.05961517919513667,37.08848619169248,0.0,22.99486143884934,14.093624752843144,24.59959400024131,0.008059917859097768,16.599999999999998,0.208826959213512,20.016887546938843,1.0
1985-06-25,0.08719424460431655,0.06905172212295199,43.22206258897684,0.0,26.797678805165642,16.424383783811198,28.36186827991363,0.013195300186387936,18.799999999999997,0.19130004068812625,19.794665469271862,1.0
1985-06-26,0.11366906474820143,0.08301262937032743,52.43737475738719,0.0,32.51117234958006,19.926202407807132,33.863781069095985,0.014393655071973427,20.999999999999996,0.18541959723767354,19.739900926666774,0.8659360656184537
1985-06-27,0.1414388489208633,0.09788320462432851,62.676671435150915,0.0,38.85953628979357,23.817135145357348,39.77222932222808,0.016281675639817333,23.199999999999996,0.18183270696836806,19.71247286668231,0.687594962415748
1985-06-28,0.17266187050359713,0.11108036399972533,72.39813996306461,0.0,44.886846777100054,27.51129318596455,45.18306079409045,0.016977434801725304,25.399999999999995,0.17871198301684912,19.68110311398468,0.7069162292051754
1985-06-29,0.20028776978417268,0.12680386388646095,84.18688671784741,0.0,52.195869765065396,31.991016952782015,51.48080188604948,0.01807927642443902,27.599999999999994,0.1760916989674341,19.649814317198434,0.736027535977247
1985-06-30,0.22820143884892088,0.14322461093499655,96.76845223473418,0.0,59.99644038553519,36.77201184919899,57.95972122886343,0.019428573189146852,29.799999999999994,0.17392911607651929,19.62063576511807,0.6838142981708318
1985-07-01,0.2565467625899281,0.160416593444296,110.49385365358197,0.0,68.50618926522083,41.98766438836115,64.76717526246563,0.020949789127862196,31.999999999999993,0.17200082474057996,19.589439178076894,0.8649488439531052
1985-07-02,0.2846043165467626,0.18052835963726988,126.18462002771368,0.0,78.23446441718248,47.9501556105312,72.25454791365122,0.02328568218868776,34.199999999999996,0.17048683183810684,19.563927115582132,1.0
1985-07-03,0.30892086330935253,0.2053539348111765,145.35070844583234,0.0,90.11743923641605,55.23326920941629,81.05258480642912,0.025369269894467895,36.4,0.17060018836435972,19.590989003522115,0.7531855064164636
1985-07-04,0.3359712230215828,0.22807463890196797,164.60187554990637,0.0,102.05316284094195,62.54871270896443,89.55811570316719,0.026018283335403698,38.6,0.16748576190013245,19.493957236745075,0.5611643659446771
1985-07-05,0.3658992805755396,0.2465757378695096,182.43631103854324,0.0,113.01950940002347,69.41680163851979,97.04271333597373,0.027621046328669824,40.800000000000004,0.167263905723784,19.501238861270892,0.6359796487954114
1985-07-06,0.39453237410071945,0.26635351187010453,202.40746350732496,0.0,124.78895756199536,77.61850594532962,104.950225911889,0.03206412360089568,43.00000000000001,0.16840300451689974,19.566065382307734,1.0
1985-07-07,0.4172661870503597,0.29966058122754935,233.57553701559885,0.0,142.39437332543739,91.18116369016148,116.60644334770771,0.03764530235219771,45.20000000000001,0.17117204296757108,19.7095772105558,0.9078775023444042
1985-07-08,0.44474820143884897,0.33080273807174776,265.39696097514985,0.0,159.7506395664179,105.64632140873194,127.96746525731211,0.035262435505197184,47.40000000000001,0.16546204165921155,19.463366323408756,0.49866974725029106
1985-07-09,0.4788489208633094,0.34530138008911504,287.2224940464831,0.0,171.14231168386561,116.08018236261753,135.32438179943165,0.033856890332508084,49.600000000000016,0.16193004607870806,19.300060514606592,0.40874629702426635
1985-07-10,0.5133812949640288,0.35214529257649746,303.9752248941175,0.0,179.39808812422362,124.57713676989387,140.5701544360414,0.03467109099237798,51.80000000000002,0.16093062389061544,19.252401226977092,0.3603185248867714
1985-07-11,0.5479136690647483,0.35505211091226574,318.52688196078964,0.0,186.13975949305737,132.38712246773224,144.78629231311663,0.03344656805433697,54.00000000000002,0.15992840136091213,19.20019326327301,0.3568782348739405
1985-07-12,0.5818705035971223,0.35714054685153346,333.8126852567244,0.0,192.77047903474602,141.04220622197838,148.87006855785805,0.031214021183536594,56.200000000000024,0.15967789033740132,19.18582170708625,0.5559866672879562
1985-07-13,0.6112230215827339,0.36557728204428824,356.8568445201287,0.0,202.0979529064865,154.7588916136422,154.53249402687652,0.03605517700841763,58.40000000000003,0.1636545497356689,19.417214655027905,0.5522038496897452
1985-07-14,0.6428776978417267,0.373827650100376,382.2921100370324,0.0,211.75526908149644,170.53684095553595,160.3257153300623,0.030305253776938434,60.60000000000003,0.15772167088954012,19.065586886711515,0.45931597524388806
1985-07-15,0.6743884892086331,0.3765606502881215,402.66938085715253,0.0,218.9409424740193,183.7284383831332,164.58393291598787,0.0318720170233913,62.80000000000003,0.1578145689864522,19.066273243495125,0.3585724292585792
1985-07-16,0.7089208633093526,0.3744124058147082,418.1715031588878,0.0,223.99005163720358,194.1814515216842,167.54209366979467,0.029373556620213712,65.00000000000003,0.15658582053935385,18.981461326544466,0.3939531337256135
1985-07-17,0.7411510791366906,0.3729864388824705,436.5715298242344,0.0,229.44004567007178,207.1314841541626,170.6761556335899,0.029644135020760663,67.20000000000003,0.15673075068302106,18.983554117726023,0.3791362730022634
1985-07-18,0.7706474820143885,0.3710084351812323,456.5324100490876,0.0,234.80259032014567,221.72981972894192,173.64364786766237,0.028632133936414297,69.40000000000003,0.15558674415341583,18.89683239641461,0.3414846726797208
1985-07-19,0.8028776978417266,0.36646822173345883,472.7242037443135,0.0,238.7444290167931,233.9797747275204,175.74097593122406,0.027854852103181983,71.60000000000004,0.15512908982709478,18.854219864128076,0.33310632031093845
1985-07-20,0.837410071942446,0.36044358345817046,485.4531733996714,0.0,241.4926710080864,243.96050239158498,177.13724004638146,0.026787271217473405,73.80000000000004,0.1547673999454562,18.8166758288233,0.5365501654620183
1985-07-21,0.8654676258992805,0.35912643251515175,507.857893581464,0.0,245.66879948576496,262.18909409569903,179.21951550281165,0.027276064675683737,76.00000000000004,0.1556885008162282,18.875032455222517,0.3846664136747439
1985-07-22,0.8975539568345323,0.35412351025977157,525.3133408433572,0.0,248.50388834261523,276.809452500742,180.61063628040233,0.025304979973364474,78.20000000000005,0.15414826203346424,18.744965164546617,0.3622928497049223
1985-07-23,0.9310791366906475,0.3480673921462549,539.275191565459,0.0,250.59816595093048,288.6770256145285,181.51729441776047,0.025078243275634463,80.40000000000005,0.15412688173609596,18.73023704545237,0.3441921924238466
1985-07-24,0.9647482014388489,0.3417359680301408,552.1698846928105,0.0,252.5323699200332,299.6375147727772,182.07352393848822,0.02423168914973328,82.60000000000005,0.1536937961948375,18.681407999904373,0.3366663268774865
1985-07-25,0.9964028776978416,0.3355682217118135,565.9305121429344,0.6764816851979408,254.528815869032,310.72521458870443,182.37086514606844,0.02330189751898236,84.80000000000005,0.15355087750320257,18.655279526822916,0.4114811429071844
1985-07-26,1.0,0.33081977429131415,582.6284099675215,3.2592500537492026,256.77522370586496,322.59393620790746,182.4069817239154,0.023309739784973183,87.00000000000006,0.153753793599895,18.658609838082743,0.3648810796785225
1985-07-27,1.026625,0.3252668266524978,597.6483585346888,5.762574814943728,258.7778835148206,333.1079002049245,182.4069817239154,0.02213600173358444,87.00000000000006,0.15280032680813463,18.57565822719959,0.336308975470011
1985-07-28,1.0545,0.31902399307690804,609.9556325769739,8.906057726577377,260.30962633,340.7399485203965,182.4069817239154,0.02135301051644866,87.00000000000006,0.15230307608571633,18.532397414349198,0.32075512002513595
1985-07-29,1.08325,0.3121952323545744,619.6781861508857,12.292747221489998,261.4293404165955,345.9560985128002,182.4069817239154,0.020290259909402173,87.00000000000006,0.15189340029342044,18.496755620419457,0.3504011583782104
1985-07-30,1.112125,0.3057335256932983,628.6633347368753,16.283650718433677,262.37802235479955,350.001661663642,182.4069817239154,0.019923266688864835,87.00000000000006,0.15177457691675636,18.48641798664968,0.42842304374291146
1985-07-31,1.1400000000000001,0.30030487617365836,639.045138692118,22.103949560841713,263.2903233773665,353.65086575390984,182.4069817239154,0.01924515034336787,87.00000000000006,0.1513569246668434,18.450082240907253,0.3154197757360637
1985-08-01,1.1680000000000001,0.2931986480077874,647.5459562422774,28.054521845953268,263.8003724303761,355.6910619659481,182.4069817239154,0.01882531553907667,87.00000000000006,0.15089136827998348,18.409578835250443,0.27706354745989265
1985-08-02,1.1967500000000002,0.28550156430176765,654.6793385946386,34.0465630219365,264.02864066565166,356.6041349070503,182.4069817239154,0.01819671347925233,87.00000000000006,0.1505212579621357,18.377379237597683,0.26416276051024434
1985-08-03,1.2267500000000002,0.2777002410586632,658.5278095515453,37.83249632579351,264.0411481962616,356.6541650294901,182.4069817239154,0.017887642936253712,87.00000000000006,0.15017966014840325,18.34766022780296,0.2423065120988665
1985-08-04,1.2563750000000002,0.2698288336806394,661.5050840406718,40.809770814920114,264.0411481962616,356.6541650294901,182.4069817239154,0.01636352840158911,87.00000000000006,0.14983159641429017,18.31737868293512,0.27398351381402236
1985-08-05,1.2846250000000003,0.26246518805496927,666.4621098606962,45.7667966349444,264.0411481962616,356.6541650294901,182.4069817239154,0.018154676267789105,87.00000000000006,0.15181411759892702,18.48985802599853,0.2685137281818814
1985-08-06,1.3146250000000004,0.25537295549269245,668.8159629876257,48.12064976187384,264.0411481962616,356.6541650294901,182.4069817239154,0.015387578640582374,87.00000000000006,0.14903224428877462,18.24783504801527,0.23621627042902332
1985-08-07,1.3446250000000004,0.24813008614122922,668.8159629876257,48.12064976187384,264.0411481962616,356.6541650294901,182.4069817239154,0.01443114541664075,87.00000000000006,0.14869425588269553,18.218430056686387,0.24593193458817691
1985-08-08,1.3742500000000004,0.2411431977602066,670.4427893329661,49.74747610721433,264.0411481962616,356.6541650294901,182.4069817239154,0.013744400866422073,87.00000000000006,0.1486197407383895,18.211947239131764,0.2639156063070857
1985-08-09,1.4036250000000003,0.2346490087350546,672.5379921507147,51.842678924962875,264.0411481962616,356.6541650294901,182.4069817239154,0.013118357151406043,87.00000000000006,0.14841029917184148,18.193725822842087,0.35876609359899486
1985-08-10,1.4305000000000003,0.22912299057434848,677.0189825853404,56.323669359588585,264.0411481962616,356.6541650294901,182.4069817239154,0.012768086584385772,87.00000000000006,0.14830472251102694,18.18454065335122,0.360788750534571
1985-08-11,1.4578750000000003,0.22372037203243872,680.2235198568989,59.52820663114714,264.0411481962616,356.6541650294901,182.4069817239154,0.012212352070499694,87.00000000000006,0.14762365895162455,18.125288123683212,0.2407048082871522
1985-08-12,1.4857500000000003,0.21744084837390312,681.4296480791887,60.734334853436934,264.0411481962616,356.6541650294901,182.4069817239154,0.011596399327651418,87.00000000000006,0.14731202426625484,18.09817590605605,0.2439906718817745
1985-08-13,1.5123750000000002,0.21147831836892744,683.0291830294881,62.33386980373637,264.0411481962616,356.6541650294901,182.4069817239154,0.012564711431001407,87.00000000000006,0.14699397930865393,18.07050599474477,0.5464042258045643
1985-08-14,1.5370000000000001,0.2079820151882953,687.858404293012,67.16309106726025,264.0411481962616,356.6541650294901,182.4069817239154,0.010696559969119522,87.00000000000006,0.14678824007065058,18.052606681038476,0.24738271523793212
1985-08-15,1.56275,0.2022598041512266,689.9127308309266,69.2174176051749,264.0411481962616,356.6541650294901,182.40698172391544,0.010267341460559872,87.00000000000006,0.14652693838222017,18.02987343414503,0.24135392899087435
1985-08-16,1.58975,0.19662198974473147,691.1212389301329,70.42592570438131,264.0411481962616,356.65416502949006,182.40698172391544,0.009948541112075519,87.00000000000006,0.14627269271700138,18.007754061271,0.22433414620826117
1985-08-17,1.619125,0.19098888605913225,691.1212389301331,70.42592570438131,264.0411481962616,356.6541650294901,182.40698172391544,0.009365583394359799,87.00000000000006,0.14601780080249935,17.98557846470932,0.2443649984739188
1985-08-18,1.646375,0.1856289491682908,691.7259129721016,71.03059974634981,264.0411481962616,356.6541650294901,182.40698172391544,0.009084122517409268,87.00000000000006,0.14577778354990395,17.964696963733523,0.22263833857320073
1985-08-19,1.67325,0.18033577499326045,691.971604406393,71.27629118064128,264.0411481962616,356.6541650294901,182.4069817239154,0.00856595809156316,87.00000000000006,0.14553228011384736,17.9433381647966,0.28593634029816334
1985-08-20,1.699625,0.1756052577247639,692.9550259266914,72.2597127009396,264.0411481962616,356.6541650294902,182.4069817239154,0.008429030794009947,87.00000000000006,0.14534617612812198,17.92714711803849,0.3338072342544622
1985-08-21,1.7246249999999999,0.17128641786404875,694.8849496056575,74.18963637990579,264.0411481962616,356.6541650294901,182.4069817239154,0.010709218301924117,87.00000000000006,0.14606554801580862,17.989732472267228,1.0
1985-08-22,1.7472499999999997,0.17128641786404875,702.0377399553103,81.3424267295585,264.0411481962616,356.6541650294901,182.4069817239154,0.00925039149857334,87.00000000000006,0.14742462870202036,18.10797249196765,0.35689534659793604
1985-08-23,1.7737499999999997,0.15255771368507096,704.9008183731269,84.20550514737508,264.0411481962616,356.6541650294901,182.4069817239154,0.007405629724563201,87.00000000000006,0.14491119060496654,17.889303377523966,0.3760158782199584
1985-08-24,1.8002499999999997,0.132032950743633,706.1909581785059,85.49564495275406,264.04114819626164,356.6541650294901,182.4069817239154,0.007651356440055949,87.00000000000006,0.14753429145410532,18.11751315139904,0.4584001152730553
1985-08-25,1.8272499999999996,0.12940576365151477,707.3801297417447,86.68481651599288,264.0411481962616,356.6541650294901,182.4069817239154,0.0064678738449843445,87.00000000000006,0.14472601985984962,17.87319352269879,0.41716473795827475
1985-08-26,1.8542499999999995,0.11766354417190195,708.3976039457099,87.70229071995816,264.0411481962616,356.6541650294901,182.4069817239154,0.005253424765300177,87.00000000000006,0.1443023336578803,17.836332823127464,0.2827167546513094
1985-08-27,1.8814999999999995,0.10634733600854356,708.6136079066148,87.918294680863,264.0411481962616,356.6541650294901,182.4069817239154,0.004692295969218585,87.00000000000006,0.14412679753645335,17.82106118056332,0.21330647720532633
1985-08-28,1.9079999999999995,0.09562834548435352,708.6136079066148,87.918294680863,264.04114819626164,356.6541650294902,182.4069817239154,0.004240425668148574,87.00000000000006,0.1439317889593485,17.804095434355197,0.30244960526355374
1985-08-29,1.9323749999999995,0.0811183681443078,709.4836521274207,88.78833890166887,264.04114819626164,356.6541650294901,182.4069817239154,0.003727978999697281,87.00000000000006,0.14379063962323504,17.791815442113325,0.35684692051386524
1985-08-30,1.9576249999999995,0.0666040686046886,710.1823648771532,89.48705165140147,264.0411481962616,356.6541650294901,182.4069817239154,0.0028557667905147765,87.00000000000006,0.1437006760391853,17.783988610300998,0.23912931618477856
1985-08-31,1.9806249999999994,0.05621274449597366,710.388198919776,89.69288569402418,264.0411481962616,356.6541650294901,182.4069817239154,0.0026431683529636097,87.00000000000006,0.1436732540599207,17.78160289810498,0.38370362786299167
1985-09-01,2.0,0.05505405673822417,711.5035421471214,90.80822892136958,264.0411481962616,356.6541650294902,182.4069817239154,0.002629622920243807,87.00000000000006,0.14356888816016697,17.7725230648264,0.40617539832095223
1985-09-02,,,,,,,,,,0.1442659902266538,17.83317094461076,
1985-09-03,,,,,,,,,,0.13787847648372067,17.76929580718143,
1985-09-04,,,,,,,,,,0.13401262399254465,17.73063728226967,
1985-09-05,,,,,,,,,,0.1335018029607361,17.725529071951584,
1985-09-06,,,,,,,,,,0.13723921411146092,17.762903183458832,
1985-09-07,,,,,,,,,,0.13364582944661105,17.726969336810335,
1985-09-08,,,,,,,,,,0.13365697929931847,17.727080835337407,
1985-09-09,,,,,,,,,,0.13077598744005864,17.698270916744807,
1985-09-10,,,,,,,,,,0.13041933695804195,17.694704411924643,
1985-09-11,,,,,,,,,,0.12882739707376634,17.678785013081885,
1985-09-12,,,,,,,,,,0.12981710945813976,17.68868213692562,
1985-09-13,,,,,,,,,,0.13420849166281343,17.732595958972357,
1985-09-14,,,,,,,,,,0.12904577433902045,17.68096878573443,
1985-09-15,,,,,,,,,,0.12677130095178102,17.65822405186203,
1985-09-16,,,,,,,,,,0.1278184483336013,17.668695525680235,
1985-09-17,,,,,,,,,,0.1255732154937283,17.646243197281507,
1985-09-18,,,,,,,,,,0.12507365635765683,17.64124760592079,
1985-09-19,,,,,,,,,,0.1337552678286956,17.728063720631177,
1985-09-20,,,,,,,,,,0.12420160845154335,17.632527126859657,
1985-09-21,,,,,,,,,,0.12381240652158547,17.628635107560076,
1985-09-22,,,,,,,,,,0.13509320365029864,17.741443078847208,
1985-09-23,,,,,,,,,,0.14856012134548338,17.876112255799057,
1985-09-24,,,,,,,,,,0.13331485419120795,17.723659584256303,
1985-09-25,,,,,,,,,,0.13231412927376265,17.71365233508185,
1985-09-26,,,,,,,,,,0.13167846070933503,17.707295649437572,
1985-09-27,,,,,,,,,,0.13112148248398187,17.70172586718404,
1985-09-28,,,,,,,,,,0.13094862870251184,17.699997329369342,
1985-09-29,,,,,,,,,,0.1303090091701456,17.69360113404568,
1985-09-30,,,,,,,,,,0.1297328813648782,17.687839855993005,
1985-10-01,,,,,,,,,,0.12895582529355637,17.680069295279786,
1985-10-02,,,,,,,,,,0.12829312794710696,17.67344232181529,
1985-10-03,,,,,,,,,,0.12746254605794077,17.66513650292363,
1985-10-04,,,,,,,,,,0.12664983754494874,17.65700941779371,
1985-10-05,,,,,,,,,,0.12586088816878702,17.649119924032092,
1985-10-06,,,,,,,,,,0.1251303843648844,17.641814885993067,
1985-10-07,,,,,,,,,,0.12425536764651801,17.633064718809404,
1985-10-08,,,,,,,,,,0.12344360724747547,17.624947114818976,
1985-10-09,,,,,,,,,,0.12257711837232957,17.61628222606752,
1985-10-10,,,,,,,,,,0.13670145400734263,17.75752558241765,
1985-10-11,,,,,,,,,,0.1339675076804156,17.730186119148378,
1985-10-12,,,,,,,,,,0.14867050783191316,17.877216120663356,
1985-10-13,,,,,,,,,,0.15633757689150984,17.95388681125932,
1985-10-14,,,,,,,,,,0.1924780972914868,18.31529201525909,
1985-10-15,,,,,,,,,,0.2034241329821671,18.424752372165894,
1985-10-16,,,,,,,,,,0.20162708669348026,18.406781909279026,
1985-10-17,,,,,,,,,,0.2005955482600284,18.396466524944508,
1985-10-18,,,,,,,,,,0.2086627729060014,18.477138771404235,
1985-10-19,,,,,,,,,,0.21035459465472708,18.494056988891494,
1985-10-20,,,,,,,,,,0.22734019600539718,18.663913002398193,
1985-10-21,,,,,,,,,,0.22218188143456857,18.612329856689907,
1985-10-22,,,,,,,,,,0.22200522192004657,18.610563261544687,
1985-10-23,,,,,,,,,,0.22157610216344237,18.606272063978647,
1985-10-24,,,,,,,,,,0.2239815525935332,18.630326568279553,
1985-10-25,,,,,,,,,,0.23213733594628144,18.711884401807037,
1985-10-26,,,,,,,,,,0.22624779048792815,18.652988947223506,
1985-10-27,,,,,,,,,,0.22785877929332082,18.66909883527743,
1985-10-28,,,,,,,,,,0.23294734223368824,18.719984464681104,
1985-10-29,,,,,,,,,,0.22996614872399018,18.690172529584125,
1985-10-30,,,,,,,,,,0.22850945050010557,18.675605547345278,
1985-10-31,,,,,,,,,,0.23006948524523,18.69120589479652,
1985-11-01,,,,,,,,,,0.22783304123313797,18.6688414546756,
1985-11-02,,,,,,,,,,0.2274650506850758,18.66516154919498,
1985-11-03,,,,,,,,,,0.22712346866528957,18.66174572899712,
1985-11-04,,,,,,,,,,0.22681152877288388,18.658626330073062,
1985-11-05,,,,,,,,,,0.22988003032357723,18.689311345579995,
1985-11-06,,,,,,,,,,0.226522644004099,18.655737482385213,
1985-11-07,,,,,,,,,,0.22619928758639185,18.65250391820814,
1985-11-08,,,,,,,,,,0.22897251031887594,18.68023614553298,
1985-11-09,,,,,,,,,,0.22561010304494916,18.646612072793715,
1985-11-10,,,,,,,,,,0.22521505856246254,18.64266162796885,
1985-11-11,,,,,,,,,,0.22480463446086635,18.638557386952886,
1985-11-12,,,,,,,,,,0.2245122176991996,18.635633219336217,
1985-11-13,,,,,,,,,,0.22415249528329992,18.632035995177223,
1985-11-14,,,,,,,,,,0.22383469066232914,18.628857948967514,
1985-11-15,,,,,,,,,,0.22349532769258515,18.625464319270073,
1985-11-16,,,,,,,,,,0.22331372126114016,18.623648254955626,
1985-11-17,,,,,,,,,,0.22277145545828608,18.618225596927083,
1985-11-18,,,,,,,,,,0.22246266266690862,18.615137669013308,
1985-11-19,,,,,,,,,,0.2219676495438332,18.610187537782554,
1985-11-20,,,,,,,,,,0.22154630268978956,18.60597406924212,
1985-11-21,,,,,,,,,,0.22231007615743711,18.613611803918594,
1985-11-22,,,,,,,,,,0.22460881715178474,18.63659921386207,
1985-11-23,,,,,,,,,,0.22331698672527017,18.623680909596924,
1985-11-24,,,,,,,,,,0.2283525690731961,18.674036733076182,
1985-11-25,,,,,,,,,,0.22092221880893223,18.599733230433543,
1985-11-26,,,,,,,,,,0.2201935207094325,18.59244624943855,
1985-11-27,,,,,,,,,,0.22003749173125783,18.590885959656802,
1985-11-28,,,,,,,,,,0.21993603017232743,18.589871344067497,
1985-11-29,,,,,,,,,,0.21969932393385436,18.587504281682765,
1985-11-30,,,,,,,,,,0.21946736520293775,18.5851846943736,
1985-12-01,,,,,,,,,,0.21918653615440387,18.58237640388826,
1985-12-02,,,,,,,,,,0.21878760924308155,18.57838713477504,
1985-12-03,,,,,,,,,,0.218423459525151,18.574745637595733,
1985-12-04,,,,,,,,,,0.21808504077307958,18.571361450075017,
1985-12-05,,,,,,,,,,0.21788327546821007,18.569343797026324,
1985-12-06,,,,,,,,,,0.21881751244611705,18.578686166805394,
1985-12-07,,,,,,,,,,0.2183997962449223,18.574509004793445,
1985-12-08,,,,,,,,,,0.21807800697714058,18.571291112115627,
1985-12-09,,,,,,,,,,0.2172883629558854,18.563394671903076,
1985-12-10,,,,,,,,,,0.2169759682035138,18.56027072437936,
1985-12-11,,,,,,,,,,0.2168224727351193,18.558735769695417,
1985-12-12,,,,,,,,,,0.21666382827440261,18.557149325088247,
1985-12-13,,,,,,,,,,0.21636366020325687,18.55414764437679,
1985-12-14,,,,,,,,,,0.21606910581498107,18.551202100494034,
1985-12-15,,,,,,,,,,0.2155216199367171,18.545727241711393,
1985-12-16,,,,,,,,,,0.2152201962668247,18.54271300501247,
1985-12-17,,,,,,,,,,0.21499351186861787,18.540446161030403,
1985-12-18,,,,,,,,,,0.21471647240481523,18.537675766392375,
1985-12-19,,,,,,,,,,0.21455970802053667,18.53610812254959,
1985-12-20,,,,,,,,,,0.21437996467143802,18.534310689058604,
1985-12-21,,,,,,,,,,0.21499413039157816,18.540452346260004,
1985-12-22,,,,,,,,,,0.2144182339794401,18.534693382138624,
1985-12-23,,,,,,,,,,0.21402283713049258,18.530739413649147,
1985-12-24,,,,,,,,,,0.21395796843907408,18.53009072673496,
1985-12-25,,,,,,,,,,0.2138407403174778,18.528918445519,
1985-12-26,,,,,,,,,,0.21371602831935607,18.52767132553778,
1985-12-27,,,,,,,,,,0.21366116182846495,18.527122660628873,
1985-12-28,,,,,,,,,,0.21362417149251253,18.52675275726935,
1985-12-29,,,,,,,,,,0.21361138825217027,18.526624924865924,
1985-12-30,,,,,,,,,,0.22295908509432444,18.620101893287465,
1985-12-31,,,,,,,,,,0.21786369159589986,18.56914795830322,
1986-01-01,,,,,,,,,,0.2176582622449897,18.56709366479412,
1986-01-02,,,,,,,,,,0.2175174200190324,18.565685242534546,
1986-01-03,,,,,,,,,,0.21732498606313472,18.56376090297557,
1986-01-04,,,,,,,,,,0.21697353182966966,18.560246360640917,
1986-01-05,,,,,,,,,,0.21681241765769727,18.558635218921196,
1986-01-06,,,,,,,,,,0.21661210108830692,18.55663205322729,
1986-01-07,,,,,,,,,,0.2162415398124558,18.55292644046878,
1986-01-08,,,,,,,,,,0.21582925230112054,18.548803565355428,
1986-01-09,,,,,,,,,,0.21559105283679653,18.546421570712187,
1986-01-10,,,,,,,,,,0.21533850369618843,18.54389607930611,
1986-01-11,,,,,,,,,,0.21509030081190122,18.541414050463235,
1986-01-12,,,,,,,,,,0.2148913493443989,18.53942453578821,
1986-01-13,,,,,,,,,,0.21468264013457902,18.537337443690014,
1986-01-14,,,,,,,,,,0.214566551455675,18.536176556900973,
1986-01-15,,,,,,,,,,0.21483561503787532,18.538867192722975,
1986-01-16,,,,,,,,,,0.21412138213761164,18.53172486372034,
1986-01-17,,,,,,,,,,0.21453821854726832,18.535893227816906,
1986-01-18,,,,,,,,,,0.22214744411320173,18.61198548347624,
1986-01-19,,,,,,,,,,0.21625727158094404,18.55308375815366,
1986-01-20,,,,,,,,,,0.21610105886478545,18.551521630992077,
1986-01-21,,,,,,,,,,0.2161264179856593,18.551775222200817,
1986-01-22,,,,,,,,,,0.2163053920476005,18.55356496282023,
1986-01-23,,,,,,,,,,0.21570409601440646,18.54755200248829,
1986-01-24,,,,,,,,,,0.2155043650474174,18.545554692818396,
1986-01-25,,,,,,,,,,0.21534603776090075,18.54397141995323,
1986-01-26,,,,,,,,,,0.21513090001123558,18.541820042456578,
1986-01-27,,,,,,,,,,0.21485690189510756,18.539080061295298,
1986-01-28,,,,,,,,,,0.2145301301553943,18.535812343898165,
1986-01-29,,,,,,,,,,0.21423250280696152,18.532836070413836,
1986-01-30,,,,,,,,,,0.21394619511954405,18.529972993539662,
1986-01-31,,,,,,,,,,0.21368713185623403,18.527382360906564,
1986-02-01,,,,,,,,,,0.2134106671483858,18.52461771382808,
1986-02-02,,,,,,,,,,0.21308466312744545,18.521357673618677,
1986-02-03,,,,,,,,,,0.21280510880518594,18.51856213039608,
1986-02-04,,,,,,,,,,0.21255588891985852,18.51606993154281,
1986-02-05,,,,,,,,,,0.21214785284850074,18.51198957082923,
1986-02-06,,,,,,,,,,0.21187628610330625,18.509273903377284,
1986-02-07,,,,,,,,,,0.21157938854289884,18.50630492777321,
1986-02-08,,,,,,,,,,0.21130645343491178,18.50357557669334,
1986-02-09,,,,,,,,,,0.2108999172091075,18.499510214435297,
1986-02-10,,,,,,,,,,0.21061821800154212,18.496693222359642,
1986-02-11,,,,,,,,,,0.2107531559756861,18.498042602101084,
1986-02-12,,,,,,,,,,0.20986904509992232,18.489201493343444,
1986-02-13,,,,,,,,,,0.21085720425523,18.499083084896522,
1986-02-14,,,,,,,,,,0.2092365426961187,18.48287646930541,
1986-02-15,,,,,,,,,,0.20893389068765375,18.47984994922076,
1986-02-16,,,,,,,,,,0.20833115237505165,18.47382256609474,
1986-02-17,,,,,,,,,,0.21167085068365493,18.50721954918077,
1986-02-18,,,,,,,,,,0.208042323526139,18.47093427760561,
1986-02-19,,,,,,,,,,0.20777074833067224,18.468218525650943,
1986-02-20,,,,,,,,,,0.2075220317961987,18.465731360306208,
1986-02-21,,,,,,,,,,0.20726699186806216,18.463180961024843,
1986-02-22,,,,,,,,,,0.20684690003681264,18.458980042712348,
1986-02-23,,,,,,,,,,0.2062986967271589,18.45349800961581,
1986-02-24,,,,,,,,,,0.20575388624532592,18.448049904797482,
1986-02-25,,,,,,,,,,0.20524639588015514,18.442975001145776,
1986-02-26,,,,,,,,,,0.20475238979522276,18.43803494029645,
1986-02-27,,,,,,,,,,0.20449290598674247,18.435440102211647,
1986-02-28,,,,,,,,,,0.20402084839902085,18.430719526334432,
1986-03-01,,,,,,,,,,0.2036639665729893,18.427150708074116,
1986-03-02,,,,,,,,,,0.20287260313183406,18.419237073662565,
1986-03-03,,,,,,,,,,0.20220586866262785,18.4125697289705,
1986-03-04,,,,,,,,,,0.20140057621980872,18.40451680454231,
1986-03-05,,,,,,,,,,0.20057661979248884,18.39627724026911,
1986-03-06,,,,,,,,,,0.19981875660511225,18.388698608395345,
1986-03-07,,,,,,,,,,0.1991832123285813,18.382343165630036,
1986-03-08,,,,,,,,,,0.1983362439617919,18.373873481962143,
1986-03-09,,,,,,,,,,0.20104506469243258,18.40096168926855,
1986-03-10,,,,,,,,,,0.19754482890111386,18.365959331355363,
1986-03-11,,,,,,,,,,0.19719041096908657,18.362415152035087,
1986-03-12,,,,,,,,,,0.19667844505984375,18.35729549294266,
1986-03-13,,,,,,,,,,0.20229925243258623,18.413503566670084,
1986-03-14,,,,,,,,,,0.2010491741084827,18.40100278342905,
1986-03-15,,,,,,,,,,0.19778494383724837,18.368360480716706,
1986-03-16,,,,,,,,,,0.19819118557297313,18.372422898073953,
1986-03-17,,,,,,,,,,0.20504027409520428,18.440913783296267,
1986-03-18,,,,,,,,,,0.21262506009241539,18.516761643268374,
1986-03-19,,,,,,,,,,0.20115127997997106,18.402023842143933,
1986-03-20,,,,,,,,,,0.20081097401650258,18.398620782509248,
1986-03-21,,,,,,,,,,0.20193584509261572,18.409869493270378,
1986-03-22,,,,,,,,,,0.20029198029237785,18.393430845268,
1986-03-23,,,,,,,,,,0.19979279560341906,18.388438998378412,
1986-03-24,,,,,,,,,,0.199246239141088,18.3829734337551,
1986-03-25,,,,,,,,,,0.19853429017905228,18.375853944134747,
1986-03-26,,,,,,,,,,0.19809381799139997,18.37144922225822,
1986-03-27,,,,,,,,,,0.19758238717529006,18.366334914097123,
1986-03-28,,,,,,,,,,0.1997809517209425,18.388320559553648,
1986-03-29,,,,,,,,,,0.19774478654699945,18.367958907814216,
1986-03-30,,,,,,,,,,0.19683139391574997,18.358824981501723,
1986-03-31,,,,,,,,,,0.19560030863206354,18.346514128664857,
1986-04-01,,,,,,,,,,0.19486891651109742,18.339200207455196,
1986-04-02,,,,,,,,,,0.19571108372200707,18.347621879564294,
1986-04-03,,,,,,,,,,0.19503988382808546,18.340909880625077,
1986-04-04,,,,,,,,,,0.1938122138376756,18.328633180720978,
1986-04-05,,,,,,,,,,0.1928950539524727,18.31946158186895,
1986-04-06,,,,,,,,,,0.19235765217461276,18.31408756409035,
1986-04-07,,,,,,,,,,0.19162219801560645,18.306733022500286,
1986-04-08,,,,,,,,,,0.19127623354300224,18.303273377774246,
1986-04-09,,,,,,,,,,0.1904287720558509,18.294798762902733,
1986-04-10,,,,,,,,,,0.1899147589145314,18.289658631489537,
1986-04-11,,,,,,,,,,0.19006059496411062,18.29111699198533,
1986-04-12,,,,,,,,,,0.18854018633311306,18.27591290567535,
1986-04-13,,,,,,,,,,0.18782413379878776,18.2687523803321,
1986-04-14,,,,,,,,,,0.1871261805639009,18.26177284798323,
1986-04-15,,,,,,,,,,0.1864610811818846,18.255121854163068,
1986-04-16,,,,,,,,,,0.18549823588096584,18.24549340115388,
1986-04-17,,,,,,,,,,0.18463497462787942,18.236860788623016,
1986-04-18,,,,,,,,,,0.18399049179015572,18.23041596024578,
1986-04-19,,,,,,,,,,0.18312658512143618,18.221776893558584,
1986-04-20,,,,,,,,,,0.18213745837381362,18.21188562608236,
1986-04-21,,,,,,,,,,0.18119091219317482,18.20242016427597,
1986-04-22,,,,,,,,,,0.18059128838808214,18.196423926225044,
1986-04-23,,,,,,,,,,0.17955183663668234,18.186029408711047,
1986-04-24,,,,,,,,,,0.1783212491360239,18.17372353370446,
1986-04-25,,,,,,,,,,0.18128012536179325,18.203312295962156,
1986-04-26,,,,,,,,,,0.18851587817681936,18.275669824112416,
1986-04-27,,,,,,,,,,0.18493835017208723,18.239894544065095,
1986-04-28,,,,,,,,,,0.17811848067392783,18.171695849083502,
1986-04-29,,,,,,,,,,0.17746154680261503,18.165126510370374,
1986-04-30,,,,,,,,,,0.18056406660689894,18.19615170841321,
1986-05-01,,,,,,,,,,0.18234836327856663,18.21399467512989,
1986-05-02,,,,,,,,,,0.17623860299210356,18.152897072265258,
1986-05-03,,,,,,,,,,0.1752516084890683,18.143027127234905,
1986-05-04,,,,,,,,,,0.1744728140306838,18.13523918265106,
1986-05-05,,,,,,,,,,0.1736324722046936,18.12683576439116,
1986-05-06,,,,,,,,,,0.17272015543481295,18.117712596692353,
1986-05-07,,,,,,,,,,0.1715260552718203,18.105771595062425,
1986-05-08,,,,,,,,,,0.17000405252202125,18.090551567564436,
1986-05-09,,,,,,,,,,0.16846444298501173,18.07515547219434,
1986-05-10,,,,,,,,,,0.16733154926223415,18.063826534966562,
1986-05-11,,,,,,,,,,0.16673837573268604,18.057894799671082,
1986-05-12,,,,,,,,,,0.1654129987810722,18.044641030154946,
1986-05-13,,,,,,,,,,0.1837753299139559,18.228264341483783,
1986-05-14,,,,,,,,,,0.16509348377952696,18.04144588013949,
1986-05-15,,,,,,,,,,0.16228643706984588,18.01337541304268,
1986-05-16,,,,,,,,,,0.1609890613993911,18.000401656338134,
1986-05-17,,,,,,,,,,0.1596546220159186,17.98705726250341,
1986-05-18,,,,,,,,,,0.158350490138377,17.97401594372799,
1986-05-19,,,,,,,,,,0.16507366306176427,18.041247672961866,
1986-05-20,,,,,,,,,,0.18958032711431022,18.286314313487324,
1986-05-21,,,,,,,,,,0.16784626840413808,18.068973726385604,
1986-05-22,,,,,,,,,,0.16427736810884422,18.033284723432665,
1986-05-23,,,,,,,,,,0.16301556241469872,18.02066666649121,
1986-05-24,,,,,,,,,,0.16184993753938792,18.0090104177381,
1986-05-25,,,,,,,,,,0.16063103866270673,17.99682142897129,
1986-05-26,,,,,,,,,,0.16043580537558638,17.994869096100086,
1986-05-27,,,,,,,,,,0.16218811937947433,18.012392236138965,
1986-05-28,,,,,,,,,,0.1687548565290814,18.078059607635037,
1986-05-29,,,,,,,,,,0.15963609026456502,17.986871944989872,
1986-05-30,,,,,,,,,,0.15742677409056055,17.964778783249827,
1986-05-31,,,,,,,,,,0.15611957176033894,17.951706759947612,
1986-06-01,,,,,,,,,,0.15536962830737006,17.944207325417924,
1986-06-02,,,,,,,,,,0.155131790537617,17.941828947720392,
1986-06-03,,,,,,,,,,0.15385445707843448,17.92905561312857,
1986-06-04,,,,,,,,,,0.15139486580534073,17.90445970039763,
1986-06-05,,,,,,,,,,0.1502900317409274,17.893411359753497,
1986-06-06,,,,,,,,,,0.14937053574641218,17.884216399808345,
1986-06-07,,,,,,,,,,0.14814602028131557,17.87197124515738,
1986-06-08,,,,,,,,,,0.1468890563795537,17.85940160613976,
1986-06-09,,,,,,,,,,0.1455952504568057,17.84646354691228,
1986-06-10,,,,,,,,,,0.1454152671114945,17.844663713459166,
1986-06-11,,,,,,,,,,0.14650137093556342,17.855524751699857,
1986-06-12,,,,,,,,,,0.19999575598382086,18.39046860218243,
1986-06-13,,,,,,,,,,0.1769394708587155,18.159905750931376,
1986-06-14,,,,,,,,,,0.17633100445568672,18.15382108690109,
1986-06-15,-0.1,0.04836,30.0,0.0,18.6,11.4,20.0,0.0,10.0,0.17919412378783117,18.182452280222535,0.0
1986-06-16,-0.08572727272727274,0.04836,30.0,0.0,18.6,11.4,20.0,0.0,10.0,0.21356844528240976,18.52619549516832,0.0
1986-06-17,-0.06790909090909092,0.04836,30.0,0.0,18.6,11.4,20.0,0.0,10.0,0.17473808982627373,18.13789194060696,0.0
1986-06-18,-0.047272727272727286,0.04836,30.0,0.0,18.6,11.4,20.0,0.0,10.0,0.17354562737473112,18.125967316091533,0.0
1986-06-19,-0.026272727272727284,0.04836,30.0,0.0,18.6,11.4,20.0,0.0,10.0,0.17241124496603472,18.11462349200457,0.0
1986-06-20,-0.005272727272727283,0.04836,30.0,0.0,18.6,11.4,20.0,0.0,10.0,0.17142783603471726,18.104789402691395,0.0
1986-06-21,0.0,0.04836,30.0,0.0,18.6,11.4,20.0,0.004427485569736994,10.0,0.17064733466662171,18.09698438901044,1.0
1986-06-22,0.02460431654676259,0.052051664646406655,32.29011454491728,0.0,20.019871017848715,12.270243527068567,21.526743029944853,0.0059575073081985985,12.2,0.16619235718571865,18.090247579163105,0.5451990107731826
1986-06-23,0.05266187050359712,0.05693990388842436,35.82309681444328,0.0,22.210320024954836,13.612776789488448,23.81050602211684,0.006070295281212042,14.399999999999999,0.1625186086219899,18.075158564807108,0.7768830243761229
1986-06-24,0.0781294964028777,0.06328562013463054,40.15392300828615,0.0,24.895432265137412,15.258490743148737,26.512541655277087,0.006047069711021991,16.599999999999998,0.16043206406251592,18.070252643241332,0.48070779102654415
1986-06-25,0.10733812949640288,0.06795395975724905,43.86507380473037,0.0,27.19634575893283,16.668728045797543,28.754101061073246,0.00625807896622171,18.799999999999997,0.1580306791874894,18.05024692768148,0.35237819745607263
1986-06-26,0.14028776978417268,0.07125096308304296,46.967368956688574,0.0,29.119768753146918,17.84760020354166,30.558936708448083,0.0063224961174459145,20.999999999999996,0.15605361778062476,18.028585911502915,0.3001170948238345
1986-06-27,0.1748201438848921,0.07341354721572055,49.49539804414572,0.0,30.68714678737035,18.808251256775375,31.968118188571257,0.005894248517450272,23.199999999999996,0.15478717603189301,18.01471220120283,0.3244210698967134
1986-06-28,0.2087769784172662,0.07573034452124276,52.20013683262276,0.0,32.36408483622611,19.83605199639665,33.40891575027956,0.006247866068650675,25.399999999999995,0.15642013501565366,18.06891092581363,0.4450330074212342
1986-06-29,0.24071942446043165,0.07888272922212292,55.42259800435161,0.0,34.362010762698,21.060587241653614,35.04956993336267,0.006248953532881326,27.599999999999994,0.15522499174523557,18.052239047737643,0.48681345019262756
1986-06-30,0.27266187050359714,0.08244277788370158,59.00580423442692,0.0,36.583598625344685,22.42220560908223,36.79680384520465,0.005642297370321479,29.799999999999994,0.1519073138979673,17.967057008881685,0.4000539116417501
1986-07-01,0.3060431654676259,0.08459429726137299,61.834425609295344,0.0,38.33734387776311,23.497081731532234,38.11694654237074,0.005730675309584834,31.999999999999993,0.15127946663932443,17.953351766333757,0.2951780037082577
1986-07-02,0.33870503597122303,0.08586309812358513,64.3145752450107,0.0,39.87503665190663,24.439538593104068,39.21866835444994,0.0058023986849569794,34.199999999999996,0.15067456336838833,17.937668680227368,0.5007771275722588
1986-07-03,0.36474820143884895,0.08729436505829868,66.60729960853733,0.0,41.279470527135686,25.327829081401646,40.17581332389838,0.006660530560345702,36.4,0.15064827740418785,17.940385689694043,1.0
1986-07-04,0.38676258992805757,0.09267978357407321,71.29705632467439,0.0,44.04786244167954,27.24919388299485,42.036917662359365,0.005981831888931272,38.6,0.1514276541960501,17.97408562330225,1.0
1986-07-05,0.4073381294964029,0.09827847676601795,76.43743823452745,0.0,46.98555876488186,29.451879469645593,43.98960349000879,0.006959774864452394,40.800000000000004,0.15138732986050446,17.977771008796417,0.5485618781127781
1986-07-06,0.4310791366906475,0.10241193167539742,81.8480125918767,0.0,49.98253570436505,31.865476887511647,45.96109234229799,0.006171043356179098,43.00000000000001,0.1493221020942459,17.894208119693523,0.2982973318514986
1986-07-07,0.4578417266187051,0.10406621400757529,86.02282538255825,0.0,52.210313012438945,33.81251237011931,47.409440639086505,0.006180171508991996,45.20000000000001,0.1489711659565257,17.87904421002903,0.2825447404930753
1986-07-08,0.48705035971223026,0.10493837194227802,89.78097753845213,0.0,54.12980213011591,35.65117540833622,48.64128857555693,0.006192078538664907,47.40000000000001,0.1486742477411073,17.864896630875666,0.2626904667030197
1986-07-09,0.5175539568345324,0.10528174233930572,93.37003546645317,0.0,55.873342528837135,37.49669293761603,49.74491291631841,0.006158106183490105,49.600000000000016,0.14833699585544563,17.8474420615304,0.24732152631154272
1986-07-10,0.5489208633093525,0.1048422462797092,96.39502049652359,0.0,57.26400866834476,39.13101182817882,50.612979375792904,0.007746580265265762,51.80000000000002,0.14804888905805105,17.831049299460457,1.0
1986-07-11,0.5741007194244604,0.10836457953955113,101.43366044333851,0.0,59.44534761479,41.98831282854851,51.95585152562741,0.006535927144781647,54.00000000000002,0.14907908301277886,17.884577108096586,0.4051731392801097
1986-07-12,0.6004316546762589,0.10899256342484205,105.96847054944939,0.0,61.31099043985722,44.65748010959217,53.092103990361444,0.00607281971248348,56.200000000000024,0.14771311351905525,17.807973384330545,0.25396781233218646
1986-07-13,0.6307913669064747,0.10801688172043239,109.2899048083255,0.0,62.60270903965613,46.68719576866936,53.87033195806266,0.006157400910032717,58.40000000000003,0.14748569521056148,17.791850784009547,0.21907384151300957
1986-07-14,0.6653237410071942,0.10619343154429163,111.66618967859073,0.0,63.465205644830505,48.20098403376022,54.383791772639924,0.0058733445062072905,60.60000000000003,0.14729847376198094,17.777163472841917,0.23104493423841413
1986-07-15,0.6989928057553956,0.10404016996664672,113.52054199963874,0.0,64.08354057843223,49.43700142120651,54.747220703211,0.00575719364264145,62.80000000000003,0.14717547653170712,17.765685668210196,0.39874329169258294
1986-07-16,0.7280575539568345,0.1031754220733577,117.11420485380471,0.0,65.1784537342626,51.935751119542104,55.383401335835806,0.007185295480721787,65.00000000000003,0.1525375409701751,18.110195684233485,1.0
1986-07-17,0.7532374100719423,0.10517766107627406,122.64678436466357,0.0,66.72670033723662,55.92008402742695,56.25405706235731,0.009443284269010956,67.20000000000003,0.1522499640052424,18.09864288147751,0.9249848294780292
1986-07-18,0.7789928057553955,0.10783005492418289,131.8102303536324,0.0,69.09384197872185,62.71638837491054,57.54378294426798,0.0073982775434485535,69.40000000000003,0.15212053862712221,18.096800460200615,0.3903188027601935
1986-07-19,0.8069064748201438,0.10683543156043344,137.3240617900176,0.0,70.39684437086268,66.9272174191549,58.22877526764938,0.007250774449741712,71.60000000000004,0.14968761581731843,17.92945815115145,0.5745597541999283
1986-07-20,0.834388489208633,0.10638128917942366,142.592498166183,0.0,71.51618552883707,71.07631263734592,58.796243519061925,0.0074774876357038885,73.80000000000004,0.14973312745317316,17.934319443828745,1.0
1986-07-21,0.8594244604316545,0.10778771275705952,148.7944114712216,0.0,72.68820517686694,76.10620629435465,59.381609757691365,0.009456396391828636,76.00000000000004,0.15025028322826414,17.975225942285757,1.0
1986-07-22,0.8869064748201437,0.10928764824981814,156.25309301630642,0.0,73.93815142083245,82.31494159547395,59.99710607908103,0.007225026937204098,78.20000000000005,0.1499558170413117,17.954939088721375,0.5170271751106447
1986-07-23,0.91568345323741,0.10808247155234474,161.48974707977152,0.0,74.72364953035222,86.7660975494193,60.362574008825064,0.006598697323334942,80.40000000000005,0.14936371800747403,17.909426903044828,0.2744439479207956
1986-07-24,0.9473381294964027,0.10543952713977275,164.71918495561832,0.0,75.20806521172923,89.51111974388908,60.534656689042656,0.0061938401696541405,82.60000000000005,0.14884475123554705,17.867350206453217,0.29020347019433634
1986-07-25,0.9795683453237408,0.10278685758109227,167.2316709634843,0.0,75.58493811290913,91.64673285057518,60.61663427244444,0.006256073284503357,84.80000000000005,0.14921554169254717,17.898441469078147,0.2677710121150623
1986-07-26,1.0,0.10021756440984952,170.44776956092127,0.31698237974738336,76.03565466454994,94.09513251662396,60.656549725261954,0.006364362024423496,87.00000000000006,0.14952115344726596,17.925493662615402,0.2472986242002707
1986-07-27,1.02875,0.09739458453888235,172.37473085022407,0.6381425946311838,76.29258283645697,95.44400541913592,60.656549725261954,0.005541134603726608,87.00000000000006,0.1483086166988386,17.820002965502223,0.30946487481128443
1986-07-28,1.0546250000000001,0.09509467132661367,175.63999967849082,1.495275662051199,76.69665985395498,97.44806416248463,60.656549725261954,0.005843541581941112,87.00000000000006,0.14879378666371745,17.862212752446684,0.23541744254901745
1986-07-29,1.0846250000000002,0.09227182965604548,177.2089018112465,2.0424302808497528,76.87727971198848,98.28919181840828,60.656549725261954,0.005701281053229308,87.00000000000006,0.14808555057537323,17.800596212760738,0.20516200598480266
1986-07-30,1.1146250000000002,0.08931514097877902,177.90759965495167,2.3559709382124274,76.95073032280798,98.60089839393123,60.656549725261954,0.005115042247450811,87.00000000000006,0.14768849812153026,17.766052649276396,0.2291265356678918
1986-07-31,1.1438750000000002,0.08655110135601389,179.0135177071075,2.989800221854238,77.0451480765108,98.97856940874244,60.656549725261954,0.005167299295418387,87.00000000000006,0.147625533756337,17.760574749504585,0.4824237848177843
1986-08-01,1.1676250000000001,0.08494117536064147,182.67586939697847,5.624404468755192,77.2506975651048,99.80076736311848,60.656549725261954,0.004819770281113693,87.00000000000006,0.14790140126302198,17.784575222586177,0.25353003958784764
1986-08-02,1.1936250000000002,0.08238637332279546,184.85857591791085,7.453785371611646,77.32136268871999,100.08342785757922,60.656549725261954,0.004553899091894723,87.00000000000006,0.14722076146175875,17.725359559876274,0.23124919303241634
1986-08-03,1.2197500000000001,0.07979523997303854,186.47072063748564,9.014542978249988,77.33164011130728,100.12453754792838,60.656549725261954,0.004366863273149511,87.00000000000006,0.14713251754717288,17.717682339307306,0.3720199470121018
1986-08-04,1.2441250000000001,0.07775143932653795,188.89795611989564,11.441778460659961,77.33164011130728,100.12453754792838,60.656549725261954,0.004211969241259896,87.00000000000006,0.14734675662544633,17.736321139117095,0.3071052122327207
1986-08-05,1.2688750000000002,0.07556106532148457,191.14078531687503,13.684607657639374,77.33164011130728,100.12453754792838,60.656549725261954,0.0040092147432293414,87.00000000000006,0.14697871099279863,17.704301169076746,0.277879036991292
1986-08-06,1.2920000000000003,0.07337529423481315,193.36481144799515,15.908633788759492,77.33164011130728,100.12453754792838,60.656549725261954,0.003998937455991221,87.00000000000006,0.14742554887786777,17.743176065077762,0.28303240539655905
1986-08-07,1.3135000000000003,0.0712618976496389,196.1576048311651,18.70142717192941,77.33164011130728,100.12453754792838,60.656549725261954,0.003912583281961293,87.00000000000006,0.1474641800122013,17.746536973764776,0.2667139939180125
1986-08-08,1.3380000000000003,0.06918788897399736,197.94649552723715,20.490317868001483,77.33164011130728,100.12453754792838,60.656549725261954,0.0036292903355060794,87.00000000000006,0.14641879173055605,17.655588193261643,0.22763371134167038
1986-08-09,1.3651250000000004,0.06706530378717036,198.5351166614388,21.078939002203118,77.33164011130728,100.12453754792838,60.656549725261954,0.0035223112225626933,87.00000000000006,0.14620492717423883,17.636981976862042,0.21269734518606148
1986-08-10,1.3945000000000003,0.06497745902795511,198.5351166614388,21.078939002203118,77.33164011130728,100.12453754792838,60.656549725261954,0.003412357375385123,87.00000000000006,0.1460641493543691,17.624734306533377,0.2053312852217567
1986-08-11,1.4245000000000003,0.06294965507836578,198.5351166614388,21.078939002203118,77.33164011130728,100.12453754792838,60.656549725261954,0.003312415616678024,87.00000000000006,0.14588272939244246,17.60895076984576,0.19575169602476988
1986-08-12,1.4545000000000003,0.060982500353826026,198.5351166614388,21.078939002203118,77.33164011130728,100.12453754792838,60.656549725261954,0.003344740638084569,87.00000000000006,0.14570676624369996,17.59364197590516,0.17340827665560737
1986-08-13,1.4840000000000004,0.05903129206033797,198.5351166614388,21.078939002203118,77.33164011130728,100.12453754792838,60.656549725261954,0.002987219962059881,87.00000000000006,0.1455155249749615,17.577003985524914,0.20061645806438627
1986-08-14,1.5140000000000005,0.05724274402485513,198.5351166614388,21.078939002203118,77.33164011130728,100.12453754792838,60.656549725261954,0.002880416404859758,87.00000000000006,0.14536426572564815,17.563844430834653,0.19633476420345253
1986-08-15,1.5440000000000005,0.05550607870040337,198.5351166614388,21.078939002203118,77.33164011130728,100.12453754792838,60.656549725261954,0.0027214805222532377,87.00000000000006,0.14521236779198682,17.55062931060612,0.3364147115141648
1986-08-16,1.5692500000000005,0.05412509407961832,198.85701592992672,21.40083827069105,77.33164011130728,100.12453754792838,60.656549725261954,0.002625964257382914,87.00000000000006,0.14516555039359075,17.54655619694566,0.3216396299538281
1986-08-17,1.5928750000000005,0.05274146525438046,199.5149270446648,22.05874938542913,77.33164011130728,100.12453754792838,60.656549725261954,0.0025409912637755247,87.00000000000006,0.14501410819950028,17.53338072605979,0.20750451566960124
1986-08-18,1.6201250000000005,0.051157934464174826,199.5149270446648,22.05874938542913,77.33164011130728,100.12453754792838,60.656549725261954,0.002418510124935929,87.00000000000006,0.1448561167756906,17.519635472188348,0.21466938001906266
1986-08-19,1.6493750000000005,0.04965157846662618,199.5149270446648,22.05874938542913,77.33164011130728,100.12453754792837,60.656549725261954,0.002411352623135323,87.00000000000006,0.14474781304152814,17.510213047316213,0.3563069984838797
1986-08-20,1.6720000000000004,0.04845044305990817,200.25310855842105,22.79693089918539,77.33164011130728,100.12453754792837,60.656549725261954,0.002271099331776653,87.00000000000006,0.14472509636601857,17.50823669654688,0.213105691103893
1986-08-21,1.6966250000000003,0.047010448063066736,200.54942198771653,23.09324432848088,77.33164011130728,100.12453754792837,60.65654972526195,0.0021716012028855963,87.00000000000006,0.1444956784531661,17.488277338128718,0.20885771565620723
1986-08-22,1.7216250000000002,0.04559685661563654,200.60155295642267,23.145375297187005,77.33164011130728,100.12453754792837,60.65654972526195,0.0021396460743113477,87.00000000000006,0.1443982624688892,17.479802147496624,0.18849890443243583
1986-08-23,1.7457500000000001,0.0442026945311045,200.70097663096556,23.244798971729935,77.33164011130727,100.12453754792837,60.65654972526195,0.0020550369977508833,87.00000000000006,0.14423226345483858,17.46536023327422,0.1850846353457469
1986-08-24,1.7705000000000002,0.04284266657494698,200.72783546179429,23.271657802558614,77.33164011130728,100.12453754792838,60.65654972526195,0.0019030955075658282,87.00000000000006,0.1440962791899581,17.45352960222962,0.22594394426352188
1986-08-25,1.795875,0.03968425408298071,200.77873086965954,23.32255321042388,77.33164011130728,100.12453754792837,60.65654972526195,0.0019779461074729415,87.00000000000006,0.14398686035912375,17.44401016394703,0.4284925444539473
1986-08-26,1.81875,0.035615735192482054,201.18267314745975,23.726495488224074,77.33164011130728,100.12453754792838,60.656549725261954,0.0015697214841387276,87.00000000000006,0.14391563900919638,17.43781390650335,0.21368701091067824
1986-08-27,1.8430000000000002,0.03220243668730176,201.23554037746135,23.779362718225695,77.33164011130728,100.12453754792838,60.656549725261954,0.001408929751039903,87.00000000000006,0.14381197232431542,17.428794904918703,0.2134085943563399
1986-08-28,1.8671250000000001,0.031257538361708276,201.23554037746135,23.779362718225695,77.33164011130728,100.12453754792838,60.65654972526195,0.0013996635796939259,87.00000000000006,0.14370392216188024,17.419394540786847,0.1797916881086854
1986-08-29,1.8915000000000002,0.02919342238103423,201.23554037746135,23.779362718225695,77.33164011130728,100.12453754792838,60.65654972526195,0.0013420756991963654,87.00000000000006,0.1435704654159884,17.407783803894255,0.16136103281586173
1986-08-30,1.918875,0.026869539993177444,201.23554037746135,23.779362718225695,77.33164011130728,100.12453754792838,60.65654972526195,0.00115671169973292,87.00000000000006,0.1434353283010321,17.396026874893057,0.19254869689594914
1986-08-31,1.9472500000000001,0.02041896313596105,201.23554037746135,23.779362718225695,77.33164011130728,100.12453754792838,60.65654972526195,0.0008821261551898373,87.00000000000006,0.14332430399766843,17.38636776050042,0.18168383239509284
1986-09-01,1.9752500000000002,0.0184525771236053,201.23554037746135,23.779362718225695,77.33164011130728,100.12453754792838,60.65654972526194,0.0007723308314213066,87.00000000000006,0.14320736412084578,17.376193991216844,0.24105574926983223
1986-09-02,1.9992500000000002,0.01718659566494962,201.27071470608158,23.814537046845903,77.33164011130728,100.12453754792838,60.65654972526194,0.0007599103362107401,87.00000000000006,0.14319853667708185,17.375426003609384,0.16231584905810814
1986-09-03,2.0,0.016696705285048595,201.27071470608158,23.814537046845903,77.33164011130728,100.12453754792838,60.65654972526194,0.0007238497656859986,87.00000000000006,0.1429870371966791,17.357025548814345,0.16126963553098903
1986-09-04,,,,,,,,,,0.14286716989419707,17.346597093498403,
1986-09-05,,,,,,,,,,0.14240447615887952,17.341970156145226,
1986-09-06,,,,,,,,,,0.1416888819696513,17.334814214252944,
1986-09-07,,,,,,,,,,0.16832976677629338,17.601223062319367,
1986-09-08,,,,,,,,,,0.1826516836811427,17.74444223136786,
1986-09-09,,,,,,,,,,0.19454138926797432,17.863339287236176,
1986-09-10,,,,,,,,,,0.20060039610105193,17.92392935556695,
1986-09-11,,,,,,,,,,0.20981865329049998,18.01611192746143,
1986-09-12,,,,,,,,,,0.19768374494683194,17.89476284402475,
1986-09-13,,,,,,,,,,0.19797650333664457,17.89769042792288,
1986-09-14,,,,,,,,,,0.19562756842773327,17.874201078833764,
1986-09-15,,,,,,,,,,0.19493940876716692,17.8673194822281,
1986-09-16,,,,,,,,,,0.194292598075117,17.860851375307604,
1986-09-17,,,,,,,,,,0.1935823730638705,17.853749125195137,
1986-09-18,,,,,,,,,,0.19288591108973785,17.84678450545381,
1986-09-19,,,,,,,,,,0.1922051430838841,17.839976825395272,
1986-09-20,,,,,,,,,,0.19152810364971273,17.83320643105356,
1986-09-21,,,,,,,,,,0.19087129181548576,17.82663831271129,
1986-09-22,,,,,,,,,,0.19018821047529155,17.81980749930935,
1986-09-23,,,,,,,,,,0.1893312180159385,17.81123757471582,
1986-09-24,,,,,,,,,,0.18849795747235065,17.80290496927994,
1986-09-25,,,,,,,,,,0.18774371544991147,17.795362549055547,
1986-09-26,,,,,,,,,,0.18706079863440775,17.78853338090051,
1986-09-27,,,,,,,,,,0.1864871248620439,17.782796643176873,
1986-09-28,,,,,,,,,,0.1893635460511558,17.81156085506799,
1986-09-29,,,,,,,,,,0.18984416798729267,17.81636707442936,
1986-09-30,,,,,,,,,,0.1855291893170943,17.773217287727377,
1986-10-01,,,,,,,,,,0.18459830575750888,17.76390845213152,
1986-10-02,,,,,,,,,,0.18400233717014436,17.757948766257876,
1986-10-03,,,,,,,,,,0.18342079473992995,17.752133341955734,
1986-10-04,,,,,,,,,,0.18303089374659956,17.748234332022427,
1986-10-05,,,,,,,,,,0.18250140176272223,17.742939412183656,
1986-10-06,,,,,,,,,,0.18202387740408357,17.73816416859727,
1986-10-07,,,,,,,,,,0.1813875971138848,17.73180136569528,
1986-10-08,,,,,,,,,,0.1809539423188967,17.7274648177454,
1986-10-09,,,,,,,,,,0.18039258487211918,17.721851243277623,
1986-10-10,,,,,,,,,,0.1797139534330854,17.715064928887287,
1986-10-11,,,,,,,,,,0.17923191511582354,17.71024454571467,
1986-10-12,,,,,,,,,,0.17881187273479507,17.706044121904384,
1986-10-13,,,,,,,,,,0.17835144778856382,17.70143987244207,
1986-10-14,,,,,,,,,,0.1776836241443232,17.694761635999665,
1986-10-15,,,,,,,,,,0.177047976238636,17.688405156942792,
1986-10-16,,,,,,,,,,0.17635468467904822,17.681472241346913,
1986-10-17,,,,,,,,,,0.17588265201526704,17.6767519147091,
1986-10-18,,,,,,,,,,0.1950641062644755,17.868566457201187,
1986-10-19,,,,,,,,,,0.1871240294435506,17.78916568899194,
1986-10-20,,,,,,,,,,0.18754574417110048,17.793382836267437,
1986-10-21,,,,,,,,,,0.19848709880956833,17.902796382652117,
1986-10-22,,,,,,,,,,0.19144751329008966,17.832400527457327,
1986-10-23,,,,,,,,,,0.18851815173710412,17.803106911927472,
1986-10-24,,,,,,,,,,0.1890557631707868,17.8084830262643,
1986-10-25,,,,,,,,,,0.18810521991214338,17.798977593677865,
1986-10-26,,,,,,,,,,0.19537353162838791,17.87166071084031,
1986-10-27,,,,,,,,,,0.1879192057798847,17.79711745235528,
1986-10-28,,,,,,,,,,0.1876354429883989,17.794279824440423,
1986-10-29,,,,,,,,,,0.18714055164519,17.78933091100833,
1986-10-30,,,,,,,,,,0.1867914712862462,17.785840107418895,
1986-10-31,,,,,,,,,,0.18634430112827396,17.78136840583917,
1986-11-01,,,,,,,,,,0.18602390048738807,17.778164399430313,
1986-11-02,,,,,,,,,,0.18572197811835195,17.77514517573995,
1986-11-03,,,,,,,,,,0.18663673544566378,17.78429274901307,
1986-11-04,,,,,,,,,,0.18506690145735608,17.768594409129992,
1986-11-05,,,,,,,,,,0.18464624103979024,17.764387804954335,
1986-11-06,,,,,,,,,,0.18431046633884055,17.761030057944836,
1986-11-07,,,,,,,,,,0.18990609154178192,17.81698630997425,
1986-11-08,,,,,,,,,,0.183990241124052,17.757827805796953,
1986-11-09,,,,,,,,,,0.18362499467737778,17.75417534133021,
1986-11-10,,,,,,,,,,0.18320501309150783,17.74997552547151,
1986-11-11,,,,,,,,,,0.18291268462976282,17.74705224085406,
1986-11-12,,,,,,,,,,0.18269286849010644,17.744854079457497,
1986-11-13,,,,,,,,,,0.1824419275343107,17.742344669899538,
1986-11-14,,,,,,,,,,0.19586306252088043,17.876556019765236,
1986-11-15,,,,,,,,,,0.21614073393359887,18.07933273389242,
1986-11-16,,,,,,,,,,0.20622845917926017,17.980209986349035,
1986-11-17,,,,,,,,,,0.20606204166970055,17.978545811253436,
1986-11-18,,,,,,,,,,0.20595427805641578,17.977468175120592,
1986-11-19,,,,,,,,,,0.20690710328174117,17.986996427373843,
1986-11-20,,,,,,,,,,0.20572993726648164,17.97522476722125,
1986-11-21,,,,,,,,,,0.20562788802483975,17.97420427480483,
1986-11-22,,,,,,,,,,0.20561766298704193,17.974102024426852,
1986-11-23,,,,,,,,,,0.205393483744254,17.971860231998974,
1986-11-24,,,,,,,,,,0.2057055945258766,17.974981339815198,
1986-11-25,,,,,,,,,,0.2054156806968687,17.97208220152512,
1986-11-26,,,,,,,,,,0.20488795290777367,17.966804923634168,
1986-11-27,,,,,,,,,,0.20473895610007267,17.965314955557158,
1986-11-28,,,,,,,,,,0.2046252559169662,17.964177953726093,
1986-11-29,,,,,,,,,,0.20448706564310365,17.962796050987468,
1986-11-30,,,,,,,,,,0.20433750202617512,17.961300414818183,
1986-12-01,,,,,,,,,,0.20416414584946968,17.95956685305113,
1986-12-02,,,,,,,,,,0.20397721790040996,17.95769757356053,
1986-12-03,,,,,,,,,,0.20378859590381362,17.95581135359457,
1986-12-04,,,,,,,,,,0.20346393160189513,17.952564710575384,
1986-12-05,,,,,,,,,,0.2031361562005193,17.949286956561625,
1986-12-06,,,,,,,,,,0.2028929372888014,17.946854767444446,
1986-12-07,,,,,,,,,,0.20266181219031992,17.944543516459632,
1986-12-08,,,,,,,,,,0.20245870775413005,17.942512472097732,
1986-12-09,,,,,,,,,,0.2023189593554152,17.941114988110584,
1986-12-10,,,,,,,,,,0.20209460277472274,17.93887142230366,
1986-12-11,,,,,,,,,,0.2019078758519696,17.937004153076128,
1986-12-12,,,,,,,,,,0.2017265584722688,17.93519097927912,
1986-12-13,,,,,,,,,,0.2016815141118547,17.93474053567498,
1986-12-14,,,,,,,,,,0.20414056448377793,17.95933103939421,
1986-12-15,,,,,,,,,,0.20254835485298192,17.94340894308625,
1986-12-16,,,,,,,,,,0.20832786404203177,18.00120403497675,
1986-12-17,,,,,,,,,,0.2098590935588455,18.01651633014489,
1986-12-18,,,,,,,,,,0.21558013914278312,18.073726785984263,
1986-12-19,,,,,,,,,,0.20904765752569024,18.008401969813335,
1986-12-20,,,,,,,,,,0.2089370157643439,18.00729555219987,
1986-12-21,,,,,,,,,,0.20883273953391174,18.006252789895548,
1986-12-22,,,,,,,,,,0.20874467993242982,18.00537219388073,
1986-12-23,,,,,,,,,,0.20863533856010258,18.004278780157456,
1986-12-24,,,,,,,,,,0.20864988981766225,18.004424292733056,
1986-12-25,,,,,,,,,,0.208414205719284,18.002067451749273,
1986-12-26,,,,,,,,,,0.2082666898154939,18.00059229271137,
1986-12-27,,,,,,,,,,0.21366566591120262,18.054582053668458,
1986-12-28,,,,,,,,,,0.20809553789814306,17.998880773537863,
1986-12-29,,,,,,,,,,0.20803310046509926,17.998256399207424,
1986-12-30,,,,,,,,,,0.2094324663834577,18.01225005839101,
1986-12-31,,,,,,,,,,0.20792698256804285,17.99719522023686,
1987-01-01,,,,,,,,,,0.21034542761726677,18.0213796707291,
1987-01-02,,,,,,,,,,0.23758234799132052,18.29374887446964,
1987-01-03,,,,,,,,,,0.23544049482305324,18.272330342786965,
1987-01-04,,,,,,,,,,0.23369965764761824,18.254921971032616,
1987-01-05,,,,,,,,,,0.23362009838566808,18.254126378413112,
1987-01-06,,,,,,,,,,0.23354220349626917,18.253347429519124,
1987-01-07,,,,,,,,,,0.23349695372585572,18.25289493181499,
1987-01-08,,,,,,,,,,0.23329585963977953,18.25088399095423,
1987-01-09,,,,,,,,,,0.23297501863707604,18.247675580927194,
1987-01-10,,,,,,,,,,0.23351071592259426,18.253032553782376,
1987-01-11,,,,,,,,,,0.23284016729590803,18.246327067515512,
1987-01-12,,,,,,,,,,0.23269882705034065,18.24491366505984,
1987-01-13,,,,,,,,,,0.23251066190020292,18.243032013558462,
1987-01-14,,,,,,,,,,0.23233304632520677,18.2412558578085,
1987-01-15,,,,,,,,,,0.23215702924365317,18.239495686992964,
1987-01-16,,,,,,,,,,0.23587865696491903,18.276711964205624,
1987-01-17,,,,,,,,,,0.23186341404519015,18.236559535008332,
1987-01-18,,,,,,,,,,0.232888356921345,18.246808963769883,
1987-01-19,,,,,,,,,,0.23850215730910165,18.30294696764745,
1987-01-20,,,,,,,,,,0.23262725450776495,18.24419793963408,
1987-01-21,,,,,,,,,,0.23246431905460216,18.242568585102454,
1987-01-22,,,,,,,,,,0.23280738174003912,18.245999211956825,
1987-01-23,,,,,,,,,,0.23283415149209166,18.24626690947735,
1987-01-24,,,,,,,,,,0.23214476592111466,18.23937305376758,
1987-01-25,,,,,,,,,,0.23203184233765875,18.238243817933018,
1987-01-26,,,,,,,,,,0.231888871716129,18.236814111717724,
1987-01-27,,,,,,,,,,0.23165040253005179,18.23442941985695,
1987-01-28,,,,,,,,,,0.23135303963388848,18.231455790895318,
1987-01-29,,,,,,,,,,0.2310633973118798,18.22855936767523,
1987-01-30,,,,,,,,,,0.23085634966433402,18.22648889119977,
1987-01-31,,,,,,,,,,0.23072042663110368,18.22512966086747,
1987-02-01,,,,,,,,,,0.23061249977202775,18.22405039227671,
1987-02-02,,,,,,,,,,0.23036965857910982,18.221621980347532,
1987-02-03,,,,,,,,,,0.2301320890810829,18.219246285367262,
1987-02-04,,,,,,,,,,0.22990550866031398,18.216980481159574,
1987-02-05,,,,,,,,,,0.22971072006594578,18.21503259521589,
1987-02-06,,,,,,,,,,0.22950774126970863,18.213002807253517,
1987-02-07,,,,,,,,,,0.22917341643371086,18.20965955889354,
1987-02-08,,,,,,,,,,0.22883677007806863,18.20629309533712,
1987-02-09,,,,,,,,,,0.22851162077176496,18.203041602274084,
1987-02-10,,,,,,,,,,0.22998102605816798,18.217735655138114,
1987-02-11,,,,,,,,,,0.24090842174839366,18.32700961204037,
1987-02-12,,,,,,,,,,0.24816595886279091,18.39958498318434,
1987-02-13,,,,,,,,,,0.24094008329061403,18.32732622746257,
1987-02-14,,,,,,,,,,0.24083195100330798,18.32624490458951,
1987-02-15,,,,,,,,,,0.25041664697358895,18.422091864292323,
1987-02-16,,,,,,,,,,0.24890876403486178,18.40701303490505,
1987-02-17,,,,,,,,,,0.253360134882298,18.45152674337941,
1987-02-18,,,,,,,,,,0.2540247020600584,18.458172415157016,
1987-02-19,,,,,,,,,,0.254672371394026,18.464649108496694,
1987-02-20,,,,,,,,,,0.248876907765557,18.406694472212003,
1987-02-21,,,,,,,,,,0.24869986670136762,18.404924061570107,
1987-02-22,,,,,,,,,,0.24766172127194266,18.39454260727586,
1987-02-23,,,,,,,,,,0.24737597402392142,18.391685134795647,
1987-02-24,,,,,,,,,,0.24707780567474646,18.388703451303897,
1987-02-25,,,,,,,,,,0.24679044782463735,18.385829872802805,
1987-02-26,,,,,,,,,,0.24648428596422806,18.382768254198712,
1987-02-27,,,,,,,,,,0.24631106052627433,18.381035999819176,
1987-02-28,,,,,,,,,,0.24596976629773265,18.37762305753376,
1987-03-01,,,,,,,,,,0.24545942884281113,18.372519682984542,
1987-03-02,,,,,,,,,,0.24506566128388846,18.368582007395318,
1987-03-03,,,,,,,,,,0.2445876362698831,18.363801757255263,
1987-03-04,,,,,,,,,,0.2441306655138983,18.359232049695414,
1987-03-05,,,,,,,,,,0.243543848585476,18.35336388041119,
1987-03-06,,,,,,,,,,0.24585065841533105,18.376431978709743,
1987-03-07,,,,,,,,,,0.2564140077377659,18.482065471934092,
1987-03-08,,,,,,,,,,0.25338961386046754,18.45182153316111,
1987-03-09,,,,,,,,,,0.28765608630441347,18.794486257600568,
1987-03-10,,,,,,,,,,0.28359309275290856,18.753856322085518,
1987-03-11,,,,,,,,,,0.2803634724919886,18.72156011947632,
1987-03-12,,,,,,,,,,0.2791043768124122,18.708969162680553,
1987-03-13,,,,,,,,,,0.2781507072909307,18.69943246746574,
1987-03-14,,,,,,,,,,0.2808185244821075,18.726110639377506,
1987-03-15,,,,,,,,,,0.277598024509219,18.693905639648623,
1987-03-16,,,,,,,,,,0.27725566697098586,18.69048206426629,
1987-03-17,,,,,,,,,,0.27686520595663067,18.68657745412274,
1987-03-18,,,,,,,,,,0.2763211428781672,18.681136823338104,
1987-03-19,,,,,,,,,,0.29601967509937327,18.878122145550165,
1987-03-20,,,,,,,,,,0.27922118137220775,18.71013720827851,
1987-03-21,,,,,,,,,,0.27914701938938874,18.70939558845032,
1987-03-22,,,,,,,,,,0.28132816735313515,18.731207068087784,
1987-03-23,,,,,,,,,,0.28504242962151666,18.7683496907716,
1987-03-24,,,,,,,,,,0.278771987098447,18.705645265540902,
1987-03-25,,,,,,,,,,0.2782413169731546,18.70033856428798,
1987-03-26,,,,,,,,,,0.2778652402566656,18.696577797123087,
1987-03-27,,,,,,,,,,0.277519887256283,18.693124267119263,
1987-03-28,,,,,,,,,,0.2773381600973369,18.6913069955298,
1987-03-29,,,,,,,,,,0.2769791644660322,18.687717039216754,
1987-03-30,,,,,,,,,,0.27720463100226816,18.689971704579115,
1987-03-31,,,,,,,,,,0.2761755594692449,18.67968098924888,
1987-04-01,,,,,,,,,,0.2833820062732487,18.75174545728892,
1987-04-02,,,,,,,,,,0.2805571424766498,18.723496819322932,
1987-04-03,,,,,,,,,,0.27687009521902817,18.686626346746714,
1987-04-04,,,,,,,,,,0.27623085145159376,18.68023390907237,
1987-04-05,,,,,,,,,,0.28102487637967,18.728174158353134,
1987-04-06,,,,,,,,,,0.2792582159408083,18.710507553964515,
1987-04-07,,,,,,,,,,0.2763179500121555,18.681104894677986,
1987-04-08,,,,,,,,,,0.27577342487173195,18.675659643273754,
1987-04-09,,,,,,,,,,0.2753167955893677,18.67109335045011,
1987-04-10,,,,,,,,,,0.27674803973358186,18.68540579189225,
1987-04-11,,,,,,,,,,0.2786150175304451,18.704075569860883,
1987-04-12,,,,,,,,,,0.27450933466938043,18.663018741250237,
1987-04-13,,,,,,,,,,0.2739742690212264,18.657668084768694,
1987-04-14,,,,,,,,,,0.27351065795714147,18.65303197412785,
1987-04-15,,,,,,,,,,0.27291353264381163,18.64706072099455,
1987-04-16,,,,,,,,,,0.2722729077958007,18.640654472514438,
1987-04-17,,,,,,,,,,0.27160992319559574,18.63402462651239,
1987-04-18,,,,,,,,,,0.27082317442149406,18.626157138771372,
1987-04-19,,,,,,,,,,0.2700007011699132,18.617932406255566,
1987-04-20,,,,,,,,,,0.27430521603021035,18.660977554858537,
1987-04-21,,,,,,,,,,0.2790018040493,18.707943435049433,
1987-04-22,,,,,,,,,,0.2698572313223589,18.61649770778002,
1987-04-23,,,,,,,,,,0.2675482252092922,18.593407646649354,
1987-04-24,,,,,,,,,,0.2736138342753948,18.65406373731038,
1987-04-25,,,,,,,,,,0.27512657769193477,18.66919117147578,
1987-04-26,,,,,,,,,,0.2760029578573777,18.67795497313021,
1987-04-27,,,,,,,,,,0.2673174911397502,18.591100305953933,
1987-04-28,,,,,,,,,,0.26673278895033325,18.585253284059764,
1987-04-29,,,,,,,,,,0.2659449051465629,18.577374446022063,
1987-04-30,,,,,,,,,,0.2669946280916659,18.587871675473092,
1987-05-01,,,,,,,,,,0.26470920453849944,18.56501743994143,
1987-05-02,,,,,,,,,,0.29414768078046805,18.859402202361114,
1987-05-03,,,,,,,,,,0.28840364803779217,18.801961874934353,
1987-05-04,,,,,,,,,,0.2861321635290559,18.779247029846992,
1987-05-05,,,,,,,,,,0.28562647047235185,18.774190099279952,
1987-05-06,,,,,,,,,,0.2854238949883536,18.772164344439968,
1987-05-07,,,,,,,,,,0.2852840565494801,18.770765960051232,
1987-05-08,,,,,,,,,,0.2845370244984987,18.76329563954142,
1987-05-09,,,,,,,,,,0.28390426769026017,18.756968071459035,
1987-05-10,,,,,,,,,,0.28325132364329303,18.75043863098936,
1987-05-11,,,,,,,,,,0.2830247465822421,18.748172860378855,
1987-05-12,,,,,,,,,,0.29642649583067715,18.882190352863205,
1987-05-13,,,,,,,,,,0.31588490154992366,19.07677441005567,
1987-05-14,,,,,,,,,,0.2854801781184503,18.772727175740936,
1987-05-15,,,,,,,,,,0.2846768320155642,18.764693714712074,
1987-05-16,,,,,,,,,,0.28399027696012596,18.757828164157694,
1987-05-17,,,,,,,,,,0.2833041730917385,18.750967125473817,
1987-05-18,,,,,,,,,,0.2822648373623669,18.740573768180102,
1987-05-19,,,,,,,,,,0.28125005484835697,18.730425943040004,
1987-05-20,,,,,,,,,,0.2803760845768267,18.7216862403247,
1987-05-21,,,,,,,,,,0.2794887415541037,18.712812810097468,
1987-05-22,,,,,,,,,,0.27895481227226876,18.70747351727912,
1987-05-23,,,,,,,,,,0.2779863438981487,18.69778883353792,
1987-05-24,,,,,,,,,,0.27687765995784963,18.68670199413493,
1987-05-25,,,,,,,,,,0.27582056803159766,18.67613107487241,
1987-05-26,,,,,,,,,,0.27623706350367594,18.68029602959319,
1987-05-27,,,,,,,,,,0.2993753473823132,18.911678868379564,
1987-05-28,,,,,,,,,,0.2766086418873962,18.684011813430395,
1987-05-29,,,,,,,,,,0.27355481860221514,18.653473580578584,
1987-05-30,,,,,,,,,,0.27264968394869393,18.644422234043372,
1987-05-31,,,,,,,,,,0.2716948683615758,18.63487407817219,
1987-06-01,,,,,,,,,,0.2887551542326752,18.805476936883185,
1987-06-02,,,,,,,,,,0.2974504510581541,18.892429905137973,
1987-06-03,,,,,,,,,,0.27746583292805416,18.692583723836975,
1987-06-04,,,,,,,,,,0.27641463406307404,18.682071735187172,
1987-06-05,,,,,,,,,,0.27537607055488683,18.6716861001053,
1987-06-06,,,,,,,,,,0.28018413439600043,18.719766738516437,
1987-06-07,,,,,,,,,,0.29692219505296286,18.88714734508606,
1987-06-08,,,,,,,,,,0.2735864079067878,18.65378947362431,
1987-06-09,,,,,,,,,,0.2727246827098207,18.64517222165464,
1987-06-10,,,,,,,,,,0.27175293165132086,18.63545471106964,
1987-06-11,,,,,,,,,,0.2708715456683896,18.626640851240328,
1987-06-12,,,,,,,,,,0.2730860549200371,18.648785943756803,
1987-06-13,,,,,,,,,,0.2849636941675099,18.76756233623153,
1987-06-14,,,,,,,,,,0.2842673546536204,18.760598941092635,
1987-06-15,-0.1,0.04836,30.0,0.0,18.6,11.4,20.0,0.0,10.0,0.27931217270569186,18.71104712161335,0.0
1987-06-16,-0.08345454545454546,0.04836,30.0,0.0,18.6,11.4,20.0,0.0,10.0,0.27735582921480867,18.69148368670452,0.0
1987-06-17,-0.06427272727272727,0.04836,30.0,0.0,18.6,11.4,20.0,0.0,10.0,0.2764053117394923,18.681978511951357,0.0
1987-06-18,-0.04536363636363636,0.04836,30.0,0.0,18.6,11.4,20.0,0.0,10.0,0.2754214576962255,18.67213997151869,0.0
1987-06-19,-0.02627272727272727,0.04836,30.0,0.0,18.6,11.4,20.0,0.0,10.0,0.2751467729269959,18.669393123826392,0.0
1987-06-20,-0.00809090909090909,0.04836,30.0,0.0,18.6,11.4,20.0,0.0,10.0,0.27472933247912235,18.665218719347656,0.0
1987-06-21,0.0,0.04836,30.0,0.0,18.6,11.4,20.0,0.005439827134757935,10.0,0.28502274593200466,18.76815285387648,1.0
1987-06-22,0.021438848920863306,0.05341312207526523,33.134691113688106,0.0,20.543508490486627,12.591182623201481,22.08979407579207,0.0035346533899663925,12.2,0.2547575244729637,18.70760868523546,1.0
1987-06-23,0.04215827338129496,0.05580099285073196,34.638253238664895,0.0,21.475717007972236,13.162536230692659,23.065591518183936,0.005923582177764119,14.399999999999999,0.23815069518517304,18.710578389440666,1.0
1987-06-24,0.06503597122302157,0.06252270420965894,38.933042086614094,0.0,24.138486093700738,14.794555992913356,25.781014862453187,0.010958668538188141,16.599999999999998,0.22095999411346284,18.63078577316653,1.0
1987-06-25,0.08920863309352517,0.07484666528052528,46.93755485190676,0.0,29.10128400818219,17.83627084372457,30.697201585915636,0.01999504171794114,18.799999999999997,0.2111650066374741,18.614393487776432,1.0
1987-06-26,0.11568345323741006,0.09356119045525985,59.30893951666056,0.0,36.771542500329545,22.53739701633101,38.06436683393477,0.02206620673675196,20.999999999999996,0.20274672767997948,18.583814136380358,0.9354319630127579
1987-06-27,0.1437410071942446,0.1138153613021073,73.08891983963743,0.0,45.315130300575206,27.77378953906222,45.99522783411016,0.019247951259902512,23.199999999999996,0.19591290373536766,18.552953713870192,1.0
1987-06-28,0.17251798561151077,0.1313746756248868,85.18176124050889,0.0,52.81269196911551,32.36906927139338,52.70571724650507,0.024601212445756134,25.399999999999995,0.19049982734661694,18.528111453922605,0.9449302973591717
1987-06-29,0.20187050359712227,0.1540687752821905,101.3228524600215,0.0,62.82016852521333,38.50268393480817,61.33019195312722,0.02800855217890068,27.599999999999994,0.18571160040011592,18.496697502470603,0.6776686557014716
1987-06-30,0.23237410071942444,0.17463849390419317,117.28499785252652,0.0,72.71669866856644,44.56829918396008,69.53256996080734,0.028988793619604165,29.799999999999994,0.1814414796931526,18.459654918392225,0.6364541922986604
1987-07-01,0.2638848920863309,0.1946654258967276,133.58993601852274,0.0,82.82576033148409,50.764175687038644,77.57381726127878,0.028558702861942353,31.999999999999993,0.17773623152662685,18.42189972449721,0.9548745352627522
1987-07-02,0.2913669064748201,0.21463482852012658,148.95427743389115,0.0,92.35165200901251,56.60262542487864,84.83185897306821,0.01886202986856115,34.199999999999996,0.17544301817321267,18.416133029277894,1.0
1987-07-03,0.31712230215827336,0.23329060735104148,163.44126675030384,0.0,101.33358538518837,62.107681365115454,91.41961078675874,0.030469546389448102,36.4,0.17306242976173583,18.397095743190075,0.8270162662529311
1987-07-04,0.34503597122302154,0.26120844102550017,186.68224830741664,0.0,115.74299395059832,70.93925435681832,101.53016477958998,0.0328825633321045,38.6,0.17199753822836228,18.418369767586547,0.6967773829531886
1987-07-05,0.3742446043165467,0.2873944045134903,210.6904660977812,0.0,130.31960929016685,80.37085680761435,111.43116999469898,0.034215112277601004,40.800000000000004,0.16919401534874517,18.36402211030944,0.8311400470037935
1987-07-06,0.4025899280575539,0.3174944193929273,238.99390517554107,0.0,146.7976160683549,92.19628910718617,122.45456703729958,0.043623498827285605,43.00000000000001,0.17605402986951757,18.71287106057876,0.9020040796582826
1987-07-07,0.42964028776978413,0.35489404891304654,275.739569106672,0.0,167.3005429828228,108.43902612384917,135.9740957609918,0.05080806177618256,45.20000000000001,0.17705461606530998,18.827057914450386,0.6164929013092263
1987-07-08,0.4615827338129496,0.3829872918913325,309.4454617168882,0.0,185.32823553855118,124.11722617833698,147.702744868226,0.037706581737958884,47.40000000000001,0.1634842959515044,18.254986388508556,0.654567132219285
1987-07-09,0.4943884892086331,0.39804355091103183,331.5598044873746,0.0,196.5525155675944,135.0072889197802,154.89316352449052,0.03730985714230096,49.600000000000016,0.16222976211691953,18.234068453515327,0.5391315406920092
1987-07-10,0.5283453237410072,0.40831492078850634,352.3199120910669,0.0,206.5074555897992,145.8124565012677,161.17305814079137,0.038708104857579154,51.80000000000002,0.16063902894356108,18.19021544390145,0.37012576353697313
1987-07-11,0.5625899280575539,0.4126863723317611,371.12909166702633,0.0,214.98108325093168,156.14800841609465,166.43691284524334,0.0359409148502373,54.00000000000002,0.15880134640097898,18.126027942386727,0.6819579325753572
1987-07-12,0.5941007194244604,0.4236406217053718,394.9132491356279,0.0,224.99995347595586,169.91329565967203,172.56858098641118,0.028380382480426715,56.200000000000024,0.16018808054214662,18.23496685531137,1.0
1987-07-13,0.6179856115107913,0.4364082690418951,416.0256753546961,0.0,233.3248772444539,182.70079811024218,177.5970327532196,0.037982730350672345,58.40000000000003,0.15993891267913843,18.254470721413288,0.5867553087617225
1987-07-14,0.6446043165467625,0.4471583357984359,447.8651360386482,0.0,245.22975363038856,202.63538240825966,184.71949684318548,0.0341078791611132,60.60000000000003,0.1558625615760592,18.040950944569662,0.35320262884987336
1987-07-15,0.6732374100719424,0.447517272228163,470.7601381137263,0.0,253.26947810661275,217.49066000711358,189.48074999045775,0.032799698584663126,62.80000000000003,0.15473439836182246,17.994641422291796,0.3314027623884312
1987-07-16,0.7024460431654675,0.4455987310022444,491.8090402022452,0.0,260.1459024928964,231.6631377093488,193.51111441806344,0.03183907760422251,65.00000000000003,0.15372820839644272,17.951296243046993,0.3016121796394291
1987-07-17,0.7338129496402876,0.44052605749230533,508.76000814708584,0.0,265.26048290729057,243.49952523979525,196.47380895068096,0.030023472665289954,67.20000000000003,0.15284815098200386,17.911999935377747,0.5237361750577257
1987-07-18,0.7644604316546761,0.43927938148181594,528.2027604033392,0.0,270.60575200665886,257.5970083966803,199.45879581159951,0.035338091153354186,69.40000000000003,0.15239343434936298,17.89835002534175,1.0
1987-07-19,0.7915107913669064,0.44946926801037074,561.5664840927034,0.0,278.90443821411264,282.6620458785907,203.91255228876574,0.030994477157099694,71.60000000000004,0.1532315688025798,17.975267499869542,1.0
1987-07-20,0.8212949640287769,0.45448106950095885,580.0778630510408,0.0,283.08093945626945,296.99692359477143,206.06683613027494,0.04134908955865093,73.80000000000004,0.1584238252847871,18.377206971730992,1.0
1987-07-21,0.8506474820143884,0.4631326987776777,616.0964010762017,0.0,290.2906305202018,325.8057705559999,209.69367507683938,0.048414598045426076,76.00000000000004,0.16541422931446362,18.938651585721807,1.0
1987-07-22,0.8818705035971223,0.471084707250535,653.9451438168821,0.0,296.9173042475829,357.02783956929926,212.97329189207517,0.048468487831524604,78.20000000000005,0.16322226284309918,18.8127926042618,0.89563915306766
1987-07-23,0.9116546762589928,0.4757890394281754,691.1071553337399,0.0,302.4916059751115,388.6155493586284,215.6526989483457,0.04150175846793155,80.40000000000005,0.16020441121605514,18.61088780381115,0.4460143869353132
1987-07-24,0.941294964028777,0.47065026472104965,721.2185547814101,0.0,307.0083158922621,414.2102388891481,217.33816138248355,0.03979478584430414,82.60000000000005,0.15920911817811162,18.56276779566121,0.4277126352890918
1987-07-25,0.9716546762589928,0.46475011673541555,748.8972299186947,0.0,311.16011716285476,437.73711275584,218.34868152708881,0.038645871329339644,84.80000000000005,0.15828757625928513,18.516522593045437,0.38547839538849626
1987-07-26,1.0,0.45766911053778997,774.4131405578681,1.841795947815641,314.8033241639492,457.7680204461033,218.7901436070019,0.03602996042751443,87.00000000000006,0.1574193441420343,18.470860558723913,0.4557281994605787
1987-07-27,1.025625,0.45183798489815463,800.3285928115909,6.161037990102757,318.2587177977789,475.9088370237092,218.7901436070019,0.034985824098223275,87.00000000000006,0.15694204530220118,18.429335559658433,0.45648332133469677
1987-07-28,1.05075,0.445989847232111,826.9027683846625,12.859944749147889,321.57495345783514,492.46787017767946,218.7901436070019,0.0381446288158523,87.00000000000006,0.15670121016744776,18.408382902934886,0.782000994644845
1987-07-29,1.0762500000000002,0.4463430175533783,857.5422087622923,23.14969014263523,325.1418949751308,509.2506236445262,218.7901436070019,0.042727813995231546,87.00000000000006,0.15725946449897316,18.456951029777596,0.9958827302805906
1987-07-30,1.1025000000000003,0.450422699127791,889.6223358060946,36.65007694023542,328.60387535194116,524.368383513918,218.7901436070019,0.03603817392569274,87.00000000000006,0.15553670185043325,18.307070679354624,0.7037135902010049
1987-07-31,1.1287500000000004,0.4472540765638673,908.7638449313589,46.46010036693335,330.47017249165447,531.8335720727711,218.7901436070019,0.03326950022295343,87.00000000000006,0.1551955259501737,18.277388376032043,0.3425921298788342
1987-08-01,1.1575000000000004,0.4367466078933654,923.659424027802,56.049129410268606,331.531482502276,536.0788121152573,218.7901436070019,0.032085455445622794,87.00000000000006,0.15462124460314128,18.227425898840224,0.3243926757498562
1987-08-02,1.1860000000000004,0.4256088438356594,937.4344418536056,66.89695594808904,332.11692075987264,538.4205651456439,218.7901436070019,0.031294906667073685,87.00000000000006,0.154682839018901,18.23278461301132,0.33002322147601504
1987-08-03,1.2160000000000004,0.4144248899360998,945.5394746718938,74.43463646909699,332.23039121932874,538.874446983468,218.7901436070019,0.030210661531554182,87.00000000000006,0.15380957595663514,18.156810726594188,0.29440162661747776
1987-08-04,1.2460000000000004,0.40284041038318474,950.4859595804763,79.38112137767963,332.2303912193287,538.874446983468,218.7901436070019,0.027775177771820512,87.00000000000006,0.15324001537209914,18.107258955739553,0.3226713413359294
1987-08-05,1.2751250000000005,0.39214308509852697,960.2885469580675,89.18370875527066,332.23039121932874,538.874446983468,218.7901436070019,0.02695910878502093,87.00000000000006,0.1531166477225739,18.096525970230857,0.495343686465201
1987-08-06,1.3023750000000005,0.38438415055394237,975.7664563678087,104.66161816501203,332.2303912193287,538.874446983468,218.7901436070019,0.034461759530189026,87.00000000000006,0.15466830682005647,18.231520311711844,1.0
1987-08-07,1.3268750000000005,0.38438415055394237,1004.417896602311,133.3130583995142,332.2303912193287,538.874446983468,218.7901436070019,0.0282300989210005,87.00000000000006,0.15429644185199107,18.19916805949015,0.3183876787993283
1987-08-08,1.3526250000000004,0.3742385258745525,1016.9641902415833,145.85935203878654,332.2303912193287,538.874446983468,218.7901436070019,0.024565401999831715,87.00000000000006,0.1516098166915389,17.965431670530812,0.28066138027597315
1987-08-09,1.3792500000000003,0.3638405759413976,1025.7769265963352,154.67208839353844,332.2303912193287,538.874446983468,218.7901436070019,0.023223381361277554,87.00000000000006,0.15123693429182355,17.93299090175558,0.28917590929274345
1987-08-10,1.4063750000000004,0.3539258436929692,1033.3580079003686,162.25316969757182,332.2303912193287,538.874446983468,218.7901436070019,0.02182737095184061,87.00000000000006,0.15089238417243483,17.90301504136876,0.32029513735888476
1987-08-11,1.4316250000000004,0.34464734209894593,1041.4951190488239,170.39028084602717,332.2303912193287,538.874446983468,218.7901436070019,0.0212455375251726,87.00000000000006,0.15077295779711453,17.89262494671589,0.30985317727801753
1987-08-12,1.4571250000000004,0.3354955105483157,1049.155175303615,178.0503371008181,332.2303912193287,538.874446983468,218.7901436070019,0.02026319350482957,87.00000000000006,0.15024493156895338,17.84668666486587,0.295194535665728
1987-08-13,1.4838750000000005,0.32649339681221534,1053.8401740854922,182.73533588269547,332.2303912193287,538.874446983468,218.7901436070019,0.01948208404036082,87.00000000000006,0.1499585774447782,17.821773856062634,0.40380241927739585
1987-08-14,1.5095000000000005,0.3190394862563227,1060.6083298627977,189.50349166000103,332.2303912193287,538.874446983468,218.7901436070019,0.024464983409042473,87.00000000000006,0.15061335352647107,17.878739375169914,1.0
1987-08-15,1.5327500000000005,0.3190394862563227,1076.2000074745472,205.09516927175054,332.2303912193287,538.874446983468,218.7901436070019,0.019870092370383338,87.00000000000006,0.15103220614756446,17.915179553205036,0.37567042417322427
1987-08-16,1.5561250000000004,0.3113734686811001,1086.995728358147,215.89089015535035,332.2303912193287,538.8744469834679,218.7901436070019,0.018021662222141726,87.00000000000006,0.1490747206839492,17.74487831787051,0.41409520775056413
1987-08-17,1.5816250000000005,0.30445581938164834,1093.1724119417233,222.0675737389266,332.2303912193287,538.874446983468,218.7901436070019,0.01743324623227673,87.00000000000006,0.14879309547904684,17.720376925044004,0.25523061645285766
1987-08-18,1.6098750000000006,0.29587329840266713,1094.5731849473536,223.46834674455692,332.2303912193287,538.8744469834679,218.79014360700188,0.01633687551919867,87.00000000000006,0.1485068443617344,17.69547307783782,0.29020906167458005
1987-08-19,1.6385000000000005,0.2878766134362813,1096.3226990603296,225.21786085753305,332.2303912193287,538.8744469834679,218.7901436070019,0.015893686889246895,87.00000000000006,0.14848349493484123,17.693441677698118,0.2921248193517639
1987-08-20,1.6660000000000006,0.28007133152685854,1098.7295170867014,227.62467888390492,332.2303912193287,538.8744469834679,218.7901436070019,0.018167734193681066,87.00000000000006,0.14926503794742926,17.761435919793275,0.5852323534826591
1987-08-21,1.6916250000000006,0.2756558288470043,1107.4085904901629,236.3037522873663,332.2303912193287,538.8744469834679,218.7901436070019,0.022412016811078204,87.00000000000006,0.14948746418901104,17.78078700281089,0.9233139761394632
1987-08-22,1.7168750000000006,0.2748600805003114,1123.046764116657,251.94192591386036,332.2303912193287,538.8744469834679,218.7901436070019,0.015970511724743397,87.00000000000006,0.14945653396269842,17.77809607312169,1.0
1987-08-23,1.7398750000000005,0.2748600805003114,1132.4303336770113,261.3254954742146,332.2303912193287,538.8744469834679,218.7901436070019,0.020963635843360213,87.00000000000006,0.15362558325920636,18.140803361917882,1.0
1987-08-24,1.7645000000000004,0.2748600805003114,1145.0836086877787,273.97877048498214,332.2303912193287,538.8744469834679,218.7901436070019,0.026174389610697686,87.00000000000006,0.15584338257995636,18.33375190282313,1.0
1987-08-25,1.7896250000000005,0.2748600805003114,1161.0075681497551,289.9027299469585,332.2303912193287,538.8744469834679,218.7901436070019,0.020936058942322214,87.00000000000006,0.15525465388823603,18.282532506643463,0.3742614805283139
1987-08-26,1.8181250000000004,0.23940536021703945,1168.7624241206124,297.65758591781577,332.2303912193287,538.8744469834679,218.79014360700188,0.017246915772186608,87.00000000000006,0.15286776051803697,18.074872783436145,0.2907324055484673
1987-08-27,1.8481250000000005,0.20643540088555037,1170.5433907705387,299.438552567742,332.2303912193287,538.8744469834679,218.7901436070019,0.0148711241224927,87.00000000000006,0.15278480546881934,18.06765569415421,0.5378189130447211
1987-08-28,1.8753750000000005,0.18655138486804188,1176.8944229381566,305.78958473536,332.2303912193287,538.8744469834679,218.79014360700188,0.009761479636514801,87.00000000000006,0.15433485511402317,18.202510013286947,1.0
1987-08-29,1.8990000000000005,0.1695021957600998,1181.8242830422012,310.7194448394045,332.2303912193287,538.874446983468,218.79014360700188,0.0136784606952449,87.00000000000006,0.15626786958872813,18.370682272586276,0.4973846010108529
1987-08-30,1.9238750000000004,0.15550640764863555,1188.1029749424304,316.9981367396337,332.2303912193287,538.874446983468,218.7901436070019,0.011092074464176193,87.00000000000006,0.15312075477410475,18.096883283714043,0.353354698965767
1987-08-31,1.9510000000000005,0.1395741677183933,1190.8092346282197,319.70439642542294,332.2303912193287,538.874446983468,218.7901436070019,0.009784828079271819,87.00000000000006,0.15266538853143768,18.05726642060201,0.3496646088369122
1987-09-01,1.9780000000000004,0.12680652038186999,1192.8224927064268,321.7176545036302,332.2303912193287,538.874446983468,218.79014360700188,0.009220025246476816,87.00000000000006,0.15249019616059473,18.04202468433867,0.5408433463901443
1987-09-02,2.0,0.10905878952030025,1195.4875157122763,324.3826775094795,332.2303912193287,538.874446983468,218.79014360700188,0.007570410105814123,87.00000000000006,0.1523225090050179,18.027435901803486,0.4159466172364566
1987-09-03,,,,,,,,,,0.15217335273019436,18.01445930589383,
1987-09-04,,,,,,,,,,0.16005131356584515,18.093238914250335,
1987-09-05,,,,,,,,,,0.17342294996637206,18.226955278255602,
1987-09-06,,,,,,,,,,0.15324432133033725,18.025168991895256,
1987-09-07,,,,,,,,,,0.1501961305037432,17.994687083629316,
1987-09-08,,,,,,,,,,0.14965530226637547,17.989278801255637,
1987-09-09,,,,,,,,,,0.14906280783079423,17.983353856899825,
1987-09-10,,,,,,,,,,0.14838840916013815,17.976609870193265,
1987-09-11,,,,,,,,,,0.14781385818792903,17.97086436047117,
1987-09-12,,,,,,,,,,0.1474791703028155,17.96751748162004,
1987-09-13,,,,,,,,,,0.14709433036153047,17.963669082207186,
1987-09-14,,,,,,,,,,0.14648109730602807,17.957536751652164,
1987-09-15,,,,,,,,,,0.14680432614916206,17.960769040083502,
1987-09-16,,,,,,,,,,0.14584507981301148,17.951176576722,
1987-09-17,,,,,,,,,,0.14524056500511412,17.945131428643023,
1987-09-18,,,,,,,,,,0.14465908937683905,17.939316672360274,
1987-09-19,,,,,,,,,,0.1439521168140648,17.93224694673253,
1987-09-20,,,,,,,,,,0.14313282139237993,17.92405399251568,
1987-09-21,,,,,,,,,,0.14251137811927989,17.91783955978468,
1987-09-22,,,,,,,,,,0.14196746151145684,17.912400393706452,
1987-09-23,,,,,,,,,,0.14135269894972374,17.90625276808912,
1987-09-24,,,,,,,,,,0.1408247169553148,17.900972948145032,
1987-09-25,,,,,,,,,,0.14331043234171886,17.925830102009073,
1987-09-26,,,,,,,,,,0.13982958791610678,17.89102165775295,
1987-09-27,,,,,,,,,,0.13932290762979052,17.88595485488979,
1987-09-28,,,,,,,,,,0.13883441254708434,17.881069904062727,
1987-09-29,,,,,,,,,,0.13853191356686645,17.878044914260546,
1987-09-30,,,,,,,,,,0.1380833697709321,17.873559476301203,
1987-10-01,,,,,,,,,,0.1375573381567646,17.86829916015953,
1987-10-02,,,,,,,,,,0.1370683269288262,17.863409047880143,
1987-10-03,,,,,,,,,,0.1366027237328437,17.85875301592032,
1987-10-04,,,,,,,,,,0.1360471472493296,17.853197251085177,
1987-10-05,,,,,,,,,,0.13593084113611004,17.852034189952985,
1987-10-06,,,,,,,,,,0.13499753773289566,17.84270115592084,
1987-10-07,,,,,,,,,,0.13463754352492904,17.83910121384117,
1987-10-08,,,,,,,,,,0.1340762026527475,17.833487805119358,
1987-10-09,,,,,,,,,,0.13348824346882252,17.827608213280108,
1987-10-10,,,,,,,,,,0.13310473727392755,17.823773151331157,
1987-10-11,,,,,,,,,,0.13257993827834524,17.818525161375334,
1987-10-12,,,,,,,,,,0.13210763727244582,17.81380215131634,
1987-10-13,,,,,,,,,,0.1540083583665116,18.032809362256998,
1987-10-14,,,,,,,,,,0.15909479415618588,18.08367372015374,
1987-10-15,,,,,,,,,,0.16699893759395096,18.16271515453139,
1987-10-16,,,,,,,,,,0.16544237947109863,18.14714957330287,
1987-10-17,,,,,,,,,,0.164933590692939,18.142061685521274,
1987-10-18,,,,,,,,,,0.1678599259570639,18.17132503816252,
1987-10-19,,,,,,,,,,0.1654295067193996,18.147020845785878,
1987-10-20,,,,,,,,,,0.164152988179548,18.134255660387364,
1987-10-21,,,,,,,,,,0.1658527501576617,18.1512532801685,
1987-10-22,,,,,,,,,,0.16851310319297688,18.17785681052165,
1987-10-23,,,,,,,,,,0.16528362858921267,18.14556206448401,
1987-10-24,,,,,,,,,,0.16477197865812715,18.140445565173152,
1987-10-25,,,,,,,,,,0.16451740775724982,18.13789985616438,
1987-10-26,,,,,,,,,,0.16421648489391927,18.134890627531075,
1987-10-27,,,,,,,,,,0.16392328310771723,18.131958609669056,
1987-10-28,,,,,,,,,,0.1635952904810432,18.128678683402313,
1987-10-29,,,,,,,,,,0.16349545494387238,18.127680328030607,
1987-10-30,,,,,,,,,,0.16576337143744074,18.150359492966288,
1987-10-31,,,,,,,,,,0.17111437926918474,18.20386957128373,
1987-11-01,,,,,,,,,,0.1929065531020933,18.421791309612814,
1987-11-02,,,,,,,,,,0.2067875705987945,18.560601484579827,
1987-11-03,,,,,,,,,,0.20207972090801368,18.51352298767202,
1987-11-04,,,,,,,,,,0.19969997263980815,18.489725504989963,
1987-11-05,,,,,,,,,,0.19946988531566628,18.487424631748546,
1987-11-06,,,,,,,,,,0.19930274475740903,18.485753226165972,
1987-11-07,,,,,,,,,,0.19912148909595262,18.48394066955141,
1987-11-08,,,,,,,,,,0.19893009510290477,18.48202672962093,
1987-11-09,,,,,,,,,,0.1986175127247806,18.478900905839687,
1987-11-10,,,,,,,,,,0.1982658130061664,18.475383908653548,
1987-11-11,,,,,,,,,,0.19800999814824038,18.472825760074286,
1987-11-12,,,,,,,,,,0.19809870342321484,18.47371281282403,
1987-11-13,,,,,,,,,,0.19768928484098605,18.469618627001744,
1987-11-14,,,,,,,,,,0.19745663263015203,18.467292104893403,
1987-11-15,,,,,,,,,,0.19727403523941303,18.465466130986012,
1987-11-16,,,,,,,,,,0.1971618109874712,18.464343888466594,
1987-11-17,,,,,,,,,,0.19780730942460664,18.47079887283795,
1987-11-18,,,,,,,,,,0.19711264961162636,18.463852274708145,
1987-11-19,,,,,,,,,,0.19666603930178794,18.45938617160976,
1987-11-20,,,,,,,,,,0.1964950588917072,18.457676367508956,
1987-11-21,,,,,,,,,,0.1962759412996789,18.45548519158867,
1987-11-22,,,,,,,,,,0.1961224548133754,18.453950326725636,
1987-11-23,,,,,,,,,,0.19600734005468026,18.452799179138687,
1987-11-24,,,,,,,,,,0.19581812882722752,18.450907066864158,
1987-11-25,,,,,,,,,,0.19568946046631544,18.449620383255038,
1987-11-26,,,,,,,,,,0.2008284205729644,18.501009984321527,
1987-11-27,,,,,,,,,,0.2265970209592849,18.758695988184733,
1987-11-28,,,,,,,,,,0.23190659464644084,18.811791725056292,
1987-11-29,,,,,,,,,,0.22213627039946676,18.71408848258655,
1987-11-30,,,,,,,,,,0.22201137086267778,18.71283948721866,
1987-12-01,,,,,,,,,,0.22193534358628927,18.712079214454775,
1987-12-02,,,,,,,,,,0.22184487150761684,18.71117449366805,
1987-12-03,,,,,,,,,,0.22175127121886415,18.710238490780526,
1987-12-04,,,,,,,,,,0.22168445529402336,18.709570331532117,
1987-12-05,,,,,,,,,,0.22155880388513044,18.708313817443187,
1987-12-06,,,,,,,,,,0.22143530590661378,18.70707883765802,
1987-12-07,,,,,,,,,,0.2213574701009299,18.706300479601182,
1987-12-08,,,,,,,,,,0.22123806621277026,18.705106440719586,
1987-12-09,,,,,,,,,,0.2211500606484206,18.70422638507609,
1987-12-10,,,,,,,,,,0.22100093583084526,18.702735136900337,
1987-12-11,,,,,,,,,,0.22086065575562214,18.701332336148106,
1987-12-12,,,,,,,,,,0.2207772621314948,18.70049839990683,
1987-12-13,,,,,,,,,,0.22063555733691884,18.69908135196107,
1987-12-14,,,,,,,,,,0.22052353230021038,18.697961101593986,
1987-12-15,,,,,,,,,,0.2203663044641649,18.696388823233534,
1987-12-16,,,,,,,,,,0.2202018970311756,18.694744748903638,
1987-12-17,,,,,,,,,,0.22003291128922453,18.693054891484127,
1987-12-18,,,,,,,,,,0.21988125381776338,18.691538316769517,
1987-12-19,,,,,,,,,,0.2197826474151249,18.69055225274313,
1987-12-20,,,,,,,,,,0.2196867515558872,18.689593294150754,
1987-12-21,,,,,,,,,,0.21957441592949997,18.688469937886882,
1987-12-22,,,,,,,,,,0.2193354894970796,18.686080673562678,
1987-12-23,,,,,,,,,,0.21919949729045957,18.684720751496478,
1987-12-24,,,,,,,,,,0.21901659495691547,18.68289172816104,
1987-12-25,,,,,,,,,,0.21881458512414115,18.680871629833295,
1987-12-26,,,,,,,,,,0.2186866870252368,18.67959264884425,
1987-12-27,,,,,,,,,,0.21842319347413325,18.676957713333216,
1987-12-28,,,,,,,,,,0.21815333257686437,18.674259104360527,
1987-12-29,,,,,,,,,,0.2179790897758119,18.67251667635,
1987-12-30,,,,,,,,,,0.21779501742776164,18.670675952869498,
1987-12-31,,,,,,,,,,0.2175441764805524,18.668167543397406,
1988-01-01,,,,,,,,,,0.21737445838961386,18.66647036248802,
1988-01-02,,,,,,,,,,0.21721156215368032,18.664841400128687,
1988-01-03,,,,,,,,,,0.21706698810098093,18.66339565960169,
1988-01-04,,,,,,,,,,0.21725693100660046,18.66529508865789,
1988-01-05,,,,,,,,,,0.2169393108399882,18.662118886991763,
1988-01-06,,,,,,,,,,0.21686367690150812,18.661362547606963,
1988-01-07,,,,,,,,,,0.21704125568157856,18.66313833540767,
1988-01-08,,,,,,,,,,0.21649194222448184,18.6576452008367,
1988-01-09,,,,,,,,,,0.21622619507129306,18.654987729304814,
1988-01-10,,,,,,,,,,0.21603864480194263,18.65311222661131,
1988-01-11,,,,,,,,,,0.21585548979980942,18.651280676589977,
1988-01-12,,,,,,,,,,0.21703317735772001,18.663057552169082,
1988-01-13,,,,,,,,,,0.21564604860083697,18.649186264600253,
1988-01-14,,,,,,,,,,0.21636672555314104,18.656393034123294,
1988-01-15,,,,,,,,,,0.2158256621280204,18.650982399872085,
1988-01-16,,,,,,,,,,0.21860061394002725,18.678731917992156,
1988-01-17,,,,,,,,,,0.215911630820644,18.65184208679832,
1988-01-18,,,,,,,,,,0.21522115938435954,18.64493737243548,
1988-01-19,,,,,,,,,,0.21512451274043948,18.643970905996277,
1988-01-20,,,,,,,,,,0.21497532030493213,18.642478981641204,
1988-01-21,,,,,,,,,,0.21485627005494928,18.641288479141377,
1988-01-22,,,,,,,,,,0.2148086852677173,18.640812631269057,
1988-01-23,,,,,,,,,,0.21443796440269464,18.63710542261883,
1988-01-24,,,,,,,,,,0.21431357879439683,18.63586156653585,
1988-01-25,,,,,,,,,,0.21419607695683757,18.634686548160257,
1988-01-26,,,,,,,,,,0.21404779253567097,18.633203703948592,
1988-01-27,,,,,,,,,,0.21390223954850857,18.631748174076968,
1988-01-28,,,,,,,,,,0.2137405389403427,18.63013116799531,
1988-01-29,,,,,,,,,,0.21359005872886297,18.628626365880514,
1988-01-30,,,,,,,,,,0.21338656288279104,18.62659140741979,
1988-01-31,,,,,,,,,,0.21331373078847302,18.625863086476613,
1988-02-01,,,,,,,,,,0.21306326190826314,18.623358397674515,
1988-02-02,,,,,,,,,,0.21291141034908492,18.62183988208273,
1988-02-03,,,,,,,,,,0.2126700362910224,18.619426141502107,
1988-02-04,,,,,,,,,,0.21243081762006338,18.617033954792518,
1988-02-05,,,,,,,,,,0.21189312860812742,18.611657064673157,
1988-02-06,,,,,,,,,,0.2116070423120313,18.608796201712195,
1988-02-07,,,,,,,,,,0.21166950550206245,18.609420833612507,
1988-02-08,,,,,,,,,,0.21118581386636506,18.604583917255532,
1988-02-09,,,,,,,,,,0.210977075755924,18.602496536151122,
1988-02-10,,,,,,,,,,0.21077938880327934,18.600519666624677,
1988-02-11,,,,,,,,,,0.21057777929639282,18.59850357155581,
1988-02-12,,,,,,,,,,0.21037067016027092,18.596432480194593,
1988-02-13,,,,,,,,,,0.21012803968898447,18.594006175481727,
1988-02-14,,,,,,,,,,0.20995068412355225,18.592232619827406,
1988-02-15,,,,,,,,,,0.209731190577709,18.590037684368973,
1988-02-16,,,,,,,,,,0.2095006710184834,18.587732488776716,
1988-02-17,,,,,,,,,,0.21153936431728662,18.608119421764748,
1988-02-18,,,,,,,,,,0.2092298300626993,18.585024079218876,
1988-02-19,,,,,,,,,,0.209037217156346,18.58309795015534,
1988-02-20,,,,,,,,,,0.2088918708102126,18.58164448669401,
1988-02-21,,,,,,,,,,0.20867110373981362,18.579436815990018,
1988-02-22,,,,,,,,,,0.2086856421808733,18.579582200400615,
1988-02-23,,,,,,,,,,0.20827130239843816,18.575438802576265,
1988-02-24,,,,,,,,,,0.20836926650168844,18.576418443608766,
1988-02-25,,,,,,,,,,0.20951611526382652,18.58788693123015,
1988-02-26,,,,,,,,,,0.22265623872236368,18.71928816581552,
1988-02-27,,,,,,,,,,0.2223719033390005,18.716444811981887,
1988-02-28,,,,,,,,,,0.22380461197516385,18.73077189834352,
1988-02-29,,,,,,,,,,0.22996332461217897,18.792359024713672,
1988-03-01,,,,,,,,,,0.22803984991501625,18.773124277742046,
1988-03-02,,,,,,,,,,0.2281027125861041,18.773752904452923,
1988-03-03,,,,,,,,,,0.2277581702446827,18.77030748103871,
1988-03-04,,,,,,,,,,0.22755710097292914,18.768296788321173,
1988-03-05,,,,,,,,,,0.22737723914750857,18.766498170066967,
1988-03-06,,,,,,,,,,0.22714477991425017,18.764173577734383,
1988-03-07,,,,,,,,,,0.22682548860077317,18.760980664599614,
1988-03-08,,,,,,,,,,0.22647465953114962,18.75747237390338,
1988-03-09,,,,,,,,,,0.2260840318380935,18.75356609697282,
1988-03-10,,,,,,,,,,0.22565579295219726,18.749283708113854,
1988-03-11,,,,,,,,,,0.22527752703688336,18.745501048960715,
1988-03-12,,,,,,,,,,0.22481910327095328,18.740916811301414,
1988-03-13,,,,,,,,,,0.22526337874285574,18.74535956602044,
1988-03-14,,,,,,,,,,0.2471476588350804,18.964202366942686,
1988-03-15,,,,,,,,,,0.26492332673929464,19.14195904598483,
1988-03-16,,,,,,,,,,0.27933024602986867,19.28602823889057,
1988-03-17,,,,,,,,,,0.2680755666317366,19.17348144490925,
1988-03-18,,,,,,,,,,0.267808139240879,19.17080717100067,
1988-03-19,,,,,,,,,,0.26765976072288233,19.169323385820707,
1988-03-20,,,,,,,,,,0.26766340892287394,19.16935986782062,
1988-03-21,,,,,,,,,,0.27402081784978793,19.232933957089763,
1988-03-22,,,,,,,,,,0.2764842713022237,19.25756849161412,
1988-03-23,,,,,,,,,,0.2704198435818975,19.196924214410856,
1988-03-24,,,,,,,,,,0.270227427862722,19.195000057219104,
1988-03-25,,,,,,,,,,0.27005392321453336,19.193265010737218,
1988-03-26,,,,,,,,,,0.27000645843541815,19.192790362946063,
1988-03-27,,,,,,,,,,0.2695784280914448,19.18851005950633,
1988-03-28,,,,,,,,,,0.26956271501845336,19.188352928776418,
1988-03-29,,,,,,,,,,0.2712799263540565,19.205525042132447,
1988-03-30,,,,,,,,,,0.2698920630001358,19.19164640859324,
1988-03-31,,,,,,,,,,0.2685001853892194,19.177727632484075,
1988-04-01,,,,,,,,,,0.26811999877727366,19.17392576636462,
1988-04-02,,,,,,,,,,0.267809595725444,19.170821735846324,
1988-04-03,,,,,,,,,,0.26752504438994656,19.167976222491347,
1988-04-04,,,,,,,,,,0.2671903519068226,19.16462929766011,
1988-04-05,,,,,,,,,,0.2668142705952909,19.160868484544793,
1988-04-06,,,,,,,,,,0.2696662185842452,19.189387964434335,
1988-04-07,,,,,,,,,,0.27213084047140834,19.214034183305966,
1988-04-08,,,,,,,,,,0.2658826885221043,19.151552663812925,
1988-04-09,,,,,,,,,,0.2655823467123871,19.148549245715753,
1988-04-10,,,,,,,,,,0.26486069105721743,19.141332689164056,
1988-04-11,,,,,,,,,,0.2643258696118836,19.135984474710718,
1988-04-12,,,,,,,,,,0.27065935874900565,19.199319366081937,
1988-04-13,,,,,,,,,,0.2635537798174637,19.12826357676652,
1988-04-14,,,,,,,,,,0.26296216375756454,19.12234741616753,
1988-04-15,,,,,,,,,,0.26228549049040784,19.11558068349596,
1988-04-16,,,,,,,,,,0.2616228103390247,19.108953881982128,
1988-04-17,,,,,,,,,,0.269724526379315,19.189971042385032,
1988-04-18,,,,,,,,,,0.2609605985874534,19.102331764466417,
1988-04-19,,,,,,,,,,0.2599219177681911,19.091944956273792,
1988-04-20,,,,,,,,,,0.25918434423247094,19.084569220916592,
1988-04-21,,,,,,,,,,0.25872476088451746,19.079973387437057,
1988-04-22,,,,,,,,,,0.25838848064232395,19.07661058501512,
1988-04-23,,,,,,,,,,0.25774306275469405,19.070156406138825,
1988-04-24,,,,,,,,,,0.259449064485347,19.08721642344535,
1988-04-25,,,,,,,,,,0.2564292960809312,19.057018739401194,
1988-04-26,,,,,,,,,,0.25593143909254057,19.052040169517287,
1988-04-27,,,,,,,,,,0.2567681323239843,19.060407101831725,
1988-04-28,,,,,,,,,,0.25509220640106184,19.0436478426025,
1988-04-29,,,,,,,,,,0.254229437322118,19.035020151813065,
1988-04-30,,,,,,,,,,0.2534487014237271,19.027212792829154,
1988-05-01,,,,,,,,,,0.25256459225452,19.018371701137085,
1988-05-02,,,,,,,,,,0.25182856144596005,19.011011393051483,
1988-05-03,,,,,,,,,,0.25555699716393143,19.048295750231198,
1988-05-04,,,,,,,,,,0.26154298356149275,19.108155614206808,
1988-05-05,,,,,,,,,,0.2499176645949781,18.991902424541664,
1988-05-06,,,,,,,,,,0.24953982177973302,18.988123996389213,
1988-05-07,,,,,,,,,,0.286802519556948,19.360750974161363,
1988-05-08,,,,,,,,,,0.28067312008645634,19.299456979456444,
1988-05-09,,,,,,,,,,0.2829068238883578,19.32179401747546,
1988-05-10,,,,,,,,,,0.27989283008676746,19.29165407945956,
1988-05-11,,,,,,,,,,0.28055217995368387,19.29824757812872,
1988-05-12,,,,,,,,,,0.2795163316283084,19.287889094874966,
1988-05-13,,,,,,,,,,0.27838708138844365,19.27659659247632,
1988-05-14,,,,,,,,,,0.2802480181473222,19.295205960065104,
1988-05-15,,,,,,,,,,0.2774744864493829,19.267470643085712,
1988-05-16,,,,,,,,,,0.2766043131437509,19.258768910029392,
1988-05-17,,,,,,,,,,0.2757832799458413,19.250558578050295,
1988-05-18,,,,,,,,,,0.27487599522493167,19.241485730841198,
1988-05-19,,,,,,,,,,0.287804575445076,19.370771533042642,
1988-05-20,,,,,,,,,,0.2740402717424016,19.233128496015897,
1988-05-21,,,,,,,,,,0.277339085099667,19.266116629588552,
1988-05-22,,,,,,,,,,0.2848868132481273,19.341593911073154,
1988-05-23,,,,,,,,,,0.2728043849181171,19.220769627773052,
1988-05-24,,,,,,,,,,0.2724399638402724,19.217125416994605,
1988-05-25,,,,,,,,,,0.2717823649311715,19.210549427903597,
1988-05-26,,,,,,,,,,0.2711366440691323,19.204092219283204,
1988-05-27,,,,,,,,,,0.27039249018984324,19.196650680490315,
1988-05-28,,,,,,,,,,0.2696031336647683,19.188757115239564,
1988-05-29,,,,,,,,,,0.2690519616506957,19.18324539509884,
1988-05-30,,,,,,,,,,0.2688284165531831,19.181009944123716,
1988-05-31,,,,,,,,,,0.28406608100557634,19.333386588647645,
1988-06-01,,,,,,,,,,0.2682383336442148,19.17510911503403,
1988-06-02,,,,,,,,,,0.2673024130447143,19.165749909039025,
1988-06-03,,,,,,,,,,0.26648398184288485,19.15756559702073,
1988-06-04,,,,,,,,,,0.2656480008114355,19.149205786706236,
1988-06-05,,,,,,,,,,0.26467564111881214,19.139482189780004,
1988-06-06,,,,,,,,,,0.2636770282570729,19.129496061162612,
1988-06-07,,,,,,,,,,0.2628104357361007,19.12083013595289,
1988-06-08,,,,,,,,,,0.26179208205782334,19.110646599170117,
1988-06-09,,,,,,,,,,0.2609058045805795,19.10178382439768,
1988-06-10,,,,,,,,,,0.2717786832303527,19.21051261089541,
1988-06-11,,,,,,,,,,0.26038091758949256,19.09653495448681,
1988-06-12,,,,,,,,,,0.26364396644207266,19.12916544301261,
1988-06-13,,,,,,,,,,0.2592927895496938,19.08565367408882,
1988-06-14,,,,,,,,,,0.2583937610694044,19.076663389285926,
1988-06-15,-0.1,0.04836,30.0,0.0,18.6,11.4,20.0,0.0,10.0,0.2576792897248066,19.069518675839948,0.0
1988-06-16,-0.07890909090909091,0.04836,30.0,0.0,18.6,11.4,20.0,0.0,10.0,0.2576502001178345,19.069227779770227,0.0
1988-06-17,-0.060545454545454555,0.04836,30.0,0.0,18.6,11.4,20.0,0.0,10.0,0.25673712562710704,19.060097034862952,0.0
1988-06-18,-0.04154545454545455,0.04836,30.0,0.0,18.6,11.4,20.0,0.0,10.0,0.2560325209179425,19.053050987771307,0.0
1988-06-19,-0.025636363636363645,0.04836,30.0,0.0,18.6,11.4,20.0,0.0,10.0,0.25614155864758725,19.054141365067757,0.0
1988-06-20,-0.009363636363636373,0.04836,30.0,0.0,18.6,11.4,20.0,0.0,10.0,0.2553485460792726,19.046211239384608,0.0
1988-06-21,0.0,0.04836,30.0,0.0,18.6,11.4,20.0,0.004687519047301094,10.0,0.25499113315988087,19.04263711019069,1.0
1988-06-22,0.022877697841726618,0.0533142799542849,33.073374661467064,0.0,20.50549229010958,12.567882371357484,22.04891644097804,0.006898480624356869,12.2,0.2380022225255772,19.066498377832087,1.0
1988-06-23,0.04489208633093525,0.06145659032609231,38.205488611774015,0.0,23.687402939299886,14.518085672474125,25.373589828469726,0.014099830313214505,14.399999999999999,0.2219830758471944,19.029573039647804,1.0
1988-06-24,0.07194244604316546,0.07604943800324965,47.547642529005046,0.0,29.479538367983128,18.068104161021918,31.25987425553827,0.01838182168659606,16.599999999999998,0.2107478643563431,19.001576780191666,1.0
1988-06-25,0.09913669064748201,0.09410331348318333,59.3326106380505,0.0,36.78621859559131,22.54639204245919,38.434519192295106,0.022165028147650024,18.799999999999997,0.20225261724142668,18.975656920443353,0.9133946205505087
1988-06-26,0.12676258992805756,0.11421885226476894,72.89345980535418,0.0,45.19394507931959,27.699514726034593,46.40768005829519,0.023431558546366176,20.999999999999996,0.19533473547998567,18.945482645812394,0.9401120933792632
1988-06-27,0.15510791366906473,0.13534232345537653,87.39724338085159,0.0,54.186290896127986,33.210952484723606,54.63607424472345,0.01862904178280413,23.199999999999996,0.18974309254155128,18.915638432124847,1.0
1988-06-28,0.18460431654676257,0.15162479694596734,98.70928708439708,0.0,61.199757992326184,37.50952909207089,60.82051510512534,0.020913062861861797,25.399999999999995,0.1854182120499671,18.893366755658185,1.0
1988-06-29,0.2112230215827338,0.17273782742777433,113.71959766267787,0.0,70.50615055086028,43.213447111817594,68.71337660944823,0.02971819133876247,27.599999999999994,0.1847074280761086,18.95181466891778,0.7355747454589828
1988-06-30,0.24086330935251796,0.19816073306462523,133.23630425797995,0.0,82.60650863994758,50.62979561803239,78.6173516984576,0.03130142723207152,29.799999999999994,0.17808704020524915,18.831028936561772,0.5631374307219568
1988-07-01,0.2753956834532374,0.21709107091837102,149.39758205844169,0.0,92.62650087623383,56.77108118220784,86.49632917671018,0.03222510398749247,31.999999999999993,0.17496192821635245,18.79296232579679,0.5165481322812134
1988-07-02,0.30920863309352514,0.2339033892911968,164.89854438200922,0.0,102.23709751684571,62.6614468651635,93.70345001759489,0.030406731089044042,34.199999999999996,0.17243832932248748,18.761716970130745,0.6044416524007848
1988-07-03,0.3401438848920863,0.2546480176789697,183.67169633056614,0.0,113.87645172495101,69.79524460561512,101.99329324492534,0.0311075417290188,36.4,0.17027927844100252,18.732637326982328,0.5925039580404629
1988-07-04,0.37237410071942445,0.27506004358324193,203.31826784553087,0.0,125.8870215129804,77.43124633255047,110.1724583216349,0.03607252503418064,38.6,0.17334111284864162,18.895584032115565,0.6286076582922582
1988-07-05,0.4024460431654676,0.3000506072795022,228.56853735165203,0.0,140.62786132000252,87.9406760316495,120.04324332499843,0.03568791440132471,40.800000000000004,0.16594265516965623,18.645222891508134,0.3973128789300663
1988-07-06,0.436978417266187,0.3112607361814809,245.2616767197813,0.0,149.94416156322737,95.31751515655392,126.1868101766787,0.037205421154217835,43.00000000000001,0.16381985693207005,18.589161893093333,0.33817188497834855
1988-07-07,0.47151079136690643,0.31725087125265555,259.0629385728726,0.0,157.2392612572706,101.823677315602,130.91592134659314,0.037251829287041016,45.20000000000001,0.16209716816397016,18.541845530453934,0.3078213848732313
1988-07-08,0.5060431654676258,0.3199166179394892,271.05656960695165,0.0,163.22495383853098,107.83161576842068,134.7324179013936,0.034029592155294185,47.40000000000001,0.16052178111248622,18.49393143860249,0.30998130793993756
1988-07-09,0.5405755395683453,0.3212600241258185,282.7770402647309,0.0,168.72845452813235,114.04858573659854,138.1857026357433,0.030837165747806213,49.600000000000016,0.15917171330462995,18.450261478208454,0.3230349653546584
1988-07-10,0.5751079136690647,0.3218220044447491,294.592366594486,0.0,173.92783176708926,120.66453482739676,141.3981965193363,0.028847283035362225,51.80000000000002,0.15801892890012476,18.41087049975343,0.32752976973083714
1988-07-11,0.6096402877697841,0.32167476600308864,306.5603669403257,0.0,178.84122425439546,127.71914268593025,144.3893894550796,0.02663325131774242,54.00000000000002,0.15701726378554182,18.374567711574386,0.35405321775866844
1988-07-12,0.6441726618705035,0.3214314936147692,319.27844412545284,0.0,183.68725251090916,135.59119161454367,147.29824797644497,0.02497388607787991,56.200000000000024,0.15623266127228413,18.346056515085657,0.4758891631016176
1988-07-13,0.6759712230215826,0.32311639047098356,334.762228618581,0.0,189.13019263970938,145.6320359788716,150.52216339939224,0.027137641154511078,58.40000000000003,0.1577802412687532,18.45029252610664,0.3832551226691503
1988-07-14,0.7103597122302158,0.3222700731907374,349.0703256370359,0.0,193.77105057741403,155.2992750596219,153.23964110284766,0.026704517879194277,60.60000000000003,0.15628805256931558,18.37712790614014,0.3177477475143626
1988-07-15,0.7448920863309352,0.31850136637732335,360.2575428434095,0.0,197.07089186878673,163.18665097462275,155.1341366220224,0.027069749979417624,62.80000000000003,0.15399235225573285,18.246937126527797,0.2387560671770749
1988-07-16,0.7794244604316546,0.3116354109874997,366.43877606674914,0.0,198.71173640976488,167.7270396569843,156.03784953576704,0.024821804920747058,65.00000000000003,0.15330914588186612,18.211457371617236,0.2438606177353003
1988-07-17,0.813956834532374,0.3045942775573781,372.40855683626535,0.0,200.1202845130822,172.28827232318312,156.77785713014467,0.02455878351225342,67.20000000000003,0.15262369754909355,18.17282084902319,0.22431705370273758
1988-07-18,0.8484892086330934,0.2969765364974095,376.95579275049056,0.0,201.05900173900625,175.8967910114843,157.25195802418557,0.023596766616624024,69.40000000000003,0.1520434898586081,18.138472054339665,0.21605608433853107
1988-07-19,0.8830215827338128,0.2891916376573866,380.77083385583353,0.0,201.73398705614136,179.03684679969217,157.58642639991143,0.021165758834021,71.60000000000004,0.15150770822331372,18.104751251369688,0.22806923967386747
1988-07-20,0.9175539568345322,0.28152929034563723,384.3201181485498,0.0,202.2663797000488,182.05373844850098,157.84045485726116,0.018429754835051007,73.80000000000004,0.15105022255871461,18.074451251841726,0.27062078871553713
1988-07-21,0.9520863309352516,0.27522226599231125,391.0977969588964,0.0,203.2830315216008,187.81476543729565,158.19317896113287,0.017471717896432676,76.00000000000004,0.15107945529944394,18.07912891419449,0.31568743240502534
1988-07-22,0.985755395683453,0.269648242437827,398.7987299876535,0.053555649360657126,204.4328159109783,194.3123584273145,158.4211198249807,0.017804390066425847,78.20000000000005,0.15133039912116125,18.101273007139724,0.280884896099231
1988-07-23,1.0,0.26390284371714234,406.9374661827758,1.0235680927601196,205.5566250959067,200.35727299410894,158.4912793074627,0.016854744091572598,80.40000000000005,0.15008626289254529,18.004316816853716,0.24529780390303638
1988-07-24,1.03,0.2572609618193971,411.0348163462401,1.7064597866708484,206.10293845103527,203.225418108534,158.4912793074627,0.018591282731392225,80.40000000000005,0.15071744035750184,18.055063485036225,0.6788657227101047
1988-07-25,1.055375,0.25643392251860586,426.03311128866267,5.7060051046502025,207.9527281606007,212.37437802341177,158.4912793074627,0.01977838719121182,80.40000000000005,0.15498727247088934,18.39835798695258,0.5565840407886625
1988-07-26,1.080875,0.2542841099837892,441.06703348192946,10.986670275035154,209.67974997255223,220.40061323434207,158.4912793074627,0.017405768845525794,80.40000000000005,0.15280928497286017,18.223247792111035,0.389251600162856
1988-07-27,1.105875,0.25029945174964474,454.63270719839664,16.904695433843965,211.12279851414144,226.60521325041125,158.4912793074627,0.015993487615203982,80.40000000000005,0.1511211869015428,18.087524707177117,0.3187453004315338
1988-07-28,1.13025,0.24521128002131243,465.3041733197042,22.553902811811138,212.1272502628095,230.62302024508355,158.4912793074627,0.01565951998469012,80.40000000000005,0.15028635057423506,18.020403866461578,0.48715834012035364
1988-07-29,1.154,0.2415303366361395,477.18283441252436,30.28988084851026,212.95578687403372,233.9371666899804,158.4912793074627,0.014751517643286902,80.40000000000005,0.15019428039641003,18.013001424164443,0.31101633099083126
1988-07-30,1.180875,0.23573083464832714,484.8429395571517,36.188161809873286,213.30815171068656,235.34662603659183,158.4912793074627,0.01714489056767916,80.40000000000005,0.14988824771862164,17.988396396870257,0.7177836255074592
1988-07-31,1.2058749999999998,0.23347142500229956,495.44351181618606,45.775054346637496,213.5108876551406,236.15756981440796,158.4912793074627,0.014084144807762555,80.40000000000005,0.1499475896065523,17.99316748465988,0.31372447318020646
1988-08-01,1.234125,0.2275049158281519,501.62550379227156,51.957046322722974,213.5108876551406,236.15756981440796,158.4912793074627,0.013815464404016757,80.40000000000005,0.1501145305329923,18.00658953514566,0.347725587285669
1988-08-02,1.262,0.22201374439624838,508.31851140970906,58.65005394016048,213.5108876551406,236.15756981440796,158.4912793074627,0.012791555203052807,80.40000000000005,0.1490598322933505,17.92179179667846,0.31936414573186833
1988-08-03,1.29,0.2163959368443168,513.6604068217202,63.99194935217163,213.5108876551406,236.15756981440796,158.4912793074627,0.012728473128995848,80.40000000000005,0.1488448181033747,17.904504655804402,0.2512791191626651
1988-08-04,1.3195000000000001,0.2103423566616276,516.6968305617592,67.02837309221063,213.5108876551406,236.15756981440796,158.4912793074627,0.012464785985555284,80.40000000000005,0.14859834671063935,17.88468835582848,0.2331038751328341
1988-08-05,1.3495000000000001,0.20441394409654826,518.0149690955516,68.34651162600295,213.5108876551406,236.15756981440796,158.4912793074627,0.011981371616144586,80.40000000000005,0.14832383296033805,17.862617450304256,0.22802061244103772
1988-08-06,1.3770000000000002,0.19862333208839614,520.9570809007894,71.2886234312408,213.5108876551406,236.15756981440796,158.4912793074627,0.01092561436092925,80.40000000000005,0.1480727806901559,17.842432847781613,0.28973292698721603
1988-08-07,1.4030000000000002,0.19341901015300086,524.7891217110447,75.12066424149616,213.5108876551406,236.15756981440796,158.4912793074627,0.01054449826192947,80.40000000000005,0.14786682934217935,17.825874359404295,0.28081833218087215
1988-08-08,1.4307500000000002,0.18827400177775713,526.7325040000499,77.06404653050134,213.5108876551406,236.15756981440796,158.4912793074627,0.010202092293797432,80.40000000000005,0.1476722615136952,17.81023110599417,0.2673117704439064
1988-08-09,1.4583750000000002,0.1832813184674162,527.1096597113416,77.44120224179302,213.5108876551406,236.15756981440796,158.4912793074627,0.011122254009072052,80.40000000000005,0.14958711916356138,17.964185661043413,0.27876942476318023
1988-08-10,1.4871250000000003,0.17847473616793663,528.9934251356922,79.32496766614358,213.5108876551406,236.15756981440796,158.4912793074627,0.009889357666374755,80.40000000000005,0.14781470288460352,17.8216833922152,0.24985052167316624
1988-08-11,1.5156250000000002,0.17358359585540334,530.0899608186,80.42150334905148,213.5108876551406,236.15756981440796,158.4912793074627,0.0092436567743152,80.40000000000005,0.14708267426057872,17.762828290843608,0.2382722980558717
1988-08-12,1.5437500000000002,0.1687287344792704,530.9098770238775,81.24141955432893,213.5108876551406,236.15756981440796,158.4912793074627,0.008966885430348943,80.40000000000005,0.14686885276648018,17.745637042718084,0.22602562255034842
1988-08-13,1.5725000000000002,0.1639351244129461,530.9098770238775,81.24141955432893,213.5108876551406,236.15756981440796,158.4912793074627,0.008736751011343372,80.40000000000005,0.1466328773253693,17.72666461725277,0.2113285680430509
1988-08-14,1.6010000000000002,0.159267713991402,530.957767916672,81.2893104471234,213.5108876551406,236.15756981440796,158.4912793074627,0.00833733473081385,80.40000000000005,0.1464273831656195,17.710142886808885,0.2129986706779562
1988-08-15,1.6293750000000002,0.15472038509543348,531.0310759724915,81.36261850294296,213.5108876551406,236.15756981440796,158.4912793074627,0.007709160498375602,80.40000000000005,0.14623195376001874,17.694430362598585,0.2673748578095031
1988-08-16,1.6572500000000003,0.15058718886619668,531.2579094951362,81.58945202558765,213.5108876551406,236.15756981440796,158.4912793074627,0.01103942997815685,80.40000000000005,0.1472592700150926,17.77702658950652,1.0
1988-08-17,1.6807500000000004,0.14099261912783556,537.5175002791414,87.84904280959277,213.5108876551406,236.15756981440796,158.49127930746272,0.0076627628578575715,80.40000000000005,0.14763806904931864,17.807482031858296,0.2853292240309682
1988-08-18,1.7061250000000003,0.11251867890366077,540.1742053765147,90.50574790696608,213.5108876551406,236.15756981440796,158.49127930746272,0.005919056229887653,80.40000000000005,0.1457412442969822,17.654977321770446,0.420639525193246
1988-08-19,1.7307500000000002,0.09502582575558159,541.3804754805021,91.71201801095359,213.51088765514064,236.15756981440796,158.49127930746272,0.005969538138790919,80.40000000000005,0.14565538323229962,17.648074092169967,1.0
1988-08-20,1.7522500000000003,0.09502582575558159,543.2217908301945,93.55333336064596,213.51088765514064,236.15756981440796,158.49127930746272,0.006455176620543584,80.40000000000005,0.14911390257855897,17.92613904760922,1.0
1988-08-21,1.7735000000000003,0.08178026086561135,547.1414028409924,97.47294537144391,213.5108876551406,236.157569814408,158.49127930746272,0.004974311371545755,80.40000000000005,0.14948118189888576,17.955668304963492,0.3509784553499919
1988-08-22,1.7980000000000003,0.07128316028794558,548.4913883112262,98.82293084167752,213.51088765514064,236.157569814408,158.49127930746275,0.0038428304361173044,80.40000000000005,0.1471319786128893,17.766792360769376,0.3315417455001212
1988-08-23,1.8196250000000003,0.06957719621918408,549.3352619133657,99.66680444381713,213.5108876551406,236.157569814408,158.49127930746275,0.003801607678779784,80.40000000000005,0.1470744022334988,17.76216321986638,0.23491693976157577
1988-08-24,1.8432500000000003,0.0619727924362215,549.5265512549514,99.85809378540284,213.51088765514064,236.15756981440796,158.49127930746272,0.003384802569023742,80.40000000000005,0.14694136440160765,17.751466978182332,0.22765072589554497
1988-08-25,1.8672500000000003,0.05349917907508214,549.5265512549514,99.85809378540284,213.51088765514064,236.15756981440796,158.49127930746275,0.0030599701403633594,80.40000000000005,0.14686084320442996,17.744993073929248,0.45309690653331025
1988-08-26,1.8882500000000002,0.052481011748826,550.2452657614216,100.576808291873,213.51088765514064,236.15756981440796,158.49127930746275,0.004343292282741855,80.40000000000005,0.14862257477619248,17.886636292298952,0.9034540844353054
1988-08-27,1.9060000000000001,0.0457961833047228,553.4078689026837,103.73941143313512,213.51088765514064,236.157569814408,158.49127930746275,0.0024037127653777847,80.40000000000005,0.14667555770968402,17.73009612015167,0.2697854591520255
1988-08-28,1.927375,0.04465256498084105,553.6576113625719,103.98915389302331,213.51088765514064,236.15756981440796,158.49127930746275,0.002331064836843391,80.40000000000005,0.14647753534848004,17.714175122310873,0.24783586928255122
1988-08-29,1.9505000000000001,0.0384991607162207,553.6576113625719,103.98915389302331,213.51088765514064,236.15756981440796,158.49127930746275,0.0019842782547020163,80.40000000000005,0.14636564413895933,17.70517906906541,0.27298320476273313
1988-08-30,1.973,0.030640683719339413,553.657611362572,103.98915389302331,213.51088765514064,236.157569814408,158.49127930746275,0.0015749169262594188,80.40000000000005,0.14627534569635667,17.697919074280154,0.2635650450239386
1988-08-31,1.9973750000000001,0.024205121007496385,553.657611362572,103.98915389302331,213.51088765514064,236.15756981440802,158.49127930746275,0.0017680293609506164,80.40000000000005,0.1468730619584783,17.745975461754732,1.0
1988-09-01,2.0,0.024205121007496385,554.1519389713172,104.4834815017686,213.51088765514064,236.157569814408,158.49127930746275,0.0017158476381053248,80.40000000000005,0.1477189203149948,17.813982473618662,0.6989459877263651
1988-09-02,,,,,,,,,,0.1477414582786821,17.81579452589912,
1988-09-03,,,,,,,,,,0.156992333823178,17.90830328134408,
1988-09-04,,,,,,,,,,0.14496094781196067,17.787989421231906,
1988-09-05,,,,,,,,,,0.1438087268219586,17.776467211331884,
1988-09-06,,,,,,,,,,0.14326699180092914,17.77104986112159,
1988-09-07,,,,,,,,,,0.14266055133151165,17.764985456427414,
1988-09-08,,,,,,,,,,0.14437945444786698,17.782174487590968,
1988-09-09,,,,,,,,,,0.2034365282258722,18.37274522537102,
1988-09-10,,,,,,,,,,0.2351526706676212,18.689906649788508,
1988-09-11,,,,,,,,,,0.2157749522813885,18.49612946592618,
1988-09-12,,,,,,,,,,0.21548233523970234,18.49320329550932,
1988-09-13,,,,,,,,,,0.22215096590728675,18.559889602185166,
1988-09-14,,,,,,,,,,0.24022254758807832,18.74060541899308,
1988-09-15,,,,,,,,,,0.23904975532707864,18.728877496383085,
1988-09-16,,,,,,,,,,0.2305767807154498,18.644147750266796,
1988-09-17,,,,,,,,,,0.23007551101855292,18.639135053297828,
1988-09-18,,,,,,,,,,0.2295180266763129,18.633560209875426,
1988-09-19,,,,,,,,,,0.229123659289314,18.629616536005436,
1988-09-20,,,,,,,,,,0.22874517913465048,18.625831734458803,
1988-09-21,,,,,,,,,,0.22825394660302184,18.620919409142516,
1988-09-22,,,,,,,,,,0.22780542386513689,18.616434181763665,
1988-09-23,,,,,,,,,,0.2273288298697686,18.611668241809983,
1988-09-24,,,,,,,,,,0.2303053843044176,18.641433786156473,
1988-09-25,,,,,,,,,,0.22674782373831764,18.605858180495474,
1988-09-26,,,,,,,,,,0.22632122594444373,18.601592202556734,
1988-09-27,,,,,,,,,,0.2259137163623138,18.597517106735435,
1988-09-28,,,,,,,,,,0.22552767196661955,18.593656662778493,
1988-09-29,,,,,,,,,,0.225091780419811,18.589297747310408,
1988-09-30,,,,,,,,,,0.224752501942733,18.585904962539626,
1988-10-01,,,,,,,,,,0.22439267151687234,18.58230665828102,
1988-10-02,,,,,,,,,,0.22409091021113348,18.579289045223632,
1988-10-03,,,,,,,,,,0.22385731703907852,18.576953113503084,
1988-10-04,,,,,,,,,,0.22540714669167508,18.59245141002905,
1988-10-05,,,,,,,,,,0.22861287559761653,18.624508699088462,
1988-10-06,,,,,,,,,,0.22356469301612578,18.574026873273557,
1988-10-07,,,,,,,,,,0.2231376021317967,18.569755964430264,
1988-10-08,,,,,,,,,,0.2228872801157868,18.567252744270164,
1988-10-09,,,,,,,,,,0.22255420373531964,18.563921980465494,
1988-10-10,,,,,,,,,,0.22210339442181198,18.559413887330418,
1988-10-11,,,,,,,,,,0.22168824349112543,18.555262378023553,
1988-10-12,,,,,,,,,,0.2213228824300177,18.551608767412475,
1988-10-13,,,,,,,,,,0.22106038310331422,18.54898377414544,
1988-10-14,,,,,,,,,,0.22075814487980489,18.545961391910346,
1988-10-15,,,,,,,,,,0.22249526590543636,18.56333260216666,
1988-10-16,,,,,,,,,,0.2317876535980668,18.656256479092967,
1988-10-17,,,,,,,,,,0.24045425629387812,18.74292250605108,
1988-10-18,,,,,,,,,,0.23315022320435447,18.66988217515584,
1988-10-19,,,,,,,,,,0.2315884327384456,18.654264270496753,
1988-10-20,,,,,,,,,,0.23137942006213835,18.65217414373368,
1988-10-21,,,,,,,,,,0.2311627078028699,18.650007021140997,
1988-10-22,,,,,,,,,,0.23096895545841858,18.648069497696483,
1988-10-23,,,,,,,,,,0.23135040968365045,18.6518840399488,
1988-10-24,,,,,,,,,,0.23225619709884637,18.66094191410076,
1988-10-25,,,,,,,,,,0.23043824626020304,18.64276240571433,
1988-10-26,,,,,,,,,,0.2301572617655124,18.639952560767423,
1988-10-27,,,,,,,,,,0.22987594212502188,18.637139364362515,
1988-10-28,,,,,,,,,,0.2295356167486704,18.633736110599003,
1988-10-29,,,,,,,,,,0.22927992556125573,18.631179198724855,
1988-10-30,,,,,,,,,,0.22908215021815792,18.629201445293877,
1988-10-31,,,,,,,,,,0.22878634685393023,18.6262434116516,
1988-11-01,,,,,,,,,,0.2284998264812955,18.623378207925253,
1988-11-02,,,,,,,,,,0.22825923120881347,18.62097225520043,
1988-11-03,,,,,,,,,,0.22805385566736977,18.618918499785995,
1988-11-04,,,,,,,,,,0.2278111761076246,18.616491704188544,
1988-11-05,,,,,,,,,,0.22755690054429362,18.613948948555233,
1988-11-06,,,,,,,,,,0.2273826747442384,18.612206690554682,
1988-11-07,,,,,,,,,,0.22716487592273804,18.610028702339676,
1988-11-08,,,,,,,,,,0.22689718730865338,18.607351816198832,
1988-11-09,,,,,,,,,,0.22666099805696516,18.60498992368195,
1988-11-10,,,,,,,,,,0.2263008652600353,18.60138859571265,
1988-11-11,,,,,,,,,,0.22610846264266238,18.59946456953892,
1988-11-12,,,,,,,,,,0.2257476506448454,18.595856449560753,
1988-11-13,,,,,,,,,,0.22527142113994286,18.591094154511726,
1988-11-14,,,,,,,,,,0.22486261357579013,18.5870060788702,
1988-11-15,,,,,,,,,,0.2246476606486585,18.584856549598882,
1988-11-16,,,,,,,,,,0.2245159649762798,18.583539592875095,
1988-11-17,,,,,,,,,,0.2254388326146432,18.59276826925873,
1988-11-18,,,,,,,,,,0.22413553308602546,18.579735273972553,
1988-11-19,,,,,,,,,,0.22399468811588705,18.57832682427117,
1988-11-20,,,,,,,,,,0.2236733511389843,18.57511345450214,
1988-11-21,,,,,,,,,,0.22349321392647337,18.57331208237703,
1988-11-22,,,,,,,,,,0.22331087770656793,18.571488720177978,
1988-11-23,,,,,,,,,,0.22309091134503456,18.569289056562642,
1988-11-24,,,,,,,,,,0.22294428394101193,18.567822782522416,
1988-11-25,,,,,,,,,,0.22279870944749852,18.566367037587284,
1988-11-26,,,,,,,,,,0.22264962733145763,18.564876216426875,
1988-11-27,,,,,,,,,,0.2224999257299279,18.563379200411575,
1988-11-28,,,,,,,,,,0.2223707769009721,18.56208771212202,
1988-11-29,,,,,,,,,,0.22225966223965674,18.560976565508867,
1988-11-30,,,,,,,,,,0.22210044614591412,18.55938440457144,
1988-12-01,,,,,,,,,,0.22191050243899563,18.557484967502255,
1988-12-02,,,,,,,,,,0.22178628924020433,18.55624283551434,
1988-12-03,,,,,,,,,,0.2216366181590733,18.55474612470303,
1988-12-04,,,,,,,,,,0.22152124475933163,18.553592390705614,
1988-12-05,,,,,,,,,,0.22141640576950444,18.55254400080734,
1988-12-06,,,,,,,,,,0.22123700399620919,18.55074998307439,
1988-12-07,,,,,,,,,,0.22100473578260088,18.548427300938307,
1988-12-08,,,,,,,,,,0.2208756243519947,18.547136186632244,
1988-12-09,,,,,,,,,,0.220587943369825,18.544259376810547,
1988-12-10,,,,,,,,,,0.22035274941213726,18.541907437233668,
1988-12-11,,,,,,,,,,0.22019159627814835,18.54029590589378,
1988-12-12,,,,,,,,,,0.2199548427208624,18.53792837032092,
1988-12-13,,,,,,,,,,0.21964758926464728,18.53485583575877,
1988-12-14,,,,,,,,,,0.21943206152506445,18.53270055836294,
1988-12-15,,,,,,,,,,0.2192700054932298,18.531079998044596,
1988-12-16,,,,,,,,,,0.21914520752317856,18.529832018344084,
1988-12-17,,,,,,,,,,0.21904482742808445,18.52882821739314,
1988-12-18,,,,,,,,,,0.21930762477323457,18.531456190844644,
1988-12-19,,,,,,,,,,0.21882370403086931,18.52661698342099,
1988-12-20,,,,,,,,,,0.21913369649463235,18.52971690805862,
1988-12-21,,,,,,,,,,0.2185885293213766,18.524265236326062,
1988-12-22,,,,,,,,,,0.21846504346344378,18.523030377746736,
1988-12-23,,,,,,,,,,0.22084180955102523,18.546798038622548,
1988-12-24,,,,,,,,,,0.21841145706327328,18.52249451374503,
1988-12-25,,,,,,,,,,0.21950873466232962,18.533467289735594,
1988-12-26,,,,,,,,,,0.2182342305833811,18.520722248946107,
1988-12-27,,,,,,,,,,0.21906889312612035,18.5290688743735,
1988-12-28,,,,,,,,,,0.2184449108321039,18.522829051433337,
1988-12-29,,,,,,,,,,0.21982730569627904,18.536653000075088,
1988-12-30,,,,,,,,,,0.21796655070288717,18.51804545014117,
1988-12-31,,,,,,,,,,0.21900797051772886,18.528459648289587,
1989-01-01,,,,,,,,,,0.2181155974931967,18.519535918044266,
1989-01-02,,,,,,,,,,0.2177972958562385,18.516352901674683,
1989-01-03,,,,,,,,,,0.21770666380486808,18.51544658116098,
1989-01-04,,,,,,,,,,0.21841232325437504,18.52250317565605,
1989-01-05,,,,,,,,,,0.22134444703579556,18.551824413470253,
1989-01-06,,,,,,,,,,0.2323784865743681,18.662164808855977,
1989-01-07,,,,,,,,,,0.235807723017932,18.696457173291616,
1989-01-08,,,,,,,,,,0.23285787020417553,18.666958645154054,
1989-01-09,,,,,,,,,,0.23592534952751953,18.69763343838749,
1989-01-10,,,,,,,,,,0.24230494846054826,18.76142942771778,
1989-01-11,,,,,,,,,,0.25075704231353113,18.84595036624761,
1989-01-12,,,,,,,,,,0.2440637909895608,18.779017853007904,
1989-01-13,,,,,,,,,,0.24388451693871235,18.777225112499423,
1989-01-14,,,,,,,,,,0.24381646841080046,18.776544627220304,
1989-01-15,,,,,,,,,,0.2437570224684905,18.775950167797202,
1989-01-16,,,,,,,,,,0.2436733961893232,18.77511390500553,
1989-01-17,,,,,,,,,,0.24358697663414558,18.774249709453752,
1989-01-18,,,,,,,,,,0.25084395757510314,18.846819518863327,
1989-01-19,,,,,,,,,,0.2501002674890999,18.839382618003295,
1989-01-20,,,,,,,,,,0.24990667666975006,18.837446709809797,
1989-01-21,,,,,,,,,,0.24976532341574503,18.836033177269748,
1989-01-22,,,,,,,,,,0.25073453081332053,18.845725251245504,
1989-01-23,,,,,,,,,,0.2496771423955256,18.835151367067553,
1989-01-24,,,,,,,,,,0.2495010537272077,18.833390480384374,
1989-01-25,,,,,,,,,,0.24939820378908908,18.83236198100319,
1989-01-26,,,,,,,,,,0.24926737543205882,18.831053697432885,
1989-01-27,,,,,,,,,,0.24909990032247573,18.829378946337055,
1989-01-28,,,,,,,,,,0.24895749949561868,18.827954938068483,
1989-01-29,,,,,,,,,,0.24881018385925158,18.826481781704814,
1989-01-30,,,,,,,,,,0.2487171612733786,18.825551555846083,
1989-01-31,,,,,,,,,,0.24859571776993908,18.824337120811688,
1989-02-01,,,,,,,,,,0.24845786094841843,18.822958552596482,
1989-02-02,,,,,,,,,,0.24835276434042922,18.821907586516588,
1989-02-03,,,,,,,,,,0.2481839256117812,18.82021919923011,
1989-02-04,,,,,,,,,,0.24804648126127762,18.818844755725074,
1989-02-05,,,,,,,,,,0.24790037572904994,18.817383700402797,
1989-02-06,,,,,,,,,,0.24775429908245555,18.815922933936854,
1989-02-07,,,,,,,,,,0.24932157397233437,18.83159568283564,
1989-02-08,,,,,,,,,,0.2503220720294178,18.841600663406474,
1989-02-09,,,,,,,,,,0.24753484604488918,18.81372840356119,
1989-02-10,,,,,,,,,,0.24740721219856776,18.812452065097975,
1989-02-11,,,,,,,,,,0.2472382444720152,18.810762387832447,
1989-02-12,,,,,,,,,,0.24695201647048806,18.80790010781718,
1989-02-13,,,,,,,,,,0.246696924712876,18.805349190241056,
1989-02-14,,,,,,,,,,0.24638206423016004,18.8022005854139,
1989-02-15,,,,,,,,,,0.24666349928226458,18.805014935934942,
1989-02-16,,,,,,,,,,0.24732746101902103,18.811654553302507,
1989-02-17,,,,,,,,,,0.2607782052495575,18.946161995607874,
1989-02-18,,,,,,,,,,0.25787541293493776,18.917134072461675,
1989-02-19,,,,,,,,,,0.2567679792562709,18.906059735675008,
1989-02-20,,,,,,,,,,0.25664593598739904,18.90483930298629,
1989-02-21,,,,,,,,,,0.269122858385467,19.029608526966967,
1989-02-22,,,,,,,,,,0.2652196847858078,18.990576790970376,
1989-02-23,,,,,,,,,,0.28784467233120037,19.2168266664243,
1989-02-24,,,,,,,,,,0.2968185824693247,19.306565767805544,
1989-02-25,,,,,,,,,,0.2987673813041486,19.326053756153783,
1989-02-26,,,,,,,,,,0.2939935295079076,19.27831523819137,
1989-02-27,,,,,,,,,,0.29388684006041965,19.277248343716494,
1989-02-28,,,,,,,,,,0.2937359304083378,19.275739247195673,
1989-03-01,,,,,,,,,,0.2995795778270584,19.33417572138288,
1989-03-02,,,,,,,,,,0.29693066244280636,19.30768656754036,
1989-03-03,,,,,,,,,,0.3119039554627955,19.457419497740254,
1989-03-04,,,,,,,,,,0.30793454469110876,19.417725390023385,
1989-03-05,,,,,,,,,,0.3052586654488297,19.390966597600595,
1989-03-06,,,,,,,,,,0.3050333500649084,19.388713443761382,
1989-03-07,,,,,,,,,,0.3048279082700947,19.386659025813245,
1989-03-08,,,,,,,,,,0.3048922653925607,19.387302597037905,
1989-03-09,,,,,,,,,,0.30427984234167493,19.381178366529046,
1989-03-10,,,,,,,,,,0.3039583414915222,19.377963358027518,
1989-03-11,,,,,,,,,,0.3036977595796596,19.375357538908894,
1989-03-12,,,,,,,,,,0.30336722155282836,19.37205215864058,
1989-03-13,,,,,,,,,,0.303036634948707,19.36874629259937,
1989-03-14,,,,,,,,,,0.302744395921897,19.365823902331268,
1989-03-15,,,,,,,,,,0.30236911544664974,19.362071097578795,
1989-03-16,,,,,,,,,,0.30223251995514466,19.360705142663743,
1989-03-17,,,,,,,,,,0.30177775511370397,19.356157494249338,
1989-03-18,,,,,,,,,,0.30355920445435597,19.373971987655857,
1989-03-19,,,,,,,,,,0.3014610003435513,19.35298994654781,
1989-03-20,,,,,,,,,,0.3015761640006071,19.35414158311837,
1989-03-21,,,,,,,,,,0.3013253335391246,19.35163327850354,
1989-03-22,,,,,,,,,,0.30069472471626324,19.34532719027493,
1989-03-23,,,,,,,,,,0.3078419790425547,19.416799733537843,
1989-03-24,,,,,,,,,,0.3041673733615783,19.38005367672808,
1989-03-25,,,,,,,,,,0.30352968080928133,19.37367675120511,
1989-03-26,,,,,,,,,,0.3021499326111861,19.35987926922416,
1989-03-27,,,,,,,,,,0.3026386548682983,19.36476649179528,
1989-03-28,,,,,,,,,,0.3013530890721844,19.35191083383414,
1989-03-29,,,,,,,,,,0.30084636165403505,19.346843559652648,
1989-03-30,,,,,,,,,,0.3003328511635359,19.341708454747657,
1989-03-31,,,,,,,,,,0.3000353465999963,19.338733409112262,
1989-04-01,,,,,,,,,,0.29965523949500705,19.33493233806237,
1989-04-02,,,,,,,,,,0.301188081560437,19.35026075871667,
1989-04-03,,,,,,,,,,0.3011336127306014,19.34971607041831,
1989-04-04,,,,,,,,,,0.29901171272587745,19.32849707037107,
1989-04-05,,,,,,,,,,0.29873724683053104,19.325752411417607,
1989-04-06,,,,,,,,,,0.29834426128293773,19.321822555941676,
1989-04-07,,,,,,,,,,0.2979501361484963,19.31788130459726,
1989-04-08,,,,,,,,,,0.29753368998932617,19.313716843005558,
1989-04-09,,,,,,,,,,0.2970975843245178,19.309355786357475,
1989-04-10,,,,,,,,,,0.29665414708244686,19.304921413936768,
1989-04-11,,,,,,,,,,0.29603514964336924,19.29873143954599,
1989-04-12,,,,,,,,,,0.2956306672161607,19.294686615273903,
1989-04-13,,,,,,,,,,0.3038561144942505,19.376941088054803,
1989-04-14,,,,,,,,,,0.3022080804048122,19.36046074716042,
1989-04-15,,,,,,,,,,0.3003533349920488,19.341913293032786,
1989-04-16,,,,,,,,,,0.30008865283228,19.339266471435096,
1989-04-17,,,,,,,,,,0.2992300841680687,19.330680784792985,
1989-04-18,,,,,,,,,,0.2987597815893813,19.32597775900611,
1989-04-19,,,,,,,,,,0.2981829450995661,19.32020939410796,
1989-04-20,,,,,,,,,,0.29801653063356415,19.31854524944794,
1989-04-21,,,,,,,,,,0.29775764699202534,19.315956413032552,
1989-04-22,,,,,,,,,,0.3130053642193587,19.468433585305885,
1989-04-23,,,,,,,,,,0.2972529764791435,19.310909707903733,
1989-04-24,,,,,,,,,,0.29829887311045133,19.32136867421681,
1989-04-25,,,,,,,,,,0.296308074849689,19.301460691609186,
1989-04-26,,,,,,,,,,0.2957295778650899,19.295675721763196,
1989-04-27,,,,,,,,,,0.29512349446686426,19.28961488778094,
1989-04-28,,,,,,,,,,0.30830144681607685,19.421394411273067,
1989-04-29,,,,,,,,,,0.30050222069268384,19.343402150039136,
1989-04-30,,,,,,,,,,0.2984272191045151,19.322652134157448,
1989-05-01,,,,,,,,,,0.29818330134955995,19.320212956607897,
1989-05-02,,,,,,,,,,0.3001859152228907,19.340239095341204,
1989-05-03,,,,,,,,,,0.29750625806418823,19.31344252375418,
1989-05-04,,,,,,,,,,0.2956497122028036,19.294877065140334,
1989-05-05,,,,,,,,,,0.295793712568976,19.296317068802058,
1989-05-06,,,,,,,,,,0.29468170104211056,19.285196953533404,
1989-05-07,,,,,,,,,,0.29403359083549235,19.278715851467222,
1989-05-08,,,,,,,,,,0.2941836507265763,19.28021645037806,
1989-05-09,,,,,,,,,,0.29377575606403844,19.276137503752683,
1989-05-10,,,,,,,,,,0.30664589192219516,19.40483886233425,
1989-05-11,,,,,,,,,,0.30814940255173023,19.4198739686296,
1989-05-12,,,,,,,,,,0.29771285145400156,19.315508457652314,
1989-05-13,,,,,,,,,,0.2997904979441678,19.336284922553975,
1989-05-14,,,,,,,,,,0.29632169297854544,19.30159687289775,
1989-05-15,,,,,,,,,,0.29568627562062455,19.295242699318543,
1989-05-16,,,,,,,,,,0.29535158891193686,19.291895832231667,
1989-05-17,,,,,,,,,,0.29477884422494516,19.286168385361748,
1989-05-18,,,,,,,,,,0.29406662809565565,19.279046224068853,
1989-05-19,,,,,,,,,,0.293368540528754,19.27206534839984,
1989-05-20,,,,,,,,,,0.29292521731015336,19.267632116213832,
1989-05-21,,,,,,,,,,0.29241812618035373,19.262561204915833,
1989-05-22,,,,,,,,,,0.2932533979378421,19.270913922490717,
1989-05-23,,,,,,,,,,0.2926204394228227,19.264584337340523,
1989-05-24,,,,,,,,,,0.2909651875256151,19.24803181836845,
1989-05-25,,,,,,,,,,0.29607839158709315,19.299163858983228,
1989-05-26,,,,,,,,,,0.2900714699989623,19.23909464310192,
1989-05-27,,,,,,,,,,0.29018579174700887,19.240237860582386,
1989-05-28,,,,,,,,,,0.29360094375490753,19.274389380661372,
1989-05-29,,,,,,,,,,0.28921452119807356,19.230525155093034,
1989-05-30,,,,,,,,,,0.2886315340155522,19.22469528326782,
1989-05-31,,,,,,,,,,0.2879085632050685,19.217465575162983,
1989-06-01,,,,,,,,,,0.28719501605593234,19.21033010367162,
1989-06-02,,,,,,,,,,0.28656096489797755,19.20398959209207,
1989-06-03,,,,,,,,,,0.2857208957227216,19.195588900339512,
1989-06-04,,,,,,,,,,0.3608289070392889,19.946669013505186,
1989-06-05,,,,,,,,,,0.310039,19.767248031451135,
1989-06-06,,,,,,,,,,0.3093278971899106,19.76013700335024,
1989-06-07,,,,,,,,,,0.3312174047114606,19.97903207856574,
1989-06-08,,,,,,,,,,0.357082,20.25769063789083,
1989-06-09,,,,,,,,,,0.3094349158204925,19.78121979609575,
1989-06-10,,,,,,,,,,0.3103163054899618,19.790033692790445,
1989-06-11,,,,,,,,,,0.3149718274628007,19.836588912518835,
1989-06-12,,,,,,,,,,0.3090570975538768,19.777441613429595,
1989-06-13,,,,,,,,,,0.32735596403904577,19.960430278281287,
1989-06-14,,,,,,,,,,0.3078985542718318,19.765856180609145,
1989-06-15,-0.1,0.04836,30.0,0.0,18.6,11.4,20.0,0.0,10.0,0.3200712954526722,19.88758359241755,0.0
1989-06-16,-0.08518181818181819,0.04836,30.0,0.0,18.6,11.4,20.0,0.0,10.0,0.31124446556533153,19.799315293544144,0.0
1989-06-17,-0.06863636363636365,0.04836,30.0,0.0,18.6,11.4,20.0,0.0,10.0,0.30695019601790957,19.756372598069923,0.0
1989-06-18,-0.050636363636363646,0.04836,30.0,0.0,18.6,11.4,20.0,0.0,10.0,0.30622904009842233,19.74916103887505,0.0
1989-06-19,-0.031727272727272736,0.04836,30.0,0.0,18.6,11.4,20.0,0.0,10.0,0.3051926571676806,19.738797209567633,0.0
1989-06-20,-0.012818181818181826,0.04836,30.0,0.0,18.6,11.4,20.0,0.0,10.0,0.3049560326869977,19.736430964760803,0.0
1989-06-21,0.0,0.04836,30.0,0.0,18.6,11.4,20.0,0.008288259187824791,10.0,0.3053673544556452,19.74054418244728,1.0
1989-06-22,0.021151079136690648,0.05709487342783188,35.41865597260042,0.0,21.95956670301226,13.459089269588159,23.61243731506695,0.013493337431490263,12.2,0.2760378107776534,19.72079451662038,1.0
1989-06-23,0.04561151079136691,0.07112201735248767,44.249297326640985,0.0,27.43456434251741,16.814732984123573,29.345512391719037,0.01852123146265734,14.399999999999999,0.2553097916582991,19.6958568122547,1.0
1989-06-24,0.07122302158273382,0.08895348632840441,55.67062880933379,0.0,34.51578986178695,21.15483894754684,36.535292912194976,0.02327017643608848,16.599999999999998,0.2400434316982987,19.670379365809136,1.0
1989-06-25,0.10028776978417267,0.11046754613651329,69.70695454171603,0.0,43.21831181586394,26.488642725852092,45.08839958459601,0.02920823218960504,18.799999999999997,0.22809463954560705,19.640100210316973,1.0
1989-06-26,0.1316546762589928,0.1349834149391853,86.04653477221571,0.0,53.34885155877374,32.69768321344197,54.68110740460277,0.0158097445913862,20.999999999999996,0.21836971092966453,19.6039475036247,1.0
1989-06-27,0.15942446043165467,0.14966267754507925,96.06314547346547,0.0,59.55915019354859,36.50399527991688,60.327775896442404,0.03199570877611458,23.199999999999996,0.2183965723714121,19.751246640360687,1.0
1989-06-28,0.1864748201438849,0.18044009571952344,117.5169654136862,0.0,72.86051855648543,44.656446857200756,71.99052680388826,0.04278035784339145,25.399999999999995,0.20470351690671418,19.55017807801665,0.9665733984985135
1989-06-29,0.21611510791366906,0.21670490757849029,143.47290476429905,0.0,88.9532009538654,54.51970381043364,85.6050398720609,0.04671887872592635,27.599999999999994,0.19857438361401852,19.497624323575206,0.8914001035087717
1989-06-30,0.2451798561151079,0.2550652231376977,171.99140598314744,0.0,106.63467170955141,65.35673427359605,99.98217633468167,0.04977258489285565,29.799999999999994,0.19332845336969484,19.444421833487382,0.8587836046356647
1989-07-01,0.2759712230215827,0.2939707485642903,201.9177285572465,0.0,125.18899170549282,76.72873685175368,114.48632925617954,0.0513759000028972,31.999999999999993,0.18874637485187942,19.389380505572802,0.9951807415955313
1989-07-02,0.3057553956834532,0.3327350041959809,231.6603911139174,0.0,143.62944249062878,88.03094862328862,128.30406303466748,0.05610276451992491,34.199999999999996,0.18478222756200055,19.33531128017526,0.7022818750681425
1989-07-03,0.33467625899280573,0.37304962374145817,265.9680150631025,0.0,164.90016933912355,101.06784572397896,143.5522920308916,0.05689563318173527,36.4,0.18101172688341835,19.270848543353456,0.7043553109222958
1989-07-04,0.36273381294964024,0.4145436454622673,302.70800871701385,0.0,187.53214960256992,115.17585911444397,159.00939069176263,0.04885225075624919,38.6,0.17772678752765558,19.208538270606716,1.0
1989-07-05,0.3900719424460431,0.4545258997405241,337.35991281811073,0.0,208.04702868128402,129.31288413682668,172.8153496266671,0.026560889911678248,40.800000000000004,0.1752738017720629,19.165717971581564,1.0
1989-07-06,0.41410071942446036,0.4723226874191178,353.8324474225317,0.0,217.41439566179284,136.41805176073885,179.03135730424256,0.028823497819674776,43.00000000000001,0.18204600730086248,19.508787760460667,1.0
1989-07-07,0.4371223021582733,0.49776893534646777,378.8351455250147,0.0,231.1191773907022,147.7159681343125,188.0163275203108,0.0418442550327184,45.20000000000001,0.17904581463821823,19.43994285541323,1.0
1989-07-08,0.46187050359712223,0.5316045861510821,414.1035373782403,0.0,249.757080840599,164.34645653764127,200.0976610481036,0.04600095993202304,47.40000000000001,0.17791497750860405,19.44650455491578,1.0
1989-07-09,0.4886330935251798,0.561005188019597,446.8273022988243,0.0,266.35819563855114,180.46910666027318,210.7310910942642,0.04052150623650684,49.600000000000016,0.17352143547275647,19.286260407698855,1.0
1989-07-10,0.5158273381294963,0.5828079949479543,472.94861017377434,0.0,279.01242320954805,193.93618696422632,218.7350655988519,0.06960390993211488,51.80000000000002,0.17169594967945626,19.23970998888815,0.9117346951822737
1989-07-11,0.5448920863309352,0.6243957247718567,529.2662323517402,0.0,304.986228423553,224.28000392818717,234.960761767075,0.03396637964552274,54.00000000000002,0.17069187933320876,19.229483866727772,1.0
1989-07-12,0.5692086330935251,0.6409159617808309,552.6071879275764,0.0,315.1714032058349,237.4357847217415,241.2419308469483,0.06814115497429137,56.200000000000024,0.1688380362489962,19.167082607170272,1.0
1989-07-13,0.5953956834532373,0.6796200975802762,611.6131132056871,0.0,339.69340130882375,271.9197118968634,256.2076105189394,0.06571767757616917,58.40000000000003,0.16616920742215693,19.048929270672833,1.0
1989-07-14,0.6241726618705036,0.7110489830744733,663.8088998918595,0.0,360.2171669705245,303.59173292133505,268.59791842014005,0.06886622458606821,60.60000000000003,0.16519724827276797,19.021863389790788,0.51209306866247
1989-07-15,0.655251798561151,0.7239149673467487,712.2320586612537,0.0,378.0667223705594,334.16533629069437,279.25123435492367,0.06717020339090146,62.80000000000003,0.16377747723940855,18.962398302338094,0.48833066859705254
1989-07-16,0.6892086330935251,0.7298396018919262,754.5979015088969,0.0,392.5582789463439,362.039622562553,287.79971216421535,0.06776039653647481,65.00000000000003,0.16212594292529287,18.881621609089454,0.3871422668333669
1989-07-17,0.7237410071942445,0.7245548318192662,784.4852987538768,0.0,401.9142266523888,382.57107210148797,293.2534311850985,0.06286532946116472,67.20000000000003,0.1598735092864701,18.75319773023839,0.35674670109976697
1989-07-18,0.7582733812949639,0.7159650228865038,811.8728101763221,0.0,409.67941905058086,402.19339112574124,297.6427485416173,0.059735745792002345,69.40000000000003,0.1586230996099002,18.68440360635686,0.3404107847245038
1989-07-19,0.7928057553956833,0.704389464819905,834.9425209177871,0.0,415.53960839823526,419.4029125195518,300.81436180230975,0.0570914087513152,71.60000000000004,0.1574936096167852,18.61876552923379,0.320705888533848
1989-07-20,0.8273381294964027,0.6906630773306718,854.5122958962243,0.0,419.9332468645845,434.5790490316397,303.07603724123027,0.05423171203411842,73.80000000000004,0.15646749092625253,18.555786498271587,0.30654868081713255
1989-07-21,0.8618705035971221,0.6755977163371875,870.8701992797082,0.0,423.1230701196615,447.74712916004665,304.6753962989426,0.04860972895903359,76.00000000000004,0.15553533659447583,18.4954338363365,0.34370646144690614
1989-07-22,0.8956834532374099,0.6630545739457047,894.7715856213947,0.0,427.07856979077184,467.69301583062287,306.620382304342,0.045976487130874814,78.20000000000005,0.15473946871109742,18.441637295606334,0.3445209386591859
1989-07-23,0.9284892086330934,0.6506956781705002,918.9617946498656,0.0,430.7071011450425,488.25469350482314,308.2117946142966,0.04408161119712572,80.40000000000005,0.15445128422840704,18.425156681604626,0.37180115619051224
1989-07-24,0.9610071942446041,0.6394035497850636,944.0795258327466,0.0,434.4747608224746,509.6047650102721,309.3378217706656,0.05026221270619971,82.60000000000005,0.1579736502828993,18.722159530250366,1.0
1989-07-25,0.990503597122302,0.64646893742092,984.3158779051838,1.476297809851987,440.362583852355,542.4769962429768,310.30173001932906,0.048209503901053635,84.80000000000005,0.15692581096927666,18.647107374319727,0.4143823704346423
1989-07-26,1.0,0.6364900752422669,1012.4483951796616,5.274524962257473,444.2026387282861,562.9712314891179,310.4629432174174,0.042374631387435864,87.00000000000006,0.1547060105436422,18.46548410866412,1.0
1989-07-27,1.021125,0.6409990686192963,1040.6296037860952,9.97139306332976,447.9601332091439,582.6980775136216,310.4629432174174,0.04486570821869032,87.00000000000006,0.1548397765119657,18.477121747908267,0.5319187027485462
1989-07-28,1.044125,0.6345607231488903,1075.3228353583936,18.19658004859553,452.3415992464621,604.7846560633361,310.4629432174174,0.04867290848266361,87.00000000000006,0.15355525986511903,18.365368799632606,0.7963227831051093
1989-07-29,1.0651249999999999,0.6360491220352995,1121.4551152924928,32.670582877919045,457.8140409536446,630.970491460929,310.4629432174174,0.04204860608803271,87.00000000000006,0.15299076936732112,18.316258126324186,0.5398121560502429
1989-07-30,1.0864999999999998,0.62954156287379,1157.7643804178533,46.604263369776234,461.867062673263,649.2930543748142,310.4629432174174,0.02993024881703751,87.00000000000006,0.15280346413859178,18.299962571424732,1.0
1989-07-31,1.1038749999999997,0.6322490361898097,1179.3550767178508,56.42803018627496,464.1232904366127,658.8037560949631,310.4629432174174,0.035572448410457994,87.00000000000006,0.15604526152230278,18.58199894380759,1.0
1989-08-01,1.1243749999999997,0.6350739320158866,1203.8448541437444,69.14740833684849,466.4773702916768,668.2200755152193,310.4629432174174,0.044755073293962014,87.00000000000006,0.15506100567806372,18.496368685358792,0.5263528059312189
1989-08-02,1.1498749999999998,0.6263156392391661,1236.766161323286,89.62034623912585,468.96704414712957,678.1787709370307,310.4629432174174,0.04208723271706661,87.00000000000006,0.1540974635111419,18.412540516836593,0.36258820618758625
1989-08-03,1.1754999999999998,0.612205680165763,1262.997581888112,109.2775170248923,470.28189410294146,683.4381707602784,310.4629432174174,0.041473243324187926,87.00000000000006,0.15364027065746988,18.372764738567128,0.3142599281742834
1989-08-04,1.2002499999999998,0.596602168013921,1286.607514909463,129.99523325112753,470.8603374619646,685.7519441963708,310.4629432174174,0.04160127370756948,87.00000000000006,0.15290597982849408,18.30888143644623,0.6365571516047374
1989-08-05,1.2239999999999998,0.5881674787366349,1314.706457777669,158.0941761193334,470.8603374619646,685.7519441963708,310.4629432174174,0.03477215086893952,87.00000000000006,0.15340336443403535,18.352153897128325,1.0
1989-08-06,1.2468749999999997,0.5881674787366349,1332.1659009622367,175.55361930390126,470.8603374619646,685.7519441963708,310.4629432174174,0.039472256761311865,87.00000000000006,0.1547962226186883,18.473332559193132,1.0
1989-08-07,1.2714999999999996,0.5881674787366349,1357.4371411804648,200.82485952212932,470.8603374619646,685.7519441963708,310.4629432174174,0.041458920034876424,87.00000000000006,0.15477548371576016,18.471528274638384,0.5253911628749595
1989-08-08,1.2978749999999997,0.5772729727814859,1383.5174106492386,226.90512899090322,470.8603374619646,685.7519441963708,310.4629432174174,0.04099348559403176,87.00000000000006,0.15287812229963377,18.306457831435385,0.6643821155978943
1989-08-09,1.3238749999999997,0.5696786549067586,1408.6050333915732,251.99275173323787,470.8603374619646,685.7519441963708,310.4629432174174,0.035200094527699746,87.00000000000006,0.15194291264954657,18.2250945918778,0.3373751194387697
1989-08-10,1.3516249999999996,0.5552145707430538,1423.0226725387893,266.4103908804538,470.8603374619646,685.7519441963708,310.4629432174174,0.034410412312302616,87.00000000000006,0.15140112190764798,18.17795879733262,0.28633504041042623
1989-08-11,1.3816249999999997,0.5399471390848003,1429.1024296631997,272.49014800486435,470.8603374619646,685.7519441963708,310.4629432174174,0.03331525173475545,87.00000000000006,0.1510077570811285,18.14373605742543,0.2707685388540301
1989-08-12,1.4116249999999997,0.5248368092203841,1430.0935576914117,273.4812760330762,470.8603374619646,685.7519441963708,310.4629432174174,0.030482696802113865,87.00000000000006,0.15046586312944205,18.096591283628708,0.38071449554265485
1989-08-13,1.4391249999999998,0.5124778136519444,1441.3100716144008,284.6977899560654,470.8603374619646,685.7519441963708,310.4629432174174,0.03610108763331283,87.00000000000006,0.1507716667943634,18.123196202476866,1.0
1989-08-14,1.4621249999999997,0.5124778136519444,1467.1015240478198,310.4892423894844,470.8603374619646,685.7519441963708,310.4629432174174,0.03159755464818573,87.00000000000006,0.15135269165288096,18.173745365167893,0.44872854372038584
1989-08-15,1.4876249999999998,0.5016805599254787,1479.2167786861744,322.604497027839,470.8603374619646,685.7519441963708,310.4629432174174,0.027635003955982337,87.00000000000006,0.1493668305174061,18.000975446381577,0.3413206213936423
1989-08-16,1.5141249999999997,0.4889929625500663,1487.9268505009286,331.3145688425932,470.8603374619646,685.7519441963708,310.4629432174174,0.026762444024603302,87.00000000000006,0.1491962229775712,17.986132590415945,0.33234907162657595
1989-08-17,1.5404999999999998,0.47666023030792004,1493.892564204833,337.2802825464976,470.86033746196466,685.7519441963708,310.4629432174174,0.026430712802168375,87.00000000000006,0.14868756161992952,17.94187905230112,0.4332623414263121
1989-08-18,1.5642499999999997,0.4664390598638115,1505.2064842053328,348.5942025469974,470.86033746196466,685.7519441963708,310.46294321741743,0.024352907041484993,87.00000000000006,0.14821671230468117,17.90091516187451,0.3012456461664072
1989-08-19,1.5886249999999997,0.4540512177166735,1513.9541824740227,357.3419008156872,470.8603374619646,685.7519441963708,310.46294321741743,0.023311953764298426,87.00000000000006,0.1478322486480606,17.867466823748522,0.32732162430690726
1989-08-20,1.6129999999999998,0.44237565364290904,1522.135243742492,365.52296208415663,470.86033746196466,685.7519441963708,310.46294321741743,0.02267900165356281,87.00000000000006,0.14774324071106829,17.85972313323019,0.3304271945264028
1989-08-21,1.6373749999999998,0.43126457630826703,1530.9207346922012,374.3084530338659,470.8603374619646,685.7519441963708,310.46294321741743,0.021484551450349415,87.00000000000006,0.14725431221693572,17.817186354240658,0.28883948232825407
1989-08-22,1.6603749999999997,0.4197116451403174,1538.2494127065338,381.6371310481983,470.8603374619646,685.7519441963708,310.4629432174175,0.020694923200227786,87.00000000000006,0.14692407510008587,17.78845572507472,0.2564941169513494
1989-08-23,1.6837499999999996,0.4078909478333573,1544.7114790890623,388.0991974307269,470.86033746196466,685.7519441963708,310.46294321741743,0.020017564063434672,87.00000000000006,0.14664802787240291,17.7644396162663,0.2373455140038655
1989-08-24,1.7068749999999997,0.39618555419662155,1550.1571419992808,393.5448603409456,470.8603374619646,685.7519441963707,310.46294321741743,0.018836241426471906,87.00000000000006,0.1463409197588484,17.737721210387058,0.28473023908674666
1989-08-25,1.7307499999999998,0.3855953166402852,1556.142769037424,399.5304873790886,470.8603374619646,685.7519441963708,310.46294321741743,0.01818150742796515,87.00000000000006,0.1460962185001001,17.716432200875957,0.30489251030091297
1989-08-26,1.7564999999999997,0.37572067820323013,1560.8648527350822,404.25257107674673,470.8603374619646,685.7519441963708,310.46294321741743,0.01782628178116493,87.00000000000006,0.14593208193738655,17.70215231991988,0.337029349339716
1989-08-27,1.7824999999999998,0.35872270364487874,1564.598199146922,407.98591748858655,470.8603374619646,685.7519441963708,310.46294321741743,0.01702029389821316,87.00000000000006,0.14577993539058381,17.68891557034804,0.34490105695910556
1989-08-28,1.8086249999999997,0.32488705284026437,1569.6878209087383,413.07553925040287,470.8603374619646,685.7519441963708,310.46294321741743,0.018655044977049565,87.00000000000006,0.14603056562509145,17.710720400750205,1.0
1989-08-29,1.8292499999999996,0.2954864509717495,1579.4954765691527,422.8831949108174,470.86033746196466,685.7519441963708,310.46294321741743,0.01575178201549448,87.00000000000006,0.1475146947828788,17.839839637477702,0.3793718873476112
1989-08-30,1.8523749999999997,0.2736836440433922,1586.930757650412,430.31847599207674,470.8603374619647,685.7519441963707,310.46294321741743,0.013157541278485037,87.00000000000006,0.1449001240886846,17.61237198708281,0.3989432713407439
1989-08-31,1.8779999999999997,0.23019944064914324,1591.0502519272543,434.43797026891895,470.8603374619647,685.7519441963707,310.46294321741743,0.010511324275433867,87.00000000000006,0.14472942259916946,17.59752095749499,1.0
1989-09-01,1.9012499999999997,0.2136792036401691,1594.476907859572,437.86462620123666,470.8603374619647,685.7519441963707,310.46294321741743,0.011808182808549365,87.00000000000006,0.1449046237843265,17.612763460603656,0.5482866372007996
1989-09-02,1.9253749999999996,0.17497506784072378,1599.6542979191636,443.0420162608281,470.8603374619647,685.7519441963707,310.46294321741743,0.008217154684206503,87.00000000000006,0.14534034202681467,17.650670947700124,0.28173878262553037
1989-09-03,1.9468749999999997,0.14354618234652664,1601.0173092329458,444.4050275746103,470.8603374619647,685.7519441963707,310.46294321741743,0.006373695421512763,87.00000000000006,0.1442776517412381,17.558216892854965,0.20936546926300886
1989-09-04,1.9687499999999998,0.11713437203738811,1601.0173092329458,444.4050275746103,470.8603374619647,685.7519441963707,310.46294321741743,0.007138769932863746,87.00000000000006,0.14413881774897944,17.546138335528457,1.0
1989-09-05,1.9848749999999997,0.11713437203738811,1605.2137305798246,448.6014489214892,470.8603374619647,685.7519441963707,310.46294321741743,0.005189459047279268,87.00000000000006,0.14431068224515128,17.56109054669541,0.2540380835129746
1989-09-06,2.0,0.09649974277922904,1605.987269927507,449.3749882691717,470.86033746196466,685.7519441963707,310.46294321741743,0.004179126665415233,87.00000000000006,0.1439311759408155,17.5280734982182,0.24301224803083557
1989-09-07,,,,,,,,,,0.14383133508411064,17.519387343684873,
1989-09-08,,,,,,,,,,0.14389114320679935,17.51998542491176,
1989-09-09,,,,,,,,,,0.1432755443369494,17.51382943621326,
1989-09-10,,,,,,,,,,0.14300998551221883,17.511173847965956,
1989-09-11,,,,,,,,,,0.1424142011337811,17.505216004181577,
1989-09-12,,,,,,,,,,0.14212053111991996,17.502279304042965,
1989-09-13,,,,,,,,,,0.14154252626762404,17.496499255520007,
1989-09-14,,,,,,,,,,0.14100169531060147,17.491090945949782,
1989-09-15,,,,,,,,,,0.14063811224964212,17.487455115340186,
1989-09-16,,,,,,,,,,0.1471149952804222,17.552223945647988,
1989-09-17,,,,,,,,,,0.14385041408134042,17.51957813365717,
1989-09-18,,,,,,,,,,0.14021198887115782,17.483193881555344,
1989-09-19,,,,,,,,,,0.13958195547764313,17.476893547620197,
1989-09-20,,,,,,,,,,0.13928238412242913,17.473897834068058,
1989-09-21,,,,,,,,,,0.13962074884621486,17.477281481305916,
1989-09-22,,,,,,,,,,0.13943318838097793,17.475405876653546,
1989-09-23,,,,,,,,,,0.13856310025098784,17.466704995353645,
1989-09-24,,,,,,,,,,0.13813606990853708,17.462434691929136,
1989-09-25,,,,,,,,,,0.13806195046885866,17.46169349753235,
1989-09-26,,,,,,,,,,0.15729822094595505,17.654056202303316,
1989-09-27,,,,,,,,,,0.15013777738293543,17.58245176667312,
1989-09-28,,,,,,,,,,0.1518432341371962,17.59950633421573,
1989-09-29,,,,,,,,,,0.1496668562016651,17.577742554860418,
1989-09-30,,,,,,,,,,0.14936564153927415,17.57473040823651,
1989-10-01,,,,,,,,,,0.14906495792935892,17.571723572137355,
1989-10-02,,,,,,,,,,0.1486688935427048,17.567762928270813,
1989-10-03,,,,,,,,,,0.14826304672846374,17.563704460128402,
1989-10-04,,,,,,,,,,0.14787862973349156,17.559860290178683,
1989-10-05,,,,,,,,,,0.149363649489998,17.574710487743747,
1989-10-06,,,,,,,,,,0.14746394713383543,17.55571346418212,
1989-10-07,,,,,,,,,,0.14709944945627845,17.55206848740655,
1989-10-08,,,,,,,,,,0.1467536964998318,17.548610957842083,
1989-10-09,,,,,,,,,,0.14640671125145224,17.54514110535829,
1989-10-10,,,,,,,,,,0.1460492798134066,17.541566790977832,
1989-10-11,,,,,,,,,,0.14570825300257126,17.53815652286948,
1989-10-12,,,,,,,,,,0.1453370570177714,17.53444456302148,
1989-10-13,,,,,,,,,,0.14494356967273497,17.530509689571115,
1989-10-14,,,,,,,,,,0.14448620809382934,17.52593607378206,
1989-10-15,,,,,,,,,,0.1479845221508097,17.560919214351863,
1989-10-16,,,,,,,,,,0.1541962871853693,17.623036864697458,
1989-10-17,,,,,,,,,,0.14398195454462942,17.52089353829006,
1989-10-18,,,,,,,,,,0.1437886227653628,17.518960220497394,
1989-10-19,,,,,,,,,,0.14364664756910872,17.517540468534854,
1989-10-20,,,,,,,,,,0.14337546704139562,17.514828663257724,
1989-10-21,,,,,,,,,,0.14313433301347295,17.512417322978497,
1989-10-22,,,,,,,,,,0.1428637204098351,17.509711196942117,
1989-10-23,,,,,,,,,,0.14264961185038796,17.507570111347647,
1989-10-24,,,,,,,,,,0.14238255259846946,17.50489951882846,
1989-10-25,,,,,,,,,,0.14204641335707452,17.501538126414513,
1989-10-26,,,,,,,,,,0.1417801566075497,17.498875558919263,
1989-10-27,,,,,,,,,,0.14478442460551796,17.528918238898946,
1989-10-28,,,,,,,,,,0.1427691442298232,17.508765435142,
1989-10-29,,,,,,,,,,0.14124538719621615,17.493527864805927,
1989-10-30,,,,,,,,,,0.14100474878771418,17.491121480720906,
1989-10-31,,,,,,,,,,0.14070963502540346,17.4881703430978,
1989-11-01,,,,,,,,,,0.14048375656464945,17.485911558490262,
1989-11-02,,,,,,,,,,0.14036278665445223,17.484701859388288,
1989-11-03,,,,,,,,,,0.16004707719967998,17.681544764840567,
1989-11-04,,,,,,,,,,0.1728430232897252,17.80950422574102,
1989-11-05,,,,,,,,,,0.16909813921409206,17.772055384984686,
1989-11-06,,,,,,,,,,0.1726972098283281,17.808046091127046,
1989-11-07,,,,,,,,,,0.17458703605729048,17.82694435341667,
1989-11-08,,,,,,,,,,0.18090827297635648,17.89015672260733,
1989-11-09,,,,,,,,,,0.1738323226459263,17.819397219303028,
1989-11-10,,,,,,,,,,0.1729766266639408,17.810840259483175,
1989-11-11,,,,,,,,,,0.1728735740101473,17.80980973294524,
1989-11-12,,,,,,,,,,0.17889809024778836,17.87005489532165,
1989-11-13,,,,,,,,,,0.17473000420586596,17.828374034902424,
1989-11-14,,,,,,,,,,0.17253622226098092,17.806436215453576,
1989-11-15,,,,,,,,,,0.17241932622884057,17.805267255132172,
1989-11-16,,,,,,,,,,0.17232076149236428,17.804281607767408,
1989-11-17,,,,,,,,,,0.17222338170320958,17.80330780987586,
1989-11-18,,,,,,,,,,0.1720703621364686,17.80177761420845,
1989-11-19,,,,,,,,,,0.17191237858356717,17.80019777867944,
1989-11-20,,,,,,,,,,0.17179841751085695,17.799058167952335,
1989-11-21,,,,,,,,,,0.17167085310280522,17.797782523871817,
1989-11-22,,,,,,,,,,0.17160048242894055,17.797078817133173,
1989-11-23,,,,,,,,,,0.17150301084533182,17.796104101297086,
1989-11-24,,,,,,,,,,0.1713771665800869,17.794845658644636,
1989-11-25,,,,,,,,,,0.1713052886545618,17.794126879389385,
1989-11-26,,,,,,,,,,0.17120639517262332,17.79313794457,
1989-11-27,,,,,,,,,,0.17107832743039492,17.791857267147716,
1989-11-28,,,,,,,,,,0.17092498464241718,17.790323839267938,
1989-11-29,,,,,,,,,,0.17084525538046508,17.789526546648418,
1989-11-30,,,,,,,,,,0.17075302157741784,17.788604208617944,
1989-12-01,,,,,,,,,,0.17066590921096686,17.787733084953434,
1989-12-02,,,,,,,,,,0.17045244863943398,17.785598479238107,
1989-12-03,,,,,,,,,,0.17017641087772434,17.78283810162101,
1989-12-04,,,,,,,,,,0.16985522406368583,17.779626233480624,
1989-12-05,,,,,,,,,,0.16974983234099328,17.778572316253697,
1989-12-06,,,,,,,,,,0.1697001230546767,17.778075223390534,
1989-12-07,,,,,,,,,,0.17002407388317478,17.781314731675515,
1989-12-08,,,,,,,,,,0.16958548163301607,17.776928809173928,
1989-12-09,,,,,,,,,,0.16951087957333877,17.776182788577152,
1989-12-10,,,,,,,,,,0.16937886771758462,17.774862670019612,
1989-12-11,,,,,,,,,,0.16982318523015477,17.779305845145313,
1989-12-12,,,,,,,,,,0.16925278047904838,17.77360179763425,
1989-12-13,,,,,,,,,,0.17242866787715147,17.805360671615283,
1989-12-14,,,,,,,,,,0.16997447642936878,17.780818757137453,
1989-12-15,,,,,,,,,,0.16903241520882153,17.771398144931982,
1989-12-16,,,,,,,,,,0.1689417897304359,17.770491890148126,
1989-12-17,,,,,,,,,,0.1688958626311797,17.770032619155565,
1989-12-18,,,,,,,,,,0.16884617277610742,17.76953572060484,
1989-12-19,,,,,,,,,,0.16879513492422663,17.76902534208603,
1989-12-20,,,,,,,,,,0.16872373865480483,17.768311379391815,
1989-12-21,,,,,,,,,,0.16880433572452425,17.769117350089008,
1989-12-22,,,,,,,,,,0.17399907991970126,17.82106479204078,
1989-12-23,,,,,,,,,,0.1775723562300699,17.856797555144464,
1989-12-24,,,,,,,,,,0.17513699366263988,17.832443929470166,
1989-12-25,,,,,,,,,,0.17420675338527838,17.82314152669655,
1989-12-26,,,,,,,,,,0.17404002331589258,17.821474226002692,
1989-12-27,,,,,,,,,,0.17409574470041836,17.82203143984795,
1989-12-28,,,,,,,,,,0.1739226008739188,17.820300001582954,
1989-12-29,,,,,,,,,,0.17436194321992562,17.824693425043023,
1989-12-30,,,,,,,,,,0.17380627906144863,17.81913678345825,
1989-12-31,,,,,,,,,,0.17375026547016387,17.818576647545406,
1990-01-01,,,,,,,,,,0.17371475705939515,17.818221563437717,
1990-01-02,,,,,,,,,,0.17367777503564708,17.817851743200237,
1990-01-03,,,,,,,,,,0.1736035479959254,17.81710947280302,
1990-01-04,,,,,,,,,,0.17354260937536276,17.816500086597394,
1990-01-05,,,,,,,,,,0.17348889854603436,17.81596297830411,
1990-01-06,,,,,,,,,,0.17344695568646484,17.815543549708416,
1990-01-07,,,,,,,,,,0.1733614763766054,17.81468875660982,
1990-01-08,,,,,,,,,,0.17418743892836305,17.822948382127397,
1990-01-09,,,,,,,,,,0.18063012887607424,17.88737528160451,
1990-01-10,,,,,,,,,,0.17653674961142934,17.84644148895806,
1990-01-11,,,,,,,,,,0.1756578779999882,17.837652772843647,
1990-01-12,,,,,,,,,,0.17559095575366263,17.836983550380392,
1990-01-13,,,,,,,,,,0.17551376246029576,17.836211617446725,
1990-01-14,,,,,,,,,,0.17543803888601514,17.83545438170392,
1990-01-15,,,,,,,,,,0.18132265572359793,17.894300550079745,
1990-01-16,,,,,,,,,,0.17859599296461284,17.867033922489895,
1990-01-17,,,,,,,,,,0.17667349521130316,17.847808944956796,
1990-01-18,,,,,,,,,,0.17740332734979303,17.855107266341697,
1990-01-19,,,,,,,,,,0.17654606478996435,17.84653464074341,
1990-01-20,,,,,,,,,,0.17649789788415754,17.846052971685342,
1990-01-21,,,,,,,,,,0.17642298138643492,17.845303806708117,
1990-01-22,,,,,,,,,,0.17634680988804569,17.84454209172422,
1990-01-23,,,,,,,,,,0.1762857554998751,17.843931547842516,
1990-01-24,,,,,,,,,,0.1761769033124358,17.842843025968126,
1990-01-25,,,,,,,,,,0.1766934410050412,17.848008402894177,
1990-01-26,,,,,,,,,,0.1759601018113944,17.84067501095771,
1990-01-27,,,,,,,,,,0.17589482132555698,17.840022206099334,
1990-01-28,,,,,,,,,,0.1843647376072232,17.924721368915996,
1990-01-29,,,,,,,,,,0.18326174901315104,17.913691482975278,
1990-01-30,,,,,,,,,,0.1895446210806507,17.976520203650274,
1990-01-31,,,,,,,,,,0.19151116043098662,17.996185597153634,
1990-02-01,,,,,,,,,,0.18623968767041765,17.943470869547944,
1990-02-02,,,,,,,,,,0.18616319058507463,17.942705898694513,
1990-02-03,,,,,,,,,,0.18616890286976415,17.942763021541406,
1990-02-04,,,,,,,,,,0.18603153962998215,17.941389389143588,
1990-02-05,,,,,,,,,,0.18595862427963744,17.94066023564014,
1990-02-06,,,,,,,,,,0.18589311815378698,17.940005174381636,
1990-02-07,,,,,,,,,,0.188170254897783,17.962776541821597,
1990-02-08,,,,,,,,,,0.1863836540648288,17.944910533492056,
1990-02-09,,,,,,,,,,0.18680288081793325,17.9491028010231,
1990-02-10,,,,,,,,,,0.20088354058675587,18.089909398711324,
1990-02-11,,,,,,,,,,0.1929162332614947,18.010236325458713,
1990-02-12,,,,,,,,,,0.19258863998982498,18.006960392742016,
1990-02-13,,,,,,,,,,0.19288334719119674,18.009907464755734,
1990-02-14,,,,,,,,,,0.19551700131211863,18.036244005964953,
1990-02-15,,,,,,,,,,0.19394853312698873,18.020559324113655,
1990-02-16,,,,,,,,,,0.1932296182423009,18.013370175266775,
1990-02-17,,,,,,,,,,0.19969654956958802,18.078039488539645,
1990-02-18,,,,,,,,,,0.20451530138716664,18.126227006715432,
1990-02-19,,,,,,,,,,0.1953539586887341,18.034613579731108,
1990-02-20,,,,,,,,,,0.19517562524512194,18.032830245294985,
1990-02-21,,,,,,,,,,0.22733537311162438,18.35442772396001,
1990-02-22,,,,,,,,,,0.22605214002855453,18.34159539312931,
1990-02-23,,,,,,,,,,0.22769914425432963,18.35806543538706,
1990-02-24,,,,,,,,,,0.22533691412265563,18.334443134070323,
1990-02-25,,,,,,,,,,0.22342547911493232,18.31532878399309,
1990-02-26,,,,,,,,,,0.22320333725073996,18.313107365351165,
1990-02-27,,,,,,,,,,0.223028972675524,18.311363719599008,
1990-02-28,,,,,,,,,,0.2234284998926595,18.31535899177036,
1990-03-01,,,,,,,,,,0.2245215833197029,18.326289826040796,
1990-03-02,,,,,,,,,,0.22270252393507844,18.30809923219455,
1990-03-03,,,,,,,,,,0.22360896735962732,18.317163666440038,
1990-03-04,,,,,,,,,,0.22287037212219465,18.309777714065714,
1990-03-05,,,,,,,,,,0.22251929270443785,18.306266919888145,
1990-03-06,,,,,,,,,,0.22203072218197809,18.301381214663547,
1990-03-07,,,,,,,,,,0.221709355859229,18.298167551436055,
1990-03-08,,,,,,,,,,0.22143999667572828,18.29547395960105,
1990-03-09,,,,,,,,,,0.2212923090808676,18.293997083652442,
1990-03-10,,,,,,,,,,0.22078763616328428,18.288950354476608,
1990-03-11,,,,,,,,,,0.22381120329168097,18.319186025760576,
1990-03-12,,,,,,,,,,0.2202512299492597,18.283586292336363,
1990-03-13,,,,,,,,,,0.21988248317861153,18.279898824629882,
1990-03-14,,,,,,,,,,0.22653572391304264,18.346431231974194,
1990-03-15,,,,,,,,,,0.2195167307207425,18.27624130005119,
1990-03-16,,,,,,,,,,0.21911247726656913,18.272198765509458,
1990-03-17,,,,,,,,,,0.21879333577401677,18.269007350583934,
1990-03-18,,,,,,,,,,0.2184622866634304,18.26569685947807,
1990-03-19,,,,,,,,,,0.21809296226249017,18.262003615468668,
1990-03-20,,,,,,,,,,0.21771464847138203,18.258220477557586,
1990-03-21,,,,,,,,,,0.21731585317465854,18.25423252459035,
1990-03-22,,,,,,,,,,0.23253172121730104,18.406391205016778,
1990-03-23,,,,,,,,,,0.2256611283857159,18.337685276700924,
1990-03-24,,,,,,,,,,0.23332124221096234,18.414286414953388,
1990-03-25,,,,,,,,,,0.2293905712487349,18.374979705331114,
1990-03-26,,,,,,,,,,0.23588230994339304,18.439897092277697,
1990-03-27,,,,,,,,,,0.24830458645716522,18.56411985741542,
1990-03-28,,,,,,,,,,0.25655889802164134,18.64666297306018,
1990-03-29,,,,,,,,,,0.2548718579221331,18.6297925720651,
1990-03-30,,,,,,,,,,0.25291278720355603,18.610201864879325,
1990-03-31,,,,,,,,,,0.2526224356007906,18.60729834885167,
1990-04-01,,,,,,,,,,0.25228073732816514,18.603881366125417,
1990-04-02,,,,,,,,,,0.2518707483594673,18.59978147643844,
1990-04-03,,,,,,,,,,0.2570867292782679,18.651941285626446,
1990-04-04,,,,,,,,,,0.25155316401637967,18.596605633007563,
1990-04-05,,,,,,,,,,0.25103910007702346,18.591464993614,
1990-04-06,,,,,,,,,,0.2506009580968183,18.58708357381195,
1990-04-07,,,,,,,,,,0.25058889932094297,18.586962986053194,
1990-04-08,,,,,,,,,,0.24991123097553306,18.580186302599095,
1990-04-09,,,,,,,,,,0.24942726175325514,18.575346610376318,
1990-04-10,,,,,,,,,,0.24912820179851924,18.57235601082896,
1990-04-11,,,,,,,,,,0.25203608453741017,18.60143483821787,
1990-04-12,,,,,,,,,,0.25340497920950156,18.61512378493878,
1990-04-13,,,,,,,,,,0.24867717045866627,18.56784569743043,
1990-04-14,,,,,,,,,,0.24816359424451756,18.562709935288943,
1990-04-15,,,,,,,,,,0.24768625248896559,18.557936517733424,
1990-04-16,,,,,,,,,,0.24724198186733823,18.55349381151715,
1990-04-17,,,,,,,,,,0.24685159919507513,18.54958998479452,
1990-04-18,,,,,,,,,,0.24639210554210825,18.54499504826485,
1990-04-19,,,,,,,,,,0.24841329084652233,18.56520690130899,
1990-04-20,,,,,,,,,,0.2468136337391284,18.54921033023505,
1990-04-21,,,,,,,,,,0.2474595022834812,18.55566901567858,
1990-04-22,,,,,,,,,,0.24810485455439882,18.562122538387754,
1990-04-23,,,,,,,,,,0.24477012905228857,18.528775283366652,
1990-04-24,,,,,,,,,,0.24439008523946493,18.524974845238415,
1990-04-25,,,,,,,,,,0.24388611677117567,18.519935160555523,
1990-04-26,,,,,,,,,,0.2433176970331255,18.514250963175023,
1990-04-27,,,,,,,,,,0.24274919130635036,18.50856590590727,
1990-04-28,,,,,,,,,,0.24217803355258471,18.502854328369615,
1990-04-29,,,,,,,,,,0.24521255659391458,18.53319955878291,
1990-04-30,,,,,,,,,,0.24810839270101104,18.562157919853878,
1990-05-01,,,,,,,,,,0.2527930305026654,18.60900429787042,
1990-05-02,,,,,,,,,,0.2411627438629082,18.49270143147285,
1990-05-03,,,,,,,,,,0.24164565942525962,18.497530587096364,
1990-05-04,,,,,,,,,,0.2406755822319257,18.487829815163025,
1990-05-05,,,,,,,,,,0.23999407441227544,18.48101473696652,
1990-05-06,,,,,,,,,,0.23923298586678587,18.473403851511627,
1990-05-07,,,,,,,,,,0.23850910627424135,18.46616505558618,
1990-05-08,,,,,,,,,,0.23789983504659298,18.460072343309697,
1990-05-09,,,,,,,,,,0.23718863431136286,18.452960335957396,
1990-05-10,,,,,,,,,,0.23635294465612344,18.444603439405,
1990-05-11,,,,,,,,,,0.2358211933079574,18.43928592592334,
1990-05-12,,,,,,,,,,0.23537175527714918,18.43479154561526,
1990-05-13,,,,,,,,,,0.23458501693246608,18.426924162168426,
1990-05-14,,,,,,,,,,0.23598280182148662,18.440902011058633,
1990-05-15,,,,,,,,,,0.23380819261086322,18.4191559189524,
1990-05-16,,,,,,,,,,0.27509519213752,18.832025914218967,
1990-05-17,,,,,,,,,,0.28467971398181385,18.927871132661906,
1990-05-18,,,,,,,,,,0.26413607564183067,18.722434749262074,
1990-05-19,,,,,,,,,,0.2629384492536041,18.710458485379807,
1990-05-20,,,,,,,,,,0.26233115644147054,18.704385557258473,
1990-05-21,,,,,,,,,,0.2620607086727862,18.701681079571628,
1990-05-22,,,,,,,,,,0.2626581413824155,18.70765540666792,
1990-05-23,,,,,,,,,,0.26960906994898004,18.777164692333567,
1990-05-24,,,,,,,,,,0.2615276361339024,18.69635035418279,
1990-05-25,,,,,,,,,,0.2608463832437681,18.689537825281448,
1990-05-26,,,,,,,,,,0.26017969086269527,18.682870901470718,
1990-05-27,,,,,,,,,,0.25957038930505544,18.67677788589432,
1990-05-28,,,,,,,,,,0.2589255109046304,18.67032910189007,
1990-05-29,,,,,,,,,,0.2672428150825455,18.75350214366922,
1990-05-30,,,,,,,,,,0.2736044015381368,18.817118008225133,
1990-05-31,,,,,,,,,,0.2617653959621884,18.69872795246565,
1990-06-01,,,,,,,,,,0.257493159458508,18.656005587428847,
1990-06-02,,,,,,,,,,0.25684533138018717,18.649527306645638,
1990-06-03,,,,,,,,,,0.25641498913747557,18.645223884218524,
1990-06-04,,,,,,,,,,0.2557676466530095,18.63875045937386,
1990-06-05,,,,,,,,,,0.2549489483462745,18.630563476306513,
1990-06-06,,,,,,,,,,0.2541934054314771,18.62300804715854,
1990-06-07,,,,,,,,,,0.2572767301127291,18.653841293971055,
1990-06-08,,,,,,,,,,0.2620316176677112,18.701390169520877,
1990-06-09,,,,,,,,,,0.2528203694055326,18.60927768689909,
1990-06-10,,,,,,,,,,0.25189375387540347,18.6000115315978,
1990-06-11,,,,,,,,,,0.2510758433061851,18.59183242590562,
1990-06-12,,,,,,,,,,0.2504922678983415,18.585996671827182,
1990-06-13,,,,,,,,,,0.2498539092207292,18.579613085051058,
1990-06-14,,,,,,,,,,0.24915993949561405,18.572673387799906,
1990-06-15,-0.1,0.04836,30.0,0.0,18.6,11.4,20.0,0.0,10.0,0.25919010307595475,18.672975023603314,0.0
1990-06-16,-0.08172727272727273,0.04836,30.0,0.0,18.6,11.4,20.0,0.0,10.0,0.24839143361460492,18.564988328989816,0.0
1990-06-17,-0.061454545454545456,0.04836,30.0,0.0,18.6,11.4,20.0,0.0,10.0,0.2476296960196116,18.557370953039882,0.0
1990-06-18,-0.03972727272727273,0.04836,30.0,0.0,18.6,11.4,20.0,0.0,10.0,0.25966883044532985,18.677762297297065,0.0
1990-06-19,-0.019,0.04836,30.0,0.0,18.6,11.4,20.0,0.0,10.0,0.26895811008956827,18.77065509373945,0.0
1990-06-20,-0.002363636363636363,0.04836,30.0,0.0,18.6,11.4,20.0,0.0,10.0,0.29288600865536446,19.00993407939741,0.0
1990-06-21,0.0,0.04836,30.0,0.0,18.6,11.4,20.0,0.006938764318728079,10.0,0.279301226669051,18.874086259534277,1.0
1990-06-22,0.0260431654676259,0.055964827660937036,34.71763502539518,0.0,21.524933715745014,13.19270130965017,23.145090016930123,0.013610332087692679,12.2,0.2472971786267954,18.776478092233795,1.0
1990-06-23,0.05726618705035971,0.06920983104960522,43.084563327571374,0.0,26.71242926309425,16.37213406447712,28.543791925705925,0.017091411130836866,14.399999999999999,0.23048771682311234,18.756854155382833,1.0
1990-06-24,0.09035971223021583,0.08460341631530342,53.02698636460449,0.0,32.876731546054785,20.150254818549705,34.710810793689866,0.01459749240998655,16.599999999999998,0.21851258633000772,18.74351848635127,1.0
1990-06-25,0.11985611510791366,0.0990908158077477,62.612112691873264,0.0,38.819509868961426,23.79260282291184,40.4103366265069,0.013347626713118456,18.799999999999997,0.20868049297325997,18.717781341313554,1.0
1990-06-26,0.1484892086330935,0.11231629395967423,71.55657667534074,0.0,44.36507753871126,27.191499136629478,45.53044982467225,0.011714833105368336,20.999999999999996,0.20393478999321893,18.755597183416988,1.0
1990-06-27,0.17625899280575538,0.12457090086050492,80.02696738525418,0.0,49.6167197788576,30.410247606396588,50.201682347614074,0.0266309812274742,23.199999999999996,0.19774255257354403,18.73897233340874,0.9388901961779463
1990-06-28,0.2089208633093525,0.14813772300392095,96.83894114404829,0.0,60.04014350930994,36.79879763473835,59.14027996592609,0.027961762095727295,25.399999999999995,0.1902796662774189,18.66282715729208,0.8455423829721874
1990-06-29,0.2428776978417266,0.17078487595119834,113.77932319438057,0.0,70.54318038051595,43.23614281386462,67.76348469034832,0.02950560839622011,27.599999999999994,0.18520418159122148,18.61973756590648,0.7585384278601359
1990-06-30,0.2771223021582734,0.1914566817585485,130.17131219062338,0.0,80.70621355818649,49.46509863243688,75.73303951496932,0.029716608863031884,29.799999999999994,0.18098871662278126,18.579944429490773,0.8951178874551233
1990-07-01,0.3073381294964029,0.21462387630969845,148.4438118284396,0.0,92.03516333363257,56.40864849480705,84.2084804986668,0.015813247545436487,31.999999999999993,0.17771043497965072,18.55159311362384,1.0
1990-07-02,0.3297841726618705,0.2281557072352625,159.09889895436328,0.0,98.64131735170524,60.45758160265805,88.93013614671466,0.03471488240437091,34.199999999999996,0.1801973985032857,18.705988743230513,0.7790638625115596
1990-07-03,0.35640287769784174,0.2589855847257326,185.21140989962174,0.0,114.83107413776547,70.38033576185626,100.01950927368347,0.034354408178865946,36.4,0.17299368063989784,18.51858620985355,0.5780503203406007
1990-07-04,0.3860431654676259,0.282224638228237,208.23133520765913,0.0,128.5840417049575,79.64729350270163,109.30547837649758,0.03400325071244612,38.6,0.16966725693390491,18.449150872353123,0.5585993536488648
1990-07-05,0.4185611510791367,0.30104311948872103,229.43545218156788,0.0,140.71509869605927,88.72035348550862,117.37194613825646,0.03622865680007276,40.800000000000004,0.1678950399643571,18.428490905393286,0.4549994057352417
1990-07-06,0.4530935251798561,0.3136245808049382,247.67685286147486,0.0,150.64426650394904,97.03258635752583,123.86718176307593,0.03896786734288897,43.00000000000001,0.1655155581172402,18.373920794031967,0.35954059368266267
1990-07-07,0.48762589928057554,0.3195958655376055,261.9649734361837,0.0,157.99994796758523,103.96502546859845,128.59850881324047,0.03240502730249251,45.20000000000001,0.16340620679028503,18.321090862054646,0.45466842843090877
1990-07-08,0.5176978417266187,0.32882747030793497,280.5227146323024,0.0,167.00604768556505,113.5166669467373,134.29765601738222,0.03510658587935592,47.40000000000001,0.16277074655037585,18.328842221764702,0.3683594663391728
1990-07-09,0.5522302158273381,0.3334681788225076,296.4937979052744,0.0,174.3464160523072,122.14738185296719,138.8792841979543,0.03056523255431136,49.600000000000016,0.1602924249193762,18.24239163142107,0.41237716074849934
1990-07-10,0.5848920863309353,0.3376803363143303,313.1230648071188,0.0,181.4985669511885,131.62449785593031,143.27597923105606,0.029716794918480616,51.80000000000002,0.15905301547541703,18.20921207718974,0.3923156137919603
1990-07-11,0.6181294964028777,0.34035935354255714,329.84971052235755,0.0,188.22574161622282,141.6239689061347,147.3547362399174,0.03203217298768317,54.00000000000002,0.16124922064515526,18.356102310544642,0.4312217136450364
1990-07-12,0.6515107913669065,0.34354209635308225,348.6853476712489,0.0,195.26613075092715,153.41921692032176,151.56663129842318,0.027661787459985026,56.200000000000024,0.157027000575099,18.151940348169948,0.3931565557299347
1990-07-13,0.6841726618705036,0.344090224922231,365.8993128407937,0.0,201.2093282193455,164.6899846214482,155.07729376037426,0.02892886491346087,58.40000000000003,0.1567060373195877,18.157034015456432,0.3201106207174474
1990-07-14,0.718705035971223,0.34068285927383246,378.45783204433184,0.0,205.1946909210475,173.26314112328433,157.40437333991622,0.02691843160100056,60.60000000000003,0.15510216275155259,18.082971018879718,0.30151663805320134
1990-07-15,0.7532374100719424,0.3353039494801337,388.2292190683371,0.0,208.00722714504406,180.22199192329305,159.003625046231,0.02658702083658002,62.80000000000003,0.1540785714380624,18.038292762589073,0.26484592090975406
1990-07-16,0.7877697841726619,0.3286991394149923,396.7318497308529,0.0,210.20366406709712,186.52818566375575,160.20034327242834,0.024199400436241855,65.00000000000003,0.1531730381278074,17.99678447472936,0.2741149771319635
1990-07-17,0.8223021582733813,0.32167711790289916,403.8831665968182,0.0,211.83999200437174,192.04317459244646,161.0492923571204,0.028422283654152978,67.20000000000003,0.15269555977879906,17.9800571337003,1.0
1990-07-18,0.8509352517985611,0.32707624536196406,426.4579299588708,0.0,216.33926488692583,210.11866507194497,163.3114144416826,0.027706203726621415,69.40000000000003,0.1545985436144485,18.126432963550855,0.8108878184733941
1990-07-19,0.8788489208633093,0.3300298582651268,451.7944513827056,0.0,220.76903004464202,231.02542133806358,165.5033962688955,0.026816505828135693,71.60000000000004,0.15984014482644018,18.52022692642437,1.0
1990-07-20,0.9047482014388489,0.3346437500208531,477.2601876435223,0.0,224.6139398410806,252.64624780244165,167.37491665950694,0.03591791595799256,73.80000000000004,0.1656036751563139,18.975602303530348,0.7671374667111619
1990-07-21,0.9353956834532374,0.33692446379389557,506.76374882174224,0.0,229.03947401781357,277.72427480392867,169.1632841512645,0.031505798752769244,76.00000000000004,0.16112459815072044,18.67789905659226,0.4359072700551914
1990-07-22,0.9699280575539568,0.3327814919293373,524.4355638993321,0.0,231.69024627945205,292.74531761988004,169.8759128046643,0.03136974990397354,78.20000000000005,0.15950871278002254,18.58438945667839,0.34425486084490353
1990-07-23,1.0,0.3266851897549121,537.9034407826784,0.8946287522031097,233.62096493673374,303.3878470937417,170.12338104619812,0.030181645434364964,80.40000000000005,0.15862910833386737,18.542966947466688,0.3280191234407657
1990-07-24,1.03,0.3202545085164891,550.3199441340354,2.964045977429253,235.27649871691463,312.0793994396915,170.12338104619812,0.02904862373472745,80.40000000000005,0.15816907901157112,18.505980589954074,0.3250892147772517
1990-07-25,1.06,0.31356620682441577,561.6161610183859,5.976370479922757,236.66969879931787,318.97009173914535,170.12338104619812,0.027092258891901495,80.40000000000005,0.15773245695014104,18.470876176215096,0.3472897370738978
1990-07-26,1.089375,0.30750203766765655,575.0475036868932,10.901196125042077,238.191917635082,325.9543899267691,170.12338104619812,0.025457494306075926,80.40000000000005,0.15776281938402703,18.47331731589953,0.42582189708072654
1990-07-27,1.1179999999999999,0.30260532422360265,590.1018489369188,17.89519402244975,239.75066963284507,332.4559852816239,170.12338104619812,0.025196988884116093,80.40000000000005,0.15769157272240428,18.46758908430506,0.40214573628461037
1990-07-28,1.1461249999999998,0.2971788785812514,605.9620762010886,27.252728108309988,241.05120826850703,337.65813982427164,170.12338104619812,0.024174960952675604,80.40000000000005,0.15733471482401565,18.438897709274613,0.4441957392087776
1990-07-29,1.1738749999999998,0.2917756156786075,621.659923335083,38.72196767058456,241.89692978285098,341.04102588164744,170.12338104619812,0.024110877290769647,80.40000000000005,0.1569900942222439,18.411190212892162,0.600148056580678
1990-07-30,1.2014999999999998,0.28783303845677205,637.6623179854213,52.634049519722495,242.31499234309103,342.7132761226078,170.12338104619812,0.0224703532118286,80.40000000000005,0.15603908475555717,18.33472905177055,0.3955022411125435
1990-07-31,1.22975,0.2811783894307403,649.5381885443593,64.50992007866041,242.31499234309106,342.7132761226078,170.12338104619812,0.021743660081534683,80.40000000000005,0.1555425985836428,18.294811563548635,0.36638598522277693
1990-08-01,1.258125,0.274329706760979,659.671443345654,74.64317487995518,242.31499234309103,342.7132761226078,170.12338104619812,0.02064645313524851,80.40000000000005,0.15519009523272234,18.26647029413463,0.4291737566531622
1990-08-02,1.2865,0.2683433256963627,670.448247134333,85.41997866863412,242.31499234309103,342.7132761226078,170.12338104619812,0.024317553632705095,80.40000000000005,0.1553887511124077,18.282442226861335,1.0
1990-08-03,1.31075,0.2683433256963627,690.220256747663,105.19198828196423,242.31499234309103,342.7132761226078,170.12338104619812,0.025555262018180237,80.40000000000005,0.15696391174177404,18.409085141462388,1.0
1990-08-04,1.3351250000000001,0.2683433256963627,710.0573202201131,125.02905175441427,242.31499234309103,342.7132761226078,170.12338104619812,0.019548824804647508,80.40000000000005,0.15424459540855157,18.1904521082713,0.3756584155137185
1990-08-05,1.36125,0.2620213237718748,721.0979199526141,136.0696514869153,242.31499234309103,342.7132761226078,170.12338104619812,0.01878843879729123,80.40000000000005,0.15391596212588868,18.164029992345206,0.3914340198996583
1990-08-06,1.38725,0.2559744842306559,732.1775733916209,147.14930492592208,242.31499234309103,342.7132761226078,170.12338104619812,0.018164478843609624,80.40000000000005,0.15364737354333538,18.14243547030792,0.39279077331911283
1990-08-07,1.4131250000000002,0.2500512765795473,742.4315628927051,157.40329442700627,242.31499234309103,342.7132761226078,170.12338104619812,0.020001838683295817,80.40000000000005,0.1541535411304653,18.183131344313168,0.688593205774668
1990-08-08,1.4390000000000003,0.24706889981342045,755.5721103440793,170.5438418783805,242.31499234309103,342.7132761226078,170.12338104619812,0.018309485143028596,80.40000000000005,0.15465491594496433,18.223441879398887,0.4200795850550884
1990-08-09,1.4661250000000003,0.24170162238375106,764.7738856225093,179.74561715681045,242.31499234309103,342.7132761226078,170.12338104619812,0.018169787630158234,80.40000000000005,0.15279241609155317,18.07369689118463,0.6386773117465964
1990-08-10,1.4917500000000004,0.23842004888823654,775.8960386645477,190.86777019884892,242.31499234309103,342.7132761226078,170.12338104619812,0.016414983453116778,80.40000000000005,0.1525993229097759,18.05817219936974,0.3304161717001364
1990-08-11,1.5202500000000003,0.23242157286021023,780.4082451570637,195.3799766913649,242.31499234309103,342.7132761226078,170.12338104619812,0.016277379872823697,80.40000000000005,0.15236719016607458,18.039508726776152,0.2913186445971986
1990-08-12,1.5495000000000003,0.22630560826682639,783.048453494755,198.02018502905622,242.31499234309103,342.7132761226078,170.12338104619812,0.01596190814221988,80.40000000000005,0.15211931734671888,18.019579752099954,0.2739822707200057
1990-08-13,1.5795000000000003,0.22017323864016994,783.7535999971816,198.72533153148274,242.31499234309103,342.7132761226078,170.12338104619812,0.01538681958421774,80.40000000000005,0.15249181172398327,18.04952830003201,0.3042397924660275
1990-08-14,1.6095000000000004,0.21442444147094578,784.9849074819391,199.95663901624027,242.31499234309103,342.7132761226078,170.1233810461981,0.013946596425535852,80.40000000000005,0.1514667404565246,17.967112570128332,0.35147966526062185
1990-08-15,1.6365000000000003,0.2091778154334286,790.0490572040715,205.02078873837257,242.31499234309103,342.7132761226078,170.1233810461981,0.017200608339135268,80.40000000000005,0.15156688189481032,17.975163941766503,0.8390567316994233
1990-08-16,1.6630000000000003,0.2079010927114213,800.7749228398004,215.74665437410158,242.31499234309103,342.7132761226078,170.1233810461981,0.014898233098846792,80.40000000000005,0.15164883198436355,17.981752728966583,1.0
1990-08-17,1.6841250000000003,0.2079010927114213,811.285035021699,226.25676655600012,242.31499234309103,342.7132761226078,170.1233810461981,0.009913638117819036,80.40000000000005,0.15080857990328977,17.914196461648253,1.0
1990-08-18,1.7042500000000003,0.20075068024203688,814.7457877655592,229.71751929986036,242.31499234309103,342.7132761226078,170.12338104619812,0.015617059729211983,80.40000000000005,0.15061189519575294,17.89838301116229,0.7823671845983601
1990-08-19,1.7273750000000003,0.1991190410149796,826.0090420195273,240.9807735538285,242.31499234309103,342.7132761226078,170.12338104619812,0.012399747733588956,80.40000000000005,0.15039335244932422,17.880812174349423,0.31336916227265604
1990-08-20,1.7546250000000003,0.17379070316344689,829.3039340404639,244.27566557476504,242.31499234309103,342.7132761226078,170.12338104619812,0.010721334586066654,80.40000000000005,0.1501779829732481,17.863496468472903,0.33030036158390624
1990-08-21,1.7812500000000002,0.15065553998381098,832.2252166902698,247.19694822457097,242.31499234309103,342.7132761226078,170.12338104619812,0.009487136330272632,80.40000000000005,0.15004403620533763,17.8527271483329,0.276145948216256
1990-08-22,1.8075000000000003,0.13229912608034827,833.9215150208997,248.89324655520085,242.31499234309103,342.7132761226078,170.12338104619812,0.008196856450083402,80.40000000000005,0.1497843507055761,17.831848434152075,0.28248442125001894
1990-08-23,1.8352500000000003,0.11915632389315398,834.6201860643558,249.59191759865703,242.31499234309106,342.71327612260774,170.12338104619812,0.007434145724548217,80.40000000000005,0.14960679190208107,17.817572706351072,0.26376622806119976
1990-08-24,1.8632500000000003,0.10362283701562007,834.6659120463519,249.63764358065302,242.31499234309106,342.7132761226078,170.12338104619812,0.006431044122751393,80.40000000000005,0.14944247988635773,17.804362020286916,0.26188144167218846
1990-08-25,1.8910000000000002,0.09135855875608674,834.6659120463519,249.63764358065302,242.31499234309106,342.7132761226078,170.12338104619812,0.005587223668592225,80.40000000000005,0.14929228372639955,17.79228624902628,0.27111446869819045
1990-08-26,1.9197500000000003,0.07985205278864466,834.6659120463519,249.63764358065302,242.31499234309106,342.7132761226078,170.12338104619812,0.00482567843548324,80.40000000000005,0.14918653453784902,17.783784014266818,0.2841866017492465
1990-08-27,1.9491250000000002,0.06942362906330203,834.6659120463519,249.63764358065302,242.31499234309106,342.7132761226078,170.12338104619815,0.00427182097620825,80.40000000000005,0.14903654688889706,17.771725007291078,0.25176382046810464
1990-08-28,1.9788750000000002,0.058929669962354256,834.6659120463519,249.63764358065302,242.31499234309106,342.7132761226078,170.12338104619815,0.0036177819345469668,80.40000000000005,0.14889521830332003,17.760362189010685,0.24745523546447118
1990-08-29,2.0,0.050427202955054526,834.6659120463519,249.63764358065302,242.31499234309106,342.7132761226078,170.12338104619815,0.0030088560826798966,80.40000000000005,0.14876983871538038,17.75028167014034,0.27321887681724316
