day,DVS,LAI,TAGP,TWSO,TWLV,TWST,TWRT,TRA,RD,SM,WWLOW,RFTRA
1979-10-01,,,,,,,,,,0.31,54.8,
1979-10-02,,,,,,,,,,0.294073535658654,53.64073535658654,
1979-10-03,,,,,,,,,,0.28409415409324446,52.54094154093244,
1979-10-04,,,,,,,,,,0.2756851676782629,51.45685167678263,
1979-10-05,,,,,,,,,,0.2682975328619982,50.38297532861998,
1979-10-06,,,,,,,,,,0.2620359930812269,49.320359930812266,
1979-10-07,,,,,,,,,,0.25653181969765754,48.26531819697657,
1979-10-08,,,,,,,,,,0.25173626032957597,47.217362603295754,
1979-10-09,,,,,,,,,,0.24743377041407602,46.174337704140754,
1979-10-10,,,,,,,,,,0.2429825412669174,45.12982541266917,
1979-10-11,,,,,,,,,,0.2381229191370219,44.08122919137021,
1979-10-12,,,,,,,,,,0.23380992568533737,43.03809925685337,
1979-10-13,,,,,,,,,,0.2289468170029459,41.989468170029454,
1979-10-14,,,,,,,,,,0.22420043317538232,40.94200433175382,
1979-10-15,-0.1,0.03445,25.0,0.0,16.25,8.75,25.0,0.0,10.0,0.22037554657566516,39.903755465756646,0.0
1979-10-16,-0.08383333333333334,0.03445,25.0,0.0,16.25,8.75,25.0,0.0,10.0,0.21619551074728266,38.861955107472824,0.0
1979-10-17,-0.06841666666666668,0.03445,25.0,0.0,16.25,8.75,25.0,0.0,10.0,0.21288192416088908,37.82881924160888,0.0
1979-10-18,-0.05266666666666668,0.03445,25.0,0.0,16.25,8.75,25.0,0.0,10.0,0.20956977782620653,36.79569777826206,0.0
1979-10-19,-0.039583333333333345,0.03445,25.0,0.0,16.25,8.75,25.0,0.0,10.0,0.20688973578468497,36.16889735784685,0.0
1979-10-20,-0.024333333333333346,0.03445,25.0,0.0,16.25,8.75,25.0,0.0,10.0,0.20342166532984912,36.134216653298495,0.0
1979-10-21,-0.012166666666666678,0.03445,25.0,0.0,16.25,8.75,25.0,0.0,10.0,0.19916957654866002,36.0916957654866,0.0
1979-10-22,-0.001166666666666677,0.03445,25.0,0.0,16.25,8.75,25.0,0.0,10.0,0.19655231051514793,36.06552310515148,0.0
1979-10-23,0.0,0.03445,25.0,0.0,16.25,8.75,25.0,0.006119577085326586,10.0,0.193494581098481,36.03494581098481,1.0
1979-10-24,0.0,0.037130948449945377,26.94553588530143,0.0,17.51459832544593,9.4309375598555,26.94553588530143,0.005781098619441115,11.2,0.20249302005083222,35.99592182456932,1.0
1979-10-25,0.0,0.04041514038855217,29.328839178920298,0.0,19.063745466298194,10.265093712622106,29.3288391789203,0.004923139964620559,12.399999999999999,0.21020514296397905,35.96254377275334,1.0
1979-10-26,0.0,0.043461680632250976,31.539681155479663,0.0,20.50079275106178,11.038888404417882,31.539681155479663,0.005560776696519637,13.599999999999998,0.217042345368083,35.935775897005925,1.0
1979-10-27,0.0,0.047335206018045445,34.35065748769625,0.0,22.327927367002566,12.022730120693689,34.35065748769625,0.009912206136188874,14.799999999999997,0.22275897025388516,35.908832759757495,1.0
1979-10-28,0.0,0.05141408324944469,37.31065547855202,0.0,24.251926061058818,13.058729417493208,37.31065547855202,0.011567375768580983,15.999999999999996,0.22653419018156723,35.86454704290507,1.0
1979-10-29,0.0,0.05576285535319833,40.466513318721574,0.0,26.303233657169024,14.16327966155255,40.466513318721574,0.006418502032655581,17.199999999999996,0.22955868504860086,35.81640938283593,1.0
1979-10-30,0.0,0.06055776410179058,43.946127795203616,0.0,28.564983066882352,15.381144728321264,43.946127795203616,0.007221639884116785,18.399999999999995,0.2333749000232229,35.79009816042729,1.0
1979-10-31,0.0,0.06565851565740656,47.64768915631826,0.0,30.97099795160687,16.67669120471139,47.64768915631826,0.009645686336125585,19.599999999999994,0.23671000388018312,35.76351607605158,1.0
1979-11-01,0.0,0.07114557190223822,51.62958773747331,0.0,33.55923202935765,18.070355708115656,51.62958773747331,0.008542760953465452,20.799999999999994,0.23939254005650815,35.73136483317536,1.0
1979-11-02,0.0,0.07709143741267603,55.9444393415646,0.0,36.363885572017,19.58055376954761,55.9444393415646,0.01232859785844156,21.999999999999993,0.24200678943859144,35.70414936764901,1.0
1979-11-03,0.0,0.08346567889025845,60.5701588463414,0.0,39.37060325012191,21.19955559621949,60.5701588463414,0.009563164428993435,23.199999999999992,0.24399419788856289,35.668665391014656,1.0
1979-11-04,0.0,0.09041024435542555,65.6097564262885,0.0,42.64634167708752,22.96341474920097,65.60975642628848,0.011519297638892331,24.39999999999999,0.24614225759911143,35.641871085418316,1.0
1979-11-05,0.0,0.09712979311473538,70.48606176686167,0.0,45.815940148460086,24.670121618401584,70.48606176686167,0.011578925723143604,25.59999999999999,0.2501786990134028,35.66857469474311,1.0
1979-11-06,0.0,0.10433314306616212,75.71345650664885,0.0,49.213746729321755,26.499709777327098,75.71345650664885,0.015376385455436221,26.79999999999999,0.24963094726704627,35.582109386756834,1.0
1979-11-07,0.0,0.11312118522287426,82.09084558989423,0.0,53.359049633431255,28.73179595646298,82.09084558989423,0.01589901629616648,27.99999999999999,0.2509663513884318,35.547057838876086,1.0
1979-11-08,0.0,0.12255540446622236,88.93715853862291,0.0,57.80915305010489,31.128005488518017,88.9371585386229,0.01490188308197839,29.19999999999999,0.25219371121277484,35.51205636741302,1.0
1979-11-09,0.0,0.1324241289684203,96.09878735008729,0.0,62.46421177755674,33.63457557253055,96.09878735008729,0.0141348768712764,30.399999999999988,0.2534532524049297,35.480978873109855,1.0
1979-11-10,0.0,0.1428460684994583,103.66187844663156,0.0,67.38022099031052,36.28165745632105,103.66187844663156,0.01863275940000856,31.599999999999987,0.25468674028514193,35.45210099301048,1.0
1979-11-11,0.0,0.14783882027545941,107.28506551194442,0.0,69.73529258276388,37.54977292918055,107.28506551194441,0.009102870680152862,32.79999999999999,0.25551424542979134,35.41286725009715,1.0
1979-11-12,0.0,0.1522178877767831,110.46290840114884,0.0,71.80089046074674,38.662017940402094,110.46290840114884,0.013757319794584869,33.99999999999999,0.256914400498629,35.395089616953385,1.0
1979-11-13,0.0,0.1600734100377459,116.16357767615811,0.0,75.50632548950277,40.65725218665534,116.16357767615811,0.01578793749427463,35.199999999999996,0.25802458558677305,35.370465412654404,1.0
1979-11-14,0.0,0.16798109607147024,121.90210164838189,0.0,79.23636607144823,42.66573557693366,121.90210164838189,0.018305677785080687,36.4,0.25899182141995225,35.34330229968626,1.0
1979-11-15,0.0,0.17681178802871814,128.31044123999865,0.0,83.40178680599912,44.90865443399953,128.31044123999865,0.016481512445883865,37.6,0.25978023788422605,35.31173694444689,1.0
1979-11-16,0.0,0.18634777645931816,135.23060700966485,0.0,87.89989455628215,47.330712453382695,135.23060700966482,0.018757394014215733,38.800000000000004,0.26062783406016304,35.28435996153432,1.0
1979-11-17,0.0,0.19803681145014074,143.71321585641564,0.0,93.41359030667017,50.29962554974547,143.71321585641562,0.00644868425355116,40.00000000000001,0.26224882410590256,35.2899529642361,1.0
1979-11-18,0.0,0.20154542527849773,146.25937973766162,0.0,95.06859682948006,51.19078290818157,146.25937973766162,0.013331999206803245,41.20000000000001,0.26316729232243874,35.270492443684475,1.0
1979-11-19,0.0,0.20683685385098874,150.09931338968704,0.0,97.56455370329657,52.53475968639046,150.099313389687,0.01456713730490588,42.40000000000001,0.26334727195239255,35.22192433078144,1.0
1979-11-20,0.0,0.2166923689250586,157.25135625911363,0.0,102.21338156842387,55.03797469068977,157.25135625911363,0.015923762492570267,43.600000000000016,0.26412216278348827,35.19972629736009,1.0
1979-11-21,9.919505043654925e-05,0.22965453030986713,166.65785944112272,0.0,108.32760863672978,58.33025080439295,166.65785944112272,0.025648762191503305,44.80000000000002,0.26482877706238545,35.17632921239486,1.0
1979-11-22,0.00032123412593258673,0.24118386366557004,175.02457450331644,0.0,113.76597342715569,61.25860107616075,175.02457450331644,0.015909505666993232,46.00000000000002,0.2651693080787132,35.137788171620805,1.0
1979-11-23,0.0004606137735702462,0.245425230448095,178.10248943983672,0.0,115.76661813589386,62.33587130394285,178.10248943983672,0.02296188465188488,47.200000000000024,0.26579377197163107,35.11346603706098,1.0
1979-11-24,0.0007572892969962052,0.25035984526454347,181.6834871295671,0.0,118.09426663421863,63.589220495348485,181.6834871295671,0.030136050075878676,48.40000000000003,0.2662114571309656,35.080634525138734,1.0
1979-11-25,0.001358873492378778,0.2604406838053466,188.99904485148517,0.0,122.84937915346535,66.1496656980198,188.99904485148517,0.020846797513350297,49.60000000000003,0.2663907728655035,35.03698233412897,1.0
1979-11-26,0.0016406840984668682,0.2668369898185096,193.64077635595766,0.0,125.86650463137248,67.77427172458518,193.64077635595766,0.015350540411510186,50.80000000000003,0.2668537666994253,35.008171348330805,1.0
1979-11-27,0.0020500822869043956,0.27198454495614344,197.37630258065565,0.0,128.29459667742617,69.08170590322946,197.37630258065565,0.03936006645976182,52.000000000000036,0.2674391769292498,34.986837200320984,1.0
1979-11-28,0.00304320557921485,0.2815540320705243,204.32077799022085,0.0,132.80850569364355,71.5122722965773,204.32077799022088,0.020220289865182286,53.20000000000004,0.2673577690889027,34.93143331552962,1.0
1979-11-29,0.003440945909217503,0.2843647877203071,206.36051358512856,0.0,134.13433383033356,72.22617975479498,206.36051358512856,0.022874889201513395,54.40000000000004,0.26781236152244126,34.9049924668208,1.0
1979-11-30,0.0038678958329848943,0.28696636448408036,208.24845027872306,0.0,135.36149268116998,72.88695759755306,208.24845027872306,0.017293508192150836,55.600000000000044,0.2681758536716395,34.87457746414315,1.0
1979-12-01,0.0044770835266829834,0.28926309449541127,209.91516291394143,0.0,136.44485589406193,73.4703070198795,209.91516291394143,0.022869405116813624,56.80000000000005,0.2686589919771572,34.851830744302525,1.0
1979-12-02,0.005632875925201147,0.29152263345308577,211.554886395563,0.0,137.51067615711594,74.04421023844705,211.554886395563,0.021021652831992223,58.00000000000005,0.269005706210088,34.8223309601851,1.0
1979-12-03,0.006973371058013926,0.2929881569978211,212.61840130465976,0.0,138.20196084802885,74.41644045663092,212.61840130465976,0.007814404369751326,59.20000000000005,0.2694197303252659,34.79764803525574,1.0
1979-12-04,0.007979052768246057,0.29485875985455706,213.9758779786336,0.0,139.08432068611182,74.89155729252177,213.97587797863358,0.009369095500297553,60.400000000000055,0.27043810241390104,34.81046138579962,1.0
1979-12-05,0.009137733534838596,0.29765404705661686,216.00438828491792,0.0,140.40285238519664,75.60153589972128,216.00438828491792,0.008010371148194747,61.60000000000006,0.27059217731367774,34.77247812252254,1.0
1979-12-06,0.010325307410601428,0.30037568935222425,217.97945526286236,0.0,141.6866459208605,76.29280934200183,217.97945526286233,0.01042252433801781,62.80000000000006,0.27118127693834315,34.76218419172795,1.0
1979-12-07,0.011939678004915586,0.30717431774022746,222.91314785212444,0.0,144.89354610388088,78.01960174824357,222.91314785212444,0.008863687480610468,64.00000000000006,0.27169199272960715,34.74828753469485,1.0
1979-12-08,0.013293409816897042,0.31365959372430996,227.61944392185052,0.0,147.95263854920282,79.66680537264769,227.6194439218505,0.012016196604924268,65.20000000000006,0.27222543168169877,34.737098145646755,1.0
1979-12-09,0.015220118764645619,0.3206264357505152,232.67520736612136,0.0,151.23888478797886,81.43632257814248,232.67520736612133,0.012648223501367654,66.40000000000006,0.27278789534506387,34.72911625091224,1.0
1979-12-10,0.017354126084706493,0.33029014457660943,239.6880584735918,0.0,155.79723800783466,83.89082046575714,239.68805847359178,0.0191327274287816,67.60000000000007,0.2731391755280051,34.708208265693145,1.0
1979-12-11,0.019792946836232648,0.3422164276621479,248.3428357490188,0.0,161.4228432368622,86.9199925121566,248.34283574901878,0.01740852668975512,68.80000000000007,0.27339255000326196,34.68140744022442,1.0
1979-12-12,0.02143195651786292,0.3493630026451223,253.52902949573468,0.0,164.79386917222752,88.73516032350715,253.52902949573462,0.013544105267161557,70.00000000000007,0.2737569793653873,34.66298855557711,1.0
1979-12-13,0.022255399909029618,0.35577138731717084,258.17952635498614,0.0,167.81669213074096,90.36283422424516,258.1795263549861,0.018769987403354643,71.20000000000007,0.27408224515102164,34.64265585475273,1.0
1979-12-14,0.023835162341273263,0.3636198480953186,263.8750711867334,0.0,171.51879627137671,92.35627491535672,263.8750711867334,0.020302771558809118,72.40000000000008,0.2743636700018777,34.61992970813594,1.0
1979-12-15,0.02599197407484185,0.3736639416887931,271.1639634896902,0.0,176.25657626829863,94.90738722139159,271.16396348969016,0.017035434473175466,73.60000000000008,0.2746130799633933,34.59552268530574,1.0
1979-12-16,0.02748559581310235,0.37979690015801043,275.6145864717057,0.0,179.1494812066087,96.46510526509702,275.61458647170565,0.017809381651718893,74.80000000000008,0.2749087071128416,34.57517129204055,1.0
1979-12-17,0.029809971046640814,0.38493697020958556,279.34468084875584,0.0,181.5740425516913,97.77063829706458,279.3446808487558,0.019741679838194477,76.00000000000009,0.2751774804802253,34.55348851649712,1.0
1979-12-18,0.033098056850088854,0.3911190572217187,283.83095589384527,0.0,184.4901213309994,99.34083456284586,283.83095589384516,0.013902838952584333,77.20000000000009,0.2754108157607864,34.529714976732706,1.0
1979-12-19,0.03646233425925099,0.3948548876307452,286.5420084403086,0.0,186.25230548620058,100.28970295410804,286.5420084403085,0.023615172997012816,78.40000000000009,0.2765104155886201,34.57441658214781,1.0
1979-12-20,0.04055578985268718,0.41582816106802545,301.762090760541,0.0,196.14535899435162,105.61673176618937,301.7620907605409,0.012851011389126097,79.6000000000001,0.27588668382796444,34.48458003270596,1.0
1979-12-21,0.04330523732041747,0.42331795330553856,307.1973536324664,0.0,199.6782798611031,107.51907377136325,307.1973536324663,0.010873023976672516,80.8000000000001,0.27768371569848044,34.58884422843721,1.0
1979-12-22,0.04575102646093837,0.4297930549549982,311.8962662953543,0.0,202.73257309198027,109.16369320337404,311.8962662953542,0.01123486144670312,82.0000000000001,0.2776378517594496,34.54630384427486,1.0
1979-12-23,0.04831959208370452,0.4364493166383801,316.7266448754573,0.0,205.87231916904722,110.85432570641008,316.72664487545717,0.012269140909584366,83.2000000000001,0.27907353514048283,34.62691812368817,1.0
1979-12-24,0.050549844126854815,0.4432323975930993,321.6490548571113,0.0,209.07188565712232,112.57716919998899,321.6490548571112,0.012797331264174006,84.4000000000001,0.27893753308485286,34.57832779236158,1.0
1979-12-25,0.050549844126854815,0.4432323975930993,322.54893148232037,0.0,209.65680546350822,112.89212601881215,322.54893148232026,0.020332110488958385,85.60000000000011,0.27920018832042914,34.56353612022873,1.0
1979-12-26,0.051326778464126914,0.44464293149562145,323.5725409906819,0.0,210.3221516439432,113.25038934673867,323.5725409906818,0.017660509929096777,86.80000000000011,0.27934089634228915,34.53878980251069,1.0
1979-12-27,0.051774328974932456,0.44464293149562145,323.5725409906819,0.0,210.3221516439432,113.25038934673867,323.5725409906818,0.01839180833663383,88.00000000000011,0.27952346313725907,34.51806475607879,1.0
1979-12-28,0.05314525738101651,0.44464293149562145,323.5725409906819,0.0,210.3221516439432,113.25038934673867,323.5725409906818,0.019590931226852144,89.20000000000012,0.2796919866761147,34.49652521150943,1.0
1979-12-29,0.055337536128969564,0.44464293149562145,323.5725409906819,0.0,210.3221516439432,113.25038934673867,323.5725409906818,0.026598267163678392,90.40000000000012,0.2798425567154303,34.47376712707489,1.0
1979-12-30,0.058989004557883605,0.44464293149562145,323.5725409906819,0.0,210.3221516439432,113.25038934673867,323.5725409906818,0.027374960541119184,91.60000000000012,0.27990120761965753,34.44295061796062,1.0
1979-12-31,0.06405574980976941,0.44464293149562145,323.5725409906819,0.0,210.3221516439432,113.25038934673867,323.5725409906818,0.0075454159921960005,92.80000000000013,0.28017125932722614,34.43189286556658,1.0
1980-01-01,0.06405574980976941,0.44464293149562145,323.5725409906819,0.0,210.3221516439432,113.25038934673867,323.5725409906818,0.008124822889516834,94.00000000000013,0.28152610200338735,34.523453588318404,1.0
1980-01-02,0.06405574980976941,0.44464293149562145,323.5725409906819,0.0,210.3221516439432,113.25038934673867,323.5725409906818,0.007314381419626054,95.20000000000013,0.28205441210924664,34.539580032800274,1.0
1980-01-03,0.06405574980976941,0.44464293149562145,323.5725409906819,0.0,210.3221516439432,113.25038934673867,323.5725409906818,0.008353039968227213,96.40000000000013,0.28221659883953976,34.52168012813163,1.0
1980-01-04,0.0644967820117045,0.44464293149562145,323.5725409906819,0.0,210.3221516439432,113.25038934673867,323.5725409906818,0.01200108361120265,97.60000000000014,0.28246117419398087,34.51221060133253,1.0
1980-01-05,0.0644967820117045,0.44464293149562145,323.5725409906819,0.0,210.3221516439432,113.25038934673867,323.5725409906818,0.01871557499980297,98.80000000000014,0.28264215128941295,34.497044547394,1.0
1980-01-06,0.06582968136826814,0.44464293149562145,323.5725409906819,0.0,210.3221516439432,113.25038934673867,323.5725409906818,0.028040235452783533,100.00000000000014,0.28275540351773637,34.47554035177363,1.0
1980-01-07,0.06694492764226842,0.44464293149562145,323.5725409906819,0.0,210.3221516439432,113.25038934673867,323.5725409906818,0.025609576377152825,101.20000000000014,0.2827538559883398,34.442690226019984,1.0
1980-01-08,0.06862494808634965,0.44464293149562145,323.5725409906819,0.0,210.3221516439432,113.25038934673867,323.5725409906818,0.021089919828088128,102.40000000000015,0.2827849109540905,34.413174881698865,1.0
1980-01-09,0.07093129663934988,0.44464293149562145,323.5725409906819,0.0,210.3221516439432,113.25038934673867,323.5725409906818,0.019239643011983935,103.60000000000015,0.2828565519402131,34.38793878100607,1.0
1980-01-10,0.07353109245375629,0.44464293149562145,323.5725409906819,0.0,210.3221516439432,113.25038934673867,323.5725409906818,0.008385553215645648,104.80000000000015,0.28295467742879554,34.36565019453777,1.0
1980-01-11,0.07353109245375629,0.44464293149562145,323.5725409906819,0.0,210.3221516439432,113.25038934673867,323.5725409906818,0.008508721146299553,106.00000000000016,0.2832477929975139,34.36426605773647,1.0
1980-01-12,0.07353109245375629,0.44464293149562145,323.5725409906819,0.0,210.3221516439432,113.25038934673867,323.5725409906818,0.011012092738580276,107.20000000000016,0.28339016062824346,34.34742521934769,1.0
1980-01-13,0.07404759465104653,0.44464293149562145,323.5725409906819,0.0,210.3221516439432,113.25038934673867,323.5725409906818,0.021144290959643108,108.40000000000016,0.2835737771503837,34.33539744310159,1.0
1980-01-14,0.07566332887145376,0.44464293149562145,323.5725409906819,0.0,210.3221516439432,113.25038934673867,323.5725409906818,0.0315161281575514,109.60000000000016,0.2836197657968222,34.308726331331705,1.0
1980-01-15,0.07792660156419748,0.44464293149562145,323.5725409906819,0.0,210.3221516439432,113.25038934673867,323.5725409906818,0.033005068900002064,110.80000000000017,0.2835755415627914,34.272170005157285,1.0
1980-01-16,0.0814289477942109,0.44464293149562145,323.5725409906819,0.0,210.3221516439432,113.25038934673867,323.5725409906818,0.023747488756451007,112.00000000000017,0.2835183425258707,34.23405436289752,1.0
1980-01-17,0.08401280322534604,0.44464293149562145,323.5725409906819,0.0,210.3221516439432,113.25038934673867,323.5725409906818,0.02388359869891095,113.20000000000017,0.2835581260712085,34.20677987126079,1.0
1980-01-18,0.08507637031874772,0.44464293149562145,323.5725409906819,0.0,210.3221516439432,113.25038934673867,323.5725409906818,0.011986218580943252,114.40000000000018,0.2835845233758436,34.178069474196505,1.0
1980-01-19,0.08555206178278288,0.44464293149562145,323.5725409906819,0.0,210.3221516439432,113.25038934673867,323.5725409906818,0.012708221259661692,115.60000000000018,0.28389783447404077,34.18258966519911,1.0
1980-01-20,0.08633007117168828,0.44464293149562145,323.5725409906819,0.0,210.3221516439432,113.25038934673867,323.5725409906818,0.025795390702135972,116.80000000000018,0.28387937286615156,34.1491107507665,1.0
1980-01-21,0.08867955441240216,0.44464293149562145,323.5725409906819,0.0,210.3221516439432,113.25038934673867,323.5725409906818,0.024004402429173094,118.00000000000018,0.28389184751683555,34.119238006986585,1.0
1980-01-22,0.09098425643531091,0.44464293149562145,323.5725409906819,0.0,210.3221516439432,113.25038934673867,323.5725409906818,0.030894565405172488,119.20000000000019,0.2839251567128811,34.09187868017542,1.0
1980-01-23,0.09422082454596395,0.44464293149562145,323.5725409906819,0.0,210.3221516439432,113.25038934673867,323.5725409906818,0.02764541899875238,120.0,0.2838027854686656,34.05633425623987,1.0
1980-01-24,0.09858695074004575,0.44464293149562145,323.5725409906819,0.0,210.3221516439432,113.25038934673867,323.5725409906818,0.02095243021259862,120.0,0.2835360420293885,34.024325043526616,1.0
1980-01-25,0.10261253437632015,0.44464293149562145,323.5725409906819,0.0,210.3221516439432,113.25038934673867,323.5725409906818,0.018428806703610592,120.0,0.28333328016150816,33.99999361938098,1.0
1980-01-26,0.10735334225956537,0.4466203286620778,325.00559721057954,0.0,211.25488615642257,113.75071105415698,324.9906994180191,0.026557129786199656,120.0,0.2831548780947895,33.97858537137474,1.0
1980-01-27,0.1130713715514499,0.46383861266635396,337.4537820663291,0.0,219.37671823391133,118.07706383241776,337.078047925093,0.011953721112869856,120.0,0.28289783553600445,33.94774026432054,1.0
1980-01-28,0.11686943933058463,0.4708133146045979,342.48154691298555,0.0,222.66667197836603,119.81487493461954,341.8496309380789,0.010220625011099115,120.0,0.2836277497089005,34.03532996506806,1.0
1980-01-29,0.11750719680785228,0.4746542169581877,345.2449429325292,0.0,224.47841837156878,120.76652456096046,344.4326450741108,0.021235859552596666,120.0,0.2839481059423451,34.07377271308141,1.0
1980-01-30,0.11750719680785228,0.4746542169581877,345.2449429325292,0.0,224.47841837156878,120.76652456096046,344.4326450741108,0.019834061588472347,120.0,0.2830908849150832,33.97090618980999,1.0
1980-01-31,0.11750719680785228,0.4746542169581877,345.2449429325292,0.0,224.47841837156878,120.76652456096046,344.4326450741108,0.02427164976731114,120.0,0.28282392937721806,33.938871525266165,1.0
1980-02-01,0.11750719680785228,0.4746542169581877,345.2449429325292,0.0,224.47841837156878,120.76652456096046,344.4326450741108,0.023693778862673924,120.0,0.2825893171935395,33.91071806322474,1.0
1980-02-02,0.11750719680785228,0.4746542169581877,345.2449429325292,0.0,224.47841837156878,120.76652456096046,344.4326450741108,0.0198768442207774,120.0,0.28236232356834934,33.88347882820192,1.0
1980-02-03,0.11750719680785228,0.4746542169581877,345.2449429325292,0.0,224.47841837156878,120.76652456096046,344.4326450741108,0.025832408945258505,120.0,0.2821726289813663,33.860715477763954,1.0
1980-02-04,0.11764079508600991,0.4746542169581877,345.2449429325292,0.0,224.47841837156878,120.76652456096046,344.4326450741108,0.031666753346038023,120.0,0.28192377656593615,33.83085318791234,1.0
1980-02-05,0.11764079508600991,0.4746542169581877,345.2449429325292,0.0,224.47841837156878,120.76652456096046,344.4326450741108,0.03263820831948456,120.0,0.2816135399178186,33.79362479013823,1.0
1980-02-06,0.11764079508600991,0.4746542169581877,345.2449429325292,0.0,224.47841837156878,120.76652456096046,344.4326450741108,0.02593320305058472,120.0,0.28129876202342924,33.75585144281151,1.0
1980-02-07,0.11764079508600991,0.4746542169581877,345.2449429325292,0.0,224.47841837156878,120.76652456096046,344.4326450741108,0.026481911516698577,120.0,0.2810478148253124,33.72573777903749,1.0
1980-02-08,0.11764079508600991,0.4746542169581877,345.2449429325292,0.0,224.47841837156878,120.76652456096046,344.4326450741108,0.02705444281521023,120.0,0.28079342662174606,33.69521119460953,1.0
1980-02-09,0.11764079508600991,0.4746542169581877,345.2449429325292,0.0,224.47841837156878,120.76652456096046,344.4326450741108,0.03271182465332674,120.0,0.2805348816110752,33.664185793329025,1.0
1980-02-10,0.11764079508600991,0.4746542169581877,345.2449429325292,0.0,224.47841837156878,120.76652456096046,344.4326450741108,0.028649556775027632,120.0,0.2802209748585733,33.62651698302879,1.0
1980-02-11,0.11877136299712418,0.4746542169581877,345.2449429325292,0.0,224.47841837156878,120.76652456096046,344.4326450741108,0.036619969589579485,120.0,0.2799469341301211,33.59363209561453,1.0
1980-02-12,0.12183457996900578,0.4746542169581877,345.2449429325292,0.0,224.47841837156878,120.76652456096046,344.4326450741108,0.03855442186743387,120.0,0.2795987994487706,33.55185593385247,1.0
1980-02-13,0.1257847075375611,0.4746542169581877,345.2449429325292,0.0,224.47841837156878,120.76652456096046,344.4326450741108,0.037531850145580185,120.0,0.2792317162358455,33.50780594830146,1.0
1980-02-14,0.12918793058658576,0.4746542169581877,345.2449429325292,0.0,224.47841837156878,120.76652456096046,344.4326450741108,0.02997253693409952,120.0,0.27887012272010847,33.46441472641302,1.0
1980-02-15,0.13094000071878995,0.4746542169581877,345.2449429325292,0.0,224.47841837156878,120.76652456096046,344.4326450741108,0.042912537094753636,120.0,0.27858062979058923,33.42967557487071,1.0
1980-02-16,0.13410489047654633,0.4746542169581877,345.2449429325292,0.0,224.47841837156878,120.76652456096046,344.4326450741108,0.04395111840594622,120.0,0.278163689783238,33.379642773988564,1.0
1980-02-17,0.13811203194017893,0.4746542169581877,345.2449429325292,0.0,224.47841837156878,120.76652456096046,344.4326450741108,0.017235356782123557,120.0,0.27774049042204896,33.32885885064587,1.0
1980-02-18,0.1414039122190943,0.4748387655683855,345.3763005670491,0.0,224.56546960279414,120.81083096425495,344.54539577897566,0.01977209647936185,120.0,0.2777332865519242,33.327994386230905,1.0
1980-02-19,0.1444965149320985,0.4756299854010403,345.9385424606785,0.0,224.93868650498982,120.99985595568864,345.0216426752127,0.021925078629136858,120.0,0.2773781895641538,33.285382747698456,1.0
1980-02-20,0.1476905218045645,0.4756299854010403,345.9385424606785,0.0,224.93868650498982,120.99985595568864,345.0216426752127,0.03035970109951558,120.0,0.277166396100016,33.259967532001916,1.0
1980-02-21,0.15244410197718933,0.4771319230321016,347.0024627311021,0.0,225.64714765171686,121.35531507938528,345.9002797945321,0.03866454629229585,120.0,0.2768723155698814,33.22467786838577,1.0
1980-02-22,0.15762305300364737,0.4851691185491149,352.6822167234038,0.0,229.43827761257214,123.24393911083166,350.50166369830697,0.039791660279933805,120.0,0.2764962489182795,33.17954987019354,1.0
1980-02-23,0.1637794454573368,0.5001152000071107,363.2171202946224,0.0,236.4883160361551,126.72880425846729,358.8592781362922,0.03198113224779678,120.0,0.2761139239678927,33.13367087614712,1.0
1980-02-24,0.16967176250668178,0.5164382684233066,374.68743387495897,0.0,244.18787660983244,130.49955726512655,367.7343561319679,0.03241398943220884,120.0,0.275808415471765,33.0970098566118,1.0
1980-02-25,0.17664164944190935,0.5412081870717529,392.0426161986578,0.0,255.87180050060897,136.17081569804884,380.84440565920755,0.018897374207677564,120.0,0.27559115237809195,33.070938285371035,1.0
1980-02-26,0.18414717148597465,0.5584523803931725,404.0833044807817,0.0,264.0058539541088,140.07745052667292,389.6844295035442,0.01919296474581428,120.0,0.27560642722428186,33.072771266913826,1.0
1980-02-27,0.18913769082148602,0.5747435182154422,415.4165537370119,0.0,271.6903529268775,143.7262008101344,397.75253971534033,0.05071636845693348,120.0,0.2751491297072507,33.01789556487008,1.0
1980-02-28,0.19627818090499097,0.6174494020869523,445.05302939394016,0.0,291.83463777192947,153.2183916220107,418.42090131233743,0.06340618839132539,120.0,0.2746634807971507,32.95961769565808,1.0
1980-02-29,0.20576639004367347,0.6735310956581089,483.83606870382357,0.0,318.2882668149278,165.5478018888958,444.6797175521928,0.02974339076245623,120.0,0.27407574536994583,32.8890894443935,1.0
1980-03-01,0.21318698384098086,0.6978320535428303,500.56372225270127,0.0,329.75098279828694,170.8127394544143,455.51362516108145,0.06552630989901294,120.0,0.27389753025364205,32.86770363043705,1.0
1980-03-02,0.21842292753037337,0.7413415340773222,530.405913050967,0.0,350.27432267304727,180.1315903779197,474.13036476233265,0.04304027070324162,120.0,0.27319883174616005,32.78385980953921,1.0
1980-03-03,0.22311417698018665,0.7664934730941554,547.6134029020637,0.0,362.13844485079886,185.47495805126488,484.5828685465942,0.02739624168722716,120.0,0.27286941762996925,32.74433011559631,1.0
1980-03-04,0.2276737862025277,0.791978775583611,565.0095056815702,0.0,374.15981394959863,190.8496917319716,494.8991714983598,0.02531580182581429,120.0,0.2737265690201943,32.84718828242332,1.0
1980-03-05,0.23167371139174486,0.81730889572152,582.2617374164815,0.0,386.1079838259708,196.15375359051072,504.8926740694061,0.03201716981265342,120.0,0.27327337778287436,32.792805333944926,1.0
1980-03-06,0.237249083123625,0.8498083825715608,604.3544600321626,0.0,401.43793045334854,202.91652957881408,517.4275845024634,0.037090642313845026,120.0,0.27277674175405847,32.733209010487016,1.0
1980-03-07,0.24399199384485762,0.8827627841359822,626.6965884808075,0.0,416.9824594931699,209.71412898763754,529.7405926724259,0.028760248529878355,120.0,0.2724319373554709,32.69183248265651,1.0
1980-03-08,0.25070043054022845,0.9066329905655606,642.8277838738225,0.0,428.2419908278767,214.5857930459457,538.3205382145958,0.031214824845473717,120.0,0.2730315211606914,32.76378253928297,1.0
1980-03-09,0.25763661375431257,0.9339005483780624,661.2168692931974,0.0,441.1040463998115,220.11282289338587,547.7582657040946,0.037835755319014945,120.0,0.2727688773425692,32.732265281108305,1.0
1980-03-10,0.262856884709961,0.9652013181752906,682.494736057904,0.0,455.8685604551079,226.62617560279608,558.2780879718155,0.036008225816185506,120.0,0.27192582914490454,32.63109949738855,1.0
1980-03-11,0.2650858996142657,0.9842092993823512,695.4943597750155,0.0,464.8345893263629,230.65977044865252,564.5249548965335,0.02788442304491964,120.0,0.271693213289336,32.603185594720316,1.0
1980-03-12,0.2673319988499631,1.000284145188076,706.5164991277445,0.0,472.41706376302545,234.099435364719,569.7571870182016,0.03213389276631698,120.0,0.27156653669969055,32.587984403962864,1.0
1980-03-13,0.26850887831398496,1.0069899308146617,711.1265382445611,0.0,475.58017019066034,235.54636805390072,571.9186666449096,0.02611478811408833,120.0,0.2712885890353193,32.55463068423832,1.0
1980-03-14,0.269785904537209,1.0069899308146617,711.1265382445611,0.0,475.58017019066034,235.54636805390072,571.9186666449096,0.03590103565584962,120.0,0.2709077674457791,32.50893209349349,1.0
1980-03-15,0.27318638141940227,1.0069899308146617,711.1265382445611,0.0,475.58017019066034,235.54636805390072,571.9186666449096,0.06735353517157683,120.0,0.2705140410427302,32.46168492512762,1.0
1980-03-16,0.2792976487298211,1.0069899308146617,711.1265382445611,0.0,475.58017019066034,235.54636805390072,571.9186666449096,0.06246356317333112,120.0,0.26991818642755555,32.390182371306665,1.0
1980-03-17,0.2874135829142375,1.0069899308146617,711.1265382445611,0.0,475.58017019066034,235.54636805390072,571.9186666449096,0.05183404260866904,120.0,0.26939792312070543,32.32775077448465,1.0
1980-03-18,0.29765736018355937,1.023504651725079,722.7521486512711,0.0,483.37013288425334,239.3820157670178,576.7857097178738,0.08712678521328497,120.0,0.26897212212458876,32.276654654950654,1.0
1980-03-19,0.3062726841540907,1.0811788980733479,763.8548790586838,0.0,510.5749660673991,253.27991299128462,592.9938694984287,0.08198360427121652,120.0,0.2681202965755958,32.17443558907149,1.0
1980-03-20,0.3172401595842428,1.1878621293023373,840.6849143885873,0.0,560.8972449489978,279.78766943958954,621.7681787398429,0.05244268866619758,120.0,0.26751008598438747,32.1012103181265,1.0
1980-03-21,0.3239647725629033,1.234676952021721,874.8572983726581,0.0,582.9797084958769,291.8775898767811,633.7317860894755,0.025818285272270113,120.0,0.26783986485771016,32.14078378292522,1.0
1980-03-22,0.3254162241694686,1.262866032477789,895.6065981673838,0.0,596.2764445600599,299.33015360732395,640.6941199038864,0.06476428854890519,120.0,0.26907267842566956,32.288721411080346,1.0
1980-03-23,0.3303867800377006,1.3345544614416749,948.4705032753168,0.0,630.0917412411383,318.3787620341785,658.2685126113196,0.04814192841954822,120.0,0.2678432023305738,32.141184279668856,1.0
1980-03-24,0.33578564181342246,1.3845869789480652,985.5958674051565,0.0,653.6919853479261,331.9038820572304,670.2206425236025,0.11587047575328471,120.0,0.26742462753694873,32.09095530443385,1.0
1980-03-25,0.3423104728010059,1.4695372646421818,1049.062289839535,0.0,693.762874826283,355.2994150132519,689.9405676310308,0.1353008981061216,120.0,0.2664187376813933,31.970248521767196,1.0
1980-03-26,0.35156970540617544,1.5829164161728861,1134.4740814817092,0.0,747.2436066803889,387.2304748013202,715.3419980195619,0.1607504767025357,120.0,0.2652459363528756,31.82951236234507,1.0
1980-03-27,0.36259860485293777,1.713347965906651,1233.9082456562314,0.0,808.767922592542,425.1403230636894,743.1315011478135,0.18775177739270923,120.0,0.2638604575894017,31.663254910728202,1.0
1980-03-28,0.3750172040807935,1.8880789351028822,1369.040914965044,0.0,891.1881910813304,477.85272388371374,778.4920278671289,0.06063549476582447,120.0,0.26224572762891707,31.469487315470047,1.0
1980-03-29,0.38528547399078994,1.9607639863458426,1426.1845616530939,0.0,925.4735926110286,500.7109690420652,792.3327606412536,0.12315580704253778,120.0,0.26199365440916067,31.439238529099278,1.0
1980-03-30,0.3983885873548807,2.1235827820596826,1555.9665857186642,0.0,1002.2749113439721,553.6916743746922,821.7367250495028,0.06377111965185545,120.0,0.2606720993782675,31.2806519253921,1.0
1980-03-31,0.4082833286494544,2.1988577093424437,1617.049856214402,0.0,1037.7819525150858,579.2679036993164,834.3909147604322,0.12932428632082948,120.0,0.26086973291894267,31.30436795027312,1.0
1980-04-01,0.41907565615768105,2.342767418116588,1735.4403248864544,0.0,1105.6638906160972,629.7764342703572,858.0724185415966,0.2515760600020294,120.0,0.2594459051419146,31.133508617029754,1.0
1980-04-02,0.4326573334142408,2.5601960724673645,1917.047403090266,0.0,1208.2245766306144,708.8228264596517,893.2758906989808,0.2643081801683672,120.0,0.25699222112835374,30.83906653540245,1.0
1980-04-03,0.44917001160932335,2.782434686209547,2106.3133905907334,0.0,1313.0541114146627,793.2592791760705,928.5079566770065,0.21003442050935905,120.0,0.2547519434673143,30.57023321607771,1.0
1980-04-04,0.4673809982969308,2.95398391495241,2255.9801871783416,0.0,1393.973558934881,862.0066282434605,954.9885444437903,0.10822600537434873,120.0,0.2530416943792382,30.36500332550858,1.0
1980-04-05,0.4870981007328123,3.0010048523933652,2329.0272086539712,0.0,1432.40324640703,896.623962246941,967.1819885222542,0.0376459850541012,120.0,0.252979619907867,30.35755438894404,1.0
1980-04-06,0.4960022979487432,3.0450105541146213,2372.180405138875,0.0,1454.4252512047663,917.7551539341088,973.9261538525678,0.18769354210941483,120.0,0.253664887518838,30.43978650226056,1.0
1980-04-07,0.5058284203140886,3.2312777030264104,2549.8658909989776,0.0,1543.8362610398588,1006.0296299591188,1000.8529408905496,0.25898841580390103,120.0,0.2514862247910898,30.178346974930772,1.0
1980-04-08,0.5234343300220272,3.4603743362108643,2769.501999981098,0.0,1651.9007106551671,1117.6012893259308,1033.1657626008341,0.19641149409165704,120.0,0.24928973876251823,29.914768651502186,1.0
1980-04-09,0.5414814727641758,3.6019744272049006,2915.3233479519854,0.0,1720.1302536918347,1195.1930942601507,1053.6115870823191,0.2729350365563644,120.0,0.24763809105058862,29.716570926070634,1.0
1980-04-10,0.5545802477421414,3.811358580282093,3142.3059234315697,0.0,1820.7234982498476,1321.5824251817219,1083.8492565498993,0.30807937686694115,120.0,0.24533890476629064,29.440668571954877,1.0
1980-04-11,0.5708633893385797,4.02977847337232,3384.5927721808466,0.0,1923.751749707502,1460.8410224733443,1114.908454089747,0.12658745950819145,120.0,0.2428190371645869,29.138284459750427,1.0
1980-04-12,0.5871371740515422,4.099153653894324,3470.5839123908936,0.0,1958.3998901572202,1512.1840222336732,1125.4000855420165,0.12217240456951786,120.0,0.24180675745442606,29.016810894531126,1.0
1980-04-13,0.602278425963022,4.165919680832833,3558.712444816393,0.0,1991.9446066865896,1566.7678381298037,1135.613797759145,0.09792053494193603,120.0,0.24080500694596427,28.896600833515713,1.0
1980-04-14,0.6067923840620976,4.224232619501228,3641.425607772035,0.0,2021.7124592417722,1619.713148530263,1144.7344037175355,0.22673538734695753,120.0,0.24009249877045497,28.811099852454596,1.0
1980-04-15,0.615875481726816,4.373186103999262,3840.066482313574,0.0,2091.973536835184,1748.0929454783902,1166.3070204637681,0.30696649275092613,120.0,0.23793767769247226,28.55252132309667,1.0
1980-04-16,0.6275265919923537,4.541460116549098,4072.654628929653,0.0,2171.348071056805,1901.3065578728479,1190.7897730778134,0.30691528111150157,120.0,0.23536221617006153,28.243465940407383,1.0
1980-04-17,0.640741511518604,4.710281070290089,4324.843431345261,0.0,2253.3866112910537,2071.456820054207,1216.2630541625715,0.5445849902296093,120.0,0.232790373764402,27.93484485172824,1.0
1980-04-18,0.6652478366694545,4.870907671187287,4571.4789255629885,0.0,2329.153875865204,2242.3250496977844,1239.9952682636317,0.6795792374912146,120.0,0.22822937184616118,27.38752462153934,1.0
1980-04-19,0.6917589904583973,5.011231791928108,4816.23881669464,0.0,2397.932732933908,2418.3060837607327,1261.4018821734294,0.35646541669851134,120.0,0.22253880686035846,26.704656823243013,1.0
1980-04-20,0.7124601174225521,5.113867579372232,5029.014748952677,0.0,2452.157211439636,2576.8575375130417,1278.0271127213048,0.46001285083922944,120.0,0.21955732727261726,26.34687927271407,1.0
1980-04-21,0.7333984854299173,5.237376175430015,5291.517910994822,0.0,2513.691721591971,2777.8261894028506,1297.0310900766963,0.17634237322325452,120.0,0.21571022702690307,25.885227243228368,1.0
1980-04-22,0.7485414088011402,5.276759862368781,5393.256658263072,0.0,2535.4385308835163,2857.818127379556,1303.9087114398578,0.3206551463253367,120.0,0.21423856374433808,25.70862764932057,1.0
1980-04-23,0.7671013141502374,5.3831876344115255,5662.861675689761,0.0,2589.0381167298237,3073.823558959937,1321.206579365711,0.4357574147473516,120.0,0.21155279467695356,25.386335361234426,1.0
1980-04-24,0.7855258856333576,5.457994635254853,5881.3289591390585,0.0,2628.4697407864464,3252.859218352612,1334.308716308069,0.13532949691330368,120.0,0.2079914782207436,24.95897738648923,1.0
1980-04-25,0.7947892053616907,5.4832759615588476,5982.2177473961,0.0,2644.8449981200984,3337.3727492760013,1339.9432484737054,0.24727526812903314,120.0,0.2073213022969505,24.87855627563406,1.0
1980-04-26,0.808457897968417,5.550324002989918,6202.94459922145,0.0,2678.6534093732143,3524.291189848235,1351.8156147294505,0.16188638628199137,120.0,0.20505084353657363,24.606101224388837,1.0
1980-04-27,0.823538399083683,5.5732705981293025,6303.318041058595,0.0,2692.6735422144393,3610.6444988441554,1356.9106292592292,0.27733128460736295,120.0,0.20378355964994124,24.45402715799295,1.0
1980-04-28,0.8423676438483949,5.632811426568807,6561.961734103161,0.0,2724.9516627631147,3837.0100713400466,1369.1809536804226,0.3575811267443715,120.0,0.20148522735618968,24.17822728274276,1.0
1980-04-29,0.8637547306868859,5.685218389836713,6836.845714465067,0.0,2754.1487783631314,4082.6969361019355,1381.0904758107076,0.3422057813595875,120.0,0.19838987604983366,23.80678512598004,1.0
1980-04-30,0.8850063833965114,5.719815982009684,7115.294606050047,0.0,2777.8476924861757,4337.446913563872,1391.863726984596,0.4349639035571816,120.0,0.19552831510981955,23.463397813178346,0.9238870675200583
1980-05-01,0.9104659629177662,5.7396021471005545,7356.882552534544,0.0,2793.3427658774626,4563.539786657081,1400.107866879668,0.41459899216054424,120.0,0.191892023695022,23.02704284340264,0.8400764940701666
1980-05-02,0.9373033165559923,5.7287830067924705,7559.081269876653,0.0,2801.231316788038,4757.849953088616,1406.1367650961363,0.30477711688855186,120.0,0.1884291981926036,22.611503783112433,1.0
1980-05-03,0.9640244564958149,5.712420923835484,7736.21217674027,0.0,2803.450700063627,4932.761476676642,1410.915470273101,0.37601658701505825,120.0,0.18587946555939044,22.305535867126853,0.742466859489585
1980-05-04,0.9933992786845262,5.668277212357976,7893.309406187695,44.064065199969534,2803.450700063627,5045.794640924098,1414.7121735963085,0.3440598451389902,120.0,0.18273314005683997,21.927976806820794,0.9735611157218718
1980-05-05,1.0,5.655109089661272,8068.4031325561555,196.04289373150937,2803.4507000636277,5068.909538761019,1418.4059360107822,0.33585682082779683,120.0,0.17985703488059088,21.582844185670904,0.65481420074023
1980-05-06,1.0179229480737018,5.596534347908503,8220.002378889085,347.64214006443876,2803.450700063627,5068.909538761019,1421.499798180842,0.3064479133526484,120.0,0.17704609367487026,21.24553124098443,0.733433558106977
1980-05-07,1.0319932998324957,5.551768983955417,8289.133424830039,416.77318600539274,2803.4507000636277,5068.909538761019,1422.7818592754425,0.26276754616182835,120.0,0.17458897948164243,20.95067753779709,1.0
1980-05-08,1.0443886097152428,5.5449459988105145,8512.823101038237,640.4628622135913,2803.450700063627,5068.909538761019,1426.6042138291134,0.2738506506988978,120.0,0.17228773610846027,20.674528333015232,0.7293244285324277
1980-05-09,1.0582914572864321,5.499909486626187,8719.929409709237,847.5691708845909,2803.4507000636277,5068.909538761019,1429.8779672237358,0.26499515369879734,120.0,0.16999414211108285,20.399297053329942,0.5464434037826357
1980-05-10,1.0747906197654942,5.426297037114555,8840.964088689865,968.6038498652188,2803.4507000636277,5068.909538761019,1431.6177867503204,0.25328261871896957,120.0,0.16777354391194688,20.132825269433624,0.4884645399464232
1980-05-11,1.093718592964824,5.343024736576522,8919.51454243006,1047.154303605414,2803.4507000636277,5068.909538761019,1432.6137829196227,0.12607329344796553,120.0,0.16567142815877098,19.88057137905252,1.0
1980-05-12,1.1080402010050252,5.342733466160682,8996.518665772244,1124.158426947599,2803.450700063627,5068.909538761019,1433.440985199475,0.23110497351065235,120.0,0.16561254910115347,19.873505892138418,0.5234694920031026
1980-05-13,1.1264656616415412,5.266354201379034,9092.997295248493,1220.6370564238484,2803.450700063627,5068.909538761019,1434.336435277791,0.22366134840180846,120.0,0.1632927888080724,19.59513465696869,0.41889591627165057
1980-05-14,1.148743718592965,5.174545203395596,9092.997295248495,1220.6370564238484,2803.4507000636277,5068.909538761019,1434.336435277791,0.1922416015360003,120.0,0.1622756507525846,19.473078090310153,1.0
1980-05-15,1.165494137353434,5.174545203395596,9153.615684452006,1281.2554456273601,2803.4507000636277,5068.909538761019,1434.6487433745058,0.203543670415786,120.0,0.1616112068014338,19.393344816172053,0.4645505421926618
1980-05-16,1.1807370184254609,5.091423980688863,9252.653158075364,1380.292919250717,2803.4507000636277,5068.909538761019,1434.9916639978696,0.19653978476517076,120.0,0.15950215560023698,19.140258672028438,0.7171158808390311
1980-05-17,1.193383584589615,5.048215491047297,9370.940531018232,1498.5802921935851,2803.4507000636277,5068.909538761019,1435.219960513577,0.1818698108781843,120.0,0.15785605083403986,18.942726100084784,0.37137739221638366
1980-05-18,1.208626465661642,4.953012819448223,9433.743818629886,1561.3835798052398,2803.4507000636277,5068.909538761019,1435.261541289143,0.17668292170356217,120.0,0.15632424782646714,18.758909739176058,1.0
1980-05-19,1.2224455611390288,4.953012819448223,9531.583622428474,1659.2233836038276,2803.4507000636277,5068.909538761019,1435.261541289143,0.1862650519652957,120.0,0.15507024133135974,18.60842895976317,1.0
1980-05-20,1.2360134003350087,4.953012819448223,9695.980346449258,1823.620107624612,2803.4507000636277,5068.909538761019,1435.261541289143,0.1470310355595938,120.0,0.15334393491211026,18.40127218945323,0.40407938820806716
1980-05-21,1.251842546063652,4.864464746560857,9761.990381747779,1889.630142923133,2803.450700063627,5068.909538761019,1435.261541289143,0.14117651698971145,120.0,0.15207735633941627,18.24928276072995,0.3079468267556648
1980-05-22,1.2694304857621443,4.763470698641077,9781.456803581448,1909.096564756802,2803.4507000636277,5068.909538761019,1435.261541289143,0.13725167222972168,120.0,0.15088340889639512,18.106009067567413,0.5163603254010255
1980-05-23,1.287353433835846,4.694356596081502,9831.751318570787,1959.3910797461403,2803.450700063627,5068.909538761019,1435.261541289143,0.124379169723363,120.0,0.14983323934256057,17.97998872110727,0.291480945798658
1980-05-24,1.3089614740368511,4.594575363215317,9831.751318570787,1959.3910797461403,2803.4507000636277,5068.909538761019,1435.261541289143,0.12893990046648973,120.0,0.15015009696980613,18.018011636376738,1.0
1980-05-25,1.3288107202680068,4.594575363215317,9864.667461542474,1992.3072227178272,2803.4507000636277,5068.909538761019,1435.261541289143,0.14912604140625452,120.0,0.1537885777061721,18.45462932474065,0.4963187519358443
1980-05-26,1.3461474036850922,4.525149319617244,9888.314897408573,2015.9546585839266,2803.450700063627,5068.909538761019,1435.261541289143,0.14537729335924685,120.0,0.15273498613326705,18.328198335992045,0.2927251611163165
1980-05-27,1.3628978224455612,4.429133591938537,9905.656110134201,2033.295871309555,2803.4507000636277,5068.909538761019,1435.261541289143,0.14578757606565648,120.0,0.150926443757841,18.111173250940922,0.22186380469113595
1980-05-28,1.3818257956448912,4.3257395170861646,9905.656110134201,2033.295871309555,2803.4507000636277,5068.909538761019,1435.261541289143,0.12796607077353137,120.0,0.14968079117326394,17.961694940791674,0.23350855147538316
1980-05-29,1.402680067001675,4.226270246634418,9905.656110134201,2033.295871309555,2803.4507000636277,5068.909538761019,1435.261541289143,0.1218531742158432,120.0,0.14858846124926278,17.830615349911533,0.21328012721459397
1980-05-30,1.4251256281407034,4.126523522910749,9905.656110134201,2033.295871309555,2803.4507000636277,5068.909538761019,1435.261541289143,0.1134021010257197,120.0,0.147545111493981,17.70541337927772,0.2037965318140104
1980-05-31,1.448324958123953,4.027956952695971,9905.656110134201,2033.295871309555,2803.4507000636277,5068.909538761019,1435.261541289143,0.09927892386495843,120.0,0.14657110705888704,17.588532847066446,0.34052312912888144
1980-06-01,1.4681742043551087,3.948266619280946,9905.656110134201,2033.295871309555,2803.4507000636277,5068.909538761019,1435.261541289143,0.12212159552123031,120.0,0.14815246934961002,17.778296321953203,0.5753508794938709
1980-06-02,1.4829983249581238,3.897967780858905,9966.652866006332,2094.292627181686,2803.4507000636277,5068.909538761019,1435.261541289143,0.10621623193556562,120.0,0.14685619873291378,17.622743847949653,0.1979558475454561
1980-06-03,1.502428810720268,3.7432177448029083,9966.652866006332,2094.292627181686,2803.4507000636277,5068.909538761019,1435.261541289143,0.09828880796842751,120.0,0.14580321555079692,17.49638586609563,0.18473350247731252
1980-06-04,1.5234505862646566,3.3818793816779875,9966.652866006332,2094.292627181686,2803.4507000636277,5068.909538761019,1435.261541289143,0.08914866263642524,120.0,0.14495108861561234,17.39413063387348,0.17519237908470542
1980-06-05,1.5454773869346734,3.159640767935805,9966.652866006332,2094.292627181686,2803.4507000636277,5068.909538761019,1435.261541289143,0.08102453710689511,120.0,0.14416952662458998,17.3003431949508,0.1706343097232076
1980-06-06,1.568676716917923,2.906620601751986,9966.65286600633,2094.292627181686,2803.450700063627,5068.909538761019,1435.261541289143,0.0713205227561556,120.0,0.1434567670599201,17.214812047190414,0.29997413976257825
1980-06-07,1.5893634840871023,2.6703826107303894,9966.652866006332,2094.292627181686,2803.4507000636277,5068.909538761019,1435.261541289143,0.064779131982818,120.0,0.14297421137285524,17.156905364742627,0.1896740523685033
1980-06-08,1.6110552763819097,2.2966393463082,9966.65286600633,2094.292627181686,2803.450700063627,5068.909538761019,1435.261541289143,0.058786249919735294,120.0,0.14226730784019628,17.072076940823553,0.15275653009994705
1980-06-09,1.6350083752093805,1.8649617747549856,9966.65286600633,2094.292627181686,2803.450700063627,5068.909538761019,1435.261541289143,0.05252240815529818,120.0,0.14170377093240735,17.004452511888882,0.34815679942027805
1980-06-10,1.6542713567839198,1.657285070542333,9966.65286600633,2094.292627181686,2803.450700063627,5068.909538761019,1435.261541289143,0.057657948616000584,120.0,0.14216056272915328,17.059267527498395,0.4884225549014646
1980-06-11,1.6711055276381912,1.3400575734944629,9966.65286600633,2094.292627181686,2803.450700063627,5068.909538761018,1435.261541289143,0.04210551778070486,120.0,0.1413025730103818,16.956308761245815,0.3722531204019184
1980-06-12,1.6902847571189281,1.1661358681978564,9966.652866006332,2094.292627181686,2803.4507000636277,5068.909538761019,1435.261541289143,0.03024294647082253,120.0,0.14049480006248785,16.859376007498543,0.18010922855797076
1980-06-13,1.7100502512562816,1.005509267300658,9966.652866006332,2094.292627181686,2803.4507000636277,5068.909538761019,1435.261541289143,0.025795437811831676,120.0,0.1400382960798716,16.804595529584592,0.16620094527031568
1980-06-14,1.7303182579564491,0.7447421958828618,9966.652866006332,2094.292627181686,2803.4507000636277,5068.909538761019,1435.261541289143,0.020095024447546437,120.0,0.13973072638080708,16.76768716569685,0.1316446320087745
1980-06-15,1.7526800670016753,0.6142890343599113,9966.65286600633,2094.292627181686,2803.4507000636277,5068.909538761018,1435.261541289143,0.018865448979827462,120.0,0.13944064310275062,16.732877172330074,0.09651549957689405
1980-06-16,1.7778056951423789,0.4545546766676639,9966.652866006334,2094.292627181686,2803.450700063628,5068.909538761019,1435.261541289143,0.012143750912752008,120.0,0.13929049349824735,16.71485921978968,0.16698409787657367
1980-06-17,1.7993299832495815,0.26457025626367475,9966.652866006332,2094.292627181686,2803.4507000636277,5068.909538761019,1435.261541289143,0.00855880104634302,120.0,0.14065720811144716,16.87886497337366,0.21801267934771293
1980-06-18,1.8201842546063653,0.16641795907708676,9966.652866006332,2094.292627181686,2803.4507000636277,5068.909538761019,1435.261541289143,0.007611039147893359,120.0,0.13921811243758722,16.706173492510466,0.557889430776597
1980-06-19,1.8376046901172531,0.10452007400505169,9966.652866006332,2094.292627181686,2803.4507000636277,5068.909538761019,1435.261541289143,0.006587570046643632,120.0,0.13982039150580647,16.778446980696778,1.0
1980-06-20,1.8539363484087104,0.05427837606419799,9966.652866006332,2094.292627181686,2803.4507000636277,5068.909538761019,1435.2615412891428,0.0020430846722497066,120.0,0.1405965985100692,16.871591821208305,0.3247044932373935
1980-06-21,1.8726130653266333,0.021428820474669565,9966.65286600633,2094.292627181686,2803.4507000636277,5068.909538761018,1435.261541289143,0.0005878284869032677,120.0,0.138596690809938,16.63160289719256,0.17048821044794502
1980-06-22,1.891708542713568,0.004705092544249682,9966.65286600633,2094.292627181686,2803.450700063627,5068.909538761018,1435.261541289143,0.0001267485608483953,120.0,0.13848713197229542,16.61845583667545,0.14028340067963413
1980-06-23,1.9132328308207707,0.0,9966.65286600633,2094.292627181686,2803.450700063627,5068.909538761018,1435.2615412891428,0.0,120.0,0.13837001967984247,16.604402361581098,0.9300021866491621
1980-06-24,1.9326633165829148,0.0,9966.65286600633,2094.292627181686,2803.450700063627,5068.909538761018,1435.2615412891428,0.0,120.0,0.1443340659724934,17.320087916699208,1.0
1980-06-25,1.9510050251256283,0.0,9966.65286600633,2094.292627181686,2803.450700063627,5068.909538761018,1435.2615412891428,0.0,120.0,0.14758983802368542,17.71078056284225,0.3814155776663619
1980-06-26,1.9711055276381912,0.0,9966.65286600633,2094.292627181686,2803.450700063627,5068.909538761018,1435.2615412891428,0.0,120.0,0.1453624142686797,17.443489712241565,0.2795576191271277
1980-06-27,1.9914572864321611,0.0,9966.65286600633,2094.292627181686,2803.450700063627,5068.909538761018,1435.2615412891428,0.0,120.0,0.14531038932829554,17.437246719395464,0.1993357752779911
1980-06-28,2.0,0.0,9966.65286600633,2094.292627181686,2803.450700063627,5068.909538761018,1435.2615412891428,0.0,120.0,0.1448792904272482,17.385514851269786,0.17111084445525535
1980-06-29,,,,,,,,,,0.14408760214075986,17.29051225689118,
1980-06-30,,,,,,,,,,0.14185848979892285,17.26822113347281,
1980-07-01,,,,,,,,,,0.16334623540680632,17.483098589551645,
1980-07-02,,,,,,,,,,0.15801318186102142,17.429768054093795,
1980-07-03,,,,,,,,,,0.1452466273611137,17.30210250909472,
1980-07-04,,,,,,,,,,0.14971378126993323,17.346774048182915,
1980-07-05,,,,,,,,,,0.14465210865481776,17.29615732203176,
1980-07-06,,,,,,,,,,0.1419091820916927,17.26872805640051,
1980-07-07,,,,,,,,,,0.14007177441506813,17.250353979634262,
1980-07-08,,,,,,,,,,0.13907100054542024,17.240346240937782,
1980-07-09,,,,,,,,,,0.17494655267400508,17.599101762223633,
1980-07-10,,,,,,,,,,0.16267637231796606,17.476399958663244,
1980-07-11,,,,,,,,,,0.1598411212883008,17.44804744836659,
1980-07-12,,,,,,,,,,0.16082017648190536,17.457838000302637,
1980-07-13,,,,,,,,,,0.1599139016175563,17.448775251659143,
1980-07-14,,,,,,,,,,0.15763704404790183,17.4260066759626,
1980-07-15,,,,,,,,,,0.1558034677915014,17.407670913398597,
1980-07-16,,,,,,,,,,0.15462338000583176,17.3958700355419,
1980-07-17,,,,,,,,,,0.1533567763786724,17.383203999270304,
1980-07-18,,,,,,,,,,0.20219950798280556,17.87163131531164,
1980-07-19,,,,,,,,,,0.1534205411157491,17.383841646641073,
1980-07-20,,,,,,,,,,0.16664424309457793,17.51607866642936,
1980-07-21,,,,,,,,,,0.18564738361523445,17.706110071635926,
1980-07-22,,,,,,,,,,0.15598557082782633,17.409491943761843,
1980-07-23,,,,,,,,,,0.15368582238207,17.38649445930428,
1980-07-24,,,,,,,,,,0.15106956099641358,17.360331845447718,
1980-07-25,,,,,,,,,,0.14866659844842228,17.336302219967806,
1980-07-26,,,,,,,,,,0.14964576069356406,17.346093842419222,
1980-07-27,,,,,,,,,,0.14475328386517655,17.297169074135347,
1980-07-28,,,,,,,,,,0.14283403391932445,17.277976574676828,
1980-07-29,,,,,,,,,,0.18037113868268725,17.653347622310456,
1980-07-30,,,,,,,,,,0.14601040527061715,17.309740288189754,
1980-07-31,,,,,,,,,,0.1738782318640937,17.58841855412452,
1980-08-01,,,,,,,,,,0.1571172277262114,17.420808512745694,
1980-08-02,,,,,,,,,,0.16433910148667075,17.493027250350288,
1980-08-03,,,,,,,,,,0.16730215526433184,17.5226577881269,
1980-08-04,,,,,,,,,,0.15303792143854872,17.38001544986907,
1980-08-05,,,,,,,,,,0.15164342515078383,17.36607048699142,
1980-08-06,,,,,,,,,,0.15068994890004994,17.356535724484083,
1980-08-07,,,,,,,,,,0.14892211155524393,17.33885735103602,
1980-08-08,,,,,,,,,,0.14740899400903723,17.323726175573952,
1980-08-09,,,,,,,,,,0.14954934239331566,17.345129659416738,
1980-08-10,,,,,,,,,,0.14485349069756787,17.29817114245926,
1980-08-11,,,,,,,,,,0.14503646027791245,17.300000838262704,
1980-08-12,,,,,,,,,,0.19104568071490666,17.760093042632647,
1980-08-13,,,,,,,,,,0.174722757549171,17.596863810975293,
1980-08-14,,,,,,,,,,0.17461251261383126,17.595761361621893,
1980-08-15,,,,,,,,,,0.17208973555438575,17.570533591027438,
1980-08-16,,,,,,,,,,0.17021608393979717,17.551797074881552,
1980-08-17,,,,,,,,,,0.16934372999102637,17.543073535393845,
1980-08-18,,,,,,,,,,0.16928156850815862,17.542451920565167,
1980-08-19,,,,,,,,,,0.1754723987329543,17.604360222813124,
1980-08-20,,,,,,,,,,0.16731355604792209,17.522771795962804,
1980-08-21,,,,,,,,,,0.16873318692912423,17.536968104774825,
1980-08-22,,,,,,,,,,0.1672441115840238,17.52207735132382,
1980-08-23,,,,,,,,,,0.1648142722797205,17.497778958280787,
1980-08-24,,,,,,,,,,0.18277042607563385,17.67734049623992,
1980-08-25,,,,,,,,,,0.2028517885308963,17.878154120792544,
1980-08-26,,,,,,,,,,0.16566282722031803,17.506264507686762,
1980-08-27,,,,,,,,,,0.1641818212070572,17.491454447554155,
1980-08-28,,,,,,,,,,0.16282815460069583,17.47791778149054,
1980-08-29,,,,,,,,,,0.16179901669966296,17.46762640248021,
1980-08-30,,,,,,,,,,0.16046874024471536,17.454323637930734,
1980-08-31,,,,,,,,,,0.15915268163208063,17.441163051804388,
1980-09-01,,,,,,,,,,0.15883388407963264,17.43797507627991,
1980-09-02,,,,,,,,,,0.15629069343696986,17.41254316985328,
1980-09-03,,,,,,,,,,0.15486482072126914,17.398284442696273,
1980-09-04,,,,,,,,,,0.15378047541874398,17.38744098967102,
1980-09-05,,,,,,,,,,0.1574432128162759,17.42406836364634,
1980-09-06,,,,,,,,,,0.17680337575180857,17.617669993001666,
1980-09-07,,,,,,,,,,0.1734088342980166,17.583724578463748,
1980-09-08,,,,,,,,,,0.16298848308308359,17.47952106631442,
1980-09-09,,,,,,,,,,0.17325899770504408,17.58222621253402,
1980-09-10,,,,,,,,,,0.1609745760160417,17.459381995643998,
1980-09-11,,,,,,,,,,0.15991220325421443,17.448758268025724,
1980-09-12,,,,,,,,,,0.15870026469305315,17.436638882414112,
1980-09-13,,,,,,,,,,0.1574666311275305,17.424302546758888,
1980-09-14,,,,,,,,,,0.1562196426659735,17.411832662143315,
1980-09-15,,,,,,,,,,0.15503140667588686,17.39995030224245,
1980-09-16,,,,,,,,,,0.15411082178610042,17.390744453344585,
1980-09-17,,,,,,,,,,0.1530785401900642,17.380421637384224,
1980-09-18,,,,,,,,,,0.15214189996957433,17.371055235179323,
1980-09-19,,,,,,,,,,0.15113538223068504,17.36099005779043,
1980-09-20,,,,,,,,,,0.15010162815056863,17.350652516989268,
1980-09-21,,,,,,,,,,0.14928837413503315,17.342519976833913,
1980-09-22,,,,,,,,,,0.1500394501672998,17.35003073715658,
1980-09-23,,,,,,,,,,0.1501516498793461,17.351152734277044,
1980-09-24,,,,,,,,,,0.147965723701459,17.329293472498172,
1980-09-25,,,,,,,,,,0.1473791788491894,17.323428023975474,
1980-09-26,,,,,,,,,,0.1462629315495812,17.312265550979394,
1980-09-27,,,,,,,,,,0.1453280047974259,17.30291628345784,
1980-09-28,,,,,,,,,,0.1445958219260651,17.295594454744233,
1980-09-29,,,,,,,,,,0.14366621081309208,17.2862983436145,
1980-09-30,,,,,,,,,,0.14281705109013337,17.277806746384915,
1980-10-01,,,,,,,,,,0.1419079327840716,17.268715563324296,
1980-10-02,,,,,,,,,,0.14062145376086227,17.255850773092206,
1980-10-03,,,,,,,,,,0.1395691437344025,17.245327672827607,
1980-10-04,,,,,,,,,,0.13982139550210698,17.24785019050465,
1980-10-05,,,,,,,,,,0.15261276890275818,17.375763924511162,
1980-10-06,,,,,,,,,,0.151616603688723,17.36580227237081,
1980-10-07,,,,,,,,,,0.1433612802967264,17.283249038450844,
1980-10-08,,,,,,,,,,0.14238764791225303,17.273512714606113,
1980-10-09,,,,,,,,,,0.1427837514226164,17.277473749709745,
1980-10-10,,,,,,,,,,0.1902908176798419,17.752544412282,
1980-10-11,,,,,,,,,,0.18333466195424405,17.682982855026022,
1980-10-12,,,,,,,,,,0.1796440872765058,17.64607710824864,
1980-10-13,,,,,,,,,,0.17847036756560458,17.634339911139627,
1980-10-14,,,,,,,,,,0.177783234750654,17.627468582990122,
1980-10-15,-0.1,0.03445,25.0,0.0,16.25,8.75,25.0,0.0,10.0,0.1770603428790114,17.620239664273697,0.0
1980-10-16,-0.0845,0.03445,25.0,0.0,16.25,8.75,25.0,0.0,10.0,0.18781405845471053,17.727776820030687,0.0
1980-10-17,-0.07,0.03445,25.0,0.0,16.25,8.75,25.0,0.0,10.0,0.1763042634488622,17.612678869972203,0.0
1980-10-18,-0.05441666666666667,0.03445,25.0,0.0,16.25,8.75,25.0,0.0,10.0,0.17579389929329653,17.607575228416547,0.0
1980-10-19,-0.03833333333333333,0.03445,25.0,0.0,16.25,8.75,25.0,0.0,10.0,0.17521046273327362,17.601740862816317,0.0
1980-10-20,-0.021999999999999995,0.03445,25.0,0.0,16.25,8.75,25.0,0.0,10.0,0.17447407527454017,17.594376988228984,0.0
1980-10-21,-0.006999999999999994,0.03445,25.0,0.0,16.25,8.75,25.0,0.0,10.0,0.1745216502562818,17.5948527380464,0.0
1980-10-22,0.0,0.03445,25.0,0.0,16.25,8.75,25.0,0.0014423968002889023,10.0,0.17433372410775977,17.59297347656118,1.0
1980-10-23,0.0,0.03546080784158123,25.7335325410604,0.0,16.726796151689257,9.00673638937114,25.7335325410604,0.001943421693555341,11.2,0.17036588644033873,17.584829041046465,1.0
1980-10-24,0.0,0.036919254379729614,26.791911741458357,0.0,17.41474263194793,9.377169109510424,26.791911741458353,0.0045474082635687365,12.399999999999999,0.16736394771530663,17.57913894201556,0.8963261770722111
1980-10-25,0.0,0.03946314327041376,28.721313554172323,0.0,18.66885381021201,10.052459743960313,28.721313554172323,0.004494924099603037,13.599999999999998,0.16438492254567902,17.566555814398082,0.8423755479599215
1980-10-26,0.0,0.04192620083673749,30.644149734387902,0.0,19.918697327352138,10.725452407035766,30.644149734387902,0.004557406481258688,14.799999999999997,0.16196092660997294,17.555037459035535,0.85884804113962
1980-10-27,0.0,0.04499667056864412,33.001195230162224,0.0,21.450776899605444,11.550418330556777,33.00119523016222,0.004571031975174213,15.999999999999996,0.1599755805378266,17.54471991124425,0.7981809346280635
1980-10-28,0.0,0.04787513221392845,35.28776796256767,0.0,22.93704917566899,12.350718786898684,35.28776796256766,0.004747355687711116,17.199999999999996,0.15827452013329835,17.534527246362842,0.8343035674456887
1980-10-29,0.0,0.051052148696867576,37.76599629451001,0.0,24.547897591431507,13.218098703078502,37.765996294509996,0.0047085880182009725,18.399999999999995,0.15680102010727384,17.52443914747504,0.7511079342512365
1980-10-30,0.0,0.05383336422375447,40.060923558217695,0.0,26.0396003128415,14.021323245376191,40.06092355821768,0.003116324471203179,19.599999999999994,0.15549955487862868,17.51418653055341,1.0
1980-10-31,0.0,0.05562030817719148,41.35768985243904,0.0,26.882498404085375,14.47519144835366,41.35768985243902,0.0054192917913510495,20.799999999999994,0.15456530402413096,17.5084484560653,1.0
1980-11-01,0.0,0.0602571835754244,44.72262120093898,0.0,29.06970378061034,15.652917420328642,44.72262120093897,0.005270486753890157,21.999999999999993,0.15360243087222153,17.49983848898334,0.8042956939596637
1980-11-02,0.0,0.06369048529935492,47.47086462096636,0.0,30.856062003628136,16.614802617338224,47.470864620966346,0.005515362737851582,23.199999999999992,0.15257864088954515,17.487504355863003,0.8313920757074951
1980-11-03,0.0,0.06766322713736107,50.58763055254208,0.0,32.88195985915235,17.705670693389727,50.587630552542066,0.005795799472147244,24.39999999999999,0.1517495771944299,17.47746444820073,0.8476830527512225
1980-11-04,0.0,0.07099930145718333,53.232958568347,0.0,34.60142306942555,18.631535498921448,53.23295856834698,0.0051990722311076615,25.59999999999999,0.15099308318675442,17.467292571668644,0.6190538133222794
1980-11-05,0.0,0.07312409025008411,55.363725032285785,0.0,35.98642127098576,19.377303761300023,55.363725032285764,0.005177020193452351,26.79999999999999,0.15028858344994375,17.45669855597731,0.5997015118553164
1980-11-06,0.0,0.07572628456596783,57.88936958896622,0.0,37.62809023282804,20.26127935613818,57.889369588966204,0.0058290585415572554,27.99999999999999,0.14965801064288448,17.446483694950672,0.7600461060301902
1980-11-07,0.0,0.07980042802617253,61.24152341039496,0.0,39.806990216756724,21.434533193638238,61.24152341039494,0.004784483583833608,29.19999999999999,0.14907928026786968,17.43626925820279,0.3711375603291836
1980-11-08,0.0,0.08045897632364006,62.811953782765755,0.0,40.82776995879774,21.984183823968017,62.811953782765734,0.006371915124249062,30.399999999999988,0.14849772659300353,17.42458004023939,0.8495784354762357
1980-11-09,0.0,0.0836287437390606,65.37570586431728,0.0,42.49420881180623,22.88149705251105,65.37570586431727,0.0050888407980362454,31.599999999999987,0.14801183872045554,17.414518132809565,0.4880314006744255
1980-11-10,0.0,0.08546225081368398,67.63838060922782,0.0,43.96494739599808,23.67343321322974,67.63838060922781,0.004939350993129275,32.79999999999999,0.14754481353472712,17.403908790613308,0.4374475138434387
1980-11-11,0.0,0.08676873755846713,69.63315331954448,0.0,45.26154965770391,24.37160366184057,69.63315331954446,0.004667279806423135,33.99999999999999,0.14711219008910115,17.39334824713479,0.33829517856691094
1980-11-12,0.0,0.08695408905889834,71.0176310119931,0.0,46.16146015779552,24.85617085419759,71.01763101199309,0.004692588240337995,35.199999999999996,0.14668967190104418,17.382105112453193,0.3871404037237984
1980-11-13,0.0,0.08751821111312107,72.58718216705752,0.0,47.181668408587385,25.405513758470136,72.5871821670575,0.004655312182782929,36.4,0.14629644949031811,17.370914300415105,0.3931489420782191
1980-11-14,0.0,0.0878974516577311,74.01864524010006,0.0,48.112119406065034,25.906525834035023,74.01864524010004,0.004963788004797901,37.6,0.14594763622001838,17.360449538271308,0.4942503681654198
1980-11-15,0.00014845746863364017,0.08976431878051984,76.3412070958632,0.0,49.621784612311075,26.719422483552123,76.34120709586318,0.004520259462173931,38.800000000000004,0.1456487434353215,17.35108453912018,1.0
1980-11-16,0.00036054624235776905,0.09194433600985658,77.92322250176792,0.0,50.65009462614915,27.27312787561878,77.92322250176792,0.007436047074066006,40.00000000000001,0.1454369126703239,17.344484678073748,1.0
1980-11-17,0.0008258533483798825,0.09921606000071348,83.20023555754217,0.0,54.08015311240241,29.120082445139765,83.20023555754217,0.00606614431749715,41.20000000000001,0.14514076262067543,17.33390246866371,0.6286981951105918
1980-11-18,0.001479094124463936,0.10276742858398918,86.57943849501977,0.0,56.27663502176285,30.302803473256926,86.57943849501977,0.006539415391197539,42.40000000000001,0.14487341723627886,17.323830816941193,1.0
1980-11-19,0.0021182878058649346,0.11022114196494642,91.98851932300036,0.0,59.792537559950226,32.19598176305013,91.98851932300035,0.005594175624724686,43.600000000000016,0.14463797685349397,17.314508594366398,1.0
1980-11-20,0.00288634408440746,0.11499299637329291,95.45140350902828,0.0,62.04341228086838,33.4079912281599,95.45140350902828,0.007119943857385329,44.80000000000002,0.14479706048026766,17.32229599050114,1.0
1980-11-21,0.003847785197534756,0.12207760674732077,100.59263019555067,0.0,65.38520962710794,35.207420568442735,100.59263019555067,0.004926040110168461,46.00000000000002,0.14429517651104132,17.300060677924137,1.0
1980-11-22,0.0048703118229532815,0.1246409560688312,102.45282563931733,0.0,66.59433666555626,35.85848897376106,102.45282563931733,0.006765540935372068,47.200000000000024,0.14414454938061955,17.293200166612568,1.0
1980-11-23,0.005958260020231502,0.13095703584174978,107.03633781124661,0.0,69.5736195773103,37.462718233936315,107.03633781124663,0.00908223295300669,48.40000000000003,0.14391446495091664,17.28213241690278,1.0
1980-11-24,0.007167921494594948,0.13963958425226847,113.33717120059256,0.0,73.66916128038517,39.66800992020739,113.33717120059256,0.007107011056894439,49.60000000000003,0.1441764863879028,17.294920915549483,1.0
1980-11-25,0.007957533259214566,0.1468151241875961,118.54438450634552,0.0,77.0538499291246,41.490534577220934,118.54438450634555,0.009607391226323597,50.80000000000003,0.14350708132633527,17.261021799518424,0.7823462158189233
1980-11-26,0.009030752211125821,0.15292760973433936,123.67582976568997,0.0,80.38928934769848,43.28654041799148,123.67582976568997,0.00576318336239905,52.000000000000036,0.14333098659447552,17.251168248484408,1.0
1980-11-27,0.010269568241134518,0.1562059176954111,126.05486311915277,0.0,81.9356610274493,44.119202091703464,126.05486311915277,0.0052855424552390225,53.20000000000004,0.14316229662082053,17.24128600323042,1.0
1980-11-28,0.011484835421512503,0.15948705443124897,128.43594928449227,0.0,83.48336703491998,44.9525822495723,128.4359492844923,0.008799439969191102,54.40000000000004,0.1433447197712147,17.250099455987936,1.0
1980-11-29,0.012959883292064463,0.16900485588406222,135.34291695707086,0.0,87.97289602209605,47.3700209349748,135.34291695707086,0.010142079055291674,55.600000000000044,0.14287534860518447,17.2231109603132,1.0
1980-11-30,0.014882861313135539,0.17859397316766784,142.30163777245951,0.0,92.49606455209869,49.805573220360834,142.30163777245954,0.012629143382370709,56.80000000000005,0.14274827400368342,17.21443841870525,1.0
1980-12-01,0.01697741777297442,0.19099960532461008,151.3042735902696,0.0,98.34777783367522,52.95649575659435,151.3042735902696,0.008190348999405779,58.00000000000005,0.14244995181864192,17.19552853820835,0.3811453979852717
1980-12-02,0.019149131266547124,0.19036773481356176,153.4190479234304,0.0,99.72238115022978,53.69666677320065,153.41904792343044,0.013689923845203605,59.20000000000005,0.14246898275716835,17.194689989382574,0.9491520428145986
1980-12-03,0.020564569497148796,0.19889427059385778,159.81740067609695,0.0,103.88131043946301,55.93609023663393,159.81740067609695,0.012588987237005408,60.400000000000055,0.1420280341603171,17.166114350872448,0.8043848658923397
1980-12-04,0.02172593747592906,0.2042342220796023,164.53957293169086,0.0,106.95072240559907,57.5888505260918,164.53957293169086,0.014132868392812232,61.60000000000006,0.1418178611008366,17.15069620883192,0.9228960173890898
1980-12-05,0.02313907297447184,0.21216908383102606,170.64064688572358,0.0,110.91642047572034,59.724226410003254,170.6406468857236,0.012929903004749053,62.80000000000006,0.14159714115131114,17.134111306753812,1.0
1980-12-06,0.025082538698381996,0.2230874902811008,178.5640187653134,0.0,116.06661219745371,62.49740656785968,178.5640187653134,0.01304306517108016,64.00000000000006,0.1414114123449404,17.11923610995875,1.0
1980-12-07,0.02728483041783786,0.23532670713751222,187.44588876270922,0.0,121.83982769576099,65.60606106694821,187.44588876270922,0.013795471834215735,65.20000000000006,0.14123263173394265,17.104368186366713,1.0
1980-12-08,0.029579005619185927,0.24804882488173083,196.67819481802024,0.0,127.84082663171316,68.83736818630707,196.67819481802024,0.017271042917550126,66.40000000000006,0.14104857364824647,17.088720764988302,1.0
1980-12-09,0.03135950866617482,0.2590019724411297,204.62677795256224,0.0,133.00740566916545,71.61937228339677,204.62677795256224,0.009987610680419179,67.60000000000007,0.14081098361562477,17.06901284459206,0.37345403184395737
1980-12-10,0.03345552449668356,0.25806870603368454,207.48238959253206,0.0,134.86355323514584,72.61883635738621,207.48238959253206,0.009045600557252507,68.80000000000007,0.1406647740012092,17.055021680890107,0.29892342939897637
1980-12-11,0.0367290020596349,0.2565129598407011,210.29228183431923,0.0,136.6899831923075,73.60229864201172,210.29228183431923,0.008617220551302889,70.00000000000007,0.1405273317563123,17.041293329979858,0.26833447483558587
1980-12-12,0.038474633398691005,0.2529266238171129,211.7756741859967,0.0,137.65418822089785,74.12148596509884,211.7756741859967,0.012590878697835737,71.20000000000007,0.14038923310412085,17.027188381482492,0.6136535782575979
1980-12-13,0.0394819350342535,0.2541315283316553,214.7774328193757,0.0,139.6053313325942,75.17210148678149,214.7774328193757,0.013190060215162806,72.40000000000008,0.14023803648227434,17.01180370321684,1.0
1980-12-14,0.03961720642581063,0.25637041208153566,216.40216703554432,0.0,140.6614085731038,75.74075846244051,216.40216703554432,0.014603452049498398,73.60000000000008,0.1400981178571881,16.99688621362031,1.0
1980-12-15,0.04062148288578835,0.258814119306974,218.17553947780726,0.0,141.81410066057472,76.36143881723254,218.17553947780726,0.010861349732071581,74.80000000000008,0.13994294254157305,16.980491718872017,1.0
1980-12-16,0.04152008921473218,0.2590537792309519,218.34945814542544,0.0,141.92714779452655,76.42231035089891,218.34945814542547,0.010537155747658985,76.00000000000009,0.13985634693265658,16.968936861075342,1.0
1980-12-17,0.04282157290598737,0.2590537792309519,218.34945814542544,0.0,141.92714779452655,76.42231035089891,218.34945814542547,0.010361606421706932,77.20000000000009,0.1397568418085328,16.956177559243258,1.0
1980-12-18,0.04474819501631193,0.2590537792309519,218.34945814542544,0.0,141.92714779452655,76.42231035089891,218.34945814542547,0.012314201135323844,78.40000000000009,0.13967586958167794,16.94463242425917,1.0
1980-12-19,0.045785282752767636,0.2590537792309519,218.34945814542544,0.0,141.92714779452655,76.42231035089891,218.34945814542547,0.010723719317722969,79.6000000000001,0.13956683706904466,16.930659357182662,1.0
1980-12-20,0.0464440684858016,0.2590537792309519,218.34945814542544,0.0,141.92714779452655,76.42231035089891,218.34945814542547,0.016221107189566073,80.8000000000001,0.13948711656903276,16.91879302269564,1.0
1980-12-21,0.04796591739971813,0.2590537792309519,218.34945814542544,0.0,141.92714779452655,76.42231035089891,218.34945814542547,0.011094610115850655,82.0000000000001,0.1393325377326914,16.90059697542958,0.5158267900601358
1980-12-22,0.0508475523091469,0.2552909722358328,218.34945814542544,0.0,141.92714779452655,76.42231035089891,218.34945814542547,0.00754296015477827,83.2000000000001,0.13923497708328694,16.886773852109442,0.2372969960113304
1980-12-23,0.05237964605050496,0.24944963649336907,218.34945814542544,0.0,141.92714779452655,76.42231035089891,218.34945814542547,0.016120799437025705,84.4000000000001,0.13914728671217141,16.873549634718323,1.0
1980-12-24,0.0525655502639812,0.24944963649336907,218.34945814542544,0.0,141.92714779452655,76.42231035089891,218.34945814542547,0.013348292987364186,85.60000000000011,0.13900516919046957,16.85545599634634,0.7277851203266732
1980-12-25,0.053987292630659364,0.24741251940989115,218.34945814542544,0.0,141.92714779452655,76.42231035089891,218.34945814542547,0.01596481470435974,86.80000000000011,0.13891016619808597,16.841110817067097,0.9356698575158032
1980-12-26,0.05471984245121324,0.2469350369311108,218.34945814542544,0.0,141.92714779452655,76.42231035089891,218.34945814542547,0.011404873999610167,88.00000000000011,0.13875320081727782,16.821084940424768,0.9725778685864233
1980-12-27,0.05471984245121324,0.24673189238011053,218.34945814542544,0.0,141.92714779452655,76.42231035089891,218.34945814542547,0.015950494121508424,89.20000000000012,0.13868176966892826,16.80831200040381,0.9444278759011657
1980-12-28,0.05471984245121324,0.2463205499198359,218.34945814542544,0.0,141.92714779452655,76.42231035089891,218.34945814542547,0.014128384009126155,90.40000000000012,0.13855060827191495,16.789968011147607,0.950067585768327
1980-12-29,0.05471984245121324,0.2459515685278648,218.34945814542544,0.0,141.92714779452655,76.42231035089891,218.34945814542547,0.010903127343790621,91.60000000000012,0.13844830967050972,16.773953066616272,0.938701074501079
1980-12-30,0.05471984245121324,0.2454992715215988,218.34945814542544,0.0,141.92714779452655,76.42231035089891,218.34945814542547,0.014833207038897846,92.80000000000013,0.13838919179794437,16.76169977707791,0.9321324219938177
1980-12-31,0.056249328719219595,0.24499942829278523,218.34945814542544,0.0,141.92714779452655,76.42231035089891,218.34945814542547,0.006856508448350609,94.00000000000013,0.13828007766574246,16.744604956239552,0.2489187517849186
1981-01-01,0.059451550046101295,0.23947899400036143,218.34945814542544,0.0,141.92714779452655,76.42231035089891,218.34945814542547,0.014500557424870282,95.20000000000013,0.13823520283458995,16.733363842943813,0.9150225371766603
1981-01-02,0.059451550046101295,0.23886848448107234,218.34945814542544,0.0,141.92714779452655,76.42231035089891,218.34945814542547,0.01251404427393773,96.40000000000013,0.13813390240342485,16.71657560221209,0.9037669337138712
1981-01-03,0.059451550046101295,0.2381788730800503,218.34945814542544,0.0,141.92714779452655,76.42231035089891,218.34945814542547,0.008155360051620944,97.60000000000014,0.13805998655570748,16.702216975790073,0.3884889691219535
1981-01-04,0.059451550046101295,0.23380940283373372,218.34945814542544,0.0,141.92714779452655,76.42231035089891,218.34945814542547,0.00795562977473896,98.80000000000014,0.13801406678745853,16.690446963985018,0.3852455577412673
1981-01-05,0.06055807654291538,0.22949734176271674,218.34945814542544,0.0,141.92714779452655,76.42231035089891,218.34945814542547,0.005430497245140793,100.00000000000014,0.1379730194725509,16.679053990070287,0.8858910525056531
1981-01-06,0.06094683885524644,0.22871171075907792,218.34945814542544,0.0,141.92714779452655,76.42231035089891,218.34945814542547,0.007083448401117681,101.20000000000014,0.13809428755478015,16.68398882079004,0.8993652838644597
1981-01-07,0.0611698881100465,0.2280212206164045,218.34945814542544,0.0,141.92714779452655,76.42231035089891,218.34945814542547,0.009936572550151452,102.40000000000015,0.13798742656643048,16.665854278079856,0.8874918407144967
1981-01-08,0.06234590242090337,0.22725159318211696,218.3494581454255,0.0,141.92714779452658,76.42231035089891,218.34945814542547,0.00921805424300021,103.60000000000015,0.13792508930587846,16.652075927197473,0.880565478430939
1981-01-09,0.06448349376270847,0.22643734262289156,218.34945814542544,0.0,141.92714779452655,76.42231035089891,218.34945814542547,0.00554389440647923,104.80000000000015,0.13791007602522976,16.64310751998363,0.8788973361366382
1981-01-10,0.0660094608711644,0.2256146776611984,218.34945814542544,0.0,141.92714779452655,76.42231035089891,218.34945814542547,0.00778065839004775,106.00000000000016,0.13794381364090258,16.639270675906314,0.3955747399877965
1981-01-11,0.06686138863269005,0.2215236613549602,218.3494581454255,0.0,141.92714779452658,76.42231035089891,218.34945814542547,0.006017820435998716,107.20000000000016,0.13786732386671038,16.62369842591308,0.2466289466973662
1981-01-12,0.0692019089551981,0.21651697593236693,218.34945814542544,0.0,141.92714779452655,76.42231035089891,218.34945814542547,0.006325454862138864,108.40000000000016,0.13783961803691533,16.613230780034435,0.29189630719292137
1981-01-13,0.07218614387287504,0.21191748182597303,218.3494581454255,0.0,141.92714779452658,76.42231035089891,218.34945814542547,0.0077383247561854255,109.60000000000016,0.13781587228203318,16.603130664374742,0.43723897893310715
1981-01-14,0.0760523650431352,0.20833971487234373,218.34945814542544,0.0,141.92714779452655,76.42231035089891,218.34945814542547,0.0063109410776610265,110.80000000000017,0.1377884979199803,16.59257150922881,0.315148423253209
1981-01-15,0.08028874726288628,0.2040592614054647,218.3494581454255,0.0,141.92714779452658,76.42231035089891,218.34945814542547,0.011443071185728368,112.00000000000017,0.13776399520763888,16.582268280381633,0.8626661341820964
1981-01-16,0.08028874726288628,0.20321853398872194,218.34945814542544,0.0,141.92714779452655,76.42231035089891,218.34945814542547,0.00989748553268662,113.20000000000017,0.13770779871129452,16.568318508675706,0.8564220790327227
1981-01-17,0.08028874726288628,0.20234320315035836,218.34945814542544,0.0,141.92714779452655,76.42231035089891,218.34945814542547,0.009067399537742068,114.40000000000018,0.1376717972478993,16.556544177147934,0.5967156373548703
1981-01-18,0.08200227202447787,0.19989514765881639,218.3494581454255,0.0,141.92714779452658,76.42231035089891,218.34945814542547,0.00825165115026427,115.60000000000018,0.13763710834818074,16.54483517446904,0.5313944730012643
1981-01-19,0.08485642080868884,0.1970849885284219,218.34945814542544,0.0,141.92714779452655,76.42231035089891,218.34945814542547,0.010251381552727486,116.80000000000018,0.1376092204059014,16.533837270259717,0.8454689339890432
1981-01-20,0.08665182709077822,0.19617131592726028,218.34945814542544,0.0,141.92714779452655,76.42231035089891,218.34945814542547,0.0036077323359945184,118.00000000000018,0.13756612817945632,16.520978329457364,0.8406809088284788
1981-01-21,0.08665182709077822,0.1952337008542367,218.3494581454255,0.0,141.92714779452658,76.42231035089891,218.34945814542547,0.0044047970282426125,119.20000000000019,0.1381143240580587,16.578497509433205,0.9015915620065217
1981-01-22,0.08665182709077822,0.19465732154789414,218.3494581454255,0.0,141.92714779452658,76.42231035089891,218.34945814542547,0.005718658252006383,120.0,0.13784982334777238,16.541978801732686,0.8722025941969295
1981-01-23,0.08750676961057335,0.1939110205264623,218.3494581454255,0.0,141.92714779452658,76.42231035089891,218.34945814542547,0.003218458656892011,120.0,0.13815092614154004,16.578111136984806,0.905658460171114
1981-01-24,0.08750676961057335,0.19336220459847459,218.3494581454255,0.0,141.92714779452658,76.42231035089891,218.34945814542547,0.006610237998062997,120.0,0.13858607177422802,16.630328612907363,0.9540079749142231
1981-01-25,0.08750676961057335,0.19309541101753855,218.3494581454255,0.0,141.92714779452658,76.42231035089891,218.34945814542547,0.006405357258203349,120.0,0.13793301505175937,16.551961806211125,0.8814461168621506
1981-01-26,0.08750676961057335,0.19240864469377172,218.3494581454255,0.0,141.92714779452658,76.42231035089891,218.34945814542547,0.007324586571624894,120.0,0.13788488948374233,16.54618673804908,0.8760988315269248
1981-01-27,0.08750676961057335,0.19169345501671534,218.3494581454255,0.0,141.92714779452658,76.42231035089891,218.34945814542547,0.005598568451958756,120.0,0.1377860439286662,16.534325271439943,0.8651159920740206
1981-01-28,0.08750676961057335,0.19091776357154036,218.3494581454255,0.0,141.92714779452658,76.42231035089891,218.34945814542547,0.00745272605858705,120.0,0.1377270444505719,16.527245334068628,0.8585604945079883
1981-01-29,0.08750676961057335,0.19010766414946437,218.3494581454255,0.0,141.92714779452658,76.42231035089891,218.34945814542547,0.006031788847349821,120.0,0.1376519770827275,16.5182372499273,0.8502196758586099
1981-01-30,0.08776380605112044,0.18925343252272228,218.3494581454255,0.0,141.92714779452658,76.42231035089891,218.34945814542547,0.005033928576626947,120.0,0.1375897880911868,16.510774570942417,0.8433097879096431
1981-01-31,0.08776380605112044,0.1883638077082979,218.3494581454255,0.0,141.92714779452658,76.42231035089891,218.34945814542547,0.00640955137478343,120.0,0.1375411029222848,16.504932350674178,0.8379003246983101
1981-02-01,0.08848156873650379,0.18744779634625475,218.3494581454255,0.0,141.92714779452658,76.42231035089891,218.34945814542547,0.008428039606795784,120.0,0.13746910281202596,16.496292337443116,0.8299003124473272
1981-02-02,0.09052010956569578,0.18649125199852667,218.3494581454255,0.0,141.92714779452658,76.42231035089891,218.34945814542547,0.005298158081234409,120.0,0.13738187882295325,16.48582545875439,0.820208758105915
1981-02-03,0.09224327127085569,0.18548536718455075,218.3494581454255,0.0,141.92714779452658,76.42231035089891,218.34945814542547,0.008507686265887068,120.0,0.13732624363840792,16.47914923660895,0.8140270709342126
1981-02-04,0.09317845921795907,0.18445050947352612,218.3494581454255,0.0,141.92714779452658,76.42231035089891,218.34945814542547,0.007522215159942924,120.0,0.13723606086897233,16.46832730427668,0.532116413205664
1981-02-05,0.09492904522692155,0.18186146849477064,218.3494581454255,0.0,141.92714779452658,76.42231035089891,218.34945814542547,0.005532188328293848,120.0,0.13714484251115377,16.457381101338452,0.7938713901281961
1981-02-06,0.09635428398385071,0.1807368629440685,218.3494581454255,0.0,141.92714779452658,76.42231035089891,218.34945814542547,0.007219042360254353,120.0,0.13708582244146086,16.450298692975302,0.7873136046067615
1981-02-07,0.098543524674553,0.1795836547872408,218.3494581454255,0.0,141.92714779452658,76.42231035089891,218.34945814542547,0.004815730606005639,120.0,0.1370107887540428,16.441294650485137,0.2708928030043528
1981-02-08,0.1035090623946644,0.17565558273219606,218.3494581454255,0.0,141.92714779452658,76.42231035089891,218.34945814542547,0.0037879127656089942,120.0,0.13693871439266694,16.432645727120033,0.1455502795548989
1981-02-09,0.10941863626584922,0.17115291682539166,218.3494581454255,0.0,141.92714779452658,76.42231035089891,218.34945814542547,0.005132594059986195,120.0,0.1368550699737638,16.422608396851654,0.3387829160430187
1981-02-10,0.11271283626290912,0.16775783984817114,218.3494581454255,0.0,141.92714779452658,76.42231035089891,218.34945814542547,0.0036671949792448587,120.0,0.13678487536440972,16.414185043729166,0.1667763131261694
1981-02-11,0.1174470893907001,0.16356444567356265,218.3494581454255,0.0,141.92714779452658,76.42231035089891,218.34945814542547,0.003901742049561261,120.0,0.13671006543613037,16.405207852335646,0.21894423589579287
1981-02-12,0.12385847375045227,0.15999451690185912,218.5383772925735,0.0,142.05104393658874,76.48733335598475,218.52563748084978,0.004840338857318988,120.0,0.13666745776035405,16.400094931242485,0.7408286400393377
1981-02-13,0.1303223188626337,0.16139774488772046,220.4362078306665,0.0,143.29972689970782,77.13648093095867,220.25059942047676,0.007417211398310986,120.0,0.13730930478765888,16.477116574519066,0.6213752518491436
1981-02-14,0.13799767297319993,0.16639455778105602,225.31683721741894,0.0,146.52146666793539,78.79537054948354,224.57310784851546,0.007802375694972555,120.0,0.13649991137667639,16.379989365201165,0.722212375186264
1981-02-15,0.14595499149029387,0.17338998401478228,231.28337216882085,0.0,150.47528586763548,80.80808630118537,229.69683453045548,0.003973126580417658,120.0,0.13666808093917954,16.400169712701544,0.7408978821310586
1981-02-16,0.1508863313454027,0.17502973214534648,233.4014669865091,0.0,151.88449317557368,81.51697381093543,231.45835405955887,0.0040201913532244785,120.0,0.13893174833715435,16.671809800458522,0.9924164819060379
1981-02-17,0.1508863313454027,0.17688234219076618,234.73985754618153,0.0,152.7771489678571,81.96270857832442,232.54948567808924,0.008001586657648161,120.0,0.1387566999086058,16.6508039890327,0.9729666565117556
1981-02-18,0.15283153332839813,0.1811745013085865,237.87687116284488,0.0,154.86941819013248,83.0074529727124,235.10695645533337,0.00824310233992621,120.0,0.13845527708305128,16.614633249966154,0.9394752314501404
1981-02-19,0.15630128271371993,0.18530778367496237,241.02965899607824,0.0,156.97425248689711,84.05540650918114,237.65714980743792,0.005161806228167033,120.0,0.13879619504373694,16.655543405248434,0.9773550048596589
1981-02-20,0.15911505067279713,0.18693621555027115,242.26702513908668,0.0,157.80176224686522,84.46526289222145,238.6440570599039,0.009827755176843686,120.0,0.1383598999340159,16.603187992081907,0.9288777704462099
1981-02-21,0.16225854723856517,0.18735396485820735,242.84219312727902,0.0,158.1869551341127,84.65523799316632,239.0976004031276,0.01085682772949197,120.0,0.13822604898240892,16.587125877889072,0.9140054424898789
1981-02-22,0.16736020048850891,0.18687062221903492,242.84219312727907,0.0,158.18695513411274,84.65523799316632,239.0976004031276,0.009896117731766112,120.0,0.1381015831949764,16.572189983397166,0.9001759105529316
1981-02-23,0.17421795410780855,0.18631099652781224,242.84219312727907,0.0,158.18695513411274,84.65523799316632,239.0976004031276,0.005395818210036902,120.0,0.1381827936736187,16.58193524083424,0.9091992970687417
1981-02-24,0.17688913783684493,0.18623723250150204,243.14542068463143,0.0,158.39155468937037,84.75386599526107,239.32244333744686,0.01071873585897898,120.0,0.1380602264212353,16.567227170548236,0.8955807134705881
1981-02-25,0.1787108128312794,0.1862110668252865,243.53446172299073,0.0,158.65440237431145,84.88005934867928,239.6077797710193,0.008929380668356194,120.0,0.137831040093129,16.53972481117548,0.6470128124635806
1981-02-26,0.17934958066481688,0.18423916320228206,243.53446172299073,0.0,158.65440237431145,84.88005934867928,239.6077797710193,0.008251024784277094,120.0,0.1377249175784456,16.52699010941347,0.5912101351096821
1981-02-27,0.17943007291216384,0.1819797101232931,243.53446172299073,0.0,158.65440237431145,84.88005934867928,239.6077797710193,0.010116959097378255,120.0,0.13762594580445836,16.515113496535005,0.8473273116064832
1981-02-28,0.17943007291216384,0.18114621017596522,243.5344617229907,0.0,158.65440237431142,84.88005934867928,239.6077797710193,0.009692405590979421,120.0,0.13751397755337222,16.501677306404666,0.8348863948191342
1981-03-01,0.18172033029046653,0.18024891906115506,243.5344617229907,0.0,158.65440237431142,84.88005934867928,239.6077797710193,0.0037310829361213416,120.0,0.13741053153371643,16.48926378404597,0.8233923926351582
1981-03-02,0.18353425321869724,0.1792939191513904,243.5344617229907,0.0,158.65440237431142,84.88005934867928,239.6077797710193,0.005213882200889696,120.0,0.13755330475308128,16.506396570369752,0.8392560836756965
1981-03-03,0.18669244147579112,0.17842930694926457,243.5344617229907,0.0,158.65440237431142,84.88005934867928,239.6077797710193,0.007803352555988776,120.0,0.13732252729025549,16.478703274830657,0.8136141433617194
1981-03-04,0.19121614630239678,0.17743160597251115,243.5344617229907,0.0,158.65440237431142,84.88005934867928,239.6077797710193,0.004112517570130231,120.0,0.13723039766427889,16.467647719713465,0.17577390720757702
1981-03-05,0.19898436942194078,0.17304429319265294,243.5344617229907,0.0,158.65440237431142,84.88005934867928,239.6077797710193,0.003916922699439257,120.0,0.137148522445882,16.45782269350584,0.16453114466939256
1981-03-06,0.208516106043054,0.16870709966599814,243.5344617229907,0.0,158.65440237431142,84.88005934867928,239.6077797710193,0.0036536575056736464,120.0,0.137073718951925,16.448846274231,0.12673598779443815
1981-03-07,0.21675050121629238,0.1644793022695084,243.66643380174824,0.0,158.74495792420154,84.9214758775467,239.69207760188905,0.0035466642043019015,120.0,0.13697463612113128,16.436956334535754,0.10313058012677073
1981-03-08,0.22807513332502924,0.16035441486745158,243.87225751362166,0.0,158.88675334409373,84.98550416952791,239.81817376138642,0.003907358327681935,120.0,0.13686307447662757,16.42356893719531,0.22285914157338432
1981-03-09,0.2336509768120907,0.15822523896388088,244.96817585276864,0.0,159.64588689367247,85.32228895909617,240.4516784247431,0.003461313484325394,120.0,0.13678987799502934,16.41478535940352,0.16555504479309624
1981-03-10,0.24120175853881518,0.15540423410142704,245.7423313575248,0.0,160.183576851569,85.55875450595578,240.88642089886943,0.0033124288336508715,120.0,0.1367134739957665,16.40561687949198,0.1536658330982222
1981-03-11,0.24960727956909656,0.15197842326755767,246.09414668178115,0.0,160.4288157931576,85.66533088862354,241.07632487292403,0.005983078174290774,120.0,0.13663145916062627,16.395775099275152,0.5194271283536991
1981-03-12,0.2590583027633486,0.15467684390751182,249.38958901202534,0.0,162.73519402848456,86.6543949835408,242.7775447848962,0.00559554980108201,120.0,0.13672974313814154,16.407569176576985,0.7477492375712811
1981-03-13,0.26912082733927295,0.15930333355624546,253.33679293995948,0.0,165.46963280344013,87.86716013651936,244.71405028467834,0.003536962182469718,120.0,0.13655389707992824,16.38646764959139,0.18821602752825758
1981-03-14,0.28251914739121387,0.15721481695350367,254.57068373188324,0.0,166.31448194755643,88.2562017843268,245.28688009971307,0.0030958493582318304,120.0,0.1364168498650891,16.37002198381069,0.10491386406423092
1981-03-15,0.2943772480354373,0.15324685999485105,254.74821641279567,0.0,166.43413625506128,88.31408015773441,245.36332001596404,0.0029781998095409425,120.0,0.13632330184719307,16.35879622166317,0.10199451721882855
1981-03-16,0.3057734408298146,0.1493374607042767,254.90374327881017,0.0,166.53748357782396,88.36625970098619,245.42584611564956,0.002867603453346425,120.0,0.13623062009545875,16.34767441145505,0.11610215777806589
1981-03-17,0.3186441401653937,0.14576187427196757,255.1803972771117,0.0,166.71879742031135,88.46159985680033,245.52977169222802,0.002755754555953257,120.0,0.13614808743977325,16.33777049277279,0.10786335255935961
1981-03-18,0.33301027653780896,0.14186068897683785,255.1803972771117,0.0,166.71879742031135,88.46159985680033,245.52977169222802,0.0030582928723048557,120.0,0.1360623632378592,16.327483588543103,0.19565784537750605
1981-03-19,0.3448517071427131,0.14016534189682975,256.4667061991121,0.0,167.53379217824897,88.93291402086308,245.93683828307044,0.0031676606047879954,120.0,0.13599395712807694,16.319274855369233,0.22070807378329846
1981-03-20,0.3582953994923334,0.13861943809031094,257.7749569403414,0.0,168.35029584416844,89.42466109617294,246.31922267383925,0.002639771545209693,120.0,0.13592311723476067,16.31077406817128,0.14078775376395275
1981-03-21,0.37126563130538287,0.13579524530872245,258.3508970511291,0.0,168.7035565902147,89.6473404609144,246.47389714123966,0.002451106378250467,120.0,0.13584662251415705,16.301594701698846,0.0933062801240621
1981-03-22,0.3870204388553875,0.13210150442540952,258.35089705112915,0.0,168.70355659021473,89.6473404609144,246.47389714123966,0.0023515477109864263,120.0,0.13575694526163018,16.290833431395622,0.10648178198135944
1981-03-23,0.40434109469373325,0.1285604514004563,258.35089705112915,0.0,168.70355659021473,89.6473404609144,246.47389714123966,0.004912394289192531,120.0,0.13567366384641752,16.280839661570102,0.63040709404639
1981-03-24,0.41740098658281344,0.1304100566086785,261.0304549306961,0.0,170.24839438876955,90.78206054192658,247.0159822696488,0.004535396998599158,120.0,0.13578172554975224,16.293807065970267,0.45816657610251066
1981-03-25,0.42810054901106215,0.1318437921424071,263.9915307643845,0.0,171.92459785962666,92.06693290475785,247.59279885318324,0.002251008478544263,120.0,0.1355365949590896,16.26439139509075,0.09349595366133837
1981-03-26,0.43966729485268735,0.12825828421055535,263.9915307643845,0.0,171.92459785962666,92.06693290475785,247.59279885318324,0.0021592000061506807,120.0,0.1354475037009125,16.253700444109498,0.08796296504777301
1981-03-27,0.4528094314535731,0.1247489950533717,263.9915307643845,0.0,171.92459785962666,92.06693290475785,247.59279885318324,0.003742651163186775,120.0,0.13535943352912108,16.24313202349453,0.5954926143467858
1981-03-28,0.4643396445115519,0.12621999603474524,266.6097461193059,0.0,173.3325495940279,93.27719652527796,248.05076987592633,0.004405569833822647,120.0,0.13597960250888308,16.31755230106597,0.6644002787647856
1981-03-29,0.4770611364035017,0.12906778805573937,270.28546904326674,0.0,175.27527312492472,95.010195918342,248.67044124967654,0.004271053460094409,120.0,0.13567255934129505,16.280707120955405,0.630284371255004
1981-03-30,0.48712607423607246,0.13085677390516587,273.2161493260518,0.0,176.79439444651865,96.42175487953313,249.14426494822675,0.0031910115370003696,120.0,0.13531596791126815,16.237916149352177,0.590663101252016
1981-03-31,0.4963392008201988,0.13212881739757878,275.87735076618014,0.0,178.15240325440928,97.72494751177084,249.56012903151915,0.0032437007052723305,120.0,0.1351531521565287,16.218378258783446,0.5725724618365218
1981-04-01,0.5080892061075051,0.1331361913585674,278.41122502191,0.0,179.42676118611192,98.98446383579812,249.94366428828363,0.0035961547073054805,120.0,0.13558773265857785,16.27052791902934,0.6208591842864265
1981-04-02,0.5191928507553921,0.13417166160399877,280.87120702507195,0.0,180.62949287064583,100.24171415442609,250.30338258637738,0.0036395501450587325,120.0,0.13577210008347856,16.292652010017427,0.3170317627313141
1981-04-03,0.5290134481562891,0.13348525913544776,282.92510064989284,0.0,181.60243958194857,101.32266106794428,250.59476467054733,0.003380558788699947,120.0,0.13529503427045253,16.235404112454304,0.5883371411613912
1981-04-04,0.5371120228124762,0.13443515606079226,285.5881255555436,0.0,182.82811157581642,102.7600139797272,250.96236760004365,0.004688742382576989,120.0,0.13524044537295538,16.228853444754645,0.4770399351494165
1981-04-05,0.5470645387929128,0.1359043331537864,289.345969110973,0.0,184.51599064701767,104.82997846395533,251.46930696316636,0.0023490900758865885,120.0,0.13488917330999872,16.186700797199848,0.15503079178269136
1981-04-06,0.5604934842357294,0.1332138317523982,290.1631813176241,0.0,184.87190946869669,105.29127184892742,251.5764181478017,0.002003461891060957,120.0,0.13482313643133229,16.178776371759874,0.0971032248134186
1981-04-07,0.576370847946064,0.12960548157941357,290.1631813176241,0.0,184.87190946869669,105.29127184892742,251.5764181478017,0.002545773001389444,120.0,0.1347414985856697,16.168979830280364,0.20924829137999826
1981-04-08,0.5897602894109303,0.12654264395193446,290.1771814405644,0.0,184.87744487090615,105.29973656965826,251.5780972123188,0.0035999769519140866,120.0,0.134908591463831,16.18903097565972,0.5453990515367764
1981-04-09,0.6026930255544161,0.12681290868797557,292.6743555706084,0.0,185.81898115151412,106.85537441909428,251.86506393674222,0.0021909574510997195,120.0,0.1346464122211198,16.157569466534376,0.1649600873073899
1981-04-10,0.6178963761068927,0.12401456408546681,293.17118728868707,0.0,185.99750502107278,107.17368226761428,251.9197723570775,0.0019286870037469232,120.0,0.1345777606925469,16.149331283105628,0.12958708224870713
1981-04-11,0.6356182481359052,0.12077624772838823,293.17118728868707,0.0,185.99750502107278,107.17368226761428,251.9197723570775,0.001808839625573142,120.0,0.13451687365814144,16.142024838976972,0.11837560625912873
1981-04-12,0.6548921708418933,0.1175818691429331,293.17118728868707,0.0,185.99750502107275,107.17368226761428,251.9197723570775,0.0018395840335971195,120.0,0.13444752939192295,16.133703527030754,0.13783665188814978
1981-04-13,0.6733952411319739,0.11454062580360748,293.17118728868707,0.0,185.99750502107278,107.17368226761428,251.9197723570775,0.0015558838523185008,120.0,0.13438809897340706,16.126571876808846,0.07427937698867623
1981-04-14,0.690555326631651,0.1113596472192368,293.17118728868707,0.0,185.99750502107278,107.17368226761428,251.9197723570775,0.0016470933136825123,120.0,0.13428769050979464,16.114522861175356,0.1257124284718098
1981-04-15,0.709965346457676,0.10843883655323053,293.17118728868707,0.0,185.9975050210728,107.17368226761428,251.9197723570775,0.001528976385419541,120.0,0.13441264524336594,16.12951742920391,0.09912067780358338
1981-04-16,0.7299481613200567,0.10550812738601527,293.17118728868707,0.0,185.9975050210728,107.17368226761428,251.9197723570775,0.0014483329511264162,120.0,0.1344059041050741,16.128708492608894,0.08325276863437457
1981-04-17,0.7530219287086705,0.10260639887598423,293.17118728868707,0.0,185.99750502107278,107.17368226761428,251.9197723570775,0.0026467327478624154,120.0,0.13418429214789757,16.102115057747707,0.4649213497663953
1981-04-18,0.7671561469845729,0.10156833360152087,294.64901114991613,0.0,186.28477366636213,108.364237483554,252.0130913521128,0.003145719590332882,120.0,0.13767064766938444,16.520477720326134,0.31875942252949063
1981-04-19,0.7828771857605902,0.10024699927196157,296.6212553237883,0.0,186.6406414859391,109.9806138378492,252.1313484383409,0.0020176043676519116,120.0,0.1363254886195653,16.359058634347836,0.1378307174542709
1981-04-20,0.8007838422671567,0.0976541027687715,296.6212553237883,0.0,186.6406414859391,109.9806138378492,252.1313484383409,0.0019233860105278108,120.0,0.13560398782429017,16.27247853891482,0.1713092471723524
1981-04-21,0.8187949922811671,0.09522635121056663,296.6212553237883,0.0,186.64064148593914,109.9806138378492,252.1313484383409,0.0016435464787273532,120.0,0.13554532153518387,16.265438584222064,0.0900174208395098
1981-04-22,0.8400862541313531,0.09262672159020761,296.6212553237883,0.0,186.6406414859391,109.9806138378492,252.1313484383409,0.0016101085211354747,120.0,0.13548738227641272,16.258485873169526,0.07727947190631845
1981-04-23,0.8649301127872656,0.09006266426636854,296.6212553237883,0.0,186.6406414859391,109.9806138378492,252.1313484383409,0.0015390230844950742,120.0,0.13536325743858216,16.243590892629857,0.07371079040710937
1981-04-24,0.8905094695183933,0.0875599420434548,296.6212553237883,0.0,186.64064148593914,109.9806138378492,252.1313484383409,0.001679332030032821,120.0,0.13526519743183718,16.231823691820463,0.17485497397887714
1981-04-25,0.9063019593610677,0.08539245252377917,296.6212553237883,0.0,186.6406414859391,109.9806138378492,252.1313484383409,0.0013943394062626456,120.0,0.13519577194380109,16.22349263325613,0.07752854239983804
1981-04-26,0.9272346558900284,0.08302928951934928,296.6212553237883,0.0,186.6406414859391,109.9806138378492,252.1313484383409,0.0013439617170004938,120.0,0.13510433968865138,16.212520762638164,0.07228257007672459
1981-04-27,0.9499754896074137,0.08071845794691189,296.6212553237883,0.0,186.6406414859391,109.9806138378492,252.1313484383409,0.0012712177148642616,120.0,0.13500629186435806,16.200755023722966,0.07472962007686428
1981-04-28,0.9746637293364377,0.07847786599937141,296.6212553237883,0.0,186.64064148593914,109.9806138378492,252.1313484383409,0.0012110691092686657,120.0,0.1349122167052744,16.189466004632926,0.07442531475617446
1981-04-29,1.0,0.07629875221574216,296.6212553237883,0.0,186.64064148593914,109.9806138378492,252.1313484383409,0.0011605994504123765,120.0,0.13481889104250255,16.178266925100306,0.07070861359317084
1981-04-30,1.0157453936348408,0.07417163901891181,296.6212553237883,0.0,186.6406414859391,109.9806138378492,252.1313484383409,0.0011256441653876939,120.0,0.13472851726412613,16.167422071695135,0.06397943925185362
1981-05-01,1.0340871021775544,0.07208885364452909,296.6212553237883,0.0,186.6406414859391,109.9806138378492,252.1313484383409,0.0010780320001746878,120.0,0.13467592984530813,16.161111581436977,0.06434332442181086
1981-05-02,1.0543551088777219,0.0700653411301106,296.6212553237883,0.0,186.6406414859391,109.9806138378492,252.1313484383409,0.0010016704902219402,120.0,0.13457269978049452,16.148723973659344,0.07765674472763437
1981-05-03,1.0673366834170854,0.06812661228551915,296.6212553237883,0.0,186.64064148593914,109.9806138378492,252.1313484383409,0.0010084182159520534,120.0,0.13445623462051956,16.134748154462347,0.05439376563931587
1981-05-04,1.0813232830820771,0.06619398380642735,296.6212553237883,0.0,186.64064148593914,109.9806138378492,252.1313484383409,0.0009768256965082978,120.0,0.13434534330378353,16.121441196454025,0.05047021279190946
1981-05-05,1.097319932998325,0.06430838902568217,296.6212553237883,0.0,186.6406414859391,109.9806138378492,252.1313484383409,0.0009629474430754572,120.0,0.1342262929192863,16.10715515031436,0.045488851150499415
1981-05-06,1.1148241206030152,0.062466896796995235,296.6212553237883,0.0,186.6406414859391,109.9806138378492,252.1313484383409,0.000949576690083103,120.0,0.13408936869920754,16.090724243904905,0.041135567500999025
1981-05-07,1.1350921273031827,0.0606699782305785,296.6212553237883,0.0,186.6406414859391,109.9806138378492,252.1313484383409,0.0008829768073665411,120.0,0.13394185032737602,16.07302203928512,0.040022301435038314
1981-05-08,1.157537688442211,0.05892272344836519,296.6212553237883,0.0,186.64064148593908,109.9806138378492,252.1313484383409,0.000816886307364563,120.0,0.13379879320082777,16.055855184099332,0.039199253269251964
1981-05-09,1.1807370184254606,0.05722433354770723,296.6212553237883,0.0,186.6406414859391,109.9806138378492,252.1313484383409,0.0006855825324583899,120.0,0.13365701605292132,16.03884192635056,0.04669000656895548
1981-05-10,1.201675041876047,0.05558775767655341,296.6212553237883,0.0,186.6406414859391,109.9806138378492,252.1313484383409,0.0006943837329354815,120.0,0.133594746139346,16.03136953672152,0.04011786295690268
1981-05-11,1.2210217755443886,0.05398702680759329,296.6212553237883,0.0,186.64064148593908,109.9806138378492,252.1313484383409,0.0005836858146817969,120.0,0.1334456863501324,16.01348236201589,0.059111688051303346
1981-05-12,1.2355108877721943,0.052463153931989526,296.6212553237883,0.0,186.64064148593908,109.9806138378492,252.1313484383409,0.0005973676511938492,120.0,0.1333652023596511,16.00382428315813,0.03965583539400163
1981-05-13,1.2517587939698493,0.05095167341992716,296.6212553237883,0.0,186.64064148593908,109.9806138378492,252.1313484383409,0.0005479991616007367,120.0,0.13325333978603754,15.990400774324504,0.04062286836193734
1981-05-14,1.269681742043551,0.04948521731099408,296.6212553237883,0.0,186.64064148593908,109.9806138378492,252.1313484383409,0.0010083857677033053,120.0,0.13340298904083428,16.008358684900113,0.2612899696680412
1981-05-15,1.2839195979899498,0.048388560519570446,296.6212553237883,0.0,186.64064148593908,109.9806138378492,252.1313484383409,0.000509981433346084,120.0,0.13312393681192972,15.974872417431564,0.037129466411437495
1981-05-16,1.3006700167504188,0.04699080294695861,296.62125532378826,0.0,186.64064148593906,109.9806138378492,252.1313484383409,0.00047836643734867624,120.0,0.13300657244434347,15.960788693321215,0.03547160981981474
1981-05-17,1.3176716917922948,0.04563108404136748,296.6212553237883,0.0,186.64064148593908,109.9806138378492,252.1313484383409,0.0005047784750849135,120.0,0.1328978862404639,15.947746348855668,0.02835257249607512
1981-05-18,1.3372696817420435,0.04430096427867718,296.6212553237883,0.0,186.64064148593908,109.9806138378492,252.1313484383409,0.00038496663734890194,120.0,0.13275250625103435,15.930300750124122,0.042832582680080264
1981-05-19,1.3528475711892798,0.04302886109177507,296.6212553237883,0.0,186.64064148593908,109.9806138378492,252.1313484383409,0.00037155248840640265,120.0,0.1326688997813867,15.920267973766405,0.03596016585785883
1981-05-20,1.3701842546063652,0.04178441500846787,296.6212553237883,0.0,186.64064148593908,109.9806138378492,252.1313484383409,0.0003558495671893152,120.0,0.1325764794243784,15.909177530925406,0.03237107857172918
1981-05-21,1.387353433835846,0.04057146075565322,296.6212553237883,0.0,186.64064148593908,109.9806138378492,252.1313484383409,0.0003373195217010849,120.0,0.13247689005130706,15.897226806156846,0.029912565515387835
1981-05-22,1.4051088777219432,0.039390724827320873,296.6212553237883,0.0,186.64064148593908,109.9806138378492,252.1313484383409,0.00029470838657110116,120.0,0.13237171514720564,15.884605817664676,0.037843243031022426
1981-05-23,1.4229480737018427,0.038253723265685505,296.6212553237883,0.0,186.64064148593908,109.9806138378492,252.1313484383409,0.0002942541267453018,120.0,0.13230245336086893,15.876294403304273,0.02817078615256679
1981-05-24,1.441708542713568,0.03713844069144465,296.6212553237883,0.0,186.64064148593908,109.9806138378492,252.1313484383409,0.00028891759339110597,120.0,0.13219632070981183,15.86355848517742,0.023885276430935607
1981-05-25,1.4626465661641543,0.03605089932836518,296.6212553237883,0.0,186.64064148593908,109.9806138378492,252.1313484383409,0.0002569270299561327,120.0,0.13207922925904025,15.84950751108483,0.02402573899378892
1981-05-26,1.4840033500837524,0.034995356833446865,296.6212553237883,0.0,186.64064148593908,109.9806138378492,252.1313484383409,0.00025691622431823623,120.0,0.13196950931382714,15.836341117659257,0.06714233330968956
1981-05-27,1.503852596314908,0.03401598622582755,296.6212553237883,0.0,186.64064148593908,109.9806138378492,252.1313484383409,0.0003137724355204359,120.0,0.1326989541554094,15.923874498649127,0.03140380740620534
1981-05-28,1.5255443886097155,0.03119801248778241,296.6212553237883,0.0,186.64064148593908,109.9806138378492,252.1313484383409,0.0002093848315441588,120.0,0.13181463698688767,15.817756438426521,0.01854393444796541
1981-05-29,1.547236180904523,0.02821315481085172,296.6212553237883,0.0,186.6406414859391,109.9806138378492,252.13134843834086,0.00017988631150699723,120.0,0.13169097074984162,15.802916489980994,0.05896279731499171
1981-05-30,1.5622278056951426,0.017995065050843247,296.6212553237883,0.0,186.64064148593908,109.9806138378492,252.13134843834086,0.00010277685882972165,120.0,0.13175516021571565,15.810619225885878,0.02363658115495339
1981-05-31,1.5802345058626468,0.01529342623563365,296.6212553237883,0.0,186.64064148593908,109.98061383784922,252.13134843834086,7.732873920050082e-05,120.0,0.13155469527769764,15.786563433323716,0.02103228210263465
1981-06-01,1.5991624790619767,0.008082563409460107,296.6212553237883,0.0,186.64064148593908,109.9806138378492,252.13134843834086,4.144294915448377e-05,120.0,0.1314633056385313,15.775596676623758,0.016400435002496702
1981-06-02,1.6174204355108879,0.003749711876553959,296.6212553237883,0.0,186.64064148593908,109.9806138378492,252.13134843834086,1.7012651186956387e-05,120.0,0.1313469773762226,15.761637285146712,0.016462165657053336
1981-06-03,1.633668341708543,0.0036390723715996817,296.6212553237883,0.0,186.64064148593908,109.9806138378492,252.13134843834086,1.4541225717395286e-05,120.0,0.13124220645010543,15.74906477401265,0.017936799785936226
1981-06-04,1.6515912897822447,0.001741919908980979,296.62125532378826,0.0,186.64064148593908,109.98061383784919,252.13134843834086,7.032729629469636e-06,120.0,0.1311600433975924,15.739205207711088,0.013204234408330599
1981-06-05,1.6715242881072028,0.001363449305516642,296.62125532378826,0.0,186.64064148593908,109.98061383784919,252.13134843834086,5.275290008512967e-06,120.0,0.1310480656829758,15.725767881957095,0.010836545437467416
1981-06-06,1.6918760469011727,0.00132298907876167,296.6212553237883,0.0,186.6406414859391,109.98061383784919,252.13134843834086,4.320155156177451e-06,120.0,0.1309209509900019,15.710514118800226,0.010134459308194838
1981-06-07,1.7144891122278059,0.001283701639768337,296.6212553237883,0.0,186.64064148593908,109.9806138378492,252.13134843834086,3.5481242765071533e-06,120.0,0.13080594159043288,15.696712990851944,0.009456124843217803
1981-06-08,1.73785594639866,0.0012455547558642996,296.6212553237883,0.0,186.6406414859391,109.9806138378492,252.1313484383409,2.816924507524152e-06,120.0,0.13070601633501466,15.68472196020176,0.013923428082602303
1981-06-09,1.7604690117252932,0.0012087083849503574,296.6212553237883,0.0,186.6406414859391,109.9806138378492,252.1313484383409,8.097633944703885e-06,120.0,0.13088906702822597,15.706688043387118,0.09878522535844107
1981-06-10,1.7788107202680068,0.0007544397775032216,296.6212553237883,0.0,186.6406414859391,109.9806138378492,252.1313484383409,7.314624518970638e-06,120.0,0.13225407074367376,15.87048848924085,0.10107959867534982
1981-06-11,1.7963986599664992,0.0,296.6212553237883,0.0,186.6406414859391,109.9806138378492,252.1313484383409,0.0,120.0,0.13060734913342495,15.672881896010994,0.04307465443818492
1981-06-12,1.8131490787269682,0.0,296.6212553237883,0.0,186.6406414859391,109.9806138378492,252.1313484383409,0.0,120.0,0.13063202832276452,15.675843398731743,0.010136137707732258
1981-06-13,1.832244556113903,0.0,296.6212553237883,0.0,186.6406414859391,109.98061383784919,252.13134843834086,0.0,120.0,0.1304698407050216,15.65638088460259,0.0057436875639587095
1981-06-14,1.8526800670016752,0.0,296.6212553237883,0.0,186.6406414859391,109.98061383784919,252.1313484383409,0.0,120.0,0.1303608352289594,15.643300227475125,0.00403166835328972
1981-06-15,1.8742881072026802,0.0,296.6212553237883,0.0,186.6406414859391,109.9806138378492,252.1313484383409,0.0,120.0,0.13024004819589888,15.628805783507865,0.0026146114849246766
1981-06-16,1.8974036850921274,0.0,296.6212553237883,0.0,186.6406414859391,109.98061383784919,252.1313484383409,0.0,120.0,0.13011209135250748,15.613450962300899,0.0011638142251058515
1981-06-17,1.922529313232831,0.0,296.6212553237883,0.0,186.6406414859391,109.9806138378492,252.1313484383409,0.0,120.0,0.12998081410013737,15.597697692016485,0.0
1981-06-18,1.9476549413735345,0.0,296.6212553237883,0.0,186.6406414859391,109.9806138378492,252.1313484383409,0.0,120.0,0.12986584539415516,15.58390144729862,0.0
1981-06-19,1.972780569514238,0.0,296.6212553237883,0.0,186.6406414859391,109.9806138378492,252.13134843834086,0.0,120.0,0.12974768869293463,15.569722643152156,0.0
1981-06-20,1.9979061976549415,0.0,296.6212553237883,0.0,186.6406414859391,109.9806138378492,252.1313484383409,0.0,120.0,0.12962256222554985,15.554707467065983,0.0
1981-06-21,2.0,0.0,296.6212553237883,0.0,186.6406414859391,109.9806138378492,252.13134843834086,0.0,120.0,0.12964654941117815,15.557585929341379,0.0
1981-06-22,,,,,,,,,,0.1295503124483984,15.546037493807804,
1981-06-23,,,,,,,,,,0.12681939454921287,15.518728314815949,
1981-06-24,,,,,,,,,,0.1279067852766182,15.529602222090002,
1981-06-25,,,,,,,,,,0.13481581106104776,15.598692479934297,
1981-06-26,,,,,,,,,,0.16523094218456436,15.902843791169463,
1981-06-27,,,,,,,,,,0.1562270427203665,15.812804796527484,
1981-06-28,,,,,,,,,,0.1312250850928644,15.562785220252463,
1981-06-29,,,,,,,,,,0.12654781204174986,15.516012489741318,
1981-06-30,,,,,,,,,,0.12532864185345763,15.503820787858396,
1981-07-01,,,,,,,,,,0.12443619057431517,15.49489627506697,
1981-07-02,,,,,,,,,,0.12471941684478287,15.497728537771648,
1981-07-03,,,,,,,,,,0.13078638306484847,15.558398199972304,
1981-07-04,,,,,,,,,,0.12077557629768862,15.458290132300705,
1981-07-05,,,,,,,,,,0.11939170993682521,15.444451468692073,
1981-07-06,,,,,,,,,,0.1177359053975389,15.427893423299208,
1981-07-07,,,,,,,,,,0.11640938807039936,15.414628250027814,
1981-07-08,,,,,,,,,,0.1149433899243451,15.399968268567271,
1981-07-09,,,,,,,,,,0.11327309928865578,15.383265362210377,
1981-07-10,,,,,,,,,,0.13029629640447976,15.553497333368618,
1981-07-11,,,,,,,,,,0.14768487489833051,15.727383118307124,
1981-07-12,,,,,,,,,,0.12171884713360596,15.46772284065988,
1981-07-13,,,,,,,,,,0.1167845826520951,15.41838019584477,
1981-07-14,,,,,,,,,,0.11673126915672442,15.417847060891063,
1981-07-15,,,,,,,,,,0.11467362218723712,15.397270591196191,
1981-07-16,,,,,,,,,,0.1136064639337044,15.386599008660863,
1981-07-17,,,,,,,,,,0.12658956932823676,15.516430062606187,
1981-07-18,,,,,,,,,,0.11119822054357449,15.362516574759564,
1981-07-19,,,,,,,,,,0.11000518915888287,15.350586260912648,
1981-07-20,,,,,,,,,,0.10835767948626736,15.334111164186494,
1981-07-21,,,,,,,,,,0.10696930331964487,15.320227402520269,
1981-07-22,,,,,,,,,,0.10579437012023456,15.308478070526165,
1981-07-23,,,,,,,,,,0.1044174033163642,15.294708402487462,
1981-07-24,,,,,,,,,,0.1033463080976061,15.28399745029988,
1981-07-25,,,,,,,,,,0.114909145993327,15.39962582925709,
1981-07-26,,,,,,,,,,0.10586853451603395,15.30921971448416,
1981-07-27,,,,,,,,,,0.1021118030495862,15.271652399819681,
1981-07-28,,,,,,,,,,0.10347789940805416,15.285313363404361,
1981-07-29,,,,,,,,,,0.10116585524470793,15.262192921770898,
1981-07-30,,,,,,,,,,0.10243186139194524,15.274852983243273,
1981-07-31,,,,,,,,,,0.09827389624970226,15.233273331820842,
1981-08-01,,,,,,,,,,0.09655392096373426,15.216073578961161,
1981-08-02,,,,,,,,,,0.0951809076527198,15.202343445851017,
1981-08-03,,,,,,,,,,0.0939100837011265,15.189635206335085,
1981-08-04,,,,,,,,,,0.09260297600411152,15.176564129364934,
1981-08-05,,,,,,,,,,0.09450044421270688,15.195538811450888,
1981-08-06,,,,,,,,,,0.09095642948168767,15.160098664140696,
1981-08-07,,,,,,,,,,0.09501866390615854,15.200721008385404,
1981-08-08,,,,,,,,,,0.09355788960265718,15.186113265350391,
1981-08-09,,,,,,,,,,0.09001287615319964,15.150663130855817,
1981-08-10,,,,,,,,,,0.0966382337121141,15.21691670644496,
1981-08-11,,,,,,,,,,0.1081524390913198,15.332058760237018,
1981-08-12,,,,,,,,,,0.09500585342222656,15.200592903546085,
1981-08-13,,,,,,,,,,0.08962274924529122,15.146761861776731,
1981-08-14,,,,,,,,,,0.08872890886629699,15.137823457986789,
1981-08-15,,,,,,,,,,0.08797038990686491,15.13023826839247,
1981-08-16,,,,,,,,,,0.08683289555678927,15.118863324891713,
1981-08-17,,,,,,,,,,0.08582006432315219,15.108735012555341,
1981-08-18,,,,,,,,,,0.08516771082284642,15.102211477552284,
1981-08-19,,,,,,,,,,0.08389855348888878,15.089519904212708,
1981-08-20,,,,,,,,,,0.09582955606069851,15.208829929930804,
1981-08-21,,,,,,,,,,0.08507974101232088,15.101331779447028,
1981-08-22,,,,,,,,,,0.08715357755852722,15.122070144909092,
1981-08-23,,,,,,,,,,0.11169125862469678,15.367446955570788,
1981-08-24,,,,,,,,,,0.10640555702884817,15.3145899396123,
1981-08-25,,,,,,,,,,0.10192755708850923,15.269809940208912,
1981-08-26,,,,,,,,,,0.0963501415151496,15.214035784475316,
1981-08-27,,,,,,,,,,0.09369894723174613,15.18752384164128,
1981-08-28,,,,,,,,,,0.09271408175014272,15.177675186825248,
1981-08-29,,,,,,,,,,0.09170038454390322,15.167538214762851,
1981-08-30,,,,,,,,,,0.09077889532014823,15.158323322525302,
1981-08-31,,,,,,,,,,0.08999087329205259,15.150443102244346,
1981-09-01,,,,,,,,,,0.08911797520334466,15.141714121357266,
1981-09-02,,,,,,,,,,0.08889351436010702,15.13946951292489,
1981-09-03,,,,,,,,,,0.08801435957244617,15.130677965048282,
1981-09-04,,,,,,,,,,0.0870570256280446,15.121104625604266,
1981-09-05,,,,,,,,,,0.0863004019904107,15.113538389227926,
1981-09-06,,,,,,,,,,0.08530202845737136,15.103554653897532,
1981-09-07,,,,,,,,,,0.08428830705326411,15.093417439856461,
1981-09-08,,,,,,,,,,0.0835610075308649,15.086144444632469,
1981-09-09,,,,,,,,,,0.08310545743277471,15.081588943651568,
1981-09-10,,,,,,,,,,0.0883018576876427,15.133552946200247,
1981-09-11,,,,,,,,,,0.08347815580820178,15.085315927405837,
1981-09-12,,,,,,,,,,0.08796007715059324,15.130135140829752,
1981-09-13,,,,,,,,,,0.08177102268668861,15.068244596190706,
1981-09-14,,,,,,,,,,0.08140885210964192,15.064622890420239,
1981-09-15,,,,,,,,,,0.08096141606377838,15.060148529961603,
1981-09-16,,,,,,,,,,0.08012949221840147,15.051829291507834,
1981-09-17,,,,,,,,,,0.07936241272946008,15.04415849661842,
1981-09-18,,,,,,,,,,0.07878751865160373,15.038409555839857,
1981-09-19,,,,,,,,,,0.07806442459765262,15.031178615300346,
1981-09-20,,,,,,,,,,0.07719548611003153,15.022489230424135,
1981-09-21,,,,,,,,,,0.0762983560419462,15.013517929743282,
1981-09-22,,,,,,,,,,0.07537873993683909,15.004321768692211,
1981-09-23,,,,,,,,,,0.07888344519466825,15.039368821270502,
1981-09-24,,,,,,,,,,0.0889360975803213,15.139895345127032,
1981-09-25,,,,,,,,,,0.07424550019973455,14.992989371321165,
1981-09-26,,,,,,,,,,0.07350397712882085,14.985574140612028,
1981-09-27,,,,,,,,,,0.07270014271649824,14.977535796488802,
1981-09-28,,,,,,,,,,0.0719494576550671,14.97002894587449,
1981-09-29,,,,,,,,,,0.07159094575488148,14.966443826872634,
1981-09-30,,,,,,,,,,0.07563421028016706,15.00687647212549,
1981-10-01,,,,,,,,,,0.09161219594612366,15.166656328785056,
1981-10-02,,,,,,,,,,0.09229774408467382,15.173511810170558,
1981-10-03,,,,,,,,,,0.09682773030571848,15.218811672381005,
1981-10-04,,,,,,,,,,0.10855339475783465,15.336068316902166,
1981-10-05,,,,,,,,,,0.10213772128772806,15.271911582201101,
1981-10-06,,,,,,,,,,0.12941478865604963,15.544682255884316,
1981-10-07,,,,,,,,,,0.156636957551256,15.81690394483638,
1981-10-08,,,,,,,,,,0.17149144679054715,15.96544883722929,
1981-10-09,,,,,,,,,,0.14970489358979563,15.747583305221776,
1981-10-10,,,,,,,,,,0.14915982562067545,15.742132625530575,
1981-10-11,,,,,,,,,,0.14860629571346423,15.736597326458462,
1981-10-12,,,,,,,,,,0.14828522741357095,15.733386643459529,
1981-10-13,,,,,,,,,,0.14787254836359146,15.729259852959734,
1981-10-14,,,,,,,,,,0.14738892415678012,15.724423610891622,
1981-10-15,-0.1,0.03445,25.0,0.0,16.25,8.75,25.0,0.0,10.0,0.14705156038141737,15.721049973137994,0.0
1981-10-16,-0.08716666666666667,0.03445,25.0,0.0,16.25,8.75,25.0,0.0,10.0,0.14922823752677655,15.742816744591586,0.0
1981-10-17,-0.07383333333333333,0.03445,25.0,0.0,16.25,8.75,25.0,0.0,10.0,0.15524061195581898,15.80294048888201,0.0
1981-10-18,-0.06,0.03445,25.0,0.0,16.25,8.75,25.0,0.0,10.0,0.14812697497136243,15.731804119037443,0.0
1981-10-19,-0.04625,0.03445,25.0,0.0,16.25,8.75,25.0,0.0,10.0,0.1520432732119315,15.770967101443134,0.0
1981-10-20,-0.03358333333333333,0.03445,25.0,0.0,16.25,8.75,25.0,0.0,10.0,0.15334307753510876,15.783965144674907,0.0
1981-10-21,-0.019416666666666665,0.03445,25.0,0.0,16.25,8.75,25.0,0.0,10.0,0.1493845949722738,15.744380319046558,0.0
1981-10-22,-0.009166666666666663,0.03445,25.0,0.0,16.25,8.75,25.0,0.0,10.0,0.15557313577274248,15.806265727051244,0.0
1981-10-23,-0.002499999999999996,0.03445,25.0,0.0,16.25,8.75,25.0,0.0,10.0,0.14663190878685678,15.716853457192387,0.0
1981-10-24,0.0,0.03445,25.0,0.0,16.25,8.75,25.0,0.0018287371192666903,10.0,0.14615572910332664,15.712091660357085,0.38158869379442556
1981-10-25,0.0,0.03475644467831097,25.686192135903067,0.0,16.696024888336993,8.990167247566074,25.686192135903067,0.0017992217231729635,11.2,0.1437906279986025,15.70552902797009,0.47762534543589064
1981-10-26,0.0,0.035500521039765275,26.621426486364307,0.0,17.3039272161368,9.317499270227508,26.621426486364303,0.0014394332459404416,12.399999999999999,0.14199454666666197,15.70034599811427,0.3146046431531605
1981-10-27,0.0,0.03561920471641307,27.237275866071677,0.0,17.704229312946588,9.533046553125088,27.237275866071677,0.0018411239026978007,13.599999999999998,0.140480806384481,15.694692211338525,0.6003358439046763
1981-10-28,0.0,0.03607920529601301,27.881014735021672,0.0,18.122659577764086,9.758355157257586,27.881014735021672,0.0013126086261465875,14.799999999999997,0.1406080902376764,15.709692605089117,0.29133671254565935
1981-10-29,0.0,0.03606560238970197,28.42777623045225,0.0,18.47805454979396,9.949721680658289,28.427776230452253,0.000998337305018642,15.999999999999996,0.13818555287353262,15.684201340609949,0.21505344679707214
1981-10-30,0.0,0.03569435168274482,28.77468218226094,0.0,18.703543418469607,10.07113876379133,28.77468218226094,0.0009176810717398368,17.199999999999996,0.1372751403911939,15.678904534423884,0.21751587060587002
1981-10-31,0.0,0.03529801292894333,29.09512424120239,0.0,18.91183075678155,10.183293484420838,29.09512424120239,0.0007855656515645035,18.399999999999995,0.13651881691858267,15.674257976059192,0.1764462601959563
1981-11-01,0.0,0.03471070405631885,29.30179002061748,0.0,19.04616351340136,10.255626507216121,29.301790020617485,0.0008718958360214503,19.599999999999994,0.13676535988102184,15.687452423487219,0.7517066534468702
1981-11-02,0.0,0.03494119319033551,29.65668279286525,0.0,19.27684381536241,10.379838977502839,29.65668279286525,0.001676583227217202,20.799999999999994,0.140591181885377,15.775687578096955,0.5275563441672945
1981-11-03,0.0,0.03586963015444205,30.68982453133151,0.0,19.94838594536548,10.741438585966032,30.689824531331517,0.0008790539773184754,21.999999999999993,0.13482341162403827,15.662045675671877,0.2895070696760337
1981-11-04,0.0,0.03552905485184104,30.99750106002599,0.0,20.14837568901689,10.849125371009098,30.99750106002599,0.0007897558447274703,23.199999999999992,0.13439583631728744,15.658453647566024,0.48842625747638097
1981-11-05,0.0,0.03532139809620335,31.242504827173164,0.0,20.307628137662554,10.93487668951061,31.242504827173164,0.0007680055049887133,24.39999999999999,0.1368653678150466,15.724524844754015,0.7628186461162879
1981-11-06,0.0,0.03533883224274184,31.437542169106536,0.0,20.434402409919244,11.00313975918729,31.437542169106536,0.0013516763181346781,25.59999999999999,0.14298256767042722,15.889903227491734,1.0
1981-11-07,0.0,0.03615760456949144,32.03171657168244,0.0,20.820615771593584,11.211100800088857,32.031716571682445,0.001660763381374826,26.79999999999999,0.14048001980607303,15.838953650993478,1.0
1981-11-08,0.0,0.03725429468080239,32.827572965957444,0.0,21.337922427872336,11.489650538085106,32.827572965957444,0.0024730849498895693,27.99999999999999,0.1393301296645791,15.819872375860857,0.9013388451015092
1981-11-09,7.5743371655379986e-06,0.038562917674776806,33.85724607634823,0.0,22.00720994962635,11.850036126721884,33.85724607634824,0.001534737128420085,29.19999999999999,0.13875470909347828,15.814805875844128,0.43922680900602595
1981-11-10,0.00013755148846318675,0.03874531564631189,34.460402450434415,0.0,22.39926159278237,12.061140857652047,34.46040245043442,0.0015704084132247983,30.399999999999988,0.13824879972207993,15.810471506927714,0.47025383610553934
1981-11-11,0.00043067974599036985,0.03914681944296609,35.19861672229916,0.0,22.87910086949445,12.319515852804706,35.198616722299164,0.0022480004289236353,31.599999999999987,0.13778637191798526,15.80629697304674,0.8651524353316945
1981-11-12,0.0009173794778223848,0.04099988092067969,36.65828803993735,0.0,23.827887225959273,12.83040081397807,36.65828803993735,0.0019739725506636874,32.79999999999999,0.13735616936672052,15.80206960072876,0.8173521518578338
1981-11-13,0.0016309615961030885,0.04260441311139993,37.985710675240426,0.0,24.690711938906276,13.29499873633415,37.98571067524043,0.0016949593552740942,33.99999999999999,0.1369693791783217,15.798285762625186,0.49882824510896023
1981-11-14,0.0025385395445224235,0.043429055692348506,39.048995461526985,0.0,25.381847049992537,13.667148411534445,39.048995461526985,0.0017278161776082795,35.199999999999996,0.13660163056867253,15.794243891641443,0.5104804914660906
1981-11-15,0.0037903715546562834,0.043947788530336346,39.88826537295379,0.0,25.927372492419963,13.960892880533828,39.888265372953796,0.0009338044570584487,36.4,0.1362543932084973,15.790066033475394,0.16772238695262023
1981-11-16,0.005097004428588549,0.04319070493788252,40.1351588589105,0.0,26.087853258291826,14.047305600618678,40.13515885891051,0.0009342652486966495,37.6,0.1359146491192652,15.785336552632385,0.19367045535931757
1981-11-17,0.006071077303384887,0.04247788472853147,40.37605728707244,0.0,26.244437236597086,14.131620050475355,40.37605728707244,0.0017839453919928172,38.800000000000004,0.1355968105414958,15.780641619819974,0.6218678379439773
1981-11-18,0.006579237762401773,0.04290805636007737,41.03791451733723,0.0,26.674644436269197,14.363270081068032,41.037914517337235,0.0014355575997541503,40.00000000000001,0.13531834997090572,15.776758994708086,0.4364025454570087
1981-11-19,0.007884818292809764,0.04322614829772048,41.79522807173557,0.0,27.16689824662812,14.628329825107452,41.79522807173557,0.0014728230812962753,41.20000000000001,0.13506643856128098,15.773301889658555,0.5629376179201075
1981-11-20,0.009810787705535083,0.04336990626824625,42.31085482849898,0.0,27.502055638524336,14.808799189974645,42.31085482849898,0.0008522511297220883,42.40000000000001,0.13483232924976696,15.76999500618582,0.1985326434597397
1981-11-21,0.011735860384242328,0.04267539006696012,42.56359120195339,0.0,27.666334281269705,14.89725692068369,42.56359120195339,0.0012847729148251525,43.600000000000016,0.13459394837135544,15.76594002004872,0.510438707928381
1981-11-22,0.013273649795302987,0.042465476954084966,42.86609734139468,0.0,27.862963271906537,15.003134069488139,42.86609734139468,0.0007853786038118139,44.80000000000002,0.13606173936598429,15.83774941971564,0.6735265962204751
1981-11-23,0.014648418034160001,0.042496219713837845,43.19023248209316,0.0,28.07365111336055,15.116581368732607,43.19023248209316,0.0010308291209254305,46.00000000000002,0.13605684270547316,15.845337885633231,0.6729825228303504
1981-11-24,0.016267576813688844,0.042556698330130205,43.536668485790074,0.0,28.298834515763545,15.237833970026527,43.536668485790074,0.0010694540476634724,47.200000000000024,0.13528920692408405,15.816913313060155,0.5876896582315606
1981-11-25,0.017755531851075465,0.04244506622047487,43.837658975873985,0.0,28.49447833431809,15.343180641555897,43.837658975873985,0.000685967731717227,48.40000000000003,0.13503418938406028,15.811457137493829,0.559354376006697
1981-11-26,0.019569264137476165,0.042227376535173534,44.08686601172552,0.0,28.656462907621588,15.430403104103934,44.08686601172552,0.0010687661649245578,49.60000000000003,0.13452575192294747,15.792819291745428,0.5028613247719399
1981-11-27,0.020824399827635006,0.04189400600069598,44.30197147354992,0.0,28.796281457807446,15.505690015742475,44.30197147354992,0.0010761047728747501,50.80000000000003,0.13438800344551752,15.791792196461444,0.4875559383908344
1981-11-28,0.02165496797500875,0.041728032947251956,44.6489068758128,0.0,29.021789469278314,15.627117406534481,44.64890687581279,0.0010528594371853356,52.000000000000036,0.13419289070042584,15.787451562913219,0.4658767444917588
1981-11-29,0.02288293866489046,0.041455181267614945,44.93612436817508,0.0,29.2084808393138,15.72764352886128,44.93612436817508,0.0007308018413038066,53.20000000000004,0.13404220932203956,15.785006407485502,0.44913436911550547
1981-11-30,0.024370683618355052,0.040904712465146445,45.03381539502847,0.0,29.2719800067685,15.761835388259968,45.03381539502847,0.000797754429837954,54.40000000000004,0.13390739692673448,15.783062889429274,0.4341552140816079
1981-12-01,0.025148682359704418,0.04022134615904443,45.041801782499306,0.0,29.277171158624544,15.76463062387476,45.041801782499306,0.0010333529157139157,55.600000000000044,0.1337734254264653,15.780842575388313,0.4192694918294779
1981-12-02,0.025148682359704418,0.0395206132752171,45.041801782499306,0.0,29.277171158624547,15.76463062387476,45.041801782499306,0.0008007122651324726,56.80000000000005,0.13363560954794862,15.778082369062245,0.40395661643873465
1981-12-03,0.025148682359704418,0.0388139332735078,45.041801782499306,0.0,29.277171158624544,15.76463062387476,45.041801782499306,0.0008517408652239528,58.00000000000005,0.13351517414990632,15.775999472495252,0.39057490554514623
1981-12-04,0.025497509078669316,0.038104307724966646,45.041801782499306,0.0,29.277171158624544,15.76463062387476,45.041801782499306,0.0006563362773321579,59.20000000000005,0.13339581355472654,15.77369115930242,0.37731261719183745
1981-12-05,0.026639061431698877,0.037392495575437355,45.041801782499306,0.0,29.277171158624547,15.76463062387476,45.041801782499306,0.0007103533179648566,60.400000000000055,0.13328832229916124,15.771813288793869,0.36536914435124784
1981-12-06,0.02731719652871004,0.036680582631580895,45.041801782499306,0.0,29.277171158624547,15.76463062387476,45.041801782499306,0.0006253880554756698,61.60000000000006,0.1331830961523003,15.76981696996815,0.20710262328777526
1981-12-07,0.028821794154037364,0.0358080644992352,45.041801782499306,0.0,29.277171158624547,15.76463062387476,45.041801782499306,0.0007167729193400498,62.80000000000006,0.13306550973959527,15.766791883694957,0.3406121932883628
1981-12-08,0.030272843552789905,0.035099722465853016,45.041801782499306,0.0,29.277171158624547,15.76463062387476,45.041801782499306,0.0006936735950202824,64.00000000000006,0.1329663449766929,15.764663575618641,0.32959388629921116
1981-12-09,0.03203818398745866,0.03439379040994375,45.041801782499306,0.0,29.277171158624547,15.76463062387476,45.041801782499306,0.0006036954608808272,65.20000000000006,0.13286954753614433,15.762451621528827,0.3188386151271468
1981-12-10,0.033941560160563725,0.03369095875274383,45.041801782499306,0.0,29.277171158624547,15.76463062387476,45.041801782499306,0.000658288318027499,66.40000000000006,0.13278149190890212,15.76058780998524,0.3090546565446794
1981-12-11,0.036269062111867194,0.032992600420741224,45.041801782499306,0.0,29.277171158624547,15.76463062387476,45.041801782499306,0.0007032356269242792,67.60000000000007,0.13269219446924133,15.758428718416775,0.29913271880459097
1981-12-12,0.03912679487911312,0.03229889739604768,45.041801782499306,0.0,29.277171158624547,15.76463062387476,45.041801782499306,0.0006533820360032955,68.80000000000007,0.13260185291050858,15.755983477600973,0.2890947678342856
1981-12-13,0.04160379050975658,0.03161005374148666,45.041801782499306,0.0,29.277171158624547,15.76463062387476,45.041801782499306,0.0005011165306778278,70.00000000000007,0.13250882053228905,15.753133059680138,0.2787578369210043
1981-12-14,0.04287984130480718,0.03092609863542007,45.041801782499306,0.0,29.277171158624547,15.76463062387476,45.041801782499306,0.00040533985465832654,71.20000000000007,0.13242680280347505,15.75084360708925,0.2696447559416711
1981-12-15,0.044102469762017066,0.030248487485920746,45.041801782499306,0.0,29.277171158624547,15.76463062387476,45.041801782499306,0.0004900693939551063,72.40000000000008,0.13235893708652913,15.749381917608458,0.26210412072545786
1981-12-16,0.04596369547999924,0.02957888045781629,45.041801782499306,0.0,29.277171158624547,15.76463062387476,45.041801782499306,0.0005014526364773291,73.60000000000008,0.13228218828599506,15.747103555454906,0.2535764762216722
1981-12-17,0.04802109304035882,0.028916529292394057,45.041801782499306,0.0,29.277171158624547,15.76463062387476,45.041801782499306,0.00022556077855405245,74.80000000000008,0.13220962890427582,15.744954364707425,0.24551432269731224
1981-12-18,0.04934872508176355,0.028262016076741607,45.041801782499306,0.0,29.277171158624547,15.76463062387476,45.041801782499306,0.0005120102604725492,76.00000000000009,0.13297457879365365,15.806281736047193,0.3305087548504051
1981-12-19,0.04934872508176355,0.02769438090673194,45.041801782499306,0.0,29.277171158624547,15.76463062387476,45.041801782499306,0.0003377775893724094,77.20000000000009,0.1321012651357401,15.742971041270575,0.1533047949743098
1981-12-20,0.049604343907894914,0.026990919921135392,45.041801782499306,0.0,29.277171158624547,15.76463062387476,45.041801782499306,0.00028011419320155413,78.40000000000009,0.1320089740413248,15.738796562693224,0.12332826349226794
1981-12-21,0.05173596262952932,0.026281054622019306,45.041801782499306,0.0,29.277171158624547,15.76463062387476,45.041801782499306,0.000385680917401734,79.6000000000001,0.1319369988585541,15.736017732056187,0.21522209539489806
1981-12-22,0.05461767093711357,0.025662310892706888,45.041801782499306,0.0,29.277171158624547,15.76463062387476,45.041801782499306,0.00029615534454825363,80.8000000000001,0.131876192557436,15.733968606618033,0.14845055155402118
1981-12-23,0.05715029310290899,0.025006729092110876,45.041801782499306,0.0,29.277171158624547,15.76463062387476,45.041801782499306,0.0002866479232493524,82.0000000000001,0.1318139826027674,15.731658446466053,0.20155362252970907
1981-12-24,0.059683970320438165,0.02440773312443157,45.041801782499306,0.0,29.277171158624547,15.76463062387476,45.041801782499306,0.00030383666567291787,83.2000000000001,0.13176278645351405,15.730115331033417,0.19586516150156072
1981-12-25,0.06281280462760525,0.023818919868407736,45.041801782499306,0.0,29.277171158624547,15.76463062387476,45.041801782499306,0.0002714824770116487,84.4000000000001,0.1317087478908841,15.728209445153588,0.1509371760576332
1981-12-26,0.06697062965403008,0.023212207087405918,45.041801782499306,0.0,29.277171158624547,15.76463062387476,45.041801782499306,0.00016027178205516149,85.60000000000011,0.1316533798579787,15.72606006406787,0.07085334616112267
1981-12-27,0.07145801715982361,0.02256518075110157,45.041801782499306,0.0,29.277171158624547,15.76463062387476,45.041801782499306,0.00028072359142216556,86.80000000000011,0.13159210714445516,15.723265273425524,0.17690079382835003
1981-12-28,0.07676441452330347,0.02203891514262221,45.06425161009088,0.0,29.291763546559068,15.772488063531808,45.06425161009087,0.0001711667849881762,88.00000000000011,0.13154058629117613,15.721181591972236,0.17117625457512445
1981-12-29,0.07784928790447553,0.021490923856813934,45.06425161009088,0.0,29.291763546559068,15.772488063531808,45.06425161009087,0.00019806530282560504,89.20000000000012,0.1314944263157726,15.719452450777576,0.16604736841917714
1981-12-30,0.0783928389530772,0.02095325148164914,45.06425161009088,0.0,29.291763546559068,15.772488063531808,45.06425161009087,9.65280074788817e-05,90.40000000000012,0.1316270282230951,15.733772599840378,0.18078091367723323
1981-12-31,0.0783928389530772,0.020438292375620507,45.06425161009088,0.0,29.291763546559068,15.772488063531808,45.06425161009087,0.00014460151135541963,91.60000000000012,0.13160945494841517,15.734654946809332,0.17882832760168452
1982-01-01,0.07893905546603537,0.019934791973688887,45.06425161009088,0.0,29.291763546559068,15.772488063531808,45.06425161009087,9.921856990600078e-05,92.80000000000013,0.13137595906684169,15.715457499999335,0.15288434076018664
1982-01-02,0.07997981000236391,0.01942817974035089,45.06425161009088,0.0,29.291763546559068,15.772488063531808,45.06425161009087,0.00010638849290556697,94.00000000000013,0.13134246120922116,15.714499477325138,0.14916235658012847
1982-01-03,0.08184796455864617,0.018932272940364352,45.06425161009088,0.0,29.291763546559068,15.772488063531808,45.06425161009087,9.988979658832539e-05,95.20000000000013,0.13134005736958262,15.716421210304537,0.14889526328695765
1982-01-04,0.08355696434114464,0.018448872525075703,45.06425161009088,0.0,29.291763546559068,15.772488063531808,45.06425161009087,0.0001549922761089736,96.40000000000013,0.13129033882531746,15.713776036542797,0.14337098059082823
1982-01-05,0.08543805938572858,0.01797475733766489,45.06425161009088,0.0,29.291763546559068,15.772488063531808,45.06425161009087,0.00015898325547589905,97.60000000000014,0.13123726094854224,15.71068366742184,0.13747343872691486
1982-01-06,0.08754848336695434,0.017509646168579664,45.06425161009088,0.0,29.291763546559068,15.772488063531808,45.06425161009087,0.00010402330345123174,98.80000000000014,0.1311983868864318,15.7088672482855,0.1331540984924204
1982-01-07,0.0885522050135546,0.017054301218037228,45.06425161009088,0.0,29.291763546559068,15.772488063531808,45.06425161009087,7.297054237982196e-05,100.00000000000014,0.13116425096523607,15.707431345491566,0.12936121835956246
1982-01-08,0.08860820569502398,0.0166088571370112,45.06425161009088,0.0,29.291763546559068,15.772488063531808,45.06425161009087,6.898388294718885e-05,101.20000000000014,0.13113477223120032,15.706384823827356,0.03669726642623366
1982-01-09,0.09316465039729273,0.01612887641256263,45.06425161009088,0.0,29.291763546559068,15.772488063531808,45.06425161009087,9.116282661945287e-05,102.40000000000015,0.13107987684644362,15.702664888167632,0.06738319030535353
1982-01-10,0.09847727662673189,0.015677614574647326,45.06425161009088,0.0,29.291763546559068,15.772488063531808,45.06425161009087,0.00010012557740263008,103.60000000000015,0.131040146591504,15.700384311033542,0.08183967385022245
1982-01-11,0.10404320466869944,0.015245777663314065,45.06425161009088,0.0,29.291763546559068,15.772488063531808,45.06425161009087,6.492217253169095e-05,104.80000000000015,0.1310034855781679,15.698330037807645,0.04416058657792022
1982-01-12,0.1089525887598139,0.014808602207948099,45.06425161009088,0.0,29.291763546559068,15.772488063531808,45.06425161009087,0.00010608391569217936,106.00000000000016,0.13096003380511081,15.695467957619318,0.10667042279008995
1982-01-13,0.11032992795258788,0.014411733337463218,45.06425161009088,0.0,29.291763546559068,15.772488063531808,45.06425161009087,7.314984453077883e-05,107.20000000000016,0.13092869574907842,15.693800183640702,0.10318841656426853
1982-01-14,0.1119456621729951,0.014023995055630501,45.06425161009088,0.0,29.291763546559068,15.772488063531808,45.06425161009087,6.142632191979497e-05,108.40000000000016,0.1308945612307007,15.691754061809373,0.09939569230007732
1982-01-15,0.114034836966297,0.013645092944882604,45.06425161009088,0.0,29.291763546559068,15.772488063531808,45.06425161009087,7.814962310297521e-05,109.60000000000016,0.1308674149062358,15.69039192318678,0.07534649732636443
1982-01-16,0.114034836966297,0.013266583455308813,45.06425161009088,0.0,29.291763546559068,15.772488063531808,45.06425161009087,8.095397956193567e-05,110.80000000000017,0.13083202191912827,15.688050903164672,0.09244687990314013
1982-01-17,0.114034836966297,0.012905379579072087,45.06425161009088,0.0,29.291763546559068,15.772488063531808,45.06425161009087,4.268282530038558e-05,112.00000000000017,0.13080227487304338,15.686257285368043,0.03339868342082735
1982-01-18,0.11474388169523145,0.012531148872309536,45.06425161009088,0.0,29.291763546559068,15.772488063531808,45.06425161009087,6.849394683241869e-05,113.20000000000017,0.1307617631535396,15.683173713629788,0.0846403503932884
1982-01-19,0.11474388169523145,0.012187033631081732,45.06425161009088,0.0,29.291763546559068,15.772488063531808,45.06425161009087,5.3669949469615876e-05,114.40000000000018,0.1307337116948792,15.68141836760521,0.05586035391907531
1982-01-20,0.11492342232344038,0.011841845782504957,45.06425161009088,0.0,29.291763546559068,15.772488063531808,45.06425161009087,5.1393043309764115e-05,115.60000000000018,0.13070003976146596,15.678945971198418,0.07778219571843985
1982-01-21,0.11522463812353191,0.01151422295201948,45.06425161009088,0.0,29.291763546559068,15.772488063531808,45.06425161009087,2.87453145754718e-05,116.80000000000018,0.1306759240725343,15.677508931506882,0.07510267472603396
1982-01-22,0.11692283961409626,0.011194738731691552,45.06425161009088,0.0,29.291763546559068,15.772488063531808,45.06425161009087,5.8004127952401105e-05,118.00000000000018,0.13072479596108272,15.684626548304555,0.0805328845647459
1982-01-23,0.1202204750475918,0.01088594290780116,45.06425161009088,0.0,29.291763546559068,15.772488063531808,45.06425161009087,2.310542029899745e-05,119.20000000000019,0.13068507529594528,15.681301225235396,0.07611947732725277
1982-01-24,0.12212681183655709,0.010584223589097809,45.06425161009088,0.0,29.291763546559068,15.772488063531808,45.06425161009087,4.696376425416602e-05,120.0,0.1313212513734728,15.758550164816738,0.14680570816364474
1982-01-25,0.12423250173860831,0.01031331161460567,45.06425161009088,0.0,29.291763546559068,15.772488063531808,45.06425161009087,3.349668172788065e-05,120.0,0.1311115386835292,15.733384642023504,0.12350429816991108
1982-01-26,0.12529294560722895,0.010042124415550585,45.06425161009088,0.0,29.291763546559068,15.772488063531808,45.06425161009087,4.775945031870768e-05,120.0,0.13098910502233552,15.718692602680262,0.10990055803727906
1982-01-27,0.12768069410274116,0.00977396973539853,45.06425161009088,0.0,29.291763546559068,15.772488063531808,45.06425161009087,5.0864378360388436e-05,120.0,0.13090523703946852,15.708628444736224,0.10058189327427935
1982-01-28,0.1292632223440473,0.009510243174760331,45.06425161009088,0.0,29.291763546559068,15.772488063531808,45.06425161009087,4.7160625463625746e-05,120.0,0.13089135191480383,15.70696222977646,0.09903910164486975
1982-01-29,0.1292632223440473,0.009253192457731096,45.06425161009088,0.0,29.291763546559068,15.772488063531808,45.06425161009087,3.619315790397149e-05,120.0,0.13087723425041978,15.705268110050374,0.09747047226886356
1982-01-30,0.1292632223440473,0.009002654075164656,45.06425161009088,0.0,29.291763546559068,15.772488063531808,45.06425161009087,2.5036905489961e-05,120.0,0.13086632080470395,15.703958496564473,0.09625786718932726
1982-01-31,0.1292632223440473,0.008758571741319277,45.06425161009088,0.0,29.291763546559068,15.772488063531808,45.06425161009087,3.3782745166565926e-05,120.0,0.1310705252827848,15.728463033934176,0.11894725364275371
1982-02-01,0.1292632223440473,0.008527068830713587,45.06425161009088,0.0,29.291763546559068,15.772488063531808,45.06425161009087,2.5184261075847354e-05,120.0,0.1308507588921355,15.702091067056259,0.09452876579283143
1982-02-02,0.12965777863356834,0.008295438364564115,45.06425161009088,0.0,29.291763546559068,15.772488063531808,45.06425161009087,2.045582581371991e-05,120.0,0.1308560967771979,15.702731613263747,0.09512186413309881
1982-02-03,0.13025425768535445,0.008070247540458349,45.06425161009088,0.0,29.291763546559068,15.772488063531808,45.06425161009087,3.067683241847825e-05,120.0,0.13149382960711223,15.779259552853468,0.1659810674569136
1982-02-04,0.13032105682443326,0.007868325363286802,45.06425161009088,0.0,29.291763546559068,15.772488063531808,45.06425161009087,5.631226199414002e-05,120.0,0.13201514933533495,15.841817920240194,0.2239054817038829
1982-02-05,0.13032105682443326,0.007685128437808286,45.06425161009088,0.0,29.291763546559068,15.772488063531808,45.06425161009087,4.3746527860647104e-05,120.0,0.13150817255648103,15.780980706777724,0.16757472849789207
1982-02-06,0.13032105682443326,0.007493209584017153,45.06425161009088,0.0,29.291763546559068,15.772488063531808,45.06425161009087,7.638567821363369e-05,120.0,0.13152950391628873,15.783540469954646,0.16994487958763618
1982-02-07,0.13100519454027773,0.00730661627451106,45.06425161009088,0.0,29.291763546559068,15.772488063531808,45.06425161009087,5.097432703775083e-05,120.0,0.13147436274792876,15.776923529751452,0.1638180831031947
1982-02-08,0.13148795515195522,0.007123326462437558,45.06425161009088,0.0,29.291763546559068,15.772488063531808,45.06425161009087,6.458748582466835e-05,120.0,0.13146797204507915,15.776156645409497,0.16310800500879394
1982-02-09,0.1330174919186148,0.006944482815613867,45.06425161009088,0.0,29.291763546559068,15.772488063531808,45.06425161009087,5.3985892910005916e-05,120.0,0.13144622512451226,15.773547014941471,0.16069168050136176
1982-02-10,0.13497999404452282,0.006769625949561066,45.06425161009087,0.0,29.291763546559064,15.772488063531808,45.06425161009087,6.199923973519765e-05,120.0,0.13143565671978852,15.772278806374622,0.15951741330983474
1982-02-11,0.1371704693723067,0.006598933367690707,45.06425161009087,0.0,29.291763546559064,15.772488063531808,45.06425161009087,4.3620595043228394e-05,120.0,0.13141878059065923,15.770253670879107,0.1576422878510248
1982-02-12,0.1382390334322654,0.006432173495263763,45.06425161009087,0.0,29.291763546559064,15.772488063531808,45.06425161009087,6.824610294629732e-05,120.0,0.1314225992519672,15.770711910236063,0.15806658355191028
1982-02-13,0.1406091099733986,0.006269709641082135,45.06425161009087,0.0,29.291763546559064,15.772488063531808,45.06425161009087,6.485344033698757e-05,120.0,0.1313856050880534,15.766272610566405,0.1539561208948201
1982-02-14,0.1435054700151217,0.006110576157114007,45.06425161009087,0.0,29.291763546559064,15.772488063531808,45.06425161009087,6.645933669665352e-05,120.0,0.13136666432144814,15.763999718573777,0.15185159127201492
1982-02-15,0.1452575401473259,0.0059550958937919845,45.06425161009087,0.0,29.291763546559064,15.772488063531808,45.06425161009087,6.339389261893011e-05,120.0,0.13134819409141968,15.76178329097036,0.1497993434910748
1982-02-16,0.14849603199247197,0.005803205100637718,45.06425161009087,0.0,29.291763546559064,15.772488063531808,45.06425161009087,5.073616913535396e-05,120.0,0.13132928476773914,15.759514172128696,0.11458682180534509
1982-02-17,0.15279999874970698,0.005649058072481586,45.06425161009087,0.0,29.291763546559064,15.772488063531808,45.06425161009087,2.941754890839995e-05,120.0,0.13130881562277666,15.7570578747332,0.050630138405012425
1982-02-18,0.15893486654223105,0.005488166708069169,45.06425161009087,0.0,29.291763546559064,15.772488063531808,45.06425161009087,3.3397317992698876e-05,120.0,0.13151192981250603,15.781431577500724,0.16799220138955873
1982-02-19,0.16391320261682318,0.005351180783033537,45.06425161009087,0.0,29.291763546559064,15.772488063531808,45.06425161009087,3.6020177034266625e-05,120.0,0.13152852629409473,15.783423155291366,0.16983625489941354
1982-02-20,0.16809583066410008,0.0052179100946469345,45.06425161009087,0.0,29.291763546559064,15.772488063531808,45.06425161009087,3.120658598441764e-05,120.0,0.13126058794987144,15.751270553984572,0.1400653277634931
1982-02-21,0.17215937500521486,0.005083298240436941,45.06425161009088,0.0,29.291763546559068,15.772488063531808,45.06425161009087,2.8705356925787053e-05,120.0,0.13124660804400962,15.749592965281154,0.061371542964327105
1982-02-22,0.17872968600893027,0.004940158388914737,45.06425161009088,0.0,29.291763546559068,15.772488063531808,45.06425161009087,3.950633285722511e-05,120.0,0.13126107676565596,15.751329211878714,0.14011964062843935
1982-02-23,0.18457436238901517,0.004812720033790364,45.06425161009087,0.0,29.291763546559064,15.772488063531808,45.06425161009087,3.70616661224389e-05,120.0,0.13163219943368532,15.795863932042238,0.18135549263170103
1982-02-24,0.18920965180116656,0.004694522829155449,45.06425161009088,0.0,29.291763546559068,15.772488063531808,45.06425161009087,2.9345023484098388e-05,120.0,0.1314818793198828,15.777825518385937,0.1646532577647561
1982-02-25,0.19332822135380104,0.004576876198604929,45.06425161009088,0.0,29.291763546559068,15.772488063531808,45.06425161009087,3.5409400572832384e-05,120.0,0.13119569717785765,15.743483661342918,0.1328552419841822
1982-02-26,0.19867790195967736,0.0044578117724937,45.06425161009087,0.0,29.291763546559064,15.772488063531808,45.06425161009087,2.6204795472869743e-05,120.0,0.1311702170767823,15.740426049213879,0.06824567735356898
1982-02-27,0.20503678950008702,0.004333204210836746,45.06425161009087,0.0,29.291763546559064,15.772488063531808,45.06425161009087,3.3154016725899645e-05,120.0,0.13113748563991817,15.736498276790181,0.12638729332424073
1982-02-28,0.21136586025592097,0.004219637943060509,45.06425161009087,0.0,29.291763546559064,15.772488063531808,45.06425161009087,2.0406103631947493e-05,120.0,0.13112075800698642,15.73449096083837,0.050619995525397504
1982-03-01,0.21627355463799813,0.004099456746382589,45.06425161009087,0.0,29.291763546559064,15.772488063531808,45.06425161009087,1.7382187597219003e-05,120.0,0.13108897490788102,15.730676988945723,0.040245692212683266
1982-03-02,0.22023120466322874,0.003981422608224735,45.06425161009087,0.0,29.291763546559064,15.772488063531808,45.06425161009087,1.4161404452958138e-05,120.0,0.1310601714813535,15.72722057776242,0.02643559594454775
1982-03-03,0.2267138016120004,0.0038651374683586585,45.06425161009087,0.0,29.291763546559064,15.772488063531808,45.06425161009087,1.3245323373297328e-05,120.0,0.1310225236530759,15.722702838369107,0.025394204332174913
1982-03-04,0.2367664790044574,0.003752127907027202,45.06425161009087,0.0,29.291763546559064,15.772488063531808,45.06425161009087,1.704486535081918e-05,120.0,0.1311522941003426,15.738275292041113,0.1280326778158436
1982-03-05,0.24411251608489576,0.0036539759193197135,45.06425161009087,0.0,29.291763546559064,15.772488063531808,45.06425161009087,1.996795343798666e-05,120.0,0.13113731499218903,15.736477799062685,0.1263683324654472
1982-03-06,0.2499847466818316,0.003558209047053922,45.06425161009087,0.0,29.291763546559064,15.772488063531808,45.06425161009087,2.2432856055031744e-05,120.0,0.1311984135223159,15.743809622677906,0.13315705803509925
1982-03-07,0.2538446194192871,0.003465676795099692,45.06425161009087,0.0,29.291763546559064,15.772488063531808,45.06425161009087,2.261738838526152e-05,120.0,0.13097415275119498,15.716898330143398,0.10823919457721916
1982-03-08,0.25799410294004566,0.0033729601531956974,45.06425161009087,0.0,29.291763546559064,15.772488063531808,45.06425161009087,1.2713677172007884e-05,120.0,0.130933792917288,15.71205515007456,0.03714812952580574
1982-03-09,0.26417980430850446,0.0032755303234195156,45.06425161009087,0.0,29.291763546559064,15.772488063531808,45.06425161009087,9.743822650636546e-06,120.0,0.13090452160439336,15.708542592527204,0.02081386280264092
1982-03-10,0.27295978306050966,0.0031793097068796563,45.06425161009087,0.0,29.29176354655906,15.772488063531808,45.06425161009087,8.995877234193478e-06,120.0,0.1308632705529716,15.70359246635659,0.019561111514606995
1982-03-11,0.28366576247802594,0.003085796140624739,45.06425161009087,0.0,29.291763546559064,15.772488063531808,45.06425161009087,9.747594915475303e-06,120.0,0.1308225696268647,15.698708355223763,0.02949560487928883
1982-03-12,0.2957024429612715,0.002995952779117054,45.06425161009087,0.0,29.29176354655906,15.772488063531808,45.06425161009087,7.619969987615441e-06,120.0,0.1307921363782647,15.695056365391764,0.015963412146667896
1982-03-13,0.3094485702837396,0.002907508964613092,45.06425161009087,0.0,29.29176354655906,15.772488063531808,45.06425161009087,7.978803341063466e-06,120.0,0.13074662407495424,15.689594888994508,0.024209464816999565
1982-03-14,0.321851069250739,0.002822395372754217,45.06425161009087,0.0,29.29176354655906,15.772488063531808,45.06425161009087,1.4638281865340217e-05,120.0,0.13076843312083383,15.692211974500061,0.08538145787042525
1982-03-15,0.33234092751293665,0.0027449529185199655,45.06425161009087,0.0,29.29176354655906,15.772488063531808,45.06425161009087,6.154727572088735e-06,120.0,0.13069378763382583,15.683254516059101,0.014595117699542826
1982-03-16,0.34640235894470867,0.0026638062182921317,45.06425161009087,0.0,29.29176354655906,15.772488063531808,45.06425161009087,7.711546767630649e-06,120.0,0.1306450857854903,15.677410294258836,0.0716761983878112
1982-03-17,0.35223584137738123,0.0025896199768324375,45.06425161009087,0.0,29.29176354655906,15.772488063531808,45.06425161009087,1.403462590919405e-05,120.0,0.13105664310366485,15.726797172439783,0.1174047892960944
1982-03-18,0.3565270249691416,0.0025210523911595732,45.06425161009087,0.0,29.29176354655906,15.772488063531808,45.06425161009087,8.673053970994947e-06,120.0,0.13072636002008162,15.687163202409794,0.08070666889795684
1982-03-19,0.361413964583864,0.0024515247916430177,45.064251610090864,0.0,29.291763546559057,15.772488063531808,45.06425161009087,1.039297260386847e-05,120.0,0.13104512380958008,15.725414857149609,0.11612486773111974
1982-03-20,0.366242332962953,0.0023865195376588004,45.064251610090864,0.0,29.291763546559057,15.772488063531808,45.06425161009087,7.513569877413377e-06,120.0,0.13060239143272948,15.672286971927536,0.06693238141438561
1982-03-21,0.37186912470537886,0.00231971601460746,45.064251610090864,0.0,29.291763546559057,15.772488063531808,45.06425161009087,5.496251019656673e-06,120.0,0.13067025003263516,15.680430003916218,0.019653607025136653
1982-03-22,0.3820521100730648,0.0022514922577780666,45.064251610090864,0.0,29.291763546559057,15.772488063531808,45.06425161009087,3.996459920242995e-06,120.0,0.13053641911796762,15.664370294156116,0.012660639368572793
1982-03-23,0.3976310239835322,0.0021848026499902305,45.064251610090864,0.0,29.291763546559057,15.772488063531808,45.06425161009087,7.902550271838788e-06,120.0,0.130696870112113,15.68362441345356,0.07743001245700011
1982-03-24,0.40503812684599555,0.0021243336493826687,45.064251610090864,0.0,29.291763546559054,15.772488063531808,45.06425161009087,1.919463567743098e-05,120.0,0.13113043530842203,15.735652237010642,0.12560392315800245
1982-03-25,0.4071976715562843,0.002068608379114959,45.064251610090864,0.0,29.291763546559054,15.772488063531808,45.06425161009087,5.5820380584867685e-06,120.0,0.13058764892424826,15.67051787090979,0.029576536102319296
1982-03-26,0.4114486978057705,0.0020083855958537037,45.064251610090864,0.0,29.291763546559054,15.772488063531808,45.06425161009087,4.022692603382375e-06,120.0,0.1304231244409649,15.65077493291579,0.04701382677387778
1982-03-27,0.41493335523782354,0.0019509666847530513,45.064251610090864,0.0,29.291763546559054,15.772488063531808,45.06425161009087,1.1393337372528507e-05,120.0,0.13089441291161286,15.707329549393542,0.0993792124014279
1982-03-28,0.4216509576281242,0.0018982542501870252,45.06425161009086,0.0,29.29176354655905,15.772488063531808,45.06425161009087,2.601373530402111e-06,120.0,0.13039236581006347,15.647083897207617,0.011117796372320077
1982-03-29,0.4322522008714157,0.0018419397548079086,45.06425161009086,0.0,29.29176354655905,15.772488063531808,45.06425161009087,5.357689441891426e-06,120.0,0.13036410134463935,15.643692161356721,0.040405111377214094
1982-03-30,0.44272380285883783,0.0017889142755919654,45.06425161009086,0.0,29.29176354655905,15.772488063531808,45.06425161009087,1.9936229624859567e-06,120.0,0.13034128422263963,15.640954106716757,0.007584718843568406
1982-03-31,0.45766954153975387,0.0017356538996786746,45.06425161009086,0.0,29.29176354655905,15.772488063531808,45.06425161009087,1.8981464841084619e-06,120.0,0.13028619541660771,15.634343449992926,0.010144637734209079
1982-04-01,0.4725116534816144,0.0016841125100896406,45.06425161009086,0.0,29.29176354655905,15.772488063531808,45.06425161009087,2.8671203988446487e-06,120.0,0.1302656234227149,15.631874810725787,0.02951371363498703
1982-04-02,0.4881812828445204,0.001635080267217508,45.06425161009086,0.0,29.29176354655905,15.772488063531808,45.06425161009087,1.7346185266591984e-05,120.0,0.13171532671371958,15.80583920564635,0.19059185707995235
1982-04-03,0.5008226901371644,0.0015953768487390958,45.06425161009086,0.0,29.29176354655905,15.772488063531808,45.06425161009087,8.562744375974595e-06,120.0,0.13149546225958214,15.779455471149856,0.04564492726116894
1982-04-04,0.5104989092068943,0.0015497001690833684,45.06425161009086,0.0,29.291763546559046,15.772488063531808,45.06425161009087,3.4975236071127233e-06,120.0,0.1306191840349719,15.67430208419663,0.019656320569329273
1982-04-05,0.5203455473577518,0.0015041230061101627,45.06425161009086,0.0,29.291763546559046,15.772488063531808,45.06425161009087,2.930177703958704e-06,120.0,0.13058504941073495,15.670205929288194,0.01415033402022517
1982-04-06,0.5307902827021648,0.001459637831215177,45.06425161009086,0.0,29.291763546559046,15.772488063531808,45.06425161009087,2.5661283656686886e-06,120.0,0.13054443419506692,15.665332103408032,0.011375063062860376
1982-04-07,0.5437711003302086,0.0014163468004500918,45.06425161009086,0.0,29.29176354655905,15.772488063531808,45.06425161009087,2.2498969358552973e-06,120.0,0.13049887439611393,15.659864927533674,0.007865044101493022
1982-04-08,0.5603999227946393,0.0013741905853380456,45.06425161009086,0.0,29.29176354655905,15.772488063531808,45.06425161009087,1.9170493447285257e-06,120.0,0.13043671823854527,15.652406188625434,0.008397379123619656
1982-04-09,0.572463231298227,0.0013333110557578998,45.06425161009086,0.0,29.291763546559046,15.772488063531808,45.06425161009087,1.6211924930531168e-06,120.0,0.13038187517008723,15.645825020410467,0.006025723000860218
1982-04-10,0.5860259325105083,0.0012935527489780422,45.06425161009086,0.0,29.291763546559046,15.772488063531808,45.06425161009087,1.3400575816093306e-06,120.0,0.13032323470361862,15.638788164434233,0.006402443579441156
1982-04-11,0.6007758135781335,0.001254994623463472,45.06425161009086,0.0,29.29176354655905,15.772488063531808,45.06425161009087,1.1077932448760358e-06,120.0,0.13027662503666426,15.633195004399711,0.00525869065169559
1982-04-12,0.6171697248452959,0.0012175427736143979,45.06425161009086,0.0,29.29176354655905,15.772488063531808,45.06425161009087,8.672016142786555e-07,120.0,0.13022432265751527,15.626918718901832,0.0038531983849798925
1982-04-13,0.6363415808085119,0.001181157233421434,45.06425161009086,0.0,29.29176354655905,15.772488063531808,45.06425161009087,6.274162545717909e-07,120.0,0.13016679988887708,15.620015986665251,0.003092233963843487
1982-04-14,0.6543989256807211,0.0011458320888542057,45.06425161009086,0.0,29.29176354655905,15.772488063531808,45.06425161009087,4.4013974693935276e-07,120.0,0.13011488004731112,15.613785605677334,0.0014337605006624087
1982-04-15,0.6759530756038069,0.0011115064116522613,45.064251610090864,0.0,29.291763546559054,15.772488063531808,45.06425161009087,1.2042878702306475e-07,120.0,0.13003391020201152,15.604069224241382,0.0005157840841468668
1982-04-16,0.6963900453494235,0.0010781784182221901,45.064251610090864,0.0,29.291763546559054,15.772488063531808,45.06425161009087,0.0,120.0,0.12997191665512603,15.596629998615125,0.0
1982-04-17,0.7168366015997298,0.0010458330656755244,45.064251610090864,0.0,29.291763546559054,15.772488063531808,45.06425161009087,1.3037477737333131e-06,120.0,0.13018854042213424,15.622624850656107,0.020948935792692344
1982-04-18,0.7299366087822736,0.00101511534639754,45.064251610090864,0.0,29.291763546559054,15.772488063531808,45.06425161009087,3.5405821577967505e-07,120.0,0.13010912211094175,15.613094653313011,0.0021090465395613386
1982-04-19,0.7465824145451154,0.0009847261137708712,45.064251610090864,0.0,29.291763546559054,15.772488063531808,45.06425161009087,0.0,120.0,0.12983919575071115,15.58070349008534,0.0
1982-04-20,0.76634950289652,0.0009551843303577449,45.06425161009086,0.0,29.29176354655905,15.772488063531808,45.06425161009087,8.738699830289908e-08,120.0,0.13001324232162598,15.601589078595119,0.0012174745624904647
1982-04-21,0.7845945639496735,0.0009265636878257536,45.06425161009086,0.0,29.29176354655905,15.772488063531808,45.06425161009087,0.0,120.0,0.1297694085050089,15.57232902060107,0.0
1982-04-22,0.8038860940238751,0.000898766777190981,45.06425161009086,0.0,29.291763546559046,15.772488063531808,45.06425161009087,0.0,120.0,0.12971673127783348,15.566007753340019,0.0
1982-04-23,0.8236428768597674,0.0008718037738752516,45.06425161009086,0.0,29.29176354655905,15.772488063531808,45.06425161009087,0.0,120.0,0.12965691193599896,15.558829432319875,0.0
1982-04-24,0.848627364829706,0.0008456496606589941,45.06425161009086,0.0,29.29176354655905,15.772488063531808,45.06425161009087,0.0,120.0,0.12959237132007362,15.551084558408835,0.0
1982-04-25,0.8735125003393748,0.0008202801708392242,45.064251610090864,0.0,29.291763546559054,15.772488063531808,45.06425161009087,0.0,120.0,0.12952141430500444,15.542569716600534,0.0
1982-04-26,0.893362471185803,0.0007956717657140475,45.064251610090864,0.0,29.291763546559054,15.772488063531808,45.06425161009087,0.0,120.0,0.1295220029953938,15.542640359447255,0.0
1982-04-27,0.9127163722218756,0.0007718016127426261,45.064251610090864,0.0,29.291763546559054,15.772488063531808,45.06425161009087,0.0,120.0,0.12945742551495354,15.534891061794426,0.0
1982-04-28,0.934364188338951,0.0007486475643603474,45.064251610090864,0.0,29.291763546559054,15.772488063531808,45.06425161009087,0.0,120.0,0.12939720009142577,15.527664010971092,0.0
1982-04-29,0.9558833252129074,0.0007261881374295369,45.064251610090864,0.0,29.291763546559054,15.772488063531808,45.06425161009087,0.0,120.0,0.1293532496888744,15.52238996266493,0.0
1982-04-30,0.9727225832409148,0.0007044024933066508,45.064251610090864,0.0,29.291763546559054,15.772488063531808,45.06425161009087,0.0,120.0,0.12947625909223748,15.537151091068496,0.0
1982-05-01,0.9900204400975866,0.0006832704185074513,45.064251610090864,0.0,29.291763546559054,15.772488063531808,45.06425161009087,0.0,120.0,0.12931093398459154,15.517312078150983,0.0
1982-05-02,1.0,0.0006627723059522278,45.064251610090864,0.0,29.291763546559054,15.772488063531808,45.06425161009087,0.0,120.0,0.12921028177964142,15.50523381355697,0.0
1982-05-03,1.016750418760469,0.000642889136773661,45.064251610090864,0.0,29.291763546559054,15.772488063531808,45.06425161009087,0.0,120.0,0.1291373845997066,15.496486151964792,0.0
1982-05-04,1.031323283082077,0.0006236024626704511,45.064251610090864,0.0,29.291763546559054,15.772488063531808,45.06425161009087,0.0,120.0,0.12902276856428493,15.482732227714191,0.0
1982-05-05,1.0501675041876046,3.093586242118122e-05,45.064251610090864,0.0,29.291763546559057,15.772488063531808,45.06425161009087,0.0,120.0,0.12893453227864454,15.472143873437346,0.0
1982-05-06,1.0649078726968173,3.0007786548545787e-05,45.064251610090864,0.0,29.291763546559057,15.772488063531808,45.06425161009087,0.0,120.0,0.12935054331099324,15.52206519731919,0.0
1982-05-07,1.0797319932998324,2.910755295208941e-05,45.064251610090864,0.0,29.291763546559057,15.772488063531808,45.06425161009087,0.0,120.0,0.12887701010139088,15.465241212166907,0.0
1982-05-08,1.0972361809045226,2.8234326363526727e-05,45.064251610090864,0.0,29.291763546559057,15.772488063531808,45.06425161009087,0.0,120.0,0.12871882864065445,15.446259436878535,0.0
1982-05-09,1.1175879396984925,2.7387296572620927e-05,45.06425161009087,0.0,29.29176354655906,15.772488063531808,45.06425161009087,0.0,120.0,0.12863731503332415,15.4364778039989,0.0
1982-05-10,1.1386934673366833,2.6565677675442296e-05,45.064251610090864,0.0,29.291763546559057,15.772488063531808,45.06425161009087,0.0,120.0,0.1285722299444634,15.428667593335607,0.0
1982-05-11,1.1610552763819095,0.0,45.064251610090864,0.0,29.291763546559057,15.772488063531808,45.06425161009087,0.0,120.0,0.12848780108799168,15.418536130559001,0.0
1982-05-12,1.184673366834171,0.0,45.064251610090864,0.0,29.291763546559057,15.772488063531808,45.06425161009087,0.0,120.0,0.12841778937850507,15.410134725420606,0.0
1982-05-13,1.1958123953098827,0.0,45.064251610090864,0.0,29.291763546559057,15.772488063531808,45.06425161009087,0.0,120.0,0.12976826368663438,15.572191642396128,0.0
1982-05-14,1.2095477386934672,0.0,45.064251610090864,0.0,29.291763546559057,15.772488063531808,45.06425161009087,0.0,120.0,0.1283394163581141,15.400729962973694,0.0
1982-05-15,1.2262144053601338,0.0,45.064251610090864,0.0,29.291763546559057,15.772488063531808,45.06425161009087,0.0,120.0,0.12826842481831127,15.392210978197351,0.0
1982-05-16,1.2440536013400334,0.0,45.064251610090864,0.0,29.291763546559057,15.772488063531808,45.06425161009087,0.0,120.0,0.1281928106577378,15.383137278928535,0.0
1982-05-17,1.2633165829145727,0.0,45.064251610090864,0.0,29.291763546559057,15.772488063531808,45.06425161009087,0.0,120.0,0.12810937783693763,15.373125340432514,0.0
1982-05-18,1.2850083752093802,0.0,45.064251610090864,0.0,29.291763546559057,15.772488063531808,45.06425161009087,0.0,120.0,0.12802250049238398,15.362700059086078,0.0
1982-05-19,1.3064489112227804,0.0,45.064251610090864,0.0,29.291763546559057,15.772488063531808,45.06425161009087,0.0,120.0,0.12793461842117035,15.352154210540442,0.0
1982-05-20,1.326046901172529,0.0,45.064251610090864,0.0,29.291763546559057,15.772488063531808,45.06425161009087,0.0,120.0,0.1278471026318277,15.341652315819324,0.0
1982-05-21,1.3462311557788942,0.0,45.064251610090864,0.0,29.291763546559057,15.772488063531808,45.06425161009087,0.0,120.0,0.1277553310874025,15.330639730488299,0.0
1982-05-22,1.3681742043551086,0.0,45.064251610090864,0.0,29.291763546559057,15.772488063531808,45.06425161009087,0.0,120.0,0.1276679141119544,15.32014969343453,0.0
1982-05-23,1.3917085427135676,0.0,45.064251610090864,0.0,29.291763546559057,15.772488063531808,45.06425161009087,0.0,120.0,0.1275689571364812,15.308274856377745,0.0
1982-05-24,1.4145728643216078,0.0,45.064251610090864,0.0,29.291763546559057,15.772488063531808,45.06425161009087,0.0,120.0,0.12759489409746366,15.311387291695638,0.0
1982-05-25,1.4396984924623113,0.0,45.064251610090864,0.0,29.291763546559057,15.772488063531808,45.06425161009087,0.0,120.0,0.12741709127474407,15.29005095296929,0.0
1982-05-26,1.4645728643216078,0.0,45.064251610090864,0.0,29.291763546559057,15.772488063531808,45.06425161009087,0.0,120.0,0.12728659083140534,15.274390899768642,0.0
1982-05-27,1.4860971524288105,0.0,45.064251610090864,0.0,29.291763546559057,15.772488063531808,45.06425161009087,0.0,120.0,0.12749048822053213,15.298858586463854,0.0
1982-05-28,1.5051926298157452,0.0,45.064251610090864,0.0,29.291763546559057,15.772488063531808,45.06425161009087,0.0,120.0,0.12889296152298624,15.467155382758348,0.0
1982-05-29,1.5235343383584588,0.0,45.064251610090864,0.0,29.291763546559057,15.772488063531808,45.06425161009087,0.0,120.0,0.1297213425374797,15.566561104497563,0.0
1982-05-30,1.5411222780569511,0.0,45.064251610090864,0.0,29.291763546559057,15.772488063531808,45.06425161009087,0.0,120.0,0.1288983489638281,15.467801875659372,0.0
1982-05-31,1.5594639865996647,0.0,45.064251610090864,0.0,29.291763546559057,15.772488063531808,45.064251610090864,0.0,120.0,0.1279690053539434,15.356280642473207,0.0
1982-06-01,1.5790619765494134,0.0,45.064251610090864,0.0,29.291763546559057,15.772488063531807,45.064251610090864,0.0,120.0,0.1276692295493553,15.320307545922638,0.0
1982-06-02,1.5973199329983245,0.0,45.064251610090864,0.0,29.291763546559057,15.772488063531807,45.064251610090864,0.0,120.0,0.12760773117560997,15.312927741073198,0.0
1982-06-03,1.6160804020100499,0.0,45.064251610090864,0.0,29.291763546559057,15.772488063531807,45.064251610090864,0.0,120.0,0.12744038393444854,15.292846072133823,0.0
1982-06-04,1.6369346733668337,0.0,45.064251610090864,0.0,29.291763546559057,15.772488063531807,45.06425161009087,0.0,120.0,0.12734723833128464,15.281668599754155,0.0
1982-06-05,1.6575376884422106,0.0,45.064251610090864,0.0,29.291763546559057,15.772488063531807,45.06425161009087,0.0,120.0,0.12730274893221735,15.276329871866082,0.0
1982-06-06,1.679731993299832,0.0,45.064251610090864,0.0,29.291763546559057,15.772488063531805,45.06425161009087,0.0,120.0,0.12721224874722034,15.265469849666442,0.0
1982-06-07,1.7001675041876043,0.0,45.064251610090864,0.0,29.291763546559057,15.772488063531805,45.06425161009087,0.0,120.0,0.12712954653948855,15.255545584738627,0.0
1982-06-08,1.7210217755443882,0.0,45.064251610090864,0.0,29.291763546559057,15.772488063531805,45.06425161009088,0.0,120.0,0.12704525484371212,15.245430581245456,0.0
1982-06-09,1.7427973199329978,0.0,45.064251610090864,0.0,29.291763546559057,15.772488063531805,45.06425161009088,0.0,120.0,0.12696417317358996,15.235700780830795,0.0
1982-06-10,1.7647403685092122,0.0,45.064251610090864,0.0,29.291763546559057,15.772488063531805,45.06425161009088,0.0,120.0,0.12691089772583808,15.229307727100569,0.0
1982-06-11,1.786767169179229,0.0,45.064251610090864,0.0,29.291763546559057,15.772488063531807,45.06425161009088,0.0,120.0,0.12706533451109484,15.24784014133138,0.0
1982-06-12,1.807370184254606,0.0,45.064251610090864,0.0,29.291763546559057,15.772488063531807,45.06425161009088,0.0,120.0,0.1273229915989069,15.278758991868829,0.0
1982-06-13,1.8278056951423782,0.0,45.064251610090864,0.0,29.291763546559057,15.772488063531807,45.06425161009088,0.0,120.0,0.1272546897184624,15.27056276621549,0.0
1982-06-14,1.8508375209380232,0.0,45.064251610090864,0.0,29.291763546559057,15.772488063531807,45.06425161009088,0.0,120.0,0.1266217456553493,15.194609478641919,0.0
1982-06-15,1.871859296482412,0.0,45.064251610090864,0.0,29.291763546559057,15.772488063531808,45.06425161009088,0.0,120.0,0.1265913909280852,15.190966911370223,0.0
1982-06-16,1.8932998324958121,0.0,45.064251610090864,0.0,29.291763546559057,15.772488063531808,45.06425161009088,0.0,120.0,0.1265099988345815,15.18119986014978,0.0
1982-06-17,1.9151591289782242,0.0,45.064251610090864,0.0,29.291763546559057,15.772488063531808,45.06425161009088,0.0,120.0,0.126427933163499,15.171351979619882,0.0
1982-06-18,1.939363484087102,0.0,45.064251610090864,0.0,29.291763546559057,15.772488063531807,45.06425161009088,0.0,120.0,0.1263226644459722,15.158719733516664,0.0
1982-06-19,1.963651591289782,0.0,45.064251610090864,0.0,29.291763546559057,15.772488063531807,45.06425161009088,0.0,120.0,0.126222829750356,15.14673957004272,0.0
1982-06-20,1.987688442211055,0.0,45.064251610090864,0.0,29.291763546559057,15.772488063531807,45.06425161009088,0.0,120.0,0.1261797194969851,15.141566339638212,0.0
1982-06-21,2.0,0.0,45.064251610090864,0.0,29.291763546559057,15.772488063531808,45.06425161009088,0.0,120.0,0.12703198268423607,15.24383792210833,0.0
1982-06-22,,,,,,,,,,0.1267229469220295,15.206753630643547,
1982-06-23,,,,,,,,,,0.11927484027786839,15.132272564201935,
1982-06-24,,,,,,,,,,0.11841281765857567,15.123652338009009,
1982-06-25,,,,,,,,,,0.11696423077266764,15.109166469149928,
1982-06-26,,,,,,,,,,0.11592345648280977,15.09875872625135,
1982-06-27,,,,,,,,,,0.11480819890040414,15.087606150427293,
1982-06-28,,,,,,,,,,0.11450720284713364,15.084596189894588,
1982-06-29,,,,,,,,,,0.11400667144517349,15.079590875874986,
1982-06-30,,,,,,,,,,0.11333494098781897,15.072873571301441,
1982-07-01,,,,,,,,,,0.11242171965430903,15.063741357966343,
1982-07-02,,,,,,,,,,0.11138691139570892,15.05339327538034,
1982-07-03,,,,,,,,,,0.11031012236050217,15.042625385028273,
1982-07-04,,,,,,,,,,0.11155820300258038,15.055106191449056,
1982-07-05,,,,,,,,,,0.11067947135768948,15.046318875000146,
1982-07-06,,,,,,,,,,0.10764238267388863,15.01594798816214,
1982-07-07,,,,,,,,,,0.10658188745188579,15.00534303594211,
1982-07-08,,,,,,,,,,0.1054836420370974,14.994360581794226,
1982-07-09,,,,,,,,,,0.10573761097533729,14.996900271176624,
1982-07-10,,,,,,,,,,0.10709769841089392,15.010501145532192,
1982-07-11,,,,,,,,,,0.11789589332249037,15.118483094648155,
1982-07-12,,,,,,,,,,0.105928113660848,14.998805298031732,
1982-07-13,,,,,,,,,,0.12507056291656607,15.190229790588912,
1982-07-14,,,,,,,,,,0.12155438795015738,15.155068040924826,
1982-07-15,,,,,,,,,,0.14757639944661527,15.415288155889405,
1982-07-16,,,,,,,,,,0.1529674118609912,15.469198280033163,
1982-07-17,,,,,,,,,,0.1392227429498792,15.331751590922044,
1982-07-18,,,,,,,,,,0.14121220513507357,15.351646212773987,
1982-07-19,,,,,,,,,,0.17154058257526641,15.654929987175915,
1982-07-20,,,,,,,,,,0.19226576923061728,15.862181853729425,
1982-07-21,,,,,,,,,,0.21612845382286444,16.100808699651896,
1982-07-22,,,,,,,,,,0.2123603154354313,16.063127315777564,
1982-07-23,,,,,,,,,,0.22943181346798017,16.233842296103052,
1982-07-24,,,,,,,,,,0.25505953230580275,16.49011948448128,
1982-07-25,,,,,,,,,,0.22316290143706077,16.17115317579386,
1982-07-26,,,,,,,,,,0.21968423328332473,16.1363664942565,
1982-07-27,,,,,,,,,,0.21833569848984907,16.122881146321742,
1982-07-28,,,,,,,,,,0.21833004162687905,16.122824577692043,
1982-07-29,,,,,,,,,,0.23316833461107117,16.271207507533965,
1982-07-30,,,,,,,,,,0.2169521936021293,16.109046097444544,
1982-07-31,,,,,,,,,,0.2232728427911256,16.17225258933451,
1982-08-01,,,,,,,,,,0.23612419087781208,16.300766070201373,
1982-08-02,,,,,,,,,,0.22493008857199723,16.188825047143226,
1982-08-03,,,,,,,,,,0.2213764093917967,16.15328825534122,
1982-08-04,,,,,,,,,,0.21848009873376442,16.124325148760896,
1982-08-05,,,,,,,,,,0.2190937582678782,16.130461744102035,
1982-08-06,,,,,,,,,,0.2250258305404608,16.18978246682786,
1982-08-07,,,,,,,,,,0.21449209028235833,16.084445064246836,
1982-08-08,,,,,,,,,,0.22095711546836996,16.14909531610695,
1982-08-09,,,,,,,,,,0.2245828609736193,16.185352771159444,
1982-08-10,,,,,,,,,,0.2148998209253838,16.08852237067709,
1982-08-11,,,,,,,,,,0.20926916169116053,16.03221577833486,
1982-08-12,,,,,,,,,,0.21201542867613474,16.0596784481846,
1982-08-13,,,,,,,,,,0.24312736872191926,16.370797848642447,
1982-08-14,,,,,,,,,,0.2187085338608568,16.12660950003182,
1982-08-15,,,,,,,,,,0.22704138843484123,16.209938045771665,
1982-08-16,,,,,,,,,,0.2110277625700244,16.049801787123496,
1982-08-17,,,,,,,,,,0.21089148308147937,16.048438992238047,
1982-08-18,,,,,,,,,,0.21305903604036414,16.070114521826895,
1982-08-19,,,,,,,,,,0.25807351535898915,16.520259315013142,
1982-08-20,,,,,,,,,,0.24285622624956177,16.368086423918868,
1982-08-21,,,,,,,,,,0.24588990931251858,16.398423254548437,
1982-08-22,,,,,,,,,,0.26018797239067676,16.54140388533002,
1982-08-23,,,,,,,,,,0.2750659046409213,16.690183207832465,
1982-08-24,,,,,,,,,,0.25410041983978515,16.480528359821104,
1982-08-25,,,,,,,,,,0.2702478273530496,16.64200243495375,
1982-08-26,,,,,,,,,,0.2615818569998578,16.55534273142183,
1982-08-27,,,,,,,,,,0.253474154372054,16.474265705143793,
1982-08-28,,,,,,,,,,0.25258155997916615,16.465339761214913,
1982-08-29,,,,,,,,,,0.26381581795495396,16.577682340972792,
1982-08-30,,,,,,,,,,0.2561792048860988,16.50131621028424,
1982-08-31,,,,,,,,,,0.2519219147091343,16.458743308514595,
1982-09-01,,,,,,,,,,0.25335001130239,16.473024274447152,
1982-09-02,,,,,,,,,,0.25205608197039314,16.460084981127185,
1982-09-03,,,,,,,,,,0.25133792481892925,16.452903409612546,
1982-09-04,,,,,,,,,,0.2506616149725628,16.44614031114888,
1982-09-05,,,,,,,,,,0.25047692708519287,16.44429343227518,
1982-09-06,,,,,,,,,,0.2501771963923903,16.441296125347154,
1982-09-07,,,,,,,,,,0.24952931269659576,16.43481728838921,
1982-09-08,,,,,,,,,,0.25150287795140225,16.454552940937276,
1982-09-09,,,,,,,,,,0.25056001113543536,16.445124272777605,
1982-09-10,,,,,,,,,,0.24815095943889612,16.421033755812214,
1982-09-11,,,,,,,,,,0.2478373605458283,16.417897766881534,
1982-09-12,,,,,,,,,,0.2471602046644239,16.41112620806749,
1982-09-13,,,,,,,,,,0.24647904350256916,16.404314596448945,
1982-09-14,,,,,,,,,,0.2460134096302819,16.39965825772607,
1982-09-15,,,,,,,,,,0.24538703195106965,16.39339448093395,
1982-09-16,,,,,,,,,,0.2449665891895796,16.389190053319048,
1982-09-17,,,,,,,,,,0.25436742424146075,16.48319840383786,
1982-09-18,,,,,,,,,,0.2813823027058156,16.753347188481406,
1982-09-19,,,,,,,,,,0.27757625827760213,16.715286744199275,
1982-09-20,,,,,,,,,,0.27073629792995,16.646887140722754,
1982-09-21,,,,,,,,,,0.26998911663045455,16.639415327727797,
1982-09-22,,,,,,,,,,0.269670782888921,16.636231990312464,
1982-09-23,,,,,,,,,,0.26902789986819486,16.6298031601052,
1982-09-24,,,,,,,,,,0.2684555865151396,16.62408002657465,
1982-09-25,,,,,,,,,,0.2678694433516968,16.61821859494022,
1982-09-26,,,,,,,,,,0.26724846205792363,16.612008782002487,
1982-09-27,,,,,,,,,,0.2690400340379807,16.62992450180306,
1982-09-28,,,,,,,,,,0.26687812588344434,16.608305420257697,
1982-09-29,,,,,,,,,,0.27344729078702723,16.673997069293524,
1982-09-30,,,,,,,,,,0.27558464908878844,16.695370652311137,
1982-10-01,,,,,,,,,,0.2697714060627691,16.637238222050943,
1982-10-02,,,,,,,,,,0.26701983762123943,16.609722537635648,
1982-10-03,,,,,,,,,,0.2684155089798363,16.623679251221617,
1982-10-04,,,,,,,,,,0.2704268839777825,16.643793001201075,
1982-10-05,,,,,,,,,,0.2712604738362637,16.65212889978589,
1982-10-06,,,,,,,,,,0.2659286737713703,16.598810899136957,
1982-10-07,,,,,,,,,,0.26546917761557437,16.594215937578994,
1982-10-08,,,,,,,,,,0.26501998108645425,16.589723972287793,
1982-10-09,,,,,,,,,,0.26460784694542266,16.585602630877478,
1982-10-10,,,,,,,,,,0.2640720847760845,16.580245009184097,
1982-10-11,,,,,,,,,,0.26359080365487475,16.575432197972,
1982-10-12,,,,,,,,,,0.2631658226371286,16.57118238779454,
1982-10-13,,,,,,,,,,0.2627267298638424,16.566791460061676,
1982-10-14,,,,,,,,,,0.26612062497469957,16.600730411170247,
1982-10-15,-0.1,0.03445,25.0,0.0,16.25,8.75,25.0,0.0,10.0,0.26452850941232986,16.58480925554655,0.0
1982-10-16,-0.08291666666666667,0.03445,25.0,0.0,16.25,8.75,25.0,0.0,10.0,0.26202044062884133,16.559728567711666,0.0
1982-10-17,-0.06858333333333333,0.03445,25.0,0.0,16.25,8.75,25.0,0.0,10.0,0.2612463325403006,16.551987486826256,0.0
1982-10-18,-0.05258333333333333,0.03445,25.0,0.0,16.25,8.75,25.0,0.0,10.0,0.26077676420319673,16.54729180345522,0.0
1982-10-19,-0.034749999999999996,0.03445,25.0,0.0,16.25,8.75,25.0,0.0,10.0,0.2600792749154718,16.54031691057797,0.0
1982-10-20,-0.02158333333333333,0.03445,25.0,0.0,16.25,8.75,25.0,0.0,10.0,0.2596345937089889,16.53587009851314,0.0
1982-10-21,-0.007999999999999995,0.03445,25.0,0.0,16.25,8.75,25.0,0.0,10.0,0.25933357891826536,16.532859950605907,0.0
1982-10-22,0.0,0.03445,25.0,0.0,16.25,8.75,25.0,0.005951015649344676,10.0,0.25895250203220577,16.52904918174531,1.0
1982-10-23,0.0,0.03749026455540907,27.20628777605883,0.0,17.68408705443824,9.52220072162059,27.20628777605883,0.0022783650115215013,11.2,0.2438333735416467,16.518390408783258,1.0
1982-10-24,0.0,0.038619258684939,28.025586854092158,0.0,18.216631455159902,9.808955398932255,28.025586854092158,0.002596986167425504,12.399999999999999,0.2322636004804729,16.515457734768248,1.0
1982-10-25,0.0,0.04023216686829788,29.196057233888155,0.0,18.9774372020273,10.218620031860853,29.19605723388815,0.005034685976488476,13.599999999999998,0.2225633266650117,16.510182795148104,1.0
1982-10-26,0.0,0.04372994055564086,31.734354539652294,0.0,20.627330450773993,11.107024088878303,31.734354539652294,0.005451791178534723,14.799999999999997,0.21419080520295297,16.501277933201216,1.0
1982-10-27,0.0,0.047547944753009226,34.505039733678686,0.0,22.428275826891145,12.076763906787539,34.505039733678686,0.0018159761612902643,15.999999999999996,0.2080238802860043,16.507568564467146,1.0
1982-10-28,0.0,0.04879913817064038,35.41301754037764,0.0,23.018461401245464,12.394556139132172,35.41301754037764,0.0030028800008816726,17.199999999999996,0.20184711413684586,16.49888930673839,1.0
1982-10-29,0.0,0.05094219856677468,36.96821376398743,0.0,24.029338946591828,12.9388748173956,36.96821376398743,0.0033184092372284036,18.399999999999995,0.1968030069615437,16.496226735370612,1.0
1982-10-30,0.0,0.053344696452912684,38.711681025335764,0.0,25.162592666468246,13.549088358867518,38.711681025335764,0.002677690878009293,19.599999999999994,0.19167115333799856,16.479738476396545,1.0
1982-10-31,0.0,0.05495435667002254,39.879794390437254,0.0,25.921866353784218,13.95792803665304,39.879794390437254,0.004972252631271474,20.799999999999994,0.19295465121382452,16.584373079912886,1.0
1982-11-01,0.0,0.05906382537171764,42.8619922871681,0.0,27.860294986659266,15.001697300508836,42.8619922871681,0.00609247366085765,21.999999999999993,0.1850388583017376,16.489703680997128,1.0
1982-11-02,0.0,0.06417056869913264,46.56790181359408,0.0,30.26913617883615,16.298765634757928,46.56790181359407,0.007207787066612576,23.199999999999992,0.1807068541733934,16.45918027887519,1.0
1982-11-03,0.0,0.06791540455363201,49.285489516423816,0.0,32.03556818567548,17.249921330748336,49.285489516423816,0.002685468654915037,24.39999999999999,0.17850949457102008,16.47034539327892,1.0
1982-11-04,0.0,0.06966979948455222,50.55863532986373,0.0,32.86311296441143,17.695522365452305,50.55863532986373,0.0024516321161235834,25.59999999999999,0.1776842664776136,16.5113634112665,1.0
1982-11-05,0.0,0.0712596853781921,51.71239867793331,0.0,33.61305914065665,18.09933953727666,51.712398677933315,0.0031470223874038453,26.79999999999999,0.17337996860626273,16.457161811781,1.0
1982-11-06,0.0,0.07288307339029874,52.89047415841709,0.0,34.37880820297111,18.51166595544598,52.890474158417085,0.002733576273593129,27.99999999999999,0.17130176239768868,16.454960463962006,1.0
1982-11-07,0.0,0.07448959439955358,54.0563094336383,0.0,35.13660113186489,18.919708301773404,54.0563094336383,0.003740868261899809,29.19999999999999,0.16992658821957904,16.468299956531997,1.0
1982-11-08,0.0,0.0762299509583046,55.31926774913251,0.0,35.95752403693613,19.361743712196375,55.3192677491325,0.003509360009523052,30.399999999999988,0.16781859460399118,16.456061320175184,1.0
1982-11-09,0.0,0.07799271922251763,56.59849000182702,0.0,36.78901850118756,19.809471500639457,56.59849000182702,0.009134285004063856,31.599999999999987,0.16746510992209682,16.494205981445674,1.0
1982-11-10,0.0,0.08216106924721708,59.623417450810656,0.0,38.755221343026925,20.86819610778373,59.623417450810656,0.009052916865792704,32.79999999999999,0.16389535992074103,16.426008777001286,1.0
1982-11-11,0.0,0.08668860920250834,62.909005226784004,0.0,40.8908533974096,22.0181518293744,62.909005226784,0.009183824677639712,33.99999999999999,0.1622308858369244,16.414023553749974,0.7979445403583662
1982-11-12,0.0,0.09149178039758304,66.77594891213806,0.0,43.40436679288974,23.371582119248323,66.77594891213806,0.006831018727982812,35.199999999999996,0.16065719761477876,16.401239255028322,1.0
1982-11-13,0.0,0.09549389448832345,69.6802407051282,0.0,45.292156458333324,24.388084246794868,69.6802407051282,0.007430694940780553,36.4,0.15929768510791456,16.392474100609764,1.0
1982-11-14,0.0,0.1031885158763909,75.26414592143257,0.0,48.921694848931175,26.342451072501404,75.26414592143259,0.007574369832749365,37.6,0.1580097367794376,16.38313692928209,1.0
1982-11-15,0.0,0.10876830706253308,79.31334126696393,0.0,51.55367182352655,27.759669443437375,79.31334126696393,0.008977219629384497,38.800000000000004,0.15680630178318944,16.37398779925655,1.0
1982-11-16,0.0,0.11540394769333787,84.12875536769309,0.0,54.6836909890005,29.44506437869258,84.12875536769309,0.009643871734945735,40.00000000000001,0.15566924732422016,16.36460564673117,1.0
1982-11-17,9.432260912876621e-05,0.12287907327352987,89.55337480179469,0.0,58.209693621166544,31.34368118062814,89.55337480179469,0.010086416476169443,41.20000000000001,0.15449875674884547,16.351116995508363,1.0
1982-11-18,0.0003968141966524789,0.13201404648443205,96.1825280753086,0.0,62.51864324895059,33.66388482635801,96.1825280753086,0.004563831052176293,42.40000000000001,0.15342827304848802,16.339059458405387,1.0
1982-11-19,0.0007610522431793461,0.13472573079189412,98.15036864676148,0.0,63.797739620394964,34.352629026366515,98.15036864676148,0.007542498427578276,43.600000000000016,0.15294169692433301,16.349891130743977,1.0
1982-11-20,0.001192102540313108,0.14205639048539673,103.4701507175181,0.0,67.25559796638676,36.21455275113133,103.4701507175181,0.006274193481526624,44.80000000000002,0.15168129793985247,16.324887756242013,1.0
1982-11-21,0.0018561428667517314,0.14787934057148797,107.69580390045803,0.0,70.00227253529772,37.69353136516031,107.69580390045803,0.0050404917236315265,46.00000000000002,0.15138142428469492,16.34104358932615,1.0
1982-11-22,0.0026174575263237143,0.15042529808989968,109.54337829698322,0.0,71.2031958930391,38.34018240394413,109.54337829698322,0.007559977926507642,47.200000000000024,0.1502145300909301,16.31555635621565,1.0
1982-11-23,0.0034173888478553583,0.15572362770864306,113.38831996515697,0.0,73.70240797735202,39.685911987804936,113.38831996515695,0.009230674320503191,48.40000000000003,0.1493709477243152,16.30291686947417,1.0
1982-11-24,0.004483011781826069,0.1624441823563239,118.2653552682635,0.0,76.87248092437127,41.39287434389223,118.2653552682635,0.012137319598510487,49.60000000000003,0.14860819755537585,16.29226206205752,1.0
1982-11-25,0.00541996374506088,0.16644605042630503,121.16946852659524,0.0,78.7601545422869,42.40931398430834,121.16946852659524,0.00807438813317689,50.80000000000003,0.14781312680419342,16.27813476865747,1.0
1982-11-26,0.006363957214885767,0.1698615691404013,123.64807426977106,0.0,80.37124827535118,43.27682599441987,123.64807426977104,0.004816747345048038,52.000000000000036,0.14726711538296453,16.27505039061216,1.0
1982-11-27,0.007449085854526678,0.17303199220313464,125.94881669555721,0.0,81.86673085211218,44.082085843445036,125.94881669555721,0.0047167401063018845,53.20000000000004,0.14719539254922234,16.2958877380102,1.0
1982-11-28,0.008665857986889323,0.17594310327265858,128.06137915529885,0.0,83.23989645094424,44.8214827043546,128.06137915529882,0.00476215584234875,54.40000000000004,0.14903239637034238,16.42038768063176,1.0
1982-11-29,0.009653180663959203,0.1785666110219053,129.9652309326912,0.0,84.47740010624929,45.487830826441936,129.9652309326912,0.011373449662861754,55.600000000000044,0.14940033078503612,16.467616173426705,1.0
1982-11-30,0.010989737835457517,0.1864565374799694,135.6908669690222,0.0,88.19906352986443,47.491803439157785,135.6908669690222,0.014736747209036628,56.80000000000005,0.14713143213915136,16.365955590976057,1.0
1982-12-01,0.012818053697143316,0.19680594375128582,143.20132144748118,0.0,93.08085894086275,50.120462506618416,143.20132144748115,0.015409867370148711,58.00000000000005,0.14642042678421438,16.34920746265026,1.0
1982-12-02,0.01516631611673324,0.20899209964243232,152.0446856645686,0.0,98.82904568196957,53.215639982599015,152.0446856645686,0.016385046122075683,59.20000000000005,0.1457386843050058,16.332485283715734,0.9724470250062043
1982-12-03,0.016912762803334005,0.21881367832997492,159.2974645545563,0.0,103.5433519604616,55.75411259409472,159.2974645545563,0.011662126829400111,60.400000000000055,0.14505342374381727,16.313914430679517,1.0
1982-12-04,0.01928133929013269,0.2313345228241201,168.38370874479227,0.0,109.44941068411498,58.93429806067731,168.38370874479227,0.010089543475251235,61.60000000000006,0.144506160820354,16.302199606780327,1.0
1982-12-05,0.021093053644482572,0.23556773508344042,171.45570603022068,0.0,111.44620891964344,60.00949711057725,171.45570603022068,0.014515301889118482,62.80000000000006,0.14430119507803615,16.310667614840757,0.7056475103063516
1982-12-06,0.021093053644482572,0.23348753660404128,171.9291219598912,0.0,111.75392927392927,60.175192685961925,171.92912195989118,0.012226907556107555,64.00000000000006,0.14338420888994863,16.273074396590363,1.0
1982-12-07,0.021093053644482572,0.23348753660404128,171.94134275195265,0.0,111.76187278876921,60.17946996318343,171.94134275195262,0.009977767422752307,65.20000000000006,0.14287373492840552,16.259785008659257,1.0
1982-12-08,0.02132051982397417,0.2337343496977399,172.12045239904887,0.0,111.87829405938176,60.242158339667114,172.12045239904884,0.009410585901191435,66.40000000000006,0.14241678325705415,16.248824363289174,1.0
1982-12-09,0.02187724220378866,0.2337343496977399,172.12045239904887,0.0,111.87829405938176,60.242158339667114,172.12045239904884,0.007165130696867776,67.60000000000007,0.14198442714525705,16.23842969373372,1.0
1982-12-10,0.02303210870281339,0.2337343496977399,172.12045239904887,0.0,111.87829405938176,60.242158339667114,172.12045239904884,0.013769323036931005,68.80000000000007,0.14160855410336864,16.230883404719673,1.0
1982-12-11,0.024522111245087488,0.2337343496977399,172.12045239904887,0.0,111.87829405938176,60.242158339667114,172.12045239904884,0.012047664773524381,70.00000000000007,0.14113013183151013,16.215256574307183,1.0
1982-12-12,0.02475320284672363,0.2337343496977399,172.12045239904887,0.0,111.87829405938176,60.242158339667114,172.12045239904884,0.011370263918403727,71.20000000000007,0.14070032187245063,16.201942727113526,1.0
1982-12-13,0.025159596167883987,0.2337343496977399,172.12045239904887,0.0,111.87829405938176,60.242158339667114,172.12045239904884,0.016268267138678467,72.40000000000008,0.1402990015333175,16.189659984500793,0.9849391722150216
1982-12-14,0.026482874182248994,0.2336284403495697,172.12045239904887,0.0,111.87829405938176,60.242158339667114,172.12045239904884,0.009878904330808628,73.60000000000008,0.13983750337111822,16.171984985296472,0.483050042048253
1982-12-15,0.028434573316663016,0.2299948355749602,172.12045239904887,0.0,111.87829405938174,60.242158339667114,172.12045239904884,0.01090153841952795,74.80000000000008,0.1394696401440729,16.16020628365239,1.0
1982-12-16,0.02989576640990113,0.2299948355749602,172.12045239904887,0.0,111.87829405938174,60.242158339667114,172.12045239904884,0.010885533943270728,76.00000000000009,0.13911025360240722,16.14818893835225,0.6039101357744062
1982-12-17,0.031137239325577836,0.2272539248910196,172.12045239904887,0.0,111.87829405938174,60.242158339667114,172.12045239904884,0.013329428363025338,77.20000000000009,0.13875360156492592,16.135520169075146,0.9726223961028782
1982-12-18,0.03189975448943162,0.22706672521397187,172.12045239904887,0.0,111.87829405938174,60.242158339667114,172.12045239904884,0.01410931239444689,78.40000000000009,0.1383846394849004,16.12103032757262,0.9316266094333766
1982-12-19,0.0335088692759747,0.22659959287796655,172.12045239904887,0.0,111.87829405938174,60.242158339667114,172.12045239904884,0.008475454414869162,79.6000000000001,0.13801571173129232,16.105657709460864,0.44986054187277585
1982-12-20,0.03593781090031725,0.22284870683890018,172.12045239904887,0.0,111.87829405938176,60.242158339667114,172.12045239904884,0.006915729897849727,80.8000000000001,0.1377214200601483,16.095430260203543,0.33475568880888146
1982-12-21,0.03919210504511519,0.21838788621194738,172.12045239904887,0.0,111.87829405938176,60.242158339667114,172.12045239904884,0.005294375057971967,82.0000000000001,0.13745161591990837,16.08650448846961,0.19701854296209403
1982-12-22,0.043273814667174226,0.2131109226857957,172.12045239904887,0.0,111.87829405938176,60.242158339667114,172.12045239904884,0.0067024463950825725,83.2000000000001,0.13719776434410916,16.07825844016057,0.3606942414844887
1982-12-23,0.04542386896750751,0.20936877230180678,172.38023154466663,0.0,112.0471505040333,60.333081040633324,172.3802315446666,0.00662224670146216,84.4000000000001,0.13694794529228901,16.069743493093448,0.3723347995493368
1982-12-24,0.0494678002646179,0.20713524819075232,173.62949265348163,0.0,112.85917022476306,60.770322428718586,173.62949265348163,0.009031048376736716,85.60000000000011,0.13670661993233027,16.061356040325293,0.604575459286049
1982-12-25,0.05120235297071318,0.20566953600907284,174.35475917065094,0.0,113.3305934609231,61.02416570972784,174.35475917065094,0.01013420482112153,86.80000000000011,0.13650626257731674,16.055945429522477,0.7229180641463032
1982-12-26,0.05155929179582551,0.20480874329313709,174.97478053353018,0.0,113.7336073467946,61.241173186735566,174.97478053353015,0.005587475557143227,88.00000000000011,0.13617435425689234,16.038477476111474,0.31433243008280126
1982-12-27,0.053326798459367906,0.20083236257467846,175.15642516001319,0.0,113.85167635400856,61.304748806004625,175.15642516001319,0.005716035318158823,89.20000000000012,0.13596114094321468,16.030800537333263,0.343859281313054
1982-12-28,0.05642705625964277,0.19717042443922125,175.37737103286145,0.0,113.99529117135994,61.38207986150152,175.37737103286145,0.005052763260273995,90.40000000000012,0.13575584136024943,16.023327287858624,0.29595427240891065
1982-12-29,0.06011562575562773,0.19299178001282952,175.37737103286145,0.0,113.99529117135994,61.38207986150152,175.37737103286145,0.00648663230342697,91.60000000000012,0.13556159704583826,16.016373981984426,0.45220696716872366
1982-12-30,0.06381177288611914,0.19051170594248226,175.887175182915,0.0,114.32666386889474,61.56051131402027,175.887175182915,0.006673886768563513,92.80000000000013,0.13536109954634798,16.0083741941803,0.5956777273719966
1982-12-31,0.06648134834141381,0.1883285578381233,175.9857331920905,0.0,114.39072657485882,61.59500661723168,175.9857331920905,0.004207014981799102,94.00000000000013,0.1351671942102217,16.00051287573361,0.5741326900246314
1983-01-01,0.06904856595231715,0.18591391874189128,175.9857331920905,0.0,114.39072657485882,61.59500661723168,175.9857331920905,0.002905118811100422,95.20000000000013,0.13526558543222233,16.0200128168139,0.5850650480247028
1983-01-02,0.07129440468860505,0.18373979287432293,176.09347625959117,0.0,114.46075956873426,61.632716690856924,176.09347625959117,0.004474343373053177,96.40000000000013,0.13513467521748046,16.017644238325015,0.570519468608939
1983-01-03,0.07266804774469494,0.18185070300944128,176.44682342801244,0.0,114.69043522820807,61.75638819980436,176.4468234280124,0.004023585719719233,97.60000000000014,0.1347139996938648,15.986680381174668,0.5237777437627545
1983-01-04,0.07542449900678926,0.17960042517805808,176.70612928792193,0.0,114.85898403714924,61.84714525077269,176.7061292879219,0.002186325870252484,98.80000000000014,0.13492742439057615,16.017356004535948,0.547491598952904
1983-01-05,0.0771949414016918,0.17715321948216617,176.70612928792195,0.0,114.85898403714926,61.84714525077269,176.7061292879219,0.0032739912278913737,100.00000000000014,0.13496046774310036,16.030505712750628,0.5511630825667057
1983-01-06,0.07880552812420619,0.17475882138416293,176.70612928792193,0.0,114.85898403714924,61.84714525077269,176.7061292879219,0.0023904132138930735,101.20000000000014,0.1344067238145251,15.984351852164096,0.48963597939167597
1983-01-07,0.08058992216260664,0.17207285676119358,176.70612928792193,0.0,114.85898403714924,61.84714525077269,176.7061292879219,0.005667569829844734,102.40000000000015,0.13428693363350988,15.981305869899133,0.4763259592788747
1983-01-08,0.08058992216260664,0.16935904071889957,176.70612928792193,0.0,114.85898403714924,61.84714525077269,176.7061292879219,0.003976267687943056,103.60000000000015,0.1341256311871729,15.973671720512398,0.45840346524143366
1983-01-09,0.08058992216260664,0.16659643941909022,176.70612928792195,0.0,114.85898403714926,61.84714525077269,176.7061292879219,0.003983873856769997,104.80000000000015,0.13399118103069851,15.968464565232054,0.44346455896650067
1983-01-10,0.08058992216260664,0.16380376160338123,176.70612928792193,0.0,114.85898403714924,61.84714525077269,176.7061292879219,0.004188947159238592,106.00000000000016,0.13385990108557302,15.963270771979154,0.4288778983970018
1983-01-11,0.08058992216260664,0.16098573717191472,176.70612928792193,0.0,114.85898403714924,61.84714525077269,176.7061292879219,0.0035317447089551137,107.20000000000016,0.13373629592677244,15.958584643951983,0.41514399186360373
1983-01-12,0.08087535147022958,0.15814939120453483,176.70612928792193,0.0,114.85898403714924,61.84714525077269,176.7061292879219,0.0038412192721325516,108.40000000000016,0.1336082452970032,15.95311997449069,0.4009161441114643
1983-01-13,0.08190835586481006,0.1552950214513245,176.70612928792193,0.0,114.85898403714924,61.84714525077269,176.7061292879219,0.002728518069375419,109.60000000000016,0.13348544365051165,15.947923272085184,0.38727151672351623
1983-01-14,0.0826585181814277,0.15242810968959394,176.70612928792195,0.0,114.85898403714926,61.84714525077269,176.7061292879219,0.002575412573594012,110.80000000000017,0.13337979991752097,15.944332942543994,0.37553332416899576
1983-01-15,0.08434146454269868,0.14955998450909871,176.70612928792193,0.0,114.85898403714924,61.84714525077269,176.7061292879219,0.0029067285243646684,112.00000000000017,0.13327613717065123,15.940710938489175,0.3640152411834694
1983-01-16,0.0866763620293743,0.1466936802175448,176.70612928792193,0.0,114.85898403714924,61.84714525077269,176.7061292879219,0.0021817996813420703,113.20000000000017,0.13317125334320215,15.936701917520285,0.3523614825780159
1983-01-17,0.08926021746050944,0.14383054375570586,176.70612928792193,0.0,114.85898403714924,61.84714525077269,176.7061292879219,0.0013441439798386366,114.40000000000018,0.1334438858348201,15.975629042266783,0.3826539816466754
1983-01-18,0.09026469749316658,0.14115435337478807,176.70612928792193,0.0,114.85898403714924,61.84714525077269,176.7061292879219,0.0015486180101786894,115.60000000000018,0.1331134153230113,15.945491777797036,0.3459350358901433
1983-01-19,0.09103769612222372,0.1383714987090953,176.70612928792193,0.0,114.85898403714924,61.84714525077269,176.7061292879219,0.0019223446296931265,116.80000000000018,0.13303999052278237,15.944584323211474,0.3377767247535958
1983-01-20,0.09103769612222372,0.13560921895528055,176.70612928792193,0.0,114.85898403714924,61.84714525077269,176.7061292879219,0.002103369981460814,118.00000000000018,0.13290512671925206,15.9362508467158,0.32279185769467245
1983-01-21,0.09121842560227864,0.13284055315677823,176.70612928792193,0.0,114.85898403714924,61.84714525077269,176.7061292879219,0.002082364641087683,119.20000000000019,0.1327977074909444,15.9308650904582,0.3108563878827116
1983-01-22,0.09127907565551308,0.1300803311974352,176.70612928792193,0.0,114.85898403714924,61.84714525077269,176.7061292879219,0.0023837196187647793,120.0,0.13273106639403115,15.927727967283738,0.30345182155901584
1983-01-23,0.09127907565551308,0.1273481306091207,176.70612928792193,0.0,114.85898403714924,61.84714525077269,176.7061292879219,0.0018478011035004869,120.0,0.1327000517721106,15.924006212653273,0.3000057524567338
1983-01-24,0.09195551774192011,0.12465978860330164,176.70612928792193,0.0,114.85898403714924,61.84714525077269,176.7061292879219,0.0024337882327201354,120.0,0.13267505818994685,15.921006982793623,0.2972286877718713
1983-01-25,0.09412313969991401,0.12201745991380372,176.70612928792193,0.0,114.85898403714924,61.84714525077269,176.7061292879219,0.001471903969210085,120.0,0.1326427629436021,15.917131553232252,0.13776227357611645
1983-01-26,0.09786588276563393,0.11884390772112252,176.70612928792193,0.0,114.85898403714924,61.84714525077269,176.7061292879219,0.0017539797739215578,120.0,0.1326138543112003,15.913662517344036,0.18874028589448016
1983-01-27,0.10213869586286632,0.1159352224529099,176.70612928792193,0.0,114.85898403714924,61.84714525077269,176.7061292879219,0.0019419459182005198,120.0,0.13258468714821167,15.910162457785402,0.22579827489953053
1983-01-28,0.10663307606817576,0.11322696193045635,176.70612928792193,0.0,114.85898403714924,61.84714525077269,176.7061292879219,0.0015243809363895558,120.0,0.1325539511339982,15.906474136079785,0.1664577935461643
1983-01-29,0.1131382023363057,0.11037884400168223,176.70612928792193,0.0,114.85898403714924,61.84714525077269,176.7061292879219,0.0012363068194596288,120.0,0.1325345974572541,15.904151694870492,0.12452773550465937
1983-01-30,0.11789337648642668,0.10746225933076257,176.70612928792193,0.0,114.85898403714924,61.84714525077269,176.7061292879219,0.0009762832471911924,120.0,0.1324964390713083,15.899572688556994,0.08358631637708785
1983-01-31,0.12009491006871946,0.10448946465842396,176.70612928792193,0.0,114.85898403714924,61.84714525077269,176.7061292879219,0.0006759118627849001,120.0,0.13255021521785632,15.906025826142757,0.28335724642847876
1983-02-01,0.12048641698801947,0.102228628649193,176.70612928792193,0.0,114.85898403714924,61.84714525077269,176.7061292879219,0.0010828621243378104,120.0,0.1329250549833031,15.95100659799637,0.3250061092558984
1983-02-02,0.12127552956706153,0.10014496632802164,176.70612928792195,0.0,114.85898403714926,61.84714525077269,176.7061292879219,0.0010482582755788146,120.0,0.1325172429559312,15.902069154711743,0.2796936617701329
1983-02-03,0.12127552956706153,0.09796645367837557,176.70612928792195,0.0,114.85898403714926,61.84714525077269,176.7061292879219,0.001609452676392824,120.0,0.13241584137367585,15.889900964841102,0.26842681929731554
1983-02-04,0.12274511062679543,0.0958016775491451,176.70612928792195,0.0,114.85898403714927,61.84714525077269,176.7061292879219,0.0010438356735098934,120.0,0.1323890896833787,15.886690762005443,0.12315168219463186
1983-02-05,0.12678492449363193,0.09326396755353253,176.70612928792195,0.0,114.85898403714926,61.84714525077269,176.7061292879219,0.0009176502678139734,120.0,0.1323604506279272,15.883254075351266,0.10380112552041051
1983-02-06,0.13228227398464437,0.09073848338337455,176.70612928792195,0.0,114.85898403714927,61.84714525077269,176.7061292879219,0.0007559309471751841,120.0,0.13233301931310085,15.879962317572101,0.07396306638406519
1983-02-07,0.13536089370594448,0.08819907645284532,176.70612928792195,0.0,114.85898403714926,61.84714525077269,176.7061292879219,0.0010317346679419906,120.0,0.1323012744121911,15.876152929462934,0.14074745574088904
1983-02-08,0.1379815941693366,0.08590826748264473,176.70612928792195,0.0,114.85898403714926,61.84714525077269,176.7061292879219,0.0006416431666665357,120.0,0.13227555475781125,15.87306657093735,0.05600223194055274
1983-02-09,0.14284830206325352,0.08345639919096942,176.70612928792195,0.0,114.85898403714926,61.84714525077269,176.7061292879219,0.000637433943741828,120.0,0.1322393367010169,15.868720404122028,0.062452342967701864
1983-02-10,0.14572196589047598,0.08109024623022427,176.70612928792195,0.0,114.85898403714926,61.84714525077269,176.7061292879219,0.0007590847261732714,120.0,0.13220574584147038,15.864689500976445,0.09974125449242421
1983-02-11,0.14925499061270806,0.07888210633539958,176.70612928792195,0.0,114.85898403714926,61.84714525077269,176.7061292879219,0.0009909459538332492,120.0,0.13217979313358766,15.861575176030518,0.1600205932273902
1983-02-12,0.15167706914861442,0.07687746237575212,176.70612928792195,0.0,114.85898403714926,61.84714525077269,176.7061292879219,0.0006730788516585898,120.0,0.13215529933373138,15.858635920047766,0.08965761677247362
1983-02-13,0.1555553762159233,0.07475964177043208,176.70612928792195,0.0,114.85898403714926,61.84714525077269,176.7061292879219,0.0008340905100122384,120.0,0.1321287861629817,15.855454339557806,0.13578031708901353
1983-02-14,0.15924823526912027,0.07280402888699372,176.70612928792195,0.0,114.85898403714926,61.84714525077269,176.7061292879219,0.0005029782842282095,120.0,0.13211416636256984,15.853699963508381,0.05057188156181406
1983-02-15,0.1645044456657328,0.07071130219241545,176.70612928792195,0.0,114.85898403714926,61.84714525077269,176.7061292879219,0.0005096729709300912,120.0,0.13207090450554462,15.848508540665353,0.06069105776301012
1983-02-16,0.1703926126569075,0.06869985166349601,176.70612928792193,0.0,114.85898403714924,61.84714525077269,176.7061292879219,0.0004668813731416407,120.0,0.13204036486801674,15.84484378416201,0.052204869211125715
1983-02-17,0.1767001501459588,0.06672742197118998,176.70612928792195,0.0,114.85898403714926,61.84714525077269,176.7061292879219,0.0005167801921337428,120.0,0.13200834156338348,15.841000987606018,0.07491450294996753
1983-02-18,0.1796927685813364,0.06485699263967898,176.70612928792195,0.0,114.85898403714926,61.84714525077269,176.7061292879219,0.0005369026716192457,120.0,0.13198013297912017,15.837615957494421,0.08652743875755485
1983-02-19,0.1796927685813364,0.06306130106624729,176.70612928792193,0.0,114.85898403714924,61.84714525077269,176.7061292879219,0.00045514105802646373,120.0,0.13195308252447693,15.834369902937231,0.0662209186685858
1983-02-20,0.1803011508427585,0.06127599459672405,176.70612928792195,0.0,114.85898403714926,61.84714525077269,176.7061292879219,0.0005088741511179985,120.0,0.13192237473197987,15.830684967837584,0.08903812425333296
1983-02-21,0.1803011508427585,0.0595831030745212,176.70612928792193,0.0,114.85898403714924,61.84714525077269,176.7061292879219,0.0005118222832014232,120.0,0.13189535159837132,15.827442191804558,0.09536256996911172
1983-02-22,0.1807649375018443,0.05794790821541927,176.70612928792195,0.0,114.85898403714926,61.84714525077269,176.7061292879219,0.0004820477537126929,120.0,0.1318698319882222,15.824379838586662,0.09107715637573498
1983-02-23,0.18505103351390656,0.056349555153043254,176.70612928792195,0.0,114.85898403714926,61.84714525077269,176.7061292879219,0.00042219812830693364,120.0,0.13199160845903724,15.838993015084467,0.22128982878191433
1983-02-24,0.18811503837956595,0.05501752244247405,176.70612928792195,0.0,114.85898403714926,61.84714525077269,176.7061292879219,0.0005648242766528205,120.0,0.1318824445629713,15.825893347556555,0.20916050699681
1983-02-25,0.19120396554404182,0.0536963444865448,176.70612928792193,0.0,114.85898403714924,61.84714525077269,176.7061292879219,0.0003922757955698727,120.0,0.1318216667437099,15.81860000924519,0.0731598118951308
1983-02-26,0.19551564842041974,0.05218469913636548,176.70612928792195,0.0,114.85898403714926,61.84714525077269,176.7061292879219,0.0003193149805514788,120.0,0.13179059825115597,15.814871790138715,0.049178202735904765
1983-02-27,0.20155256697144158,0.05067705974413278,176.70612928792195,0.0,114.85898403714926,61.84714525077269,176.7061292879219,0.0003853518688107561,120.0,0.13175790747049126,15.810948896458953,0.08126551885715914
1983-02-28,0.20739478613067291,0.049261852160963994,176.70612928792195,0.0,114.85898403714926,61.84714525077269,176.7061292879219,0.0003871932706813349,120.0,0.13173289929279214,15.807947915135056,0.1925443658657925
1983-03-01,0.21197530088727826,0.04805233870007857,176.70612928792195,0.0,114.85898403714926,61.84714525077269,176.7061292879219,0.00038748733397350385,120.0,0.1323144393035127,15.877732716421523,0.25715992261252074
1983-03-02,0.2148610873640089,0.046966569187759225,176.70612928792195,0.0,114.85898403714927,61.84714525077269,176.7061292879219,0.0005376333101459152,120.0,0.13210095040641343,15.852114048769613,0.23343893404593546
1983-03-03,0.21943214931506586,0.045871097237340785,176.70612928792195,0.0,114.85898403714926,61.84714525077269,176.7061292879219,0.0004220573399784794,120.0,0.13177510341010998,15.813012409213199,0.19723371223444136
1983-03-04,0.22437471569969056,0.04475026760972357,176.70612928792195,0.0,114.85898403714926,61.84714525077269,176.7061292879219,0.0004594459449471915,120.0,0.1317913806403337,15.814965676840043,0.19904229337040916
1983-03-05,0.22648564589521883,0.04365889525345913,176.70612928792195,0.0,114.85898403714927,61.84714525077269,176.7061292879219,0.0002726944468734306,120.0,0.13178309350652007,15.813971220782408,0.05230749892655807
1983-03-06,0.2314217237882953,0.042398612939241825,176.70612928792195,0.0,114.85898403714927,61.84714525077269,176.7061292879219,0.00022926580633117222,120.0,0.13168679900099287,15.802415880119145,0.03565400415296405
1983-03-07,0.2388841444140426,0.041152644536347927,176.70612928792195,0.0,114.85898403714927,61.84714525077269,176.7061292879219,0.0002149078130486649,120.0,0.13164952304587016,15.797942765504418,0.03171167232240417
1983-03-08,0.2470102163088614,0.03993777620411916,176.70612928792195,0.0,114.85898403714926,61.84714525077269,176.7061292879219,0.0004912489979720587,120.0,0.13160721694099528,15.792866032919433,0.1785796601105861
1983-03-09,0.25206332446901086,0.038937114135837024,176.70612928792195,0.0,114.85898403714926,61.84714525077269,176.7061292879219,0.0004480793454517122,120.0,0.1315942700654874,15.791312407858488,0.17714111838748894
1983-03-10,0.25829710938293454,0.03795940173246123,176.70612928792195,0.0,114.85898403714927,61.84714525077269,176.7061292879219,0.00020280798948137677,120.0,0.13156502286882682,15.787802744259219,0.04243391481783788
1983-03-11,0.267587422100614,0.03684971835169799,176.70612928792195,0.0,114.85898403714926,61.84714525077269,176.7061292879219,0.00019276538259233213,120.0,0.13153331491336337,15.783997789603605,0.04145832403960238
1983-03-12,0.27721676648721044,0.03577081473251677,176.70612928792195,0.0,114.85898403714926,61.84714525077269,176.7061292879219,0.0001907347179633613,120.0,0.13150127928449543,15.78015351413945,0.04549226635008597
1983-03-13,0.28521287976629317,0.034727346244248,176.70612928792195,0.0,114.85898403714926,61.84714525077269,176.7061292879219,0.00021022036244765018,120.0,0.1314687679695429,15.77625215634515,0.06169199762818748
1983-03-14,0.2896488100537601,0.03373096015795289,176.70612928792195,0.0,114.85898403714927,61.84714525077269,176.7061292879219,0.00016342583567201626,120.0,0.13144319307549823,15.773183169059788,0.036931696982380545
1983-03-15,0.2974933997107079,0.03273706882807253,176.70612928792195,0.0,114.85898403714926,61.84714525077269,176.7061292879219,0.00015009770720787773,120.0,0.1314111367708137,15.769336412497646,0.03165991755116106
1983-03-16,0.3088895925050852,0.031766609739688534,176.70612928792195,0.0,114.85898403714926,61.84714525077269,176.7061292879219,0.00013784572504978575,120.0,0.13137516981733496,15.765020378080196,0.022580260610506137
1983-03-17,0.3160194043672405,0.030815507501547074,176.70612928792195,0.0,114.85898403714926,61.84714525077269,176.7061292879219,0.00013452022714892863,120.0,0.13132282767708825,15.75873932125059,0.03169319853350827
1983-03-18,0.3220830333555976,0.029900901594031054,176.70612928792195,0.0,114.85898403714926,61.84714525077269,176.7061292879219,0.00012191789456258479,120.0,0.1312908873097895,15.754906477174739,0.023231116928047087
1983-03-19,0.33213885140896865,0.029005103657431804,176.70612928792195,0.0,114.85898403714926,61.84714525077269,176.7061292879219,0.00011644324069720557,120.0,0.13124972024259077,15.749966429110893,0.026269209711646656
1983-03-20,0.3452038481994447,0.02813825994664095,176.70612928792195,0.0,114.85898403714926,61.84714525077269,176.7061292879219,0.00011274070627342642,120.0,0.13121191243919153,15.745429492702984,0.029178359111422837
1983-03-21,0.3599860976922584,0.02729925256498748,176.70612928792195,0.0,114.85898403714926,61.84714525077269,176.7061292879219,0.00013862261398311088,120.0,0.13117878560958174,15.741454273149808,0.053581238795673496
1983-03-22,0.3732431918501891,0.026505156307929486,176.70612928792193,0.0,114.85898403714924,61.84714525077269,176.7061292879219,0.0001766249860975911,120.0,0.13144603959466525,15.77352475135983,0.16067106607391585
1983-03-23,0.38224219181089386,0.02582090941623248,176.70612928792195,0.0,114.85898403714926,61.84714525077269,176.7061292879219,0.00042143000351340423,120.0,0.13342281019618416,16.010737223542097,0.3803122440204608
1983-03-24,0.3882848283565877,0.02532844138482053,176.70612928792195,0.0,114.85898403714926,61.84714525077269,176.7061292879219,0.00030323000510009936,120.0,0.13285723981405226,15.942868777686272,0.12332249807024522
1983-03-25,0.39584323484259826,0.024644694770971844,176.70612928792195,0.0,114.85898403714926,61.84714525077269,176.7061292879219,0.00022788846230099543,120.0,0.13257631906882647,15.909158288259178,0.07970633862262876
1983-03-26,0.40444414841714005,0.023945808059521366,176.70612928792195,0.0,114.85898403714926,61.84714525077269,176.7061292879219,0.0004171320281053107,120.0,0.13254620728442487,15.905544874130985,0.28291192049165165
1983-03-27,0.41270776461315156,0.02341627403457849,176.70612928792195,0.0,114.85898403714926,61.84714525077269,176.7061292879219,0.00019974528604062983,120.0,0.13252772481307765,15.903326977569316,0.06532746550642168
1983-03-28,0.42233298594850777,0.022740912895198417,176.70612928792195,0.0,114.85898403714926,61.84714525077269,176.7061292879219,0.00042352292690080005,120.0,0.13249204587745347,15.899045505294417,0.255518069088117
1983-03-29,0.43182362275678776,0.022218060548334077,176.70612928792193,0.0,114.85898403714924,61.84714525077269,176.7061292879219,0.00022611435165851323,120.0,0.13248229190584643,15.897875028701572,0.10266068508610887
1983-03-30,0.4420918926667842,0.02160193118803526,176.70612928792193,0.0,114.85898403714924,61.84714525077269,176.7061292879219,0.00018278866783650571,120.0,0.13244180123914828,15.893016148697793,0.068502330343099
1983-03-31,0.45345474878720665,0.020979565777103273,176.70612928792195,0.0,114.85898403714926,61.84714525077269,176.7061292879219,0.00015983500381798758,120.0,0.1324099848221747,15.889198178660964,0.04056610312563492
1983-04-01,0.4688122118381596,0.02035644877267425,176.70612928792195,0.0,114.85898403714926,61.84714525077269,176.7061292879219,0.00015255131382767924,120.0,0.1323570236925707,15.882842843108486,0.036047079222179555
1983-04-02,0.48562333737982033,0.019748416492233023,176.70612928792195,0.0,114.85898403714926,61.84714525077269,176.7061292879219,0.0001448807857490459,120.0,0.13230464882102055,15.876557858522466,0.03490970659547226
1983-04-03,0.5038018900155233,0.019157270973175936,176.70612928792195,0.0,114.85898403714926,61.84714525077269,176.7061292879219,0.00013649854526007551,120.0,0.1322531455972774,15.87037747167329,0.038304572126833344
1983-04-04,0.5197886867394249,0.01858525996503318,176.70612928792195,0.0,114.85898403714927,61.84714525077269,176.7061292879219,0.00013113822347260762,120.0,0.1322200632661285,15.866407591935422,0.03420296714576971
1983-04-05,0.5390584517228235,0.018027382741449265,176.70612928792195,0.0,114.85898403714926,61.84714525077269,176.7061292879219,0.00012884286262353686,120.0,0.13214898072847278,15.857877687416735,0.026937904935456763
1983-04-06,0.5610137117325078,0.017481594446166874,176.70612928792195,0.0,114.85898403714926,61.84714525077269,176.7061292879219,0.000116073773606783,120.0,0.13208186947696668,15.849824337236,0.040803794947603896
1983-04-07,0.5822550496693067,0.016959289038608556,176.70612928792195,0.0,114.85898403714926,61.84714525077269,176.7061292879219,0.00011087097522351776,120.0,0.13206555868824876,15.84786704258985,0.03626156760058734
1983-04-08,0.6032030467998235,0.01644961125283583,176.70612928792195,0.0,114.85898403714926,61.84714525077269,176.7061292879219,0.00012546485289383522,120.0,0.1319987603172429,15.839851238069146,0.07115076742580131
1983-04-09,0.6228738471525204,0.015972587205716964,176.70612928792195,0.0,114.85898403714926,61.84714525077269,176.7061292879219,0.00024301985638525508,120.0,0.13202747896472225,15.84329747576667,0.22527544052469378
1983-04-10,0.6405928600266299,0.015585802995814,176.70612928792195,0.0,114.85898403714926,61.84714525077269,176.7061292879219,0.0002051306420205918,120.0,0.13194379011393184,15.833254813671822,0.21597667932575948
1983-04-11,0.6578744370983997,0.01520347377891049,176.70612928792195,0.0,114.85898403714926,61.84714525077269,176.7061292879219,0.00025492708227565033,120.0,0.13231809336744016,15.87817120409282,0.2575659297155725
1983-04-12,0.674268348365562,0.014849941200034203,176.70612928792193,0.0,114.85898403714924,61.84714525077269,176.7061292879219,0.0001298283622806861,120.0,0.13205221191621352,15.846265429945623,0.09094728982767038
1983-04-13,0.6906535973573804,0.014426709477131908,176.70612928792195,0.0,114.85898403714926,61.84714525077269,176.7061292879219,0.00017848353573369968,120.0,0.13216657112617353,15.859988535140822,0.24073012513039113
1983-04-14,0.7055705344257271,0.014082853229523642,176.70612928792195,0.0,114.85898403714926,61.84714525077269,176.7061292879219,0.00011111639450438524,120.0,0.1321325481557475,15.8559057786897,0.0706747964749939
1983-04-15,0.7219336325348761,0.013671569377044284,176.70612928792193,0.0,114.85898403714924,61.84714525077269,176.7061292879219,9.426165440309977e-05,120.0,0.13192823630819858,15.83138835698383,0.058699326237829114
1983-04-16,0.7322656561284934,0.01326659989169723,176.70612928792193,0.0,114.85898403714924,61.84714525077269,176.7061292879219,7.742275711370188e-05,120.0,0.13183252045094793,15.819902454113752,0.03510142121690165
1983-04-17,0.7462012978186463,0.0128632006721249,176.70612928792193,0.0,114.85898403714924,61.84714525077269,176.7061292879219,7.163790478994711e-05,120.0,0.13175468021535058,15.81056162584207,0.03217418788089202
1983-04-18,0.7629784999997988,0.012470290257081018,176.70612928792193,0.0,114.85898403714924,61.84714525077269,176.7061292879219,0.00011948618575923135,120.0,0.13171392641847074,15.805671170216488,0.11784978312599659
1983-04-19,0.7805490727494653,0.01212255993577934,176.70612928792193,0.0,114.85898403714924,61.84714525077269,176.7061292879219,7.011288621790949e-05,120.0,0.13176237116689246,15.811484540027095,0.040529440112315095
1983-04-20,0.7989208372172414,0.01175436021067764,176.70612928792193,0.0,114.85898403714924,61.84714525077269,176.7061292879219,7.609555084420598e-05,120.0,0.13164867805581706,15.797841366698048,0.06224468965104943
1983-04-21,0.8126046330071065,0.011404852215594233,176.70612928792193,0.0,114.85898403714924,61.84714525077269,176.7061292879219,6.463276346449281e-05,120.0,0.13176084590430798,15.811301508516957,0.03653684916396901
1983-04-22,0.8283672246531005,0.011055864869901951,176.70612928792193,0.0,114.85898403714924,61.84714525077269,176.7061292879219,5.521983073650771e-05,120.0,0.1315751562866706,15.789018754400471,0.025720578728575232
1983-04-23,0.8487155279331813,0.010713159971062947,176.70612928792193,0.0,114.85898403714924,61.84714525077269,176.7061292879219,5.236901659882208e-05,120.0,0.13151923777877272,15.782308533452726,0.021706917443476064
1983-04-24,0.8713205408583639,0.01037910123312137,176.70612928792193,0.0,114.85898403714924,61.84714525077269,176.7061292879219,4.903294982091862e-05,120.0,0.13146115841672,15.775339010006398,0.020377399763849287
1983-04-25,0.8975217171882555,0.010054406048104833,176.70612928792193,0.0,114.85898403714924,61.84714525077269,176.7061292879219,4.545418871593464e-05,120.0,0.13140044429038847,15.768053314846616,0.019686298703786072
1983-04-26,0.9266350077630169,0.009739030892312494,176.70612928792193,0.0,114.85898403714924,61.84714525077269,176.7061292879219,6.796737158765143e-05,120.0,0.13201074905980922,15.841289887177108,0.02292983479989664
1983-04-27,0.9533675835690922,0.009433943519006492,176.70612928792193,0.0,114.85898403714924,61.84714525077269,176.7061292879219,5.243246162055347e-05,120.0,0.1312798517992284,15.753582215907409,0.0586007151538605
1983-04-28,0.9756234844085573,0.009148610547439212,176.70612928792195,0.0,114.85898403714926,61.84714525077269,176.7061292879219,5.280347375256319e-05,120.0,0.13180794058936807,15.816952870724169,0.03514971013314047
1983-04-29,0.9935968544112368,0.008864428812592097,176.70612928792195,0.0,114.85898403714926,61.84714525077269,176.7061292879219,3.708063162817179e-05,120.0,0.1312554497421328,15.750653969055936,0.03063550525716098
1983-04-30,1.0,0.008587181759009598,176.70612928792195,0.0,114.85898403714926,61.84714525077269,176.7061292879219,3.804033025960156e-05,120.0,0.13116430989520936,15.739717187425121,0.041017360426499685
1983-05-01,1.0104690117252932,0.008320880263677537,176.70612928792195,0.0,114.85898403714926,61.84714525077269,176.7061292879219,2.9718884339536325e-05,120.0,0.13112646079315485,15.73517529517858,0.01882178146930392
1983-05-02,1.0238693467336684,0.00805625391765412,176.70612928792195,0.0,114.85898403714926,61.84714525077269,176.7061292879219,2.9142047817147648e-05,120.0,0.13107469886231893,15.72896386347827,0.027200253085726225
1983-05-03,1.038358458961474,0.007801610120734073,176.70612928792195,0.0,114.85898403714926,61.84714525077269,176.7061292879219,7.634186282291613e-05,120.0,0.13139383983376687,15.767260780052025,0.15487109264076307
1983-05-04,1.0522613065326634,0.0063190627528671005,176.70612928792195,0.0,114.85898403714926,61.84714525077269,176.7061292879219,6.693797762145192e-05,120.0,0.13158857968727186,15.790629562472624,0.1765088541413173
1983-05-05,1.0669179229480739,0.006162951986053757,176.70612928792195,0.0,114.85898403714926,61.84714525077269,176.7061292879219,4.7447564360621375e-05,120.0,0.13105154479107675,15.72618537492921,0.11683831011963848
1983-05-06,1.0815745393634844,0.0059996654933341135,176.70612928792195,0.0,114.85898403714926,61.84714525077269,176.7061292879219,2.0985564523353282e-05,120.0,0.13110041705336348,15.732050046403618,0.01753116016822026
1983-05-07,1.0993299832495815,0.005822830961435672,176.70612928792195,0.0,114.85898403714926,61.84714525077269,176.7061292879219,1.791473649687363e-05,120.0,0.1309355520065501,15.712266240786011,0.01224493890108206
1983-05-08,1.119849246231156,0.0018310288754733361,176.70612928792195,0.0,114.85898403714926,61.84714525077269,176.7061292879219,5.184231340298394e-06,120.0,0.13086399867294182,15.70367984075302,0.011486766609023523
1983-05-09,1.140033500837521,0.00035732347495529297,176.70612928792195,0.0,114.85898403714927,61.84714525077269,176.7061292879219,9.1695882685031e-07,120.0,0.13079830382491575,15.695796458989891,0.011626882842905117
1983-05-10,1.1604690117252934,0.0,176.70612928792195,0.0,114.85898403714927,61.84714525077269,176.7061292879219,0.0,120.0,0.1307395991011552,15.688751892138626,0.01046486830758526
1983-05-11,1.1813232830820772,0.0,176.70612928792195,0.0,114.85898403714927,61.84714525077269,176.7061292879219,0.0,120.0,0.13067606554125014,15.681127864950016,0.018770043263371065
1983-05-12,1.2005025125628142,0.0,176.70612928792195,0.0,114.85898403714927,61.84714525077269,176.7061292879219,0.0,120.0,0.13178914566041916,15.8146974792503,0.027355335570084634
1983-05-13,1.220854271356784,0.0,176.70612928792195,0.0,114.85898403714927,61.84714525077269,176.7061292879219,0.0,120.0,0.13061431532074694,15.673717838489633,0.010159510284244437
1983-05-14,1.2394472361809046,0.0,176.70612928792195,0.0,114.85898403714927,61.84714525077269,176.7061292879219,0.0,120.0,0.1305276209856882,15.663314518282586,0.016166629257927445
1983-05-15,1.2549413735343384,0.0,176.70612928792195,0.0,114.85898403714927,61.84714525077269,176.7061292879219,0.0,120.0,0.13138069653420398,15.765683584104476,0.034226791931866174
1983-05-16,1.2665829145728644,0.0,176.70612928792195,0.0,114.85898403714927,61.84714525077269,176.7061292879219,0.0,120.0,0.1304581504468361,15.65497805362033,0.006554261542149099
1983-05-17,1.2831658291457289,0.0,176.70612928792195,0.0,114.85898403714927,61.84714525077269,176.7061292879219,0.0,120.0,0.1303973142989661,15.64767771587593,0.005340230543923218
1983-05-18,1.3010887772194306,0.0,176.70612928792195,0.0,114.85898403714927,61.84714525077269,176.7061292879219,0.0,120.0,0.13033256056877252,15.639907268252703,0.004153031129654878
1983-05-19,1.3205192629815747,0.0,176.70612928792195,0.0,114.85898403714927,61.84714525077269,176.7061292879219,0.0,120.0,0.1302676809210608,15.632121710527295,0.0036107312664536346
1983-05-20,1.3411222780569516,0.0,176.70612928792195,0.0,114.85898403714927,61.84714525077269,176.7061292879219,0.0,120.0,0.1302075319314124,15.624903831769489,0.0027883061909657132
1983-05-21,1.3634840871021778,0.0,176.70612928792195,0.0,114.85898403714927,61.84714525077269,176.7061292879219,0.0,120.0,0.1301323766337688,15.615885196052258,0.0016488068689710603
1983-05-22,1.386850921273032,0.0,176.70612928792195,0.0,114.85898403714927,61.84714525077269,176.7061292879219,0.0,120.0,0.13005587274789837,15.606704729747806,0.0021063598468760597
1983-05-23,1.4064489112227807,0.0,176.70612928792195,0.0,114.85898403714927,61.84714525077269,176.7061292879219,0.0,120.0,0.1300880453796792,15.610565445561503,0.009782819964353968
1983-05-24,1.4228643216080403,0.0,176.70612928792195,0.0,114.85898403714927,61.84714525077269,176.7061292879219,0.0,120.0,0.13002258113030898,15.60270973563708,0.0022348212273928217
1983-05-25,1.4402010050251257,0.0,176.70612928792195,0.0,114.85898403714927,61.84714525077269,176.7061292879219,0.0,120.0,0.13000679628854347,15.600815554625218,9.50563615667707e-05
1983-05-26,1.458961474036851,0.0,176.70612928792195,0.0,114.85898403714927,61.84714525077269,176.7061292879219,0.0,120.0,0.12992664337059057,15.591197204470868,0.0
1983-05-27,1.4793969849246233,0.0,176.70612928792195,0.0,114.85898403714927,61.84714525077269,176.7061292879219,0.0,120.0,0.12986574793651182,15.583889752381419,0.0
1983-05-28,1.5000837520938026,0.0,176.70612928792195,0.0,114.85898403714927,61.84714525077269,176.7061292879219,0.0,120.0,0.12979828905462815,15.575794686555376,0.0
1983-05-29,1.5234505862646568,0.0,176.70612928792195,0.0,114.85898403714927,61.84714525077269,176.7061292879219,0.0,120.0,0.13030724996882823,15.636869996259387,0.024967249406456588
1983-05-30,1.5425460636515915,0.0,176.70612928792195,0.0,114.85898403714927,61.84714525077269,176.7061292879219,0.0,120.0,0.1327457549111516,15.929490589338192,0.04211668828608131
1983-05-31,1.5644053601340036,0.0,176.70612928792195,0.0,114.85898403714927,61.847145250772684,176.7061292879219,0.0,120.0,0.12966066244589852,15.559279493507823,0.0
1983-06-01,1.588107202680067,0.0,176.70612928792195,0.0,114.85898403714927,61.847145250772684,176.7061292879219,0.0,120.0,0.12958967133184332,15.5507605598212,0.0
1983-06-02,1.610887772194305,0.0,176.70612928792195,0.0,114.85898403714927,61.847145250772684,176.7061292879219,0.0,120.0,0.129754791926227,15.57057503114724,0.0
1983-06-03,1.6304857621440536,0.0,176.70612928792195,0.0,114.85898403714927,61.847145250772684,176.7061292879219,0.0,120.0,0.12945672055401064,15.534806466481276,0.0
1983-06-04,1.6500837520938023,0.0,176.70612928792195,0.0,114.85898403714927,61.847145250772684,176.7061292879219,0.0,120.0,0.12938925381081579,15.526710457297893,0.0
1983-06-05,1.6711892797319932,0.0,176.70612928792195,0.0,114.85898403714927,61.847145250772684,176.7061292879219,0.0,120.0,0.12931739505968182,15.518087407161818,0.0
1983-06-06,1.6916247906197655,0.0,176.70612928792195,0.0,114.85898403714927,61.84714525077269,176.7061292879219,0.0,120.0,0.12925960034136633,15.511152040963958,0.0
1983-06-07,1.7123115577889447,0.0,176.70612928792195,0.0,114.85898403714927,61.84714525077269,176.7061292879219,0.0,120.0,0.12919458093029598,15.503349711635517,0.0
1983-06-08,1.7328308207705192,0.0,176.70612928792195,0.0,114.85898403714927,61.84714525077269,176.7061292879219,0.0,120.0,0.1291441431945829,15.497297183349946,0.0
1983-06-09,1.7541876046901173,0.0,176.70612928792195,0.0,114.85898403714927,61.84714525077269,176.70612928792187,0.0,120.0,0.12907336135081024,15.488803362097228,0.0
1983-06-10,1.775460636515913,0.0,176.70612928792195,0.0,114.85898403714927,61.84714525077269,176.70612928792187,0.0,120.0,0.12902670943272318,15.483205131926782,0.0
1983-06-11,1.7965661641541038,0.0,176.70612928792195,0.0,114.85898403714927,61.84714525077269,176.70612928792187,0.0,120.0,0.129035267679673,15.48423212156076,0.0
1983-06-12,1.815075376884422,0.0,176.70612928792195,0.0,114.85898403714927,61.84714525077269,176.70612928792184,0.0,120.0,0.13081203526768984,15.697444232122779,0.011095934146880058
1983-06-13,1.835175879396985,0.0,176.70612928792195,0.0,114.85898403714927,61.84714525077269,176.70612928792184,0.0,120.0,0.12885846585644992,15.46301590277399,0.0
1983-06-14,1.8573701842546064,0.0,176.70612928792195,0.0,114.85898403714927,61.84714525077269,176.70612928792184,0.0,120.0,0.12878700948804317,15.454441138565182,0.0
1983-06-15,1.8768844221105527,0.0,176.70612928792195,0.0,114.85898403714927,61.8471452507727,176.70612928792184,0.0,120.0,0.12895282404372607,15.474338885247128,0.0
1983-06-16,1.8964824120603014,0.0,176.70612928792195,0.0,114.85898403714927,61.84714525077269,176.70612928792184,0.0,120.0,0.1287198096265425,15.4463771551851,0.0
1983-06-17,1.9149916247906198,0.0,176.70612928792195,0.0,114.85898403714927,61.84714525077269,176.70612928792184,0.0,120.0,0.1286296939395919,15.435563272751027,0.0
1983-06-18,1.9355108877721943,0.0,176.70612928792195,0.0,114.85898403714927,61.847145250772684,176.70612928792184,0.0,120.0,0.12856186528919825,15.42742383470379,0.0
1983-06-19,1.95678391959799,0.0,176.70612928792195,0.0,114.85898403714927,61.847145250772684,176.70612928792184,0.0,120.0,0.12849442260571198,15.419330712685438,0.0
1983-06-20,1.976465661641541,0.0,176.70612928792195,0.0,114.85898403714927,61.847145250772684,176.70612928792184,0.0,120.0,0.12947732962370198,15.537279554844236,0.0
1983-06-21,1.995644891122278,0.0,176.70612928792195,0.0,114.85898403714927,61.847145250772684,176.70612928792184,0.0,120.0,0.12844663059388647,15.413595671266377,0.0
1983-06-22,2.0,0.0,176.70612928792195,0.0,114.85898403714927,61.847145250772684,176.70612928792184,0.0,120.0,0.12842177256096254,15.410612707315506,0.0
1983-06-23,,,,,,,,,,0.1292207543794781,15.506490525537375,
1983-06-24,,,,,,,,,,0.16442297377245407,15.858512719467134,
1983-06-25,,,,,,,,,,0.18457628413702956,16.06004582311289,
1983-06-26,,,,,,,,,,0.1777806719919391,15.992089701661985,
1983-06-27,,,,,,,,,,0.17462647210286178,15.960547702771212,
1983-06-28,,,,,,,,,,0.173385322016385,15.948136201906443,
1983-06-29,,,,,,,,,,0.17285714226484866,15.942854404391081,
1983-06-30,,,,,,,,,,0.1723808594503037,15.93809157624563,
1983-07-01,,,,,,,,,,0.21021233976039566,16.31640637934655,
1983-07-02,,,,,,,,,,0.2212399959812302,16.426682941554894,
1983-07-03,,,,,,,,,,0.19116241103253426,16.125907092067937,
1983-07-04,,,,,,,,,,0.19086646846384003,16.122947666380995,
1983-07-05,,,,,,,,,,0.2329411297404053,16.543694279146646,
1983-07-06,,,,,,,,,,0.1893366064721879,16.107649046464473,
1983-07-07,,,,,,,,,,0.18889305926206623,16.103213574363256,
1983-07-08,,,,,,,,,,0.18738444300136048,16.088127411756197,
1983-07-09,,,,,,,,,,0.18650635426037265,16.07934652434632,
1983-07-10,,,,,,,,,,0.1861498614152124,16.075781595894718,
1983-07-11,,,,,,,,,,0.1913622116912493,16.127905098655088,
1983-07-12,,,,,,,,,,0.18809762016984632,16.09525918344106,
1983-07-13,,,,,,,,,,0.1862694544300034,16.07697752604263,
1983-07-14,,,,,,,,,,0.18770226672489473,16.09130564899154,
1983-07-15,,,,,,,,,,0.18360569534851118,16.050339935227704,
1983-07-16,,,,,,,,,,0.1832622969702194,16.04690595144479,
1983-07-17,,,,,,,,,,0.18259331148503072,16.0402160965929,
1983-07-18,,,,,,,,,,0.18342136574731077,16.048496639215703,
1983-07-19,,,,,,,,,,0.1882529175643906,16.0968121573865,
1983-07-20,,,,,,,,,,0.18779013782563342,16.092184359998928,
1983-07-21,,,,,,,,,,0.18918915740119302,16.106174555754524,
1983-07-22,,,,,,,,,,0.21688201502408333,16.383103131983425,
1983-07-23,,,,,,,,,,0.2901775984219019,17.116058965961614,
1983-07-24,,,,,,,,,,0.2956572007602111,17.170854989344704,
1983-07-25,,,,,,,,,,0.29474314420891823,17.161714423831775,
1983-07-26,,,,,,,,,,0.2803128515449749,17.01741149719234,
1983-07-27,,,,,,,,,,0.28564881913790147,17.070771173121607,
1983-07-28,,,,,,,,,,0.28735897234139063,17.0878727051565,
1983-07-29,,,,,,,,,,0.27609835155371937,16.975266497279787,
1983-07-30,,,,,,,,,,0.27512478395897244,16.96553082133232,
1983-07-31,,,,,,,,,,0.2742255418758827,16.956538400501422,
1983-08-01,,,,,,,,,,0.27351512610878775,16.94943424283047,
1983-08-02,,,,,,,,,,0.2724571117959237,16.93885409970183,
1983-08-03,,,,,,,,,,0.27140408067151833,16.928323788457778,
1983-08-04,,,,,,,,,,0.2704615826748149,16.91889880849074,
1983-08-05,,,,,,,,,,0.2694889480721157,16.90917246246375,
1983-08-06,,,,,,,,,,0.2685069533973686,16.89935251571628,
1983-08-07,,,,,,,,,,0.2677688434813172,16.891971416555766,
1983-08-08,,,,,,,,,,0.2795778326330516,17.01006130807311,
1983-08-09,,,,,,,,,,0.27070828244060996,16.921365806148692,
1983-08-10,,,,,,,,,,0.27050987263871545,16.919381708129748,
1983-08-11,,,,,,,,,,0.26753695902961705,16.889652572038763,
1983-08-12,,,,,,,,,,0.2667239510831582,16.881522492574177,
1983-08-13,,,,,,,,,,0.2668601582276602,16.882884564019196,
1983-08-14,,,,,,,,,,0.26504134806972557,16.86469646243985,
1983-08-15,,,,,,,,,,0.2635415145555891,16.849698127298485,
1983-08-16,,,,,,,,,,0.2626162495890544,16.84044547763314,
1983-08-17,,,,,,,,,,0.26728332946352185,16.88711627637781,
1983-08-18,,,,,,,,,,0.26197911578690486,16.834074139611644,
1983-08-19,,,,,,,,,,0.26079419266942583,16.82222490843685,
1983-08-20,,,,,,,,,,0.26018011023071796,16.816084084049773,
1983-08-21,,,,,,,,,,0.25954821196166483,16.809765101359243,
1983-08-22,,,,,,,,,,0.2623846401190114,16.838129382932706,
1983-08-23,,,,,,,,,,0.2907729200814919,17.122012182557512,
1983-08-24,,,,,,,,,,0.2636296166666944,16.850579148409537,
1983-08-25,,,,,,,,,,0.2630187476985179,16.844470458727773,
1983-08-26,,,,,,,,,,0.2624978517989659,16.839261499732253,
1983-08-27,,,,,,,,,,0.26644074949442087,16.878690476686803,
1983-08-28,,,,,,,,,,0.26179375105881747,16.83222049233077,
1983-08-29,,,,,,,,,,0.26634517010098013,16.877734682752394,
1983-08-30,,,,,,,,,,0.26358292395122385,16.850112221254832,
1983-08-31,,,,,,,,,,0.25924171990415634,16.80670018078416,
1983-09-01,,,,,,,,,,0.25857342168717945,16.800017198614388,
1983-09-02,,,,,,,,,,0.26768108271605795,16.89109380890317,
1983-09-03,,,,,,,,,,0.2577093399889145,16.79137638163174,
1983-09-04,,,,,,,,,,0.2570390389353172,16.784673371095767,
1983-09-05,,,,,,,,,,0.25636689783112965,16.77795196005389,
1983-09-06,,,,,,,,,,0.2558726225887536,16.77300920763013,
1983-09-07,,,,,,,,,,0.2552739930646396,16.76702291238899,
1983-09-08,,,,,,,,,,0.2546593277794972,16.760876259537564,
1983-09-09,,,,,,,,,,0.2703221898498098,16.917504880240692,
1983-09-10,,,,,,,,,,0.3011988223876415,17.22627120561901,
1983-09-11,,,,,,,,,,0.31275429365285345,17.341825918271127,
1983-09-12,,,,,,,,,,0.2956639262585002,17.170922244327596,
1983-09-13,,,,,,,,,,0.2954459396927632,17.168742378670224,
1983-09-14,,,,,,,,,,0.29637392638542,17.178022245596793,
1983-09-15,,,,,,,,,,0.29451562504884216,17.159439232231016,
1983-09-16,,,,,,,,,,0.30697390008235503,17.284021982566145,
1983-09-17,,,,,,,,,,0.3273981515888708,17.488264497631302,
1983-09-18,,,,,,,,,,0.316857,17.476027579181075,
1983-09-19,,,,,,,,,,0.30953622046620677,17.402819783843142,
1983-09-20,,,,,,,,,,0.30927396392271755,17.400197218408252,
1983-09-21,,,,,,,,,,0.30864175498644786,17.393875129045554,
1983-09-22,,,,,,,,,,0.30885810288597504,17.396038608040826,
1983-09-23,,,,,,,,,,0.3096972150821659,17.404429730002736,
1983-09-24,,,,,,,,,,0.31071479357821097,17.414605514963185,
1983-09-25,,,,,,,,,,0.30715544638806686,17.379012043061746,
1983-09-26,,,,,,,,,,0.3067602758180616,17.375060337361692,
1983-09-27,,,,,,,,,,0.3061562309567385,17.36901988874846,
1983-09-28,,,,,,,,,,0.3055908165201551,17.363365744382627,
1983-09-29,,,,,,,,,,0.30530215026563934,17.360479081837468,
1983-09-30,,,,,,,,,,0.3048450347439159,17.355907926620233,
1983-10-01,,,,,,,,,,0.3043388739275371,17.350846318456448,
1983-10-02,,,,,,,,,,0.30381982139376607,17.345655793118738,
1983-10-03,,,,,,,,,,0.3034854017041163,17.34231159622224,
1983-10-04,,,,,,,,,,0.3097906899807081,17.405364478988158,
1983-10-05,,,,,,,,,,0.3357379804998277,17.664837384179354,
1983-10-06,,,,,,,,,,0.352428,17.98307438696099,
1983-10-07,,,,,,,,,,0.320316,17.920157009734034,
1983-10-08,,,,,,,,,,0.313805,17.89282556243363,
1983-10-09,,,,,,,,,,0.3096998958220623,17.85177452065425,
1983-10-10,,,,,,,,,,0.3092907782211095,17.84768334464472,
1983-10-11,,,,,,,,,,0.308874445589073,17.84352001832436,
1983-10-12,,,,,,,,,,0.3087152833767043,17.84192839620067,
1983-10-13,,,,,,,,,,0.3085500360892697,17.840275923326324,
1983-10-14,,,,,,,,,,0.3097876336997072,17.8526518994307,
1983-10-15,-0.1,0.03445,25.0,0.0,16.25,8.75,25.0,0.0,10.0,0.30983644217708206,17.853139984204446,0.0
1983-10-16,-0.08600000000000001,0.03445,25.0,0.0,16.25,8.75,25.0,0.0,10.0,0.3102479099183188,17.857254661616814,0.0
1983-10-17,-0.07133333333333333,0.03445,25.0,0.0,16.25,8.75,25.0,0.0,10.0,0.3079946026698943,17.83472158913257,0.0
1983-10-18,-0.05583333333333333,0.03445,25.0,0.0,16.25,8.75,25.0,0.0,10.0,0.31361172862709574,17.890892848704585,0.0
1983-10-19,-0.0465,0.03445,25.0,0.0,16.25,8.75,25.0,0.0,10.0,0.34169900000000003,18.188336529167234,0.0
1983-10-20,-0.036,0.03445,25.0,0.0,16.25,8.75,25.0,0.0,10.0,0.345294,18.500541662194713,0.0
1983-10-21,-0.024583333333333332,0.03445,25.0,0.0,16.25,8.75,25.0,0.0,10.0,0.310581,18.472219562139024,0.0
1983-10-22,-0.011999999999999997,0.03445,25.0,0.0,16.25,8.75,25.0,0.0,10.0,0.3145080638453984,18.51149020059301,0.0
1983-10-23,0.0,0.03445,25.0,0.0,16.25,8.75,25.0,0.003444344600907285,10.0,0.3097245977959547,18.46365554009857,1.0
1983-10-24,0.0,0.03732632522987501,27.08731874446662,0.0,17.606757183903305,9.480561560563318,27.08731874446662,0.004571895678013653,11.2,0.2909613585663949,18.45754321922295,1.0
1983-10-25,0.0,0.04045171643322457,29.355382027013476,0.0,19.08099831755876,10.274383709454717,29.355382027013476,0.0019238427362336709,12.399999999999999,0.27573061223907375,18.450202036184145,1.0
1983-10-26,0.0,0.04116462357765127,29.872731188426176,0.0,19.417275272477013,10.455455915949162,29.872731188426176,0.0037239639401563233,13.599999999999998,0.26646519121245205,18.48743548604928,1.0
1983-10-27,0.0,0.04447692655793296,32.27643436715019,0.0,20.97968233864762,11.296752028502565,32.27643436715019,0.0034265544764184768,14.799999999999997,0.2530521647646393,18.441047365216892,1.0
1983-10-28,0.0,0.048055889898358115,34.87365014394638,0.0,22.667872593565146,12.205777550381235,34.873650143946385,0.003832404226090372,15.999999999999996,0.24422029804366635,18.435766536539195,1.0
1983-10-29,0.0,0.0520606740871077,37.77987959877191,0.0,24.55692173920174,13.22295785957017,37.77987959877191,0.0041803929826996706,17.199999999999996,0.23659356092262468,18.430017456849978,1.0
1983-10-30,0.0,0.056432202876309595,40.9522517244627,0.0,26.618963620900754,14.333288103561944,40.9522517244627,0.005307937648587091,18.399999999999995,0.22994214530064036,18.423910123652917,1.0
1983-10-31,0.0,0.061166459587121615,44.38785165973992,0.0,28.85210357883095,15.535748080908974,44.38785165973992,0.0066458256251284275,19.599999999999994,0.22403126694170444,18.416353923318844,1.0
1983-11-01,0.0,0.06623617882978236,48.066893200132334,0.0,31.24348058008602,16.823412620046316,48.066893200132334,0.007812138740372138,20.799999999999994,0.21872102704505705,18.407104894938925,1.0
1983-11-02,0.0,0.07195033170361356,52.21359339884873,0.0,33.93883570925168,18.274757689597056,52.21359339884874,0.008157968730593797,21.999999999999993,0.2139348371978716,18.396640391895215,1.0
1983-11-03,0.0,0.0775120248428533,56.24965518349296,0.0,36.56227586927043,19.687379314222536,56.24965518349296,0.004215806004756883,23.199999999999992,0.20981180987510362,18.390074403784745,1.0
1983-11-04,0.0,0.0813633697483686,59.04453537617459,0.0,38.37894799451349,20.66558738166111,59.04453537617459,0.004683107787816703,24.39999999999999,0.20653408017204555,18.394238412020556,1.0
1983-11-05,0.0,0.0864654024342521,62.74702643995073,0.0,40.78556718596798,21.961459253982756,62.74702643995073,0.006174637259012712,25.59999999999999,0.20263606832670575,18.37465664612661,1.0
1983-11-06,0.0,0.09257533498439784,67.18093975645706,0.0,43.66761084169709,23.51332891475997,67.18093975645706,0.00863629934735931,26.79999999999999,0.19951073187598115,18.36642735237954,1.0
1983-11-07,0.0,0.0993637158257596,72.10719580969493,0.0,46.8696772763017,25.23751853339322,72.10719580969493,0.008975065601729454,27.99999999999999,0.19656088973839222,18.35561109191853,1.0
1983-11-08,0.0,0.10517831499590741,76.3267888214132,0.0,49.61241273391859,26.71437608749462,76.32678882141322,0.00657993376149431,29.19999999999999,0.19393052243601674,18.34704387551554,1.0
1983-11-09,0.0,0.10865178017443274,78.84744569987862,0.0,51.250839704921106,27.596605994957514,78.84744569987863,0.00522880203523166,30.399999999999988,0.19318559559851795,18.389481167719097,1.0
1983-11-10,0.0,0.11247290174893393,81.62039314146148,0.0,53.053255541949966,28.56713759951152,81.6203931414615,0.009081540481983726,31.599999999999987,0.18928075702146957,18.330277424542892,1.0
1983-11-11,0.0,0.12031753044249213,87.31315707002332,0.0,56.75355209551516,30.55960497450816,87.31315707002334,0.011804581638376275,32.79999999999999,0.18713250583556224,18.319318135211194,1.0
1983-11-12,0.0,0.12695595907333476,92.13059439284089,0.0,59.88488635534659,32.24570803749431,92.13059439284092,0.00991987849209722,33.99999999999999,0.18504064059867273,18.30512016529993,1.0
1983-11-13,0.0,0.13415308248181118,97.35347059637965,0.0,63.27975588764678,34.07371470873288,97.35347059637968,0.01070611351767817,35.199999999999996,0.18316726292924385,18.29359248119474,1.0
1983-11-14,0.0,0.14133593587866922,102.56599120367869,0.0,66.66789428239115,35.89809692128754,102.5659912036787,0.01528344352547173,36.4,0.1813946705230682,18.281237274265344,1.0
1983-11-15,0.00014107108893929044,0.15147101304132532,109.92090931881376,0.0,71.44859105722894,38.47231826158481,109.92090931881377,0.0190842542680962,37.6,0.17959690445403925,18.263681315837836,1.0
1983-11-16,0.00043833127613362576,0.16254236580700535,117.95527271916208,0.0,76.67092726745535,41.28434545170673,117.95527271916211,0.013527631008072898,38.800000000000004,0.17780085164831008,18.241877193460695,1.0
1983-11-17,0.0006745033904637913,0.17066403522811865,123.84908216844605,0.0,80.50190340948993,43.34717875895612,123.84908216844607,0.01383729893822748,40.00000000000001,0.17627915289784468,18.226736706560352,1.0
1983-11-18,0.0010220034757861419,0.17925319758006747,130.0821462845192,0.0,84.55339508493748,45.52875119958173,130.08214628451924,0.01794079543869214,41.20000000000001,0.1748402824050441,18.211356666874686,1.0
1983-11-19,0.001679749360670775,0.19060675178217604,138.3213002773411,0.0,89.90884518027171,48.41245509706939,138.32130027734115,0.013410279267349988,42.40000000000001,0.17337519710941354,18.191411830366302,1.0
1983-11-20,0.0026352628268028855,0.20347584581030734,147.66026546466423,0.0,95.97917255203176,51.68109291263249,147.6602654646643,0.017530267292934196,43.600000000000016,0.1721094244770721,18.176640821267814,1.0
1983-11-21,0.0037665529406505794,0.21697661517193925,157.4576307488674,0.0,102.3474599867638,55.110170762103586,157.45763074886742,0.007839727437724714,44.80000000000002,0.17081463141333206,18.15753184252505,1.0
1983-11-22,0.004610906065844862,0.22008353736097638,159.7122912634081,0.0,103.81298932121527,55.89930194219284,159.71229126340816,0.00641734248365528,46.00000000000002,0.17015146519348734,18.164370195248495,1.0
1983-11-23,0.005239495561969783,0.22725929906045608,164.91966550105667,0.0,107.19778257568683,57.72188292536983,164.91966550105673,0.01373404572333117,47.200000000000024,0.1689038310781956,18.14203006437921,1.0
1983-11-24,0.006443796497383344,0.2398379666237128,174.04787127990767,0.0,113.13111633193999,60.91675494796769,174.04787127990775,0.016509959371074287,48.40000000000003,0.16786977010095333,18.12703255151482,1.0
1983-11-25,0.007445874089109112,0.25120594044953126,182.297489440879,0.0,118.49336813657135,63.80412130430764,182.29748944087905,0.019094962659595545,49.60000000000003,0.16683017779294435,18.10927893829902,1.0
1983-11-26,0.008593508579301601,0.2634199222903328,191.16104665481333,0.0,124.25468032562867,66.90636632918466,191.1610466548134,0.0192302330524788,50.80000000000003,0.1657865056453319,18.088823047692145,1.0
1983-11-27,0.009703311868206464,0.27541255289823524,199.86397162426357,0.0,129.91158155577133,69.95239006849225,199.86397162426366,0.03021068916297387,52.000000000000036,0.1647911148781722,18.06837297571454,1.0
1983-11-28,0.011107892906743532,0.289143075281463,209.82806624199054,0.0,136.38824305729386,73.43982318469669,209.82806624199063,0.02286686244930889,53.20000000000004,0.16361761835852323,18.036058739863325,1.0
1983-11-29,0.012716017703820741,0.3038322297349361,220.48782999632522,0.0,143.3170894976114,77.17074049871381,220.48782999632527,0.032225790464719004,54.40000000000004,0.16264408137124894,18.011805910926135,0.9112152013689776
1983-11-30,0.014733550543980841,0.3177022661202312,231.1404474747969,0.0,150.241290858618,80.89915661617891,231.14044747479699,0.021753370587083844,55.600000000000044,0.16152674229616576,17.97722119713731,1.0
1983-12-01,0.01587422224587322,0.3298250475567995,239.9378215216534,0.0,155.95958398907473,83.97823753257869,239.9378215216535,0.024866917160085485,56.80000000000005,0.16066277078656274,17.95434614728756,1.0
1983-12-02,0.01734758918113593,0.3439741480032285,250.2056738049836,0.0,162.63368797323935,87.57198583174426,250.2056738049837,0.034757234873079745,58.00000000000005,0.15977912928361515,17.928256706200777,1.0
1983-12-03,0.01948829061761371,0.36156262832000874,262.9694476197733,0.0,170.93014095285267,92.03930666692065,262.9694476197734,0.025983064917773777,59.20000000000005,0.15875205788704638,17.891555475804545,1.0
1983-12-04,0.021552465360702284,0.3790193510882247,275.6376063775498,0.0,179.16444414540737,96.47316223214241,275.6376063775499,0.035035191766594385,60.400000000000055,0.15792317016627114,17.864359568074477,1.0
1983-12-05,0.024336683857096704,0.40055711550628414,291.26733382171483,0.0,189.32376698411466,101.94356683760019,291.26733382171494,0.030414059437382835,61.60000000000006,0.1569730585062366,17.82770693515618,1.0
1983-12-06,0.027338902315798354,0.42137762684457736,306.37655830523676,0.0,199.14476289840388,107.23179540683286,306.37655830523687,0.02517242368572805,62.80000000000006,0.1561368448373725,17.795926828099297,1.0
1983-12-07,0.0294570771311946,0.43953764509587784,319.5550911436261,0.0,207.71080924335695,111.84428190026912,319.5550911436262,0.023781202008649582,64.00000000000006,0.1554191740850833,17.769726554897936,1.0
1983-12-08,0.03153708348651537,0.45804673987065825,332.98694511661625,0.0,216.44151432580057,116.54543079081567,332.98694511661637,0.03278353431489842,65.20000000000006,0.15475212945994282,17.74510469538118,1.0
1983-12-09,0.03453404269389572,0.48072298521994156,349.4428561102906,0.0,227.1378564716889,122.30499963860171,349.44285611029073,0.04008559717543894,66.40000000000006,0.15396850738536877,17.711141186121694,1.0
1983-12-10,0.03844358178131392,0.5068032499164032,368.369027878405,0.0,239.43986812096327,128.92915975744174,368.3690278784051,0.03950348260394145,67.60000000000007,0.15312657928804063,17.671355496745054,0.7943503007409686
1983-12-11,0.04118746580583678,0.5215041867047877,381.306368129674,0.0,247.84913928428813,133.45722884538588,381.3063681296741,0.04088827399324786,68.80000000000007,0.15226849470524256,17.628437613734498,1.0
1983-12-12,0.04351434815103854,0.5425562326213896,396.58361480355063,0.0,257.77934962230796,138.8042651812427,396.58361480355074,0.036566655981145585,70.00000000000007,0.15145143373745903,17.586331980776244,0.6310103359178646
1983-12-13,0.04695563985703401,0.5524629562182205,408.13125838660574,0.0,265.2853179512938,142.84594043531197,408.1312583866058,0.0427988507182611,71.20000000000007,0.1507129965914999,17.547863417609204,0.8981029585138145
1983-12-14,0.05110753363596836,0.5733836196861205,424.53872840908787,0.0,275.95017346590714,148.58855494318072,424.538728409088,0.02005710136135576,72.40000000000008,0.14992065736828192,17.503720094898323,1.0
1983-12-15,0.05355267133353305,0.5843660264076012,432.5085446075499,0.0,281.1305539949075,151.37799061264244,432.50854460755,0.021412181651098195,73.60000000000008,0.14972629146281766,17.501685994238393,1.0
1983-12-16,0.05620295441232602,0.6047140471514807,447.2748876727745,0.0,290.72867698730346,156.54621068547107,447.27488767277464,0.025538042371515288,74.80000000000008,0.1490186282099699,17.460790773821063,1.0
1983-12-17,0.058936559423964655,0.6236495748656972,461.0161995118286,0.0,299.6605296826886,161.35566982913997,461.01619951182863,0.03872491591160115,76.00000000000009,0.14886634203344046,17.46040581939709,1.0
1983-12-18,0.06032291646657511,0.6388816988266964,472.06999048497755,0.0,306.84549381523544,165.2244966697421,472.0699904849776,0.042409078337487804,77.20000000000009,0.14787907584204066,17.395194921001455,1.0
1983-12-19,0.062211421099455405,0.6546490687615558,483.5122037903907,0.0,314.282932463754,169.2292713266367,483.51220379039074,0.03695581002572426,78.40000000000009,0.14719368469732574,17.351281587406554,1.0
1983-12-20,0.06387082071737345,0.663540796945043,489.9648367247065,0.0,318.4771438710593,171.48769285364725,489.9648367247066,0.0355206043358191,79.6000000000001,0.14660356012064626,17.31330653387996,1.0
1983-12-21,0.06621194182906126,0.6681785612571607,493.3304131485945,0.0,320.66476854658646,172.66564460200806,493.3304131485946,0.027569633781941324,80.8000000000001,0.14610197536163294,17.28106919863676,1.0
1983-12-22,0.0682680127609621,0.6700573768430362,494.6938497130906,0.0,321.5510023135089,173.14284739958168,494.69384971309063,0.027371903551888118,82.0000000000001,0.1457555774701026,17.260353383105535,1.0
1983-12-23,0.06919567371137948,0.6700573768430362,494.6938497130906,0.0,321.5510023135089,173.14284739958168,494.69384971309063,0.03130667017191461,83.2000000000001,0.14519049749102092,17.220611862950364,1.0
1983-12-24,0.0697227085873506,0.6700573768430362,494.6938497130906,0.0,321.5510023135089,173.14284739958168,494.69384971309063,0.03219853815275266,84.4000000000001,0.1447329133437682,17.18858679905176,1.0
1983-12-25,0.06977643664394519,0.6700573768430362,494.6938497130906,0.0,321.5510023135089,173.14284739958168,494.69384971309063,0.036784234343256325,85.60000000000011,0.14427772422827215,17.15566854791812,1.0
1983-12-26,0.07091038892387923,0.6700573768430362,494.6938497130906,0.0,321.5510023135089,173.14284739958168,494.69384971309063,0.03423050974569411,86.80000000000011,0.14378018104426793,17.11798150976078,1.0
1983-12-27,0.07247827130542155,0.6700573768430362,494.6938497130906,0.0,321.5510023135089,173.14284739958168,494.69384971309063,0.03226368563543002,88.00000000000011,0.14332705250416197,17.08300885662488,1.0
1983-12-28,0.07345291571912192,0.6700573768430362,494.6938497130906,0.0,321.5510023135089,173.14284739958168,494.69384971309063,0.04405979599826045,89.20000000000012,0.14290855270112232,17.05003757833904,1.0
1983-12-29,0.07350715938818052,0.6700573768430362,494.6938497130906,0.0,321.5510023135089,173.14284739958168,494.69384971309063,0.024245286351393003,90.40000000000012,0.14237531107064194,17.00568923932526,1.0
1983-12-30,0.07350715938818052,0.6700573768430362,494.6938497130906,0.0,321.5510023135089,173.14284739958168,494.69384971309063,0.02756149520811184,91.60000000000012,0.1420658665162603,16.980560932568977,1.0
1983-12-31,0.07350715938818052,0.6700573768430362,494.6938497130906,0.0,321.5510023135089,173.14284739958168,494.69384971309063,0.03216642423264274,92.80000000000013,0.1417247796569338,16.95175355298329,1.0
1984-01-01,0.07350715938818052,0.6700573768430362,494.6938497130906,0.0,321.5510023135089,173.14284739958168,494.69384971309063,0.038297010373618615,94.00000000000013,0.1413475734176332,16.918732343217656,0.8265910386096359
1984-01-02,0.07493134980631432,0.6665715582293271,494.6938497130906,0.0,321.5510023135089,173.14284739958168,494.69384971309063,0.03842759037507125,95.20000000000013,0.14091003767229415,16.879062469502838,0.8495681491177955
1984-01-03,0.07564564419548106,0.663563350431831,494.69384971309063,0.0,321.55100231350895,173.14284739958168,494.69384971309063,0.03028437091498131,96.40000000000013,0.14048310984410223,16.839365113212192,1.0
1984-01-04,0.07564564419548106,0.663563350431831,494.69384971309063,0.0,321.55100231350895,173.14284739958168,494.69384971309063,0.03805157133989258,97.60000000000014,0.14015635822382957,16.808420328026806,1.0
1984-01-05,0.07564564419548106,0.663563350431831,494.69384971309063,0.0,321.55100231350895,173.14284739958168,494.69384971309063,0.04007226183691321,98.80000000000014,0.13975617159329065,16.76943595993846,1.0
1984-01-06,0.07597886903462196,0.663563350431831,494.69384971309063,0.0,321.55100231350895,173.14284739958168,494.69384971309063,0.03257559579808198,100.00000000000014,0.13934447427452917,16.72834007511456,1.0
1984-01-07,0.07659225448532211,0.663563350431831,494.69384971309063,0.0,321.55100231350895,173.14284739958168,494.69384971309063,0.02782033746091374,101.20000000000014,0.13901924709076305,16.695006894387163,0.5829783538385795
1984-01-08,0.07799227152205648,0.6552617420099469,494.69384971309063,0.0,321.55100231350895,173.14284739958168,494.69384971309063,0.0170094869852406,102.40000000000015,0.13874414088462217,16.666025556527554,0.2337980798012176
1984-01-09,0.08080489170864213,0.6401998578611222,494.69384971309063,0.0,321.55100231350895,173.14284739958168,494.69384971309063,0.015930313360834687,103.60000000000015,0.13857060144807734,16.64690628110336,0.2098587863208069
1984-01-10,0.08510020653244402,0.6250244090804933,494.69384971309063,0.0,321.55100231350895,173.14284739958168,494.69384971309063,0.021466454531779294,104.80000000000015,0.13840973089733738,16.628698210263806,0.43747317243889955
1984-01-11,0.08811035128983463,0.6144766191408442,494.69384971309063,0.0,321.55100231350895,173.14284739958168,494.69384971309063,0.031282180258711094,106.00000000000016,0.13820944923698056,16.60592647248309,0.7819702076535223
1984-01-12,0.09142133125826066,0.6104573928506529,494.69384971309063,0.0,321.55100231350895,173.14284739958168,494.69384971309063,0.028820650532392505,107.20000000000016,0.13792325662571947,16.573464404780577,0.880361847302162
1984-01-13,0.09348734004742162,0.6086964369291314,495.00594254467285,0.0,321.7538626540374,173.25207989063546,495.00594254467285,0.018272353135687473,108.40000000000016,0.13766865993458638,16.543740472552916,0.36892374245973053
1984-01-14,0.09723815163050983,0.5987206424256382,496.12947054058486,0.0,322.4841558513802,173.64531468920467,496.12947054058486,0.01570778170783865,109.60000000000016,0.13751138792516684,16.52407229338234,0.29064987358907207
1984-01-15,0.10106830541822998,0.5875121077496942,497.2416201964192,0.0,323.2070531276725,174.0345670687467,497.2416201964192,0.0296944328765049,110.80000000000017,0.13751893163691506,16.522288243294543,0.8354368485461164
1984-01-16,0.10106830541822998,0.584611622430636,497.5392999521341,0.0,323.40065097318586,174.13864897894828,497.53803061263494,0.017509501108350874,112.00000000000017,0.13712738451883846,16.475824125174565,0.38312750966072767
1984-01-17,0.10124447737944374,0.5737851021665625,497.5392999521341,0.0,323.4006509731858,174.13864897894828,497.53803061263494,0.015476767487743692,113.20000000000017,0.13698555244351474,16.456688036810824,0.7761724937238583
1984-01-18,0.10124447737944374,0.5699294795614106,497.5392999521341,0.0,323.40065097318586,174.13864897894828,497.53803061263494,0.008365221598441096,114.40000000000018,0.13740768623834432,16.501729247011852,0.8230762487049229
1984-01-19,0.10124447737944374,0.5669022792856512,497.5392999521341,0.0,323.40065097318586,174.13864897894828,497.53803061263494,0.012301125472293773,115.60000000000018,0.13794150901352079,16.560694824448564,0.8823898903911971
1984-01-20,0.10124447737944374,0.5649006279970636,497.5392999521341,0.0,323.40065097318586,174.13864897894828,497.53803061263494,0.012644916733431294,116.80000000000018,0.1375647274766179,16.514582992894834,0.8405252751797665
1984-01-21,0.10124447737944374,0.5621960432469897,497.5392999521341,0.0,323.40065097318586,174.13864897894828,497.53803061263494,0.015389153539465726,118.00000000000018,0.1374927481681518,16.503533548608075,0.8325275742390872
1984-01-22,0.10124447737944374,0.5593694111351853,497.5392999521341,0.0,323.40065097318586,174.13864897894828,497.53803061263494,0.0175630312383195,119.20000000000019,0.1373630051455127,16.48542591925158,0.8181116828347427
1984-01-23,0.10124447737944374,0.556314888750582,497.5392999521341,0.0,323.40065097318586,174.13864897894828,497.53803061263494,0.017433979224450294,120.0,0.13722617695795913,16.467141234955097,0.802908550884347
1984-01-24,0.10124447737944374,0.5530231147708052,497.5392999521341,0.0,323.4006509731858,174.13864897894828,497.53803061263494,0.015925574510361713,120.0,0.13707494411150214,16.44899329338026,0.7861049012780149
1984-01-25,0.10124447737944374,0.5494718131064362,497.5392999521341,0.0,323.40065097318586,174.13864897894828,497.53803061263494,0.017242633253759097,120.0,0.1369371659649584,16.432459915795008,0.7707962183287089
1984-01-26,0.10124447737944374,0.5456907604362742,497.5392999521341,0.0,323.40065097318586,174.13864897894828,497.53803061263494,0.017645781248502777,120.0,0.13678762323532836,16.414514788239405,0.7541803594809283
1984-01-27,0.10124447737944374,0.5416634885056061,497.5392999521341,0.0,323.40065097318586,174.13864897894828,497.53803061263494,0.017489954475127127,120.0,0.13663532178662408,16.39623861439489,0.7372579762915628
1984-01-28,0.10124447737944374,0.537390720575412,497.5392999521341,0.0,323.40065097318586,174.13864897894828,497.53803061263494,0.01114101622289787,120.0,0.13647945668867312,16.377534802640774,0.7199396320747897
1984-01-29,0.10124447737944374,0.5328722169539613,497.5392999521341,0.0,323.40065097318586,174.13864897894828,497.53803061263494,0.009696306900992428,120.0,0.13646837562135242,16.37620507456229,0.7187084023724897
1984-01-30,0.10124447737944374,0.5283719791431667,497.5392999521341,0.0,323.40065097318586,174.13864897894828,497.53803061263494,0.007745532080421955,120.0,0.13639752303227906,16.36770276387349,0.7108358924754501
1984-01-31,0.10124447737944374,0.5237848323630027,497.5392999521341,0.0,323.40065097318586,174.13864897894828,497.53803061263494,0.010750424690074369,120.0,0.13627067018471753,16.352480422166103,0.69674113163528
1984-02-01,0.10124447737944374,0.5190158265243707,497.5392999521341,0.0,323.40065097318586,174.13864897894828,497.53803061263494,0.012071695782077632,120.0,0.13613350278790473,16.336020334548568,0.6815003097671912
1984-02-02,0.1018363118137253,0.5140527134948493,497.5392999521341,0.0,323.40065097318586,174.13864897894828,497.53803061263494,0.019393254732037405,120.0,0.13602762284869624,16.32331474184355,0.6697358720773589
1984-02-03,0.1018363118137253,0.508955451877248,497.5392999521341,0.0,323.40065097318586,174.13864897894828,497.53803061263494,0.018951086363526333,120.0,0.1358547483514318,16.302569802171817,0.650527594603532
1984-02-04,0.1018363118137253,0.5036151723051702,497.5392999521341,0.0,323.40065097318586,174.13864897894828,497.53803061263494,0.010668462757854559,120.0,0.13568540863141806,16.282249035770167,0.6317120701575616
1984-02-05,0.10237495366263683,0.4980463759637209,497.5392999521341,0.0,323.40065097318586,174.13864897894828,497.53803061263494,0.015145321074854232,120.0,0.1355926319313743,16.271115831764916,0.621403547930477
1984-02-06,0.10237495366263683,0.4923849566454493,497.5392999521341,0.0,323.40065097318586,174.13864897894828,497.53803061263494,0.016377342215914928,120.0,0.1354692071845693,16.25630486214832,0.607689687174367
1984-02-07,0.10237495366263683,0.48658509530684996,497.5392999521341,0.0,323.40065097318586,174.13864897894828,497.53803061263494,0.017206846886259886,120.0,0.13530981585418117,16.23717790250174,0.5354613987842894
1984-02-08,0.10354737229099646,0.4797982487389006,497.5392999521341,0.0,323.40065097318586,174.13864897894828,497.53803061263494,0.010769378423664926,120.0,0.13515606770514238,16.218728124617087,0.2829391685401392
1984-02-09,0.10535500665159417,0.4694680837606097,497.5392999521341,0.0,323.40065097318586,174.13864897894828,497.53803061263494,0.012159347367604434,120.0,0.1350529056253992,16.206348675047906,0.5614339583776885
1984-02-10,0.10535500665159417,0.46328590099968947,497.5392999521341,0.0,323.40065097318586,174.13864897894828,497.53803061263494,0.00799530805572435,120.0,0.1349934441446847,16.199213297362164,0.5548271271871877
1984-02-11,0.10535500665159417,0.4570931502004623,497.5392999521341,0.0,323.40065097318586,174.13864897894828,497.53803061263494,0.007458130953380303,120.0,0.13488857447932925,16.18662893751951,0.5431749421476939
1984-02-12,0.10635233310755561,0.450823177250868,497.5392999521341,0.0,323.40065097318586,174.13864897894828,497.53803061263494,0.009113176093958144,120.0,0.1348063518722477,16.176762224669726,0.5340390969164112
1984-02-13,0.10814784563871713,0.44451546071267045,497.5392999521341,0.0,323.40065097318586,174.13864897894828,497.53803061263494,0.007936275239028978,120.0,0.13472269920816704,16.166723904980046,0.5247443564630035
1984-02-14,0.11068216067522485,0.4381718545337695,497.5392999521341,0.0,323.40065097318586,174.13864897894828,497.53803061263494,0.01122344417995451,120.0,0.1346584930580826,16.159019166969912,0.5176103397869559
1984-02-15,0.1141863009396332,0.4318248277945746,497.5392999521341,0.0,323.40065097318586,174.13864897894828,497.53803061263494,0.011748414260736584,120.0,0.13454694209930818,16.14563305191698,0.5052157888120186
1984-02-16,0.11771920113433801,0.4254089324004198,497.5392999521341,0.0,323.40065097318586,174.13864897894828,497.53803061263494,0.008511168274292196,120.0,0.13443826361089864,16.132591633307836,0.49314040121095903
1984-02-17,0.12083586671716337,0.4189340135039744,497.5392999521341,0.0,323.40065097318586,174.13864897894828,497.53803061263494,0.00871666949881861,120.0,0.1343607954715141,16.123295456581694,0.27069701162348075
1984-02-18,0.12165883678689221,0.4097591388859531,497.5392999521341,0.0,323.40065097318586,174.13864897894828,497.53803061263494,0.008079519665487634,120.0,0.1342713826892269,16.112565922707226,0.2511662539316928
1984-02-19,0.1237708581518707,0.4005446744998696,497.5392999521341,0.0,323.40065097318586,174.13864897894828,497.53803061263494,0.007995873116260016,120.0,0.13418962167887305,16.102754601464767,0.46551351987478246
1984-02-20,0.1261283394148813,0.3941155220662674,497.5392999521341,0.0,323.40065097318586,174.13864897894828,497.53803061263494,0.008256437714658508,120.0,0.13411484680017327,16.09378161602079,0.2792263590417498
1984-02-21,0.13049856634777834,0.3855846049140855,497.5392999521341,0.0,323.40065097318586,174.13864897894828,497.53803061263494,0.005298987558302512,120.0,0.1340629236242556,16.087550834910672,0.45143595825062044
1984-02-22,0.133513179631836,0.37923231506290894,497.5392999521341,0.0,323.40065097318586,174.13864897894828,497.53803061263494,0.005048565545979738,120.0,0.13456976131244114,16.148371357492938,0.5077512569379034
1984-02-23,0.13476004392625412,0.3736259551787287,497.5392999521341,0.0,323.40065097318586,174.13864897894828,497.53803061263494,0.009259918996980514,120.0,0.13445099472986055,16.134119367583267,0.49455496998450477
1984-02-24,0.1375097918826151,0.3679543102596543,497.5392999521341,0.0,323.40065097318586,174.13864897894828,497.53803061263494,0.005584348708316547,120.0,0.13412654859797435,16.095185831756922,0.45850539977492677
1984-02-25,0.14028190600458063,0.3619702847684457,497.5392999521341,0.0,323.40065097318586,174.13864897894828,497.53803061263494,0.008427025526182219,120.0,0.13407657262947198,16.089188715536636,0.4529525143857746
1984-02-26,0.14251759342196177,0.3560231010451073,497.5392999521341,0.0,323.40065097318586,174.13864897894828,497.53803061263494,0.006223936791096047,120.0,0.13399425550471328,16.079310660565593,0.21158329789003902
1984-02-27,0.14613974455257486,0.3475925566337956,497.5392999521341,0.0,323.40065097318586,174.13864897894828,497.53803061263494,0.004628256696769013,120.0,0.13392719650308066,16.071263580369678,0.1260532793785443
1984-02-28,0.14970998959432735,0.33846847463305935,497.5392999521341,0.0,323.40065097318586,174.13864897894828,497.53803061263494,0.004829271105396389,120.0,0.13386744872641157,16.06409384716939,0.14910926001528585
1984-02-29,0.15232742659810183,0.3298180070407465,497.5392999521341,0.0,323.40065097318586,174.13864897894828,497.53803061263494,0.0038139252299924874,120.0,0.13380893490680823,16.05707218881699,0.0846617192382537
1984-03-01,0.1557079193279863,0.3207498852166653,497.53929995213423,0.0,323.4006509731859,174.13864897894828,497.53803061263494,0.003556872993418831,120.0,0.13374901577177223,16.049881892612667,0.06526010484494586
1984-03-02,0.1624398469286338,0.31174384450745624,497.5392999521341,0.0,323.40065097318586,174.13864897894828,497.53803061263494,0.0034069630748232694,120.0,0.13368466844492535,16.042160213391043,0.06583125425238272
1984-03-03,0.16914163185693848,0.3029957015665193,497.5392999521341,0.0,323.40065097318586,174.13864897894828,497.53803061263494,0.0034722686242719945,120.0,0.1336237090000911,16.034845080010932,0.0927577000710269
1984-03-04,0.1742078643262063,0.2947378153379511,497.53929995213423,0.0,323.4006509731859,174.13864897894828,497.53803061263494,0.003148587623909547,120.0,0.13357244713294392,16.02869365595327,0.0681655253747079
1984-03-05,0.18263323866094033,0.286486936105794,497.5392999521341,0.0,323.40065097318586,174.13864897894828,497.53803061263494,0.003087241597191924,120.0,0.13351699572755032,16.02203948730604,0.07805135509440717
1984-03-06,0.189495234638639,0.2785517970395608,497.5392999521341,0.0,323.40065097318586,174.13864897894828,497.53803061263494,0.002984115239689455,120.0,0.1334644088758048,16.015729065096576,0.07961026696815222
1984-03-07,0.19520077447968198,0.2708491780203268,497.5392999521341,0.0,323.40065097318586,174.13864897894828,497.53803061263494,0.0032398417200085786,120.0,0.13341041414463548,16.009249697356257,0.1140219421152941
1984-03-08,0.20051525030328746,0.26363927626767714,497.5392999521341,0.0,323.40065097318586,174.13864897894828,497.53803061263494,0.0034622056215173917,120.0,0.13335988405176147,16.003186086211375,0.14055714409806536
1984-03-09,0.2070124345797713,0.2572377123967093,497.81983579648045,0.0,323.5923986488821,174.22743714759832,497.7245731842748,0.0026650220826053197,120.0,0.13331104693996113,15.997325632795336,0.0784257841979126
1984-03-10,0.21347141389777702,0.2501144559242305,497.81983579648045,0.0,323.5923986488821,174.22743714759832,497.7245731842748,0.002485043808949979,120.0,0.13326182477854373,15.991418973425247,0.06685352187194407
1984-03-11,0.22140670695710188,0.24310116354659758,497.81983579648045,0.0,323.5923986488821,174.22743714759832,497.7245731842748,0.0023540957532172833,120.0,0.13321281240407484,15.985537488488982,0.058540135392174224
1984-03-12,0.23362548679929573,0.2362234718623894,497.81983579648045,0.0,323.5923986488821,174.22743714759832,497.7245731842748,0.004311208319575814,120.0,0.13316041192142056,15.979249430570468,0.24446846250743806
1984-03-13,0.24258787656376973,0.23085994064967583,497.81983579648045,0.0,323.5923986488821,174.22743714759832,497.7245731842748,0.0026354536799163136,120.0,0.1332471017564079,15.989652210768945,0.36078908404532
1984-03-14,0.24669260370984708,0.22722763390345835,498.36259353184346,0.0,323.9709880678594,174.39160546398404,498.0154096598015,0.002547636966760474,120.0,0.13321657263982462,15.985988716778953,0.357396959980512
1984-03-15,0.25046069971443957,0.22382318256239314,499.02669604142443,0.0,324.43512767450727,174.59156836691716,498.3636105072234,0.004590385890525856,120.0,0.13327460172258793,15.99295220671055,0.3638446358431021
1984-03-16,0.25684975190260473,0.2226424282615045,501.11584729833805,0.0,325.8967635772368,175.21908372110124,499.43719072535333,0.0025723997078699896,120.0,0.1330089760388178,15.961077124658138,0.11945442870554188
1984-03-17,0.2651522592866629,0.21675018213412667,501.11584729833805,0.0,325.8967635772368,175.21908372110124,499.43719072535333,0.002306896366210999,120.0,0.13296423682244782,15.955708418693737,0.10176041684490988
1984-03-18,0.2763358326357391,0.21089831447168203,501.11584729833805,0.0,325.8967635772368,175.21908372110124,499.43719072535333,0.0035512627107318058,120.0,0.1329223292195856,15.950679506350271,0.32470324662062205
1984-03-19,0.2834363743696935,0.2079322722363635,502.02935354143034,0.0,326.5169715893776,175.51238195205275,499.8445379837612,0.0033971210086776948,120.0,0.13362386695702427,16.03486403484291,0.19101669610977762
1984-03-20,0.2913520305497163,0.20396550151717366,502.7927588683101,0.0,327.03093491314917,175.76182395516096,500.1715190874848,0.0017793235878591706,120.0,0.13283412280038784,15.94009473604654,0.05818911741214016
1984-03-21,0.2992294343247186,0.1981909972964598,502.7927588683101,0.0,327.03093491314917,175.76182395516096,500.1715190874848,0.0024667403700695937,120.0,0.132785354970307,15.934242596436839,0.14414741150460741
1984-03-22,0.3034870257039768,0.19309179099346552,502.7927588683101,0.0,327.03093491314917,175.76182395516096,500.1715190874848,0.0016770076777876087,120.0,0.13274569113983603,15.929482936780323,0.06413749588910818
1984-03-23,0.312745904282056,0.18765904687285173,502.7927588683101,0.0,327.03093491314917,175.76182395516096,500.1715190874848,0.0018130817529419057,120.0,0.13270154509495785,15.924185411394943,0.09054451315327838
1984-03-24,0.32432891681905923,0.18252782241339063,502.7927588683101,0.0,327.03093491314917,175.76182395516096,500.1715190874848,0.0017875577152481545,120.0,0.13266561101660104,15.919873321992126,0.09471432307809602
1984-03-25,0.3345116076027122,0.1775594810929916,502.7927588683101,0.0,327.03093491314917,175.76182395516096,500.1715190874848,0.002807619000069822,120.0,0.13262845787539373,15.915414945047248,0.2113699867181729
1984-03-26,0.34486601825795554,0.17334890875326517,502.7927588683101,0.0,327.03093491314917,175.76182395516096,500.1715190874848,0.0018929346838183455,120.0,0.13258990272506785,15.910788327008143,0.12010584107897089
1984-03-27,0.3554938668157447,0.16876221400422997,502.7927588683101,0.0,327.03093491314917,175.76182395516096,500.1715190874848,0.0028557608208009204,120.0,0.13255819332477126,15.90698319897255,0.23334043350439013
1984-03-28,0.36488353940266,0.16528512710181903,503.1098636085138,0.0,327.226146147108,175.88371746140584,500.25811544998885,0.0012852105606724032,120.0,0.13251981255169773,15.90237750620373,0.03772719880511778
1984-03-29,0.3795234489773084,0.16050179733960102,503.1098636085138,0.0,327.226146147108,175.88371746140584,500.25811544998885,0.0012217571171731958,120.0,0.13245468368166705,15.894562041800045,0.03578028471658396
1984-03-30,0.39682365334083447,0.15584715515294006,503.1098636085138,0.0,327.226146147108,175.88371746140584,500.25811544998885,0.001144695659967728,120.0,0.13239245536285488,15.887094643542584,0.03900442205370251
1984-03-31,0.4151701528245232,0.1513422697763848,503.1098636085138,0.0,327.226146147108,175.88371746140584,500.25811544998885,0.0013087698063568346,120.0,0.13256966632765363,15.908359959318437,0.07202873880260267
1984-04-01,0.42700020413161777,0.14711760552181405,503.1098636085138,0.0,327.226146147108,175.88371746140584,500.25811544998885,0.0010938613128604626,120.0,0.13236910480055447,15.884292576066537,0.05071155617348421
1984-04-02,0.439955034745567,0.14291620581709477,503.1098636085138,0.0,327.226146147108,175.88371746140584,500.25811544998885,0.001781399184506209,120.0,0.13226381790687103,15.871658148824524,0.1588588353284383
1984-04-03,0.4548900685271066,0.13929946788049452,503.1098636085138,0.0,327.226146147108,175.88371746140584,500.25811544998885,0.0016464505483794187,120.0,0.13225168849818209,15.870202619781852,0.14710289062231963
1984-04-04,0.4686541863723913,0.1357247229045775,503.1098636085138,0.0,327.226146147108,175.88371746140584,500.25811544998885,0.001869832823324421,120.0,0.1325892946805226,15.910715361662712,0.28769940894695556
1984-04-05,0.4790989217168042,0.13281564846313187,503.1098636085138,0.0,327.226146147108,175.88371746140584,500.25811544998885,0.0012278032712855734,120.0,0.1328064031631959,15.936768379583507,0.07260205186542325
1984-04-06,0.4927234162520237,0.1291090407804233,503.1098636085138,0.0,327.226146147108,175.88371746140584,500.25811544998885,0.0009190124242968467,120.0,0.13213352342879414,15.856022811455297,0.05738111857862541
1984-04-07,0.5048171053170643,0.12544641589294891,503.10986360851393,0.0,327.22614614710807,175.88371746140584,500.25811544998885,0.000813547430782446,120.0,0.13209621939373412,15.851546327248094,0.03819216127893213
1984-04-08,0.518510590645461,0.12181491293893607,503.10986360851393,0.0,327.22614614710807,175.88371746140584,500.25811544998885,0.0019479500088068764,120.0,0.1321757298102684,15.861087577232206,0.24174775669648815
1984-04-09,0.5291201230453908,0.11903458378318103,503.10986360851393,0.0,327.22614614710807,175.88371746140584,500.25811544998885,0.0010487545523422625,120.0,0.13203052267134643,15.843662720561571,0.09696989072217271
1984-04-10,0.5410080868909395,0.11579871053725771,503.10986360851393,0.0,327.22614614710807,175.88371746140584,500.25811544998885,0.0007359829595111525,120.0,0.13198951775062187,15.838742130074623,0.04498848330830992
1984-04-11,0.5548542957314483,0.11246927858408008,503.10986360851393,0.0,327.22614614710807,175.88371746140584,500.25811544998885,0.0007200588927015321,120.0,0.1319484388324462,15.833812659893542,0.0491955253998354
1984-04-12,0.569679044819284,0.10924948269691695,503.1098636085138,0.0,327.226146147108,175.88371746140584,500.25811544998885,0.001158135874707108,120.0,0.1322555799604909,15.870669595258908,0.12278878267400442
1984-04-13,0.582913620564133,0.10636363559922271,503.10986360851393,0.0,327.22614614710807,175.88371746140584,500.25811544998885,0.0006248522718290133,120.0,0.13188208497346754,15.825850196816106,0.036336200572933956
1984-04-14,0.6005180571505278,0.1032768066213806,503.1098636085138,0.0,327.226146147108,175.88371746140584,500.25811544998885,0.0005972801670517772,120.0,0.13183595881415827,15.820315057698993,0.026303425586588387
1984-04-15,0.623452878753942,0.10024800948312099,503.10986360851393,0.0,327.22614614710807,175.88371746140584,500.25811544998885,0.000580655567026574,120.0,0.1317818207575684,15.813818490908206,0.0226223399421816
1984-04-16,0.6491538572808633,0.09729657025699132,503.1098636085138,0.0,327.226146147108,175.88371746140584,500.25811544998885,0.0005317697241230347,120.0,0.1317210645695594,15.806527748347127,0.02383414425320171
1984-04-17,0.6748942222711247,0.09443522320663128,503.10986360851393,0.0,327.22614614710807,175.88371746140584,500.25811544998885,0.0007770081629543647,120.0,0.13228082315318074,15.873698778381687,0.07428445405576344
1984-04-18,0.6928115826408503,0.0918012204087764,503.1098636085138,0.0,327.226146147108,175.88371746140584,500.25811544998885,0.0007451848411664218,120.0,0.13179925140215126,15.815910168258151,0.09093399496398738
1984-04-19,0.7064159905062288,0.08928642617915103,503.1098636085138,0.0,327.226146147108,175.88371746140584,500.25811544998885,0.00045779700911661997,120.0,0.1316231393640741,15.794776723688893,0.02329595186141565
1984-04-20,0.7244271405202393,0.08665820777831756,503.1098636085138,0.0,327.226146147108,175.88371746140584,500.25811544998885,0.0011403061092403026,120.0,0.13199351773890544,15.839222128668654,0.2215019709894928
1984-04-21,0.739131050637771,0.08462472495131015,503.1098636085138,0.0,327.226146147108,175.88371746140584,500.25811544998885,0.000455501840800458,120.0,0.131648506007019,15.79782072084228,0.03972101729157528
1984-04-22,0.7565217516969097,0.08217500086254305,503.1098636085138,0.0,327.226146147108,175.88371746140584,500.25811544998885,0.00038261853177492665,120.0,0.13149170834863572,15.779005001836286,0.02424244224167757
1984-04-23,0.7760334470639094,0.07975750018795551,503.1098636085138,0.0,327.226146147108,175.88371746140584,500.25811544998885,0.00035900963115159017,120.0,0.13144288286041353,15.773145943249624,0.024666834492760838
1984-04-24,0.7985257810822639,0.07741178702940943,503.1098636085138,0.0,327.226146147108,175.88371746140584,500.25811544998885,0.0007181349127577333,120.0,0.13139948604029153,15.767938324834983,0.12457947809561166
1984-04-25,0.8168118148317008,0.07536797212140973,503.1098636085138,0.0,327.226146147108,175.88371746140584,500.25811544998885,0.0003745144045950475,120.0,0.13159003591310786,15.790804309572945,0.02830841997707356
1984-04-26,0.840036496074988,0.07315897513758567,503.1098636085138,0.0,327.226146147108,175.88371746140584,500.25811544998885,0.00031631539052908445,120.0,0.1313328428457406,15.75994114148887,0.017360388025363608
1984-04-27,0.8665489899711813,0.07099020886174576,503.1098636085138,0.0,327.226146147108,175.88371746140584,500.25811544998885,0.000697535442424676,120.0,0.13127445291364723,15.752934349637668,0.14160587929413573
1984-04-28,0.8810988609257314,0.06915151226945691,503.1098636085138,0.0,327.22614614710795,175.88371746140584,500.25811544998885,0.00035467623354569873,120.0,0.13142721273332184,15.77126552799862,0.045420655590132995
1984-04-29,0.8984297761224397,0.06715944054556007,503.1098636085138,0.0,327.226146147108,175.88371746140584,500.25811544998885,0.00025894292753601996,120.0,0.13122332098608103,15.746798518329722,0.02382686069516645
1984-04-30,0.9210405461565179,0.06518064384116373,503.1098636085138,0.0,327.226146147108,175.88371746140584,500.25811544998885,0.00024288160775773343,120.0,0.13118045648600424,15.741654778320507,0.01762541021822655
1984-05-01,0.9474936702444557,0.0632475937890897,503.1098636085138,0.0,327.226146147108,175.88371746140584,500.25811544998885,0.00022885637402744613,120.0,0.13112846688934218,15.735416026721063,0.015485508839508742
1984-05-02,0.9689635531550367,0.06136742645795233,503.1098636085138,0.0,327.226146147108,175.88371746140584,500.25811544998885,0.0002182764719040471,120.0,0.13113374655138849,15.736049586166619,0.018264452051776726
1984-05-03,0.9899139304787474,0.059547941000746424,503.1098636085138,0.0,327.226146147108,175.88371746140584,500.25811544998885,0.0005542112286979943,120.0,0.1315258396433571,15.78310075720285,0.16953773815078774
1984-05-04,1.0,0.05805414613277085,503.1098636085138,0.0,327.226146147108,175.88371746140584,500.25811544998885,0.0006265138547239967,120.0,0.13201733199586696,15.842079839504034,0.22414799954077264
1984-05-05,1.0101340033500839,0.05669335044207279,503.1098636085138,0.0,327.226146147108,175.88371746140584,500.25811544998885,0.00028918161429223867,120.0,0.13141618835272734,15.76994260232728,0.04500926050919349
1984-05-06,1.0219430485762144,0.05505734307026842,503.1098636085138,0.0,327.226146147108,175.88371746140584,500.25811544998885,0.0002238125315762417,120.0,0.13129588042243698,15.755505650692438,0.022105457153486566
1984-05-07,1.036934673366834,0.05343009416791316,503.1098636085138,0.0,327.226146147108,175.88371746140584,500.25811544998885,0.00020417214963322147,120.0,0.13118639933939968,15.742367920727961,0.016124175415756475
1984-05-08,1.0548576214405359,0.051840922540343934,503.1098636085138,0.0,327.226146147108,175.88371746140584,500.25811544998885,0.00018930572383163354,120.0,0.13112889364863564,15.735467237836279,0.015107015153816654
1984-05-09,1.074790619765494,0.05029706289923438,503.1098636085138,0.0,327.226146147108,175.88371746140584,500.25811544998885,0.00017502178969334888,120.0,0.13107275081787664,15.728730098145196,0.014226046006635169
1984-05-10,1.0959798994974872,0.0487974792019929,503.1098636085138,0.0,327.226146147108,175.88371746140584,500.25811544998885,0.0001641662706986045,120.0,0.13101558688940967,15.721870426729161,0.012627766394314385
1984-05-11,1.1177554438860968,0.04733988358145047,503.1098636085138,0.0,327.226146147108,175.88371746140584,500.25811544998885,0.0001457426182248528,120.0,0.1309545137365976,15.714541648391712,0.012972080141786501
1984-05-12,1.1385259631490785,0.04592595687687035,503.1098636085138,0.0,327.226146147108,175.88371746140584,500.25811544998885,0.0006608978134402466,120.0,0.1319708530376894,15.836502364522728,0.1974244018214244
1984-05-13,1.1514237855946396,0.04481030333623487,503.1098636085138,0.0,327.226146147108,175.88371746140584,500.25811544998885,0.00051950417128666,120.0,0.13368724262843867,16.04246911541264,0.06252373004410952
1984-05-14,1.1678391959798993,0.013499693080617188,503.1098636085138,0.0,327.226146147108,175.88371746140584,500.25811544998885,3.538557556670681e-05,120.0,0.13082597295843928,15.699116755012716,0.013143783181455166
1984-05-15,1.1846733668341707,0.011620877494741647,503.1098636085138,0.0,327.226146147108,175.88371746140584,500.25811544998885,4.006740063582121e-05,120.0,0.13091526009950538,15.709831211940646,0.031581546320675204
1984-05-16,1.1981574539363482,0.011271337363340473,503.1098636085138,0.0,327.226146147108,175.88371746140584,500.25811544998885,2.8427989673934703e-05,120.0,0.13079606637438898,15.695527964926677,0.013801830285699757
1984-05-17,1.2142378559463984,0.009642591994454618,503.1098636085138,0.0,327.226146147108,175.88371746140584,500.25811544998885,2.1640140068888362e-05,120.0,0.130708117558218,15.684974106986163,0.011935085847536131
1984-05-18,1.2308207705192629,0.008110049768714902,503.10986360851393,0.0,327.22614614710807,175.88371746140584,500.25811544998885,1.7165864245694347e-05,120.0,0.13066414034653107,15.679696841583729,0.010193558148353777
1984-05-19,1.2489112227805694,0.007869228383570558,503.1098636085138,0.0,327.226146147108,175.88371746140584,500.25811544998885,1.5845987201974208e-05,120.0,0.13061630929322102,15.673957115186521,0.008242984799738815
1984-05-20,1.2687604690117251,0.007635097509961985,503.1098636085138,0.0,327.226146147108,175.88371746140584,500.25811544998885,1.4042037661862351e-05,120.0,0.13056188418147127,15.667426101776554,0.01271013384627233
1984-05-21,1.2855946398659965,0.007408955878001554,503.1098636085138,0.0,327.226146147108,175.88371746140584,500.25811544998885,1.2823333240126546e-05,120.0,0.13053156646821534,15.66378797618584,0.007209510652666527
1984-05-22,1.3027638190954773,0.007188289650051335,503.1098636085138,0.0,327.226146147108,175.88371746140584,500.25811544998885,1.0787724150511548e-05,120.0,0.13047269353745855,15.656723224495025,0.00765226728717296
1984-05-23,1.3193467336683418,0.0069742911619619895,503.1098636085138,0.0,327.226146147108,175.88371746140584,500.25811544998885,9.636937414926032e-06,120.0,0.1304269642211786,15.651235706541433,0.009105852703569478
1984-05-24,1.335427135678392,0.006766967633144109,503.1098636085138,0.0,327.226146147108,175.88371746140584,500.25811544998885,4.34662446534282e-05,120.0,0.13183937564309584,15.820725077171499,0.0522600020980492
1984-05-25,1.3501675041876047,0.006574567856430952,503.1098636085138,0.0,327.22614614710795,175.88371746140584,500.25811544998885,1.7247412562706653e-05,120.0,0.1307981440497811,15.695777285973733,0.0183789377668553
1984-05-26,1.3651591289782243,0.006380955827942343,503.1098636085138,0.0,327.22614614710795,175.88371746140584,500.25811544998885,6.54838663508912e-06,120.0,0.13032352652914175,15.63882318349701,0.005404394647922167
1984-05-27,1.3829145728643215,0.002818291048126931,503.1098636085138,0.0,327.22614614710795,175.88371746140584,500.25811544998885,2.4539193191564896e-06,120.0,0.13027143755895834,15.632572507075002,0.005429140839833241
1984-05-28,1.4024288107202678,0.001503450062388451,503.1098636085138,0.0,327.22614614710795,175.88371746140584,500.25811544998885,1.1642016818410348e-06,120.0,0.13023763945096176,15.628516734115411,0.003230413391412115
1984-05-29,1.4234505862646565,0.00041384781599280925,503.1098636085137,0.0,327.2261461471079,175.88371746140584,500.25811544998885,2.3477183085091037e-07,120.0,0.1301780999077364,15.62137198892837,0.0028042799547824456
1984-05-30,1.4450586264656615,0.00040146719786706656,503.1098636085137,0.0,327.2261461471079,175.88371746140584,500.25811544998885,1.7432112851195302e-07,120.0,0.1301359442583332,15.616313310999983,0.0020772383669285413
1984-05-31,1.4647403685092126,0.00038944820022304873,503.1098636085137,0.0,327.2261461471079,175.88371746140584,500.25811544998885,1.0675933019076392e-07,120.0,0.13008619406899083,15.610343288278898,0.0013897102470013566
1984-06-01,1.484254606365159,0.0,503.1098636085137,0.0,327.2261461471079,175.88371746140584,500.25811544998885,0.0,120.0,0.13005438650328113,15.606526380393735,0.0010180905738180412
1984-06-02,1.5030988274706867,0.0,503.1098636085137,0.0,327.2261461471079,175.88371746140584,500.25811544998885,0.0,120.0,0.13001398130136269,15.601677756163522,0.00017631119136165595
1984-06-03,1.5241206030150753,0.0,503.1098636085137,0.0,327.2261461471079,175.88371746140584,500.25811544998885,0.0,120.0,0.12993245254465696,15.591894305358837,0.0
1984-06-04,1.548324958123953,0.0,503.1098636085137,0.0,327.2261461471079,175.88371746140584,500.25811544998885,0.0,120.0,0.12986224992998704,15.583469991598445,0.0
1984-06-05,1.5717755443886097,0.0,503.1098636085137,0.0,327.2261461471079,175.88371746140584,500.25811544998885,0.0,120.0,0.1298068331812959,15.57681998175551,0.0
1984-06-06,1.5966499162479062,0.0,503.1098636085137,0.0,327.2261461471079,175.88371746140584,500.25811544998885,0.0,120.0,0.12984255708866127,15.581106850639351,0.0
1984-06-07,1.6127303182579564,0.0,503.1098636085137,0.0,327.2261461471079,175.88371746140584,500.25811544998885,0.0,120.0,0.13223185258068743,15.867822309682492,0.04045059721416273
1984-06-08,1.6320770519262982,0.0,503.1098636085137,0.0,327.2261461471079,175.8837174614058,500.25811544998885,0.0,120.0,0.12976865341461635,15.572238409753963,0.0
1984-06-09,1.6516750418760469,0.0,503.1098636085137,0.0,327.2261461471079,175.8837174614058,500.25811544998885,0.0,120.0,0.1298070588696023,15.576847064352277,0.0
1984-06-10,1.6736180904522613,0.0,503.1098636085137,0.0,327.2261461471079,175.8837174614058,500.25811544998885,0.0,120.0,0.1295927980730017,15.551135768760203,0.0
1984-06-11,1.6966499162479063,0.0,503.1098636085137,0.0,327.2261461471079,175.8837174614058,500.25811544998885,0.0,120.0,0.1295263562044907,15.543162744538886,0.0
1984-06-12,1.7190954773869347,0.0,503.1098636085137,0.0,327.2261461471079,175.8837174614058,500.25811544998885,0.0,120.0,0.1294598880232439,15.535186562789267,0.0
1984-06-13,1.7385259631490788,0.0,503.1098636085137,0.0,327.2261461471079,175.8837174614058,500.2581154499889,0.0,120.0,0.14759275311887976,17.711130374265572,1.0
1984-06-14,1.7566164154103854,0.0,503.1098636085137,0.0,327.2261461471079,175.8837174614058,500.2581154499889,0.0,120.0,0.1565839160139335,18.79006992167202,1.0
1984-06-15,1.7743718592964826,0.0,503.1098636085137,0.0,327.2261461471079,175.8837174614058,500.2581154499889,0.0,120.0,0.15516901798852098,18.62028215862252,0.7877293383221413
1984-06-16,1.7933835845896149,0.0,503.1098636085137,0.0,327.2261461471079,175.88371746140584,500.2581154499889,0.0,120.0,0.1540499967634245,18.485999611610943,0.31302465217429515
1984-06-17,1.8159128978224457,0.0,503.1098636085137,0.0,327.2261461471079,175.88371746140584,500.2581154499889,0.0,120.0,0.1523359763855039,18.280317166260467,0.36030827623116707
1984-06-18,1.8387772194304859,0.0,503.1098636085137,0.0,327.2261461471079,175.88371746140584,500.2581154499889,0.0,120.0,0.1513757549580534,18.165090594966408,0.2668886101584449
1984-06-19,1.861892797319933,0.0,503.1098636085137,0.0,327.2261461471079,175.88371746140584,500.2581154499889,0.0,120.0,0.15004919328524388,18.005903194229266,0.25594777145612896
1984-06-20,1.8862646566164154,0.0,503.1098636085137,0.0,327.2261461471079,175.88371746140584,500.25811544998896,0.0,120.0,0.1489422230009948,17.873066760119375,0.23759318976022187
1984-06-21,1.9098827470686768,0.0,503.1098636085137,0.0,327.2261461471079,175.88371746140584,500.25811544998896,0.0,120.0,0.14797243254608966,17.756691905530758,0.7828927148606974
1984-06-22,1.930569514237856,0.0,503.1098636085137,0.0,327.2261461471079,175.88371746140584,500.25811544998896,0.0,120.0,0.14837722844324788,17.805267413189746,1.0
1984-06-23,1.9505025125628142,0.0,503.1098636085137,0.0,327.2261461471079,175.8837174614058,500.258115449989,0.0,120.0,0.14741441512201395,17.689729814641673,0.5528056441909466
1984-06-24,1.9704355108877722,0.0,503.1098636085137,0.0,327.2261461471079,175.88371746140584,500.2581154499891,0.0,120.0,0.1468592493568048,17.623109922816578,0.3107798349752746
1984-06-25,1.992713567839196,0.0,503.1098636085137,0.0,327.2261461471079,175.88371746140584,500.2581154499891,0.0,120.0,0.1463195487040951,17.558345844491413,0.33509625774366725
1984-06-26,2.0,0.0,503.1098636085137,0.0,327.2261461471079,175.88371746140584,500.2581154499891,0.0,120.0,0.14637378380924485,17.564854057109383,0.24695891709238343
1984-06-27,,,,,,,,,,0.1452576137066089,17.430913644793055,
1984-06-28,,,,,,,,,,0.1579503851492771,17.557841359219736,
1984-06-29,,,,,,,,,,0.16920830185840258,17.67042052631099,
1984-06-30,,,,,,,,,,0.13868711548806079,17.365208662607575,
1984-07-01,,,,,,,,,,0.12911362628932094,17.269473770620174,
1984-07-02,,,,,,,,,,0.11926427370660826,17.17098024479305,
1984-07-03,,,,,,,,,,0.12307424575055659,17.209079965232533,
1984-07-04,,,,,,,,,,0.11097579989574394,17.088095506684404,
1984-07-05,,,,,,,,,,0.10579033971432261,17.03624090487019,
1984-07-06,,,,,,,,,,0.10318455267335343,17.0101830344605,
1984-07-07,,,,,,,,,,0.10472143379162842,17.02555184564325,
1984-07-08,,,,,,,,,,0.10180454624909081,16.996382970217873,
1984-07-09,,,,,,,,,,0.10010228427890788,16.979360350516046,
1984-07-10,,,,,,,,,,0.08636268543887052,16.84196436211567,
1984-07-11,,,,,,,,,,0.07971236764220327,16.775461184149,
1984-07-12,,,,,,,,,,0.07114166496626158,16.689754157389583,
1984-07-13,,,,,,,,,,0.06420129918670645,16.620350499594032,
1984-07-14,,,,,,,,,,0.05856200724453013,16.563957580172268,
1984-07-15,,,,,,,,,,0.0519394592288037,16.497732100015003,
1984-07-16,,,,,,,,,,0.04484923620306371,16.426829869757604,
1984-07-17,,,,,,,,,,0.03893987113325748,16.36773621905954,
1984-07-18,,,,,,,,,,0.04031865635092345,16.3815240712362,
1984-07-19,,,,,,,,,,0.054638760518134086,16.524725112908307,
1984-07-20,,,,,,,,,,0.05669709727244341,16.5453084804514,
1984-07-21,,,,,,,,,,0.06007334061437793,16.579070913870744,
1984-07-22,,,,,,,,,,0.04154505314472767,16.393788039174243,
1984-07-23,,,,,,,,,,0.03796810974844343,16.3580186052114,
1984-07-24,,,,,,,,,,0.0379318399530338,16.357655907257303,
1984-07-25,,,,,,,,,,0.04970456490084481,16.475383156735415,
1984-07-26,,,,,,,,,,0.03315302541921198,16.309867761919087,
1984-07-27,,,,,,,,,,0.03405814490087654,16.318918956735732,
1984-07-28,,,,,,,,,,0.04565079993397969,16.43484550706676,
1984-07-29,,,,,,,,,,0.026467029578362045,16.243007803510586,
1984-07-30,,,,,,,,,,0.022869754789210432,16.20703505561907,
1984-07-31,,,,,,,,,,0.02001264336462786,16.178463941373245,
1984-08-01,,,,,,,,,,0.016614057687231072,16.144478084599278,
1984-08-02,,,,,,,,,,0.012484736295078522,16.10318487067775,
1984-08-03,,,,,,,,,,0.008506025376282544,16.063397761489792,
1984-08-04,,,,,,,,,,0.004244730885778405,16.02078481658475,
1984-08-05,,,,,,,,,,0.016712884085279052,16.145466348579756,
1984-08-06,,,,,,,,,,0.0,15.978337507726966,
1984-08-07,,,,,,,,,,0.0,15.978337507726966,
1984-08-08,,,,,,,,,,0.0,15.978337507726966,
1984-08-09,,,,,,,,,,0.0369940162427496,16.348277670154463,
1984-08-10,,,,,,,,,,0.018363680017945305,16.16197430790642,
1984-08-11,,,,,,,,,,0.00786114648714022,16.056948972598367,
1984-08-12,,,,,,,,,,0.0034694143899157833,16.013031651626125,
1984-08-13,,,,,,,,,,0.0003916990051563804,15.98225449777853,
1984-08-14,,,,,,,,,,0.003694065669379043,16.015278164420756,
1984-08-15,,,,,,,,,,0.002780819169923876,16.006145699426206,
1984-08-16,,,,,,,,,,0.0,15.978337507726966,
1984-08-17,,,,,,,,,,0.0,15.978337507726966,
1984-08-18,,,,,,,,,,0.0,15.978337507726966,
1984-08-19,,,,,,,,,,0.0,15.978337507726966,
1984-08-20,,,,,,,,,,0.0,15.978337507726966,
1984-08-21,,,,,,,,,,0.007719456477828737,16.055532072505255,
1984-08-22,,,,,,,,,,0.0,15.978337507726966,
1984-08-23,,,,,,,,,,0.0,15.978337507726966,
1984-08-24,,,,,,,,,,0.006825519245576843,16.046592700182735,
1984-08-25,,,,,,,,,,0.0,15.978337507726966,
1984-08-26,,,,,,,,,,0.0036032260376462877,16.01436976810343,
1984-08-27,,,,,,,,,,0.0,15.978337507726966,
1984-08-28,,,,,,,,,,0.0,15.978337507726966,
1984-08-29,,,,,,,,,,0.0,15.978337507726966,
1984-08-30,,,,,,,,,,0.0,15.978337507726966,
1984-08-31,,,,,,,,,,0.0005583410318148102,15.983920918045115,
1984-09-01,,,,,,,,,,0.0,15.978337507726966,
1984-09-02,,,,,,,,,,0.0014412311760332198,15.992749819487297,
1984-09-03,,,,,,,,,,0.0,15.978337507726966,
1984-09-04,,,,,,,,,,0.0,15.978337507726966,
1984-09-05,,,,,,,,,,0.0,15.978337507726966,
1984-09-06,,,,,,,,,,0.0,15.978337507726966,
1984-09-07,,,,,,,,,,0.03227854716804127,16.301122979407378,
1984-09-08,,,,,,,,,,0.013018110066525914,16.108518608392224,
1984-09-09,,,,,,,,,,0.010201381418046699,16.080351321907433,
1984-09-10,,,,,,,,,,0.031486807759414134,16.293205585321108,
1984-09-11,,,,,,,,,,0.029923543341149172,16.27757294113846,
1984-09-12,,,,,,,,,,0.016915279817364876,16.147490305900615,
1984-09-13,,,,,,,,,,0.014527701679280918,16.123614524519777,
1984-09-14,,,,,,,,,,0.012548293842606634,16.103820446153033,
1984-09-15,,,,,,,,,,0.013597820109198092,16.114315708818946,
1984-09-16,,,,,,,,,,0.008935817378054722,16.067695681507512,
1984-09-17,,,,,,,,,,0.00796891488766958,16.058026656603662,
1984-09-18,,,,,,,,,,0.006605437361240566,16.044391881339372,
1984-09-19,,,,,,,,,,0.006338437046845334,16.041721878195418,
1984-09-20,,,,,,,,,,0.00384426545857446,16.01678016231271,
1984-09-21,,,,,,,,,,0.0020302887799128625,15.998640395526095,
1984-09-22,,,,,,,,,,0.00014711482799863797,15.979808656006952,
1984-09-23,,,,,,,,,,0.0,15.978337507726966,
1984-09-24,,,,,,,,,,0.0,15.978337507726966,
1984-09-25,,,,,,,,,,0.014252103458887638,16.120858542315844,
1984-09-26,,,,,,,,,,0.031370278200008005,16.292040289727048,
1984-09-27,,,,,,,,,,0.024579087173176185,16.224128379458726,
1984-09-28,,,,,,,,,,0.021664337142900593,16.19498087915597,
1984-09-29,,,,,,,,,,0.021455707020240047,16.192894577929366,
1984-09-30,,,,,,,,,,0.011135290621249473,16.08969041393946,
1984-10-01,,,,,,,,,,0.018888489639350116,16.167222404120466,
1984-10-02,,,,,,,,,,0.03953200320069165,16.373657539733884,
1984-10-03,,,,,,,,,,0.06049577905162248,16.58329529824319,
1984-10-04,,,,,,,,,,0.045980547259355485,16.43814298032052,
1984-10-05,,,,,,,,,,0.042803570428295676,16.40637321200992,
1984-10-06,,,,,,,,,,0.042019091727362554,16.398528425000592,
1984-10-07,,,,,,,,,,0.04084290748414845,16.386766582568452,
1984-10-08,,,,,,,,,,0.03969334248950758,16.37527093262204,
1984-10-09,,,,,,,,,,0.03925159753371784,16.370853483064145,
1984-10-10,,,,,,,,,,0.043379502304886595,16.412132530775832,
1984-10-11,,,,,,,,,,0.03711099871235038,16.34944749485047,
1984-10-12,,,,,,,,,,0.03690448601761025,16.34738236790307,
1984-10-13,,,,,,,,,,0.03627332557513154,16.34107076347828,
1984-10-14,,,,,,,,,,0.03370009385821441,16.31533844630911,
1984-10-15,-0.1,0.03445,25.0,0.0,16.25,8.75,25.0,0.0,10.0,0.03299991105865692,16.308336618313536,0.0
1984-10-16,-0.08491666666666667,0.03445,25.0,0.0,16.25,8.75,25.0,0.0,10.0,0.03216137389595384,16.299951246686504,0.0
1984-10-17,-0.07025,0.03445,25.0,0.0,16.25,8.75,25.0,0.0,10.0,0.031173856183505787,16.290076069562023,0.0
1984-10-18,-0.05566666666666667,0.03445,25.0,0.0,16.25,8.75,25.0,0.0,10.0,0.030084726276198338,16.27918477048895,0.0
1984-10-19,-0.03983333333333333,0.03445,25.0,0.0,16.25,8.75,25.0,0.0,10.0,0.028908403847168418,16.26742154619865,0.0
1984-10-20,-0.02633333333333333,0.03445,25.0,0.0,16.25,8.75,25.0,0.0,10.0,0.027556171935067382,16.25389922707764,0.0
1984-10-21,-0.014166666666666662,0.03445,25.0,0.0,16.25,8.75,25.0,0.0,10.0,0.026498859620362063,16.24332610393059,0.0
1984-10-22,0.0,0.03445,25.0,0.0,16.25,8.75,25.0,0.0,10.0,0.024998667430448637,16.228324182031454,0.0
1984-10-23,0.0,0.033416499999999995,25.0,0.0,16.25,8.75,25.0,0.0,11.2,0.03641445498020165,16.211870267057293,0.0
1984-10-24,0.0,0.032414004999999996,25.0,0.0,16.25,8.75,25.0,0.0,12.399999999999999,0.04622278477557367,16.20288176604822,0.0
1984-10-25,0.0,0.031441584849999996,25.0,0.0,16.25,8.75,25.0,0.0,13.599999999999998,0.054280613173088896,16.193626437537183,0.0
1984-10-26,0.0,0.0304983373045,25.0,0.0,16.25,8.75,25.0,0.0,14.799999999999997,0.060883329463989104,16.18217423800228,0.0
1984-10-27,0.0,0.029583387185364997,25.0,0.0,16.25,8.75,25.0,0.0,15.999999999999996,0.06668675244609903,16.173779864624894,0.0
1984-10-28,0.0,0.02869588556980405,25.0,0.0,16.25,8.75,25.0,0.0,17.199999999999996,0.07171813797730381,16.166034662249004,0.0
1984-10-29,0.0,0.027835009002709927,25.0,0.0,16.25,8.75,25.0,0.0,18.399999999999995,0.0759812419830347,16.156228405079286,0.0
1984-10-30,0.0,0.02699995873262863,25.0,0.0,16.25,8.75,25.0,0.0,19.599999999999994,0.07976610620197672,16.14728009770226,0.0
1984-10-31,0.0,0.02618995997064977,25.0,0.0,16.25,8.75,25.0,0.0,20.799999999999994,0.08304109876903568,16.136810134091526,0.0
1984-11-01,0.0,0.02540426117153028,25.0,0.0,16.25,8.75,25.0,0.0,21.999999999999993,0.0860907357966258,16.129242330773423,0.0
1984-11-02,0.0,0.024642133336384372,25.0,0.0,16.25,8.75,25.0,0.0,23.199999999999992,0.08889311377347828,16.12325724634442,0.0
1984-11-03,0.0,0.02390286933629284,25.0,0.0,16.25,8.75,25.0,0.0,24.39999999999999,0.09141865827927327,16.11724313236606,0.0
1984-11-04,0.0,0.023185783256204056,25.0,0.0,16.25,8.75,25.0,0.0,25.59999999999999,0.09350946632868265,16.106161071918137,0.0
1984-11-05,0.0,0.022490209758517933,25.0,0.0,16.25,8.75,25.0,0.0,26.79999999999999,0.09540626644034164,16.094897538057083,0.0
1984-11-06,0.0,0.021815503465762397,25.0,0.0,16.25,8.75,25.0,0.0,27.99999999999999,0.09725296643201345,16.086783521104376,0.0
1984-11-07,0.0,0.021161038361789525,25.0,0.0,16.25,8.75,25.0,0.0,29.19999999999999,0.0989035117307301,16.07737386709739,0.0
1984-11-08,0.0,0.02052620721093584,25.0,0.0,16.25,8.75,25.0,0.0,30.399999999999988,0.10058109600684007,16.072747506720077,0.0
1984-11-09,0.0,0.019910420994607766,25.0,0.0,16.25,8.75,25.0,0.0,31.599999999999987,0.10607930216740341,16.192879000154157,0.0
1984-11-10,0.0,0.019313108364769533,25.0,0.0,16.25,8.75,25.0,0.0,32.79999999999999,0.12481757334370105,16.760480320889673,0.0
1984-11-11,0.0,0.018733715113826446,25.0,0.0,16.25,8.75,25.0,0.00045710251627210637,33.99999999999999,0.1354351065547681,17.096948401630463,0.6039007283075648
1984-11-12,0.0,0.01882150285557265,25.225254041456175,0.0,16.396415126946515,8.828838914509662,25.225254041456175,0.0005661518304486067,35.199999999999996,0.1347578252721299,17.061321091899387,0.5286472524588768
1984-11-13,0.0,0.018804748762432433,25.406235840712057,0.0,16.514053296462837,8.89218254424922,25.406235840712053,0.0004564567732914881,36.4,0.13552335238234972,17.076586532590014,0.6137058202610791
1984-11-14,0.0,0.018894964535242732,25.62985029844915,0.0,16.659402693991947,8.9704476044572,25.629850298449142,0.0004132594692455203,37.6,0.13543167513287935,17.061458354420818,0.6035194592088154
1984-11-15,0.0,0.018983986125390453,25.857547078465558,0.0,16.807405601002614,9.050141477462946,25.857547078465558,0.0008650544368635721,38.800000000000004,0.13782338200209918,17.142465454658073,0.8692646668999072
1984-11-16,0.0,0.019914350991231396,26.586735175948185,0.0,17.28137786436632,9.305357311581863,26.58673517594818,0.0008235451899270488,40.00000000000001,0.136057250622495,17.062899121428494,0.6730278469438867
1984-11-17,0.0,0.02052758503012479,27.173511072539572,0.0,17.662782197150722,9.51072887538885,27.173511072539572,0.0008277496671083279,41.20000000000001,0.1358604607722965,17.04375094389938,0.5390384641551319
1984-11-18,0.0,0.020767035761437833,27.55328142449401,0.0,17.90963292592111,9.643648498572903,27.55328142449401,0.0005991571293736169,42.40000000000001,0.13615841915134558,17.045107795649884,0.684268794593952
1984-11-19,0.0,0.02111228552380569,27.946571554666683,0.0,18.165271510533344,9.781300044133337,27.94657155466668,0.0008225347243495062,43.600000000000016,0.13620139923418265,17.036062693795266,0.6890443593536263
1984-11-20,0.0,0.021301416611941577,28.226746167332,0.0,18.3473850087658,9.879361158566198,28.226746167332,0.0007633856975090963,44.80000000000002,0.13625548006544147,17.027618057668747,0.6950533406046067
1984-11-21,1.6770989602165354e-05,0.021574395008346587,28.566261603827677,0.0,18.568070042487992,9.998191561339684,28.566261603827677,0.0008389326489472649,46.00000000000002,0.13640345219212233,17.023622215126668,0.7114946880135907
1984-11-22,0.0001667170087656742,0.02205205444761688,29.0484018550282,0.0,18.881461205768332,10.166940649259868,29.048401855028203,0.0007251384516439548,47.200000000000024,0.13653911845012606,17.01940066868706,0.7265687166806725
1984-11-23,0.0004908144897566635,0.02256058022673119,29.54870477631811,0.0,19.206658104606777,10.342046671711335,29.548704776318115,0.0009270498447314661,48.40000000000003,0.1366855674095254,17.016026604014208,0.7428408232805982
1984-11-24,0.0009985736271437887,0.0230928031504849,30.061239414109302,0.0,19.539805619171048,10.521433794938252,30.061239414109302,0.0008151373042118356,49.60000000000003,0.13679856712876373,17.01134493453193,0.7553963476404135
1984-11-25,0.0014793359388809702,0.023537975267131635,30.507269629248356,0.0,19.829725259011436,10.677544370236921,30.50726962924836,0.001091490118536777,50.80000000000003,0.13691827016506458,17.0072749928826,0.7686966850071746
1984-11-26,0.0020065267120629657,0.024060646640712214,31.005095264085643,0.0,20.15331192165567,10.851783342429972,31.005095264085647,0.0008896128136403488,52.000000000000036,0.13700015074314428,17.001525570692888,0.7777945270160302
1984-11-27,0.0026768992831004983,0.0245296897944825,31.461869846656967,0.0,20.450215400327032,11.011654446329933,31.461869846656963,0.0009885112108314856,53.20000000000004,0.13737254707816954,17.011428100160074,0.8191718975743919
1984-11-28,0.003213786373607348,0.025082422611422496,31.959549479965197,0.0,20.773707161977384,11.185842317987815,31.959549479965197,0.000987858319715825,54.40000000000004,0.1372127783666413,16.99327460229881,0.8014198185156997
1984-11-29,0.003991419637024549,0.0256687343845003,32.493466703553786,0.0,21.120753357309965,11.37271334624382,32.493466703553786,0.0013030993399404391,55.600000000000044,0.13731022978658228,16.98903909883957,0.8122477540646963
1984-11-30,0.005210924195308026,0.026550812872387572,33.23850252635311,0.0,21.605026642129527,11.633475884223584,33.23850252635311,0.0010637517877546859,56.80000000000005,0.13738397531913574,16.983690984384573,0.4881099372302059
1984-12-01,0.00657022226814228,0.026729667922145532,33.66418319964268,0.0,21.88171907976775,11.782464119874934,33.66418319964268,0.0008124836325184447,58.00000000000005,0.13743743069834466,16.977343030313722,0.3063181336298101
1984-12-02,0.007940549426504984,0.026536718315635796,33.92783121955628,0.0,22.053090292711587,11.874740926844694,33.92783121955628,0.0010738154971629298,59.20000000000005,0.13748782855406116,16.97094236376222,0.49202054208175683
1984-12-03,0.009514009519457757,0.02683909759402392,34.44073580006085,0.0,22.386478270039557,12.054257530021294,34.44073580006085,0.0013172415115661345,60.400000000000055,0.13754496756278028,16.965069817705796,0.6448602903544429
1984-12-04,0.011417622428013792,0.027607399358871597,35.20579432302775,0.0,22.883766309968046,12.32202801305971,35.20579432302775,0.0014691321250343077,61.60000000000006,0.1376056072226176,16.95955004537918,0.8450674691797332
1984-12-05,0.012314558222590725,0.028239066901920153,35.75730816236711,0.0,23.242250305538626,12.515057856828482,35.75730816236711,0.0013762032553481258,62.80000000000006,0.13766184920672422,16.95389963420029,0.8513165785249125
1984-12-06,0.012922907159688999,0.028773021913708934,36.23620180850355,0.0,23.553531175527315,12.682670632976238,36.23620180850356,0.0014951516814873688,64.00000000000006,0.13773631937042605,16.949550807277344,0.8595910411584484
1984-12-07,0.013843796610517427,0.029426800005633285,36.79859498224319,0.0,23.919086738458077,12.87950824378511,36.798594982243195,0.0014411090411188998,65.20000000000006,0.137798652248877,16.944589357748924,0.8665169165418872
1984-12-08,0.015499848296245124,0.030175773301564013,37.42763177176601,0.0,24.32796065164791,13.099671120118098,37.427631771766016,0.0008024215319918451,66.40000000000006,0.13805767412921438,16.95283765685405,0.8952971254682632
1984-12-09,0.016963698944677794,0.03020013475917026,37.51409488046195,0.0,24.38416167230027,13.129933208161676,37.514094880461954,0.0008928780603995793,67.60000000000007,0.13976169983590894,17.05938986713373,1.0
1984-12-10,0.01812500203034626,0.030354275075162085,37.625952874650494,0.0,24.456869368522828,13.169083506127668,37.62595287465051,0.0008054337912542319,68.80000000000007,0.13928410857492546,17.01993649173323,1.0
1984-12-11,0.019116595084639535,0.030354275075162085,37.625952874650494,0.0,24.456869368522828,13.169083506127668,37.62595287465051,0.0008322635548846044,70.00000000000007,0.1392974943974574,17.013705293152444,1.0
1984-12-12,0.02074763643891354,0.030354275075162085,37.625952874650494,0.0,24.456869368522828,13.169083506127668,37.62595287465051,0.0009487551364893757,71.20000000000007,0.13940465555659964,17.01418302451239,1.0
1984-12-13,0.022699402819584796,0.030466549333237124,37.70742911418246,0.0,24.509828924218603,13.197600189963854,37.70742911418247,0.0008141726132947909,72.40000000000008,0.14007092658436487,17.055397497142586,1.0
1984-12-14,0.024476330044460554,0.03060991180196473,37.81146573880336,0.0,24.57745273022219,13.23401300858117,37.81146573880337,0.0007355064062855762,73.60000000000008,0.14051684120478747,17.081992788658994,1.0
1984-12-15,0.025216377508115187,0.03060991180196473,37.81146573880336,0.0,24.57745273022219,13.23401300858117,37.81146573880337,0.0006296883057148315,74.80000000000008,0.1415361113147687,17.152545265883408,1.0
1984-12-16,0.025216377508115187,0.03060991180196473,37.81146573880336,0.0,24.57745273022219,13.23401300858117,37.81146573880337,0.0007256268137213173,76.00000000000009,0.14355702923801933,17.301669225180248,1.0
1984-12-17,0.025216377508115187,0.03060991180196473,37.81146573880336,0.0,24.57745273022219,13.23401300858117,37.81146573880337,0.0008418295701041485,77.20000000000009,0.14311077100374872,17.26517738813225,1.0
1984-12-18,0.025216377508115187,0.03060991180196473,37.81146573880336,0.0,24.57745273022219,13.23401300858117,37.81146573880337,0.0013014300180472207,78.40000000000009,0.14325432617389253,17.273855902228092,1.0
1984-12-19,0.025216377508115187,0.03060991180196473,37.81146573880336,0.0,24.57745273022219,13.23401300858117,37.81146573880337,0.001044044345984676,79.6000000000001,0.14309256994596528,17.258576161445824,1.0
1984-12-20,0.025216377508115187,0.03060991180196473,37.81146573880336,0.0,24.57745273022219,13.23401300858117,37.81146573880337,0.0010510152377575968,80.8000000000001,0.14308982191104253,17.255756067711296,1.0
1984-12-21,0.025216377508115187,0.03060991180196473,37.81146573880336,0.0,24.57745273022219,13.23401300858117,37.81146573880337,0.001413678907806518,82.0000000000001,0.1430871835252419,17.252938369920965,1.0
1984-12-22,0.025216377508115187,0.03060991180196473,37.81146573880336,0.0,24.57745273022219,13.23401300858117,37.81146573880337,0.0016327697238068422,83.2000000000001,0.14306740193418588,17.24868802532746,1.0
1984-12-23,0.025216377508115187,0.03060991180196473,37.81146573880336,0.0,24.57745273022219,13.23401300858117,37.81146573880337,0.0015069569316552883,84.4000000000001,0.14304565222367913,17.244224095633783,1.0
1984-12-24,0.025216377508115187,0.03060991180196473,37.81146573880336,0.0,24.57745273022219,13.23401300858117,37.81146573880337,0.0009246772691412221,85.60000000000011,0.14302806314574174,17.24006411678283,1.0
1984-12-25,0.025216377508115187,0.03060991180196473,37.81146573880336,0.0,24.57745273022219,13.23401300858117,37.81146573880337,0.0009507720126425264,86.80000000000011,0.14303399008730483,17.23790311463747,1.0
1984-12-26,0.025216377508115187,0.03060991180196473,37.81146573880336,0.0,24.57745273022219,13.23401300858117,37.81146573880337,0.0010285668596583643,88.00000000000011,0.14303839979226673,17.23562282033095,1.0
1984-12-27,0.025216377508115187,0.03060991180196473,37.81146573880336,0.0,24.57745273022219,13.23401300858117,37.81146573880337,0.0010065443767794259,89.20000000000012,0.14303898224461523,17.233011718383224,1.0
1984-12-28,0.025216377508115187,0.03060991180196473,37.81146573880336,0.0,24.57745273022219,13.23401300858117,37.81146573880337,0.0011243541976983197,90.40000000000012,0.14304168963036418,17.230594108300537,1.0
1984-12-29,0.025216377508115187,0.03060991180196473,37.81146573880336,0.0,24.57745273022219,13.23401300858117,37.81146573880337,0.0014711581650775198,91.60000000000012,0.14303963099184544,17.227746428120728,1.0
1984-12-30,0.025216377508115187,0.03060991180196473,37.81146573880336,0.0,24.57745273022219,13.23401300858117,37.81146573880337,0.0013466549510362262,92.80000000000013,0.14302743117055758,17.223952705447495,1.0
1984-12-31,0.025425460385785983,0.03060991180196473,37.81146573880336,0.0,24.57745273022219,13.23401300858117,37.81146573880337,0.0011364408926330543,94.00000000000013,0.1430168689337998,17.220283636149006,1.0
1985-01-01,0.026068031506393686,0.03060991180196473,37.81146573880336,0.0,24.57745273022219,13.23401300858117,37.81146573880337,0.0009240173600706032,95.20000000000013,0.14301544617290046,17.217459295584018,1.0
1985-01-02,0.027210513929731783,0.03060991180196473,37.81146573880336,0.0,24.57745273022219,13.23401300858117,37.81146573880337,0.0006985658151936803,96.40000000000013,0.14301852734313245,17.21506571935393,1.0
1985-01-03,0.028572684802056526,0.03060991180196473,37.81146573880336,0.0,24.57745273022219,13.23401300858117,37.81146573880337,0.0007305926146525143,97.60000000000014,0.14320813443853284,17.230884468228837,1.0
1985-01-04,0.029042392174630255,0.03060991180196473,37.81146573880336,0.0,24.57745273022219,13.23401300858117,37.81146573880337,0.0013916962145969565,98.80000000000014,0.14337437765039127,17.24484992243876,1.0
1985-01-05,0.029042392174630255,0.03060991180196473,37.81146573880336,0.0,24.57745273022219,13.23401300858117,37.81146573880337,0.0007301553282981833,100.00000000000014,0.14303128986710723,17.208281260842895,1.0
1985-01-06,0.029042392174630255,0.03060991180196473,37.81146573880336,0.0,24.57745273022219,13.23401300858117,37.81146573880337,0.0009516587591718553,101.20000000000014,0.1430313055682988,17.20561126119608,1.0
1985-01-07,0.02949296392477993,0.03060991180196473,37.81146573880336,0.0,24.57745273022219,13.23401300858117,37.81146573880337,0.0009718247533499253,102.40000000000015,0.1431196721159777,17.211988425912427,1.0
1985-01-08,0.029749377301471206,0.03060991180196473,37.81146573880336,0.0,24.57745273022219,13.23401300858117,37.81146573880337,0.0010845843621803677,103.60000000000015,0.14303638619185133,17.20079447426418,1.0
1985-01-09,0.03027378157801776,0.03060991180196473,37.81146573880336,0.0,24.57745273022219,13.23401300858117,37.81146573880337,0.0016064142748814217,104.80000000000015,0.14302619576942574,17.19706104497627,1.0
1985-01-10,0.03091845144312857,0.03060991180196473,37.81146573880336,0.0,24.57745273022219,13.23401300858117,37.81146573880337,0.0023061771991750037,106.00000000000016,0.14300589029162847,17.192230962805137,1.0
1985-01-11,0.03257050476529589,0.03060991180196473,37.81146573880336,0.0,24.57745273022219,13.23401300858117,37.81146573880337,0.0016069191982658923,107.20000000000016,0.14296487105826602,17.18513163289071,1.0
1985-01-12,0.03399085536751477,0.03060991180196473,37.81146573880336,0.0,24.57745273022219,13.23401300858117,37.81146573880337,0.0016285493587833836,108.40000000000016,0.142946962489247,17.180439052831034,1.0
1985-01-13,0.03416302276661152,0.03060991180196473,37.81146573880336,0.0,24.57745273022219,13.23401300858117,37.81146573880337,0.002117564511924809,109.60000000000016,0.14293100623901261,17.17591746634451,1.0
1985-01-14,0.03416302276661152,0.03060991180196473,37.81146573880336,0.0,24.57745273022219,13.23401300858117,37.81146573880337,0.0022747528101866536,110.80000000000017,0.14290004813926224,17.169695379931056,1.0
1985-01-15,0.03543974069585157,0.03060991180196473,37.81146573880336,0.0,24.57745273022219,13.23401300858117,37.81146573880337,0.002210524333039179,112.00000000000017,0.14286834972300713,17.16331607862967,0.8950924163327842
1985-01-16,0.03870859717719743,0.03051357544546241,37.81146573880336,0.0,24.57745273022219,13.23401300858117,37.81146573880337,0.0018190021993566951,113.20000000000017,0.14283480425377673,17.156651614732468,1.0
1985-01-17,0.04152734855661758,0.03051357544546241,37.81146573880336,0.0,24.57745273022219,13.23401300858117,37.81146573880337,0.0012085185900680003,114.40000000000018,0.14281494702550918,17.151472576475257,1.0
1985-01-18,0.043477221561187315,0.03051357544546241,37.81146573880336,0.0,24.57745273022219,13.23401300858117,37.81146573880337,0.0011250110716063517,115.60000000000018,0.1428117019976491,17.14816625123731,1.0
1985-01-19,0.04567729458234994,0.03051357544546241,37.81146573880336,0.0,24.57745273022219,13.23401300858117,37.81146573880337,0.0013650030565970702,116.80000000000018,0.1428100265713967,17.145035467400277,1.0
1985-01-20,0.046515150847324986,0.03051357544546241,37.81146573880336,0.0,24.57745273022219,13.23401300858117,37.81146573880337,0.001826873270006848,118.00000000000018,0.14280225241560898,17.14118101245508,1.0
1985-01-21,0.04844293196791074,0.03051357544546241,37.81146573880336,0.0,24.57745273022219,13.23401300858117,37.81146573880337,0.0009909923674289935,119.20000000000019,0.14277807193217082,17.135352265280048,1.0
1985-01-22,0.05032308361817841,0.03051357544546241,37.81146573880336,0.0,24.57745273022219,13.23401300858117,37.81146573880337,0.0008585868178239384,120.0,0.143011201514968,17.16134418179616,1.0
1985-01-23,0.0520940359806112,0.03051357544546241,37.81146573880336,0.0,24.57745273022219,13.23401300858117,37.81146573880337,0.0007960069644949723,120.0,0.14277853709929159,17.13342445191499,1.0
1985-01-24,0.0520940359806112,0.03051357544546241,37.81146573880336,0.0,24.57745273022219,13.23401300858117,37.81146573880337,0.000928593984923127,120.0,0.14351886665498761,17.222263998598514,1.0
1985-01-25,0.0520940359806112,0.03051357544546241,37.81146573880336,0.0,24.57745273022219,13.23401300858117,37.81146573880337,0.0008816143678144017,120.0,0.14309965042128464,17.171958050554156,1.0
1985-01-26,0.0520940359806112,0.03051357544546241,37.81146573880336,0.0,24.57745273022219,13.23401300858117,37.81146573880337,0.0007825424930262544,120.0,0.14307864582273686,17.169437498728424,1.0
1985-01-27,0.0520940359806112,0.03051357544546241,37.81146573880336,0.0,24.57745273022219,13.23401300858117,37.81146573880337,0.0008958674376419029,120.0,0.14305924476271661,17.167109371525992,1.0
1985-01-28,0.0520940359806112,0.03051357544546241,37.81146573880336,0.0,24.57745273022219,13.23401300858117,37.81146573880337,0.0014586322817738179,120.0,0.14304024201265814,17.164829041518978,1.0
1985-01-29,0.05285934495333237,0.03051357544546241,37.81146573880336,0.0,24.57745273022219,13.23401300858117,37.81146573880337,0.0013389423986759667,120.0,0.14299977267179995,17.159972720615993,1.0
1985-01-30,0.05311638139387945,0.03051357544546241,37.81146573880336,0.0,24.57745273022219,13.23401300858117,37.81146573880337,0.0019027423007446109,120.0,0.14296634255759316,17.155961106911178,1.0
1985-01-31,0.0535696383078809,0.03051357544546241,37.81146573880336,0.0,24.57745273022219,13.23401300858117,37.81146573880337,0.0019634163987990567,120.0,0.14291873634824245,17.150248361789096,1.0
1985-02-01,0.05631018674298093,0.03051357544546241,37.81146573880336,0.0,24.57745273022219,13.23401300858117,37.81146573880337,0.0014343971142077394,120.0,0.14286888547104418,17.144266256525302,0.4173112190550848
1985-02-02,0.060979102835646476,0.029980177903104796,37.81146573880336,0.0,24.57745273022219,13.23401300858117,37.81146573880337,0.0013947002711911128,120.0,0.14279860751370385,17.135832901644463,0.409930088960344
1985-02-03,0.0667450670029123,0.02944946587585765,37.811465738803356,0.0,24.577452730222188,13.23401300858117,37.81146573880337,0.0015262861438560024,120.0,0.14273148287039453,17.12777794444734,0.5209605887227343
1985-02-04,0.07349178004987249,0.029049521188961064,37.82835903123546,0.0,24.588433370303054,13.239925660932405,37.82835903123547,0.0008727732568304913,120.0,0.14275028081702376,17.13003369804285,1.0
1985-02-05,0.07780091484116476,0.029263055056575924,37.983318296558295,0.0,24.689156892762895,13.294161403795396,37.9833182965583,0.0009070721951483837,120.0,0.1426745096856882,17.120941162282584,1.0
1985-02-06,0.08133007747737027,0.029693770044719556,38.29588360000069,0.0,24.892324340000457,13.403559260000238,38.29588360000071,0.001242274169456601,120.0,0.14264916825897975,17.11790019107757,1.0
1985-02-07,0.08543490377243707,0.030398456371785395,38.80726700135472,0.0,25.22472355088057,13.582543450474144,38.807267001354724,0.0013156319451742727,120.0,0.14264162242400902,17.116994690881082,1.0
1985-02-08,0.08915905706252061,0.031148223378001685,39.351364973935475,0.0,25.578387233058066,13.772977740877412,39.35136497393549,0.00081006680579741,120.0,0.14284511972703154,17.141414367243783,1.0
1985-02-09,0.09152288661099454,0.031482235286562146,39.593753877099815,0.0,25.735940020114885,13.857813856984931,39.59375387709983,0.0016680509078432668,120.0,0.14272937148129763,17.127524577755715,1.0
1985-02-10,0.09488717596969401,0.03224394685207946,40.14651988981195,0.0,26.09523792837777,14.051281961434176,40.146519889811955,0.0023717838252588033,120.0,0.14254697480092424,17.105636976110908,0.9298689159421563
1985-02-11,0.10004539206415285,0.03289657387522739,40.66935451358489,0.0,26.435080433830187,14.234274079754709,40.669354513584906,0.0014495650857279249,120.0,0.14248732195340214,17.098478634408256,1.0
1985-02-12,0.10410593549199589,0.03326375916768522,40.935810787405146,0.0,26.608281043480105,14.327529743925037,40.93576241179579,0.0016539561776224001,120.0,0.14245575228640697,17.094690274368837,0.49117866802567717
1985-02-13,0.11100070361165609,0.03339361517257941,41.39754922383038,0.0,26.909042983234556,14.488506240595823,41.38997914256094,0.0025204509475997205,120.0,0.14238825631959853,17.086590758351825,1.0
1985-02-14,0.1152004256721546,0.03442946831418053,42.145039989468756,0.0,27.397652955687914,14.747387033780843,42.10528629550713,0.0023681050260056244,120.0,0.14232380702722303,17.078856843266763,1.0
1985-02-15,0.12184369159009543,0.036157893103285925,43.38963779413794,0.0,28.212947667530084,15.176690126607856,43.27644310331797,0.0018455241667476052,120.0,0.14226960650696577,17.072352780835892,1.0
1985-02-16,0.12611261265869708,0.03702100437115278,44.009049908207686,0.0,28.620075624071053,15.38897428413663,43.8439996621517,0.0021163460377752364,120.0,0.14222833831900125,17.06740059828015,0.6426184096481397
1985-02-17,0.12729991383310674,0.03702454620605444,44.29581976184676,0.0,28.80897213230654,15.486847629540216,44.10230294825335,0.0010876468421145472,120.0,0.14232063025408692,17.07847563049043,1.0
1985-02-18,0.12729991383310674,0.03702454620605444,44.29581976184676,0.0,28.80897213230654,15.486847629540216,44.10230294825335,0.0010301480407417254,120.0,0.14247552192605958,17.09706263112715,1.0
1985-02-19,0.12729991383310674,0.03702454620605444,44.29581976184676,0.0,28.80897213230654,15.486847629540216,44.10230294825335,0.000811427104321155,120.0,0.1421713015643288,17.060556187719456,1.0
1985-02-20,0.12729991383310674,0.03702454620605444,44.29581976184676,0.0,28.80897213230654,15.486847629540216,44.10230294825335,0.001330958163261931,120.0,0.142192169953626,17.06306039443512,1.0
1985-02-21,0.12729991383310674,0.03702454620605444,44.29581976184676,0.0,28.80897213230654,15.486847629540216,44.10230294825335,0.002360525443088919,120.0,0.14206271551973845,17.047525862368616,1.0
1985-02-22,0.12729991383310674,0.03702454620605444,44.29581976184676,0.0,28.80897213230654,15.486847629540216,44.10230294825335,0.0023043975245814552,120.0,0.14201013756086142,17.04121650730337,1.0
1985-02-23,0.12729991383310674,0.03702454620605444,44.29581976184676,0.0,28.80897213230654,15.486847629540216,44.10230294825335,0.0026088480145676496,120.0,0.14195702788444725,17.03484334613367,1.0
1985-02-24,0.12926401951622174,0.03702454620605444,44.29581976184676,0.0,28.80897213230654,15.486847629540216,44.10230294825335,0.002369765728948395,120.0,0.1418980765974631,17.027769191695572,1.0
1985-02-25,0.13068967820751828,0.03702454620605444,44.29581976184676,0.0,28.80897213230654,15.486847629540216,44.10230294825335,0.0013418638075685507,120.0,0.1418567884733515,17.02281461680218,1.0
1985-02-26,0.13188736789540104,0.03702454620605444,44.29581976184676,0.0,28.80897213230654,15.486847629540216,44.10230294825335,0.0008670817558790099,120.0,0.14212695018720337,17.055234022464404,1.0
1985-02-27,0.13277278261621758,0.03702454620605444,44.29581976184676,0.0,28.80897213230654,15.486847629540216,44.10230294825335,0.0009724903808811276,120.0,0.1423548235815276,17.082578829783312,1.0
1985-02-28,0.13423333740602542,0.03702454620605444,44.29581976184676,0.0,28.80897213230654,15.486847629540216,44.10230294825335,0.0012981734435506343,120.0,0.1419821799924813,17.037861599097756,1.0
1985-03-01,0.13693256931616785,0.03702454620605444,44.29581976184676,0.0,28.80897213230654,15.486847629540216,44.10230294825335,0.0011775573771770087,120.0,0.14195034988432614,17.03404198611914,1.0
1985-03-02,0.1401481599616677,0.03702454620605444,44.29581976184676,0.0,28.80897213230654,15.486847629540216,44.10230294825335,0.0012882188080705764,120.0,0.14196785083400928,17.036142100081115,1.0
1985-03-03,0.14289079713230188,0.03702454620605444,44.29581976184676,0.0,28.80897213230654,15.486847629540216,44.10230294825335,0.0020617350645867794,120.0,0.1419003930657914,17.028047167894968,1.0
1985-03-04,0.14582282803843516,0.03702454620605444,44.29581976184676,0.0,28.80897213230654,15.486847629540216,44.10230294825335,0.0023519631874367834,120.0,0.14184291608940658,17.02114993072879,1.0
1985-03-05,0.14962250239038602,0.03702454620605444,44.29581976184676,0.0,28.80897213230654,15.486847629540216,44.10230294825335,0.0022900407489666154,120.0,0.14178987306796575,17.01478476815589,0.7435511440625742
1985-03-06,0.15498410423976222,0.03673969913057009,44.29581976184676,0.0,28.808972132306543,15.486847629540216,44.10230294825335,0.001088667456181694,120.0,0.14172144664666805,17.006573597600166,1.0
1985-03-07,0.1580720024297266,0.03673969913057009,44.29581976184676,0.0,28.808972132306543,15.486847629540216,44.10230294825335,0.0008834072886789203,120.0,0.14323753726472666,17.1885044717672,1.0
1985-03-08,0.16152990536369205,0.03673969913057009,44.29581976184676,0.0,28.808972132306543,15.486847629540216,44.10230294825335,0.0010597112494767143,120.0,0.14346830420219592,17.21619650426351,1.0
1985-03-09,0.1652761752065615,0.03673969913057009,44.29581976184676,0.0,28.808972132306543,15.486847629540216,44.10230294825335,0.0024385829695439732,120.0,0.14378382193141928,17.254058631770313,1.0
1985-03-10,0.16922716564496382,0.036786885553285326,44.32895330478885,0.0,28.83122987887033,15.497723425918513,44.127784192905985,0.001303753712025632,120.0,0.1431190674340101,17.174288092081213,1.0
1985-03-11,0.16966956148866283,0.036786885553285326,44.32895330478885,0.0,28.83122987887033,15.497723425918513,44.127784192905985,0.002399662047559468,120.0,0.14326818162488822,17.192181794986585,1.0
1985-03-12,0.17189857639296757,0.036786885553285326,44.32895330478885,0.0,28.83122987887033,15.497723425918513,44.127784192905985,0.002509193237624523,120.0,0.14298991737620004,17.158790085144005,1.0
1985-03-13,0.17621108692550658,0.036786885553285326,44.32895330478885,0.0,28.83122987887033,15.497723425918513,44.127784192905985,0.002412167744842469,120.0,0.14293159983748177,17.151791980497812,1.0
1985-03-14,0.1806470172129735,0.036786885553285326,44.32895330478885,0.0,28.83122987887033,15.497723425918513,44.127784192905985,0.002140436888330088,120.0,0.14287795971624845,17.145355165949812,0.638940605051321
1985-03-15,0.18475174435905084,0.03638841803408786,44.32895330478885,0.0,28.83122987887033,15.497723425918513,44.127784192905985,0.0015811395690759817,120.0,0.14280902790436428,17.137083348523714,0.3400324826585138
1985-03-16,0.19063365031743912,0.035667962816789626,44.32895330478885,0.0,28.83122987887033,15.497723425918513,44.127784192905985,0.0018752411512335328,120.0,0.14272623889542047,17.127148667450456,0.5371699585081999
1985-03-17,0.1966523226686092,0.035172716675476945,44.32895330478885,0.0,28.831229878870335,15.497723425918513,44.127784192905985,0.00253891808064198,120.0,0.14265775358777277,17.118930430532732,0.9025219591731982
1985-03-18,0.2039286774546377,0.03593602562483043,44.92783693266173,0.0,29.239798734868412,15.688038197793317,44.53264027259729,0.0022193957932377917,120.0,0.14270785554902618,17.124942665883143,1.0
1985-03-19,0.21078918883684408,0.03708524665375949,45.71961524067396,0.0,29.78188412587269,15.93773111480127,45.050204508870515,0.0020917019831706027,120.0,0.14266699832725066,17.120039799270078,0.6129272274848799
1985-03-20,0.21864712168908695,0.03810603872201345,46.716279175845976,0.0,30.466522213374716,16.24975696247126,45.67956026530812,0.0018653102399824378,120.0,0.14249773752694952,17.099728503233944,0.4751712491905239
1985-03-21,0.2278025794394748,0.039088721982469994,47.79892386180188,0.0,31.21305881784627,16.585865043955607,46.336448813480715,0.0018560259017191716,120.0,0.1424101852856204,17.089222234274448,0.44926944958214454
1985-03-22,0.23635244451234316,0.04000280955369212,48.861304497447875,0.0,31.94886455954354,16.912439937904338,46.95143246300337,0.0017053489220678864,120.0,0.14233293048135218,17.079951657762262,0.3476327120975974
1985-03-23,0.24738347672223931,0.04059604270758927,49.79468092728872,0.0,32.59798195822642,17.196698969062297,47.46824741290208,0.001622210512678321,120.0,0.14225188389479432,17.07022606737532,0.28202098227681577
1985-03-24,0.2601509829720117,0.040937758216886805,50.61519700380447,0.0,33.171627578649456,17.443569425155015,47.89688010717289,0.0014944410840594137,120.0,0.14216171695893917,17.0594060350727,1.0
1985-03-25,0.2704579009074807,0.04186884567201183,51.24997860609351,0.0,33.61081977446315,17.63915883163035,48.20645937303326,0.0023763047861157568,120.0,0.14300097239172782,17.16011668700734,0.608771370804862
1985-03-26,0.28044286953999475,0.043687650046538885,52.843994812346295,0.0,34.700542938366155,18.14345187398014,48.941005601327994,0.0014010556106977912,120.0,0.14218722735713202,17.06246728285584,1.0
1985-03-27,0.285819198149448,0.04496813257974268,53.737956234734725,0.0,35.30454413327361,18.433412101461116,49.33049151042414,0.002465028314684373,120.0,0.14347696430559267,17.21723571667112,1.0
1985-03-28,0.29303811415096515,0.0477100612093675,55.66448171990382,0.0,36.59790669441739,19.066575025486433,50.144466694026264,0.002706868300437253,120.0,0.14244376805211845,17.093252166254214,0.6296320892499753
1985-03-29,0.30141814452423366,0.04933531992791097,57.19201945843388,0.0,37.61458923653982,19.577430221894062,50.763415134152964,0.0020191915874123198,120.0,0.14240434210890904,17.088521053069083,0.301877039572653
1985-03-30,0.3107714200858146,0.04978738063925524,58.255399899715854,0.0,38.315213906065935,19.94018599364992,51.17346940015936,0.0019456781133966718,120.0,0.14228561730032366,17.07427407603884,0.24965834631722672
1985-03-31,0.32162243584045225,0.04993762609930146,59.17577261031907,0.0,38.91472891818292,20.261043692136155,51.50884840552257,0.0019122908172041458,120.0,0.14218791505141498,17.062549806169798,0.21467718143704634
1985-04-01,0.3340939326804878,0.049977862731627534,60.06878254424378,0.0,39.48866823457229,20.580114309671494,51.8129879019126,0.00206395101010561,120.0,0.14207688720442507,17.04922646453101,0.3318592661903952
1985-04-02,0.3457164392278088,0.05069882398677903,61.35308146203735,0.0,40.30127607964015,21.05180538239721,52.21652897595916,0.0019327368754008306,120.0,0.1419928887150001,17.039146645800013,0.24284743334666178
1985-04-03,0.3598204886865439,0.05098520002515732,62.44108671879139,0.0,40.97956776813786,21.461518950653527,52.53265561397195,0.0019388680638244673,120.0,0.14188938131631237,17.026725757957486,0.2508142590754482
1985-04-04,0.3723364677006511,0.051296634650679296,63.564078360095884,0.0,41.66699992437984,21.897078435716047,52.8314954614555,0.0019705055648502165,120.0,0.1417876079316464,17.01451295179757,0.2732175603663569
1985-04-05,0.385359440738882,0.05177938016629176,64.81842113336641,0.0,42.42227837433501,22.39614275903141,53.140515222191745,0.0034744962060652335,120.0,0.1416927520267337,17.003130243208044,0.8458161173454878
1985-04-06,0.39612391287955245,0.05578855773764117,68.20536391356413,0.0,44.42637457603968,23.778989337524447,53.90749844195357,0.00372684090502537,120.0,0.14189165630454595,17.026998756545513,0.8352114391284262
1985-04-07,0.40685186133248125,0.06024328708587154,72.03211437945055,0.0,46.657756100808996,25.37435827864156,54.712922891023716,0.0021892331191073603,120.0,0.1415385405506491,16.98462486607789,0.21967070612334688
1985-04-08,0.42445249809678137,0.06028888917357346,73.22744685004048,0.0,47.344496731883396,25.882950118157076,54.95301012150807,0.0021645608486077364,120.0,0.14142796142231343,16.97135537067761,0.18072466141107815
1985-04-09,0.44434065535945283,0.05974356423864923,74.01563686312835,0.0,47.786228367638415,26.229408495489935,55.10338625102451,0.0021610677272489048,120.0,0.1413030695222757,16.956368342673084,0.24193339344718706
1985-04-10,0.46348156432839827,0.0597821560312216,75.22603355642573,0.0,48.44532262365033,26.780710932775413,55.32078821085599,0.004289342179990873,120.0,0.14216374897762726,17.059649877315273,0.9173365836527149
1985-04-11,0.47658033930636395,0.06550910533754507,80.46270219256427,0.0,51.216644899097446,29.24605729346682,56.20606694556507,0.0023194778920869203,120.0,0.14126774794438887,16.952129753326666,0.21186647346078558
1985-04-12,0.49031577847614866,0.06550724975581551,81.86946249877832,0.0,51.94638173144352,29.923080767334802,56.43387296313,0.002629166177497047,120.0,0.14103135882954335,16.9237630595452,0.3610547813312429
1985-04-13,0.505586384679408,0.06623174340882178,83.70903423326858,0.0,52.88041945483731,30.828614778431277,56.71820822730493,0.0027906106297059725,120.0,0.14104135304052617,16.92496236486314,0.4026959581312622
1985-04-14,0.5209519514340207,0.06713526715407585,85.71170274799086,0.0,53.86642812766614,31.845274620324712,57.01303179574351,0.0023841484794763826,120.0,0.14084728552295125,16.90167426275415,0.2600834709022798
1985-04-15,0.5377664453530773,0.06721693541704768,87.28493798403966,0.0,54.60789184396454,32.67704614007512,57.23514189254807,0.002362421401337344,120.0,0.14075233935452588,16.890280722543107,0.25619711424752684
1985-04-16,0.5561597181241322,0.06708132050269831,88.72052450368618,0.0,55.25141524098801,33.46910926269817,57.428441973601565,0.002237109726518765,120.0,0.14065978934274007,16.87917472112881,0.18125362929663297
1985-04-17,0.5772916338018231,0.06623771732982424,89.61702250531332,0.0,55.63069564581497,33.98632685949834,57.54282530351044,0.002189532119329938,120.0,0.140544935974174,16.86539231690088,0.16902647533328446
1985-04-18,0.5974012939504649,0.06530224731250019,90.4736978971711,0.0,55.96832945040892,34.50536844676218,57.645271486142,0.0022142976633449576,120.0,0.14042417410811175,16.85090089297341,0.13533333878442466
1985-04-19,0.6214452356079031,0.06380548864128818,90.72742648708356,0.0,56.06133964540666,34.66608684167691,57.67370797305186,0.0020553120891791538,120.0,0.14027524896807633,16.83302987616916,0.16618403482162322
1985-04-20,0.6423750938623316,0.06267072445916075,91.3796115953813,0.0,56.27893250895664,35.10067908642466,57.74102965421115,0.0019933581591735647,120.0,0.1401556108656434,16.81867330387721,0.1705191582456054
1985-04-21,0.66412882050263,0.061562171268376695,92.07714113488171,0.0,56.49165504081901,35.585486094062695,57.80773805160813,0.001935360630413693,120.0,0.1400342859318763,16.804114311825156,0.16759556131891704
1985-04-22,0.6883608643763223,0.06019984157469127,92.36976287529339,0.0,56.57420647708025,35.79555639821313,57.83344685749909,0.0018875183622305061,120.0,0.13992699771498343,16.79123972579801,0.1488321030705678
1985-04-23,0.7147426761871246,0.05876296166881792,92.5530466843928,0.0,56.62152971792228,35.93151696647052,57.84798514794074,0.00186011023202561,120.0,0.1397980837417263,16.775770049007157,0.13097157708422402
1985-04-24,0.7397271641570633,0.05729743624763604,92.688108408261,0.0,56.652885895264504,36.03522251299649,57.85769209969282,0.0017397128283844385,120.0,0.13966229078591577,16.759474894309893,0.15378856276252673
1985-04-25,0.7666461809343492,0.05588927813484141,92.79361625498845,0.0,56.67477941579252,36.11883683919593,57.864672509781066,0.002995250742447891,120.0,0.13990452279555843,16.78854273546701,1.0
1985-04-26,0.7832479747331801,0.056937735378451974,95.52685288380925,0.0,57.169334719382405,38.35751816442684,58.0288724534438,0.0018884480727816807,120.0,0.14057645222999662,16.869174267599593,0.17780088992558227
1985-04-27,0.8015132188359736,0.0558361462009715,96.39491761353253,0.0,57.31218164544562,39.082735968086915,58.07779404511879,0.001678128101791695,120.0,0.13937052600486008,16.72446312058321,0.12937900975767808
1985-04-28,0.8236475027309607,0.054461789699448995,96.66534134367366,0.0,57.35180764798413,39.31353369568953,58.09193621818205,0.0016290045577769235,120.0,0.13923394763399788,16.708073716079745,0.12266188422614381
1985-04-29,0.849446013415079,0.053028347580751395,96.66534134367366,0.0,57.35180764798413,39.31353369568953,58.09193621818205,0.0016809622006217161,120.0,0.1390937395672006,16.691248748064073,0.10102511045096887
1985-04-30,0.8789454435371356,0.05159821299347019,96.66534134367366,0.0,57.35180764798413,39.31353369568953,58.09193621818205,0.0015390072613674871,120.0,0.13892217637041746,16.670661164450095,0.10817729798088115
1985-05-01,0.9103286981199545,0.05021771926153435,96.66534134367366,0.0,57.35180764798413,39.31353369568953,58.09193621818205,0.0013885340274134026,120.0,0.13876605574897663,16.651926689877197,0.13575675260192285
1985-05-02,0.9419979311829788,0.04891570951838895,96.66534134367367,0.0,57.35180764798414,39.31353369568953,58.09193621818205,0.0013952782632320377,120.0,0.13869445318918766,16.64333438270252,0.20680426467106416
1985-05-03,0.9720807322379207,0.047751717552971695,96.66534134367367,0.0,57.351807647984145,39.31353369568953,58.09193621818205,0.0020955966445207136,120.0,0.1399939458712037,16.799273504544445,0.4739408333443841
1985-05-04,1.0,0.04699811069070298,97.80150385020767,0.5017460017108365,57.35180764798414,39.94795020051268,58.11843552100644,0.0023507902609971984,120.0,0.13955990945152794,16.74718913418335,0.6025077218667512
1985-05-05,1.0177554438860972,0.04643766910811079,99.31242002062332,2.0126621721265017,57.35180764798414,39.94795020051268,58.149270544892474,0.002322088626386685,120.0,0.13958488082288337,16.750185698746005,1.0
1985-05-06,1.0320770519262983,0.04643766910811079,101.34645624613017,4.046698397633357,57.35180764798414,39.94795020051268,58.187027854203734,0.003182778994376048,120.0,0.14011382827289204,16.813659392747045,0.9187062990658645
1985-05-07,1.0448073701842546,0.0463244164085742,104.72210910294238,7.422351254445559,57.351807647984145,39.94795020051268,58.244680939751746,0.001286058915398016,120.0,0.13883097963482602,16.65971755617912,0.14754018364046287
1985-05-08,1.061390284757119,0.04513972530343572,104.86179811877196,7.562040270275139,57.351807647984145,39.94795020051268,58.24688298443457,0.001222696555588098,120.0,0.13859417169695096,16.631300603634116,0.15819894071312607
1985-05-09,1.080318257956449,0.043999765246145205,104.86179811877196,7.562040270275139,57.351807647984145,39.94795020051268,58.24688298443457,0.0022826325971090247,120.0,0.1385623506962222,16.627482083546663,0.6671971940626094
1985-05-10,1.0980737018425462,0.043560467886110094,106.16591846300376,8.866160614506937,57.351807647984145,39.94795020051268,58.2626799851543,0.001441802123481036,120.0,0.1386620380796836,16.639444569562034,0.3133842194124629
1985-05-11,1.1159128978224457,0.0426631887462987,106.60018714389219,9.30042929539536,57.351807647984145,39.94795020051268,58.26715190568975,0.0011181744569119102,120.0,0.13833038626248328,16.599646351497995,0.13930410824734296
1985-05-12,1.1381909547738696,0.04156158780780848,106.60018714389219,9.30042929539536,57.351807647984145,39.94795020051268,58.26715190568975,0.0011703892973492257,120.0,0.1385071913500947,16.620862962011365,0.20821951017967652
1985-05-13,1.1580402010050252,0.04057435817724316,106.60018714389219,9.30042929539536,57.351807647984145,39.94795020051268,58.26715190568975,0.002414821969300502,120.0,0.14049801020933186,16.859761225119822,1.0
1985-05-14,1.1732830820770521,0.04057435817724316,108.18412705175894,10.88436920326211,57.351807647984145,39.94795020051268,58.27382609045027,0.0025771042105942475,120.0,0.13960412708579428,16.752495250295315,1.0
1985-05-15,1.1871859296482414,0.04057435817724316,110.5373547061811,13.237596857684284,57.351807647984145,39.94795020051268,58.28013003164795,0.0024918120728699015,120.0,0.14131259296880724,16.95751115625687,1.0
1985-05-16,1.2005025125628144,0.04057435817724316,112.90877773204367,15.609019883546855,57.351807647984145,39.94795020051268,58.283172688678796,0.0013681739102727093,120.0,0.1406011117468978,16.872133409627736,0.21210202282635873
1985-05-17,1.2159128978224458,0.0396153045352541,113.30896408411988,16.00920623562306,57.351807647984145,39.94795020051268,58.283172688678796,0.0015149924333158924,120.0,0.14009548457367688,16.811458148841226,0.3576903258166584
1985-05-18,1.2318257956448915,0.03885194573479272,114.07815011750878,16.778392269011963,57.351807647984145,39.94795020051268,58.283172688678796,0.0013612451197820845,120.0,0.14027039565424426,16.832447478509312,0.27802943165854377
1985-05-19,1.2474036850921277,0.03801044689449313,114.64203010154012,17.342272253043287,57.351807647984145,39.94795020051268,58.283172688678796,0.0012075387519166981,120.0,0.1400132745344411,16.80159294413293,0.15072216761885668
1985-05-20,1.2647403685092131,0.037042003996101316,114.64203010154012,17.342272253043287,57.351807647984145,39.94795020051268,58.283172688678796,0.001166799821624845,120.0,0.13981141666574923,16.777369999889906,0.13752915336984262
1985-05-21,1.2823283082077055,0.03608357453967946,114.64203010154012,17.342272253043287,57.35180764798415,39.94795020051268,58.283172688678796,0.0011116188801536342,120.0,0.13968623300324073,16.762347960388887,0.14357041343425808
1985-05-22,1.2998324958123957,0.035156483314934504,114.64203010154012,17.342272253043287,57.351807647984145,39.94795020051268,58.283172688678796,0.0010753901991516835,120.0,0.13956904858865432,16.74828583063852,0.13752675180799426
1985-05-23,1.3180067001675047,0.03424683752414532,114.64203010154012,17.342272253043287,57.351807647984145,39.94795020051268,58.283172688678796,0.0010241347995254195,120.0,0.13944600724984882,16.73352086998186,0.14615275918652498
1985-05-24,1.3376884422110558,0.03336959049234795,114.64203010154012,17.342272253043287,57.351807647984145,39.94795020051268,58.283172688678796,0.0010207362653216982,120.0,0.13934867467534323,16.721840961041188,0.12189247525141869
1985-05-25,1.359128978224456,0.032490527837074665,114.64203010154012,17.342272253043287,57.35180764798415,39.94795020051268,58.283172688678796,0.000983163173058067,120.0,0.1391987689844779,16.703852278137347,0.11796084961069953
1985-05-26,1.3814070351758798,0.03163079031000127,114.64203010154012,17.342272253043287,57.351807647984145,39.94795020051268,58.283172688678796,0.0018795728788210345,120.0,0.13906072979271622,16.687287575125946,1.0
1985-05-27,1.3961474036850925,0.03163079031000127,115.76979386394837,18.470036015451534,57.351807647984145,39.94795020051268,58.283172688678796,0.0014865732073939871,120.0,0.1418533160203531,17.02239792244237,0.460727525573734
1985-05-28,1.4108877721943052,0.03111906187324529,116.63331822074757,19.33356037225074,57.351807647984145,39.94795020051268,58.283172688678796,0.000960992888251432,120.0,0.13976906941407555,16.772288329689065,0.1792977174055858
1985-05-29,1.4284757118927975,0.030352877319898212,116.63331822074757,19.33356037225074,57.351807647984145,39.94795020051268,58.283172688678796,0.0009341327337282356,120.0,0.13966676536861275,16.76001184423353,0.19126504322384746
1985-05-30,1.447319932998325,0.029616454332078018,116.63331822074757,19.33356037225074,57.35180764798415,39.94795020051268,58.283172688678796,0.0010103754474163427,120.0,0.13958744335902126,16.750493203082552,0.29088701802282285
1985-05-31,1.4666666666666668,0.028986411964667697,116.63331822074757,19.33356037225074,57.35180764798415,39.94795020051268,58.283172688678796,0.0009075416411927933,120.0,0.13950722890219083,16.7408674682629,0.22551410557124626
1985-06-01,1.4855946398659967,0.028312924948765618,116.63331822074757,19.33356037225074,57.351807647984145,39.94795020051268,58.283172688678796,0.0008714207315893833,120.0,0.13948584352724233,16.73830122326908,0.1280367468426155
1985-06-02,1.5061139028475712,0.02757229004442382,116.63331822074757,19.33356037225074,57.351807647984145,39.94795020051268,58.283172688678796,0.0008414507296567492,120.0,0.13929425791171499,16.715310949405797,0.12030157076671286
1985-06-03,1.5278056951423786,0.022671389280011292,116.63331822074757,19.33356037225074,57.351807647984145,39.94795020051268,58.283172688678796,0.0009659217189459078,120.0,0.13920641054020233,16.70476926482428,0.4731643519327039
1985-06-04,1.5463986599664992,0.020279028074332916,116.63331822074757,19.33356037225074,57.351807647984145,39.94795020051268,58.283172688678796,0.0006062254676272563,120.0,0.1393205628814183,16.718467545770196,0.19156514601843097
1985-06-05,1.5648241206030151,0.01888174825158767,116.63331822074757,19.33356037225074,57.351807647984145,39.94795020051267,58.283172688678796,0.0005456343163851944,120.0,0.1391308029514268,16.695696354171215,0.16231149470116657
1985-06-06,1.583249581239531,0.011459502943066096,116.63331822074757,19.33356037225074,57.351807647984145,39.94795020051268,58.283172688678796,0.0003885298341465654,120.0,0.13942645346934454,16.731174416321345,0.29099011217957105
1985-06-07,1.6,0.007389004583074132,116.63331822074757,19.33356037225074,57.351807647984145,39.94795020051268,58.283172688678796,0.00022442397502402608,120.0,0.13890744718245485,16.668893661894582,0.10552678555079315
1985-06-08,1.6214405360134003,0.005817101504521538,116.63331822074757,19.33356037225074,57.351807647984145,39.94795020051268,58.283172688678796,0.0001768233097103794,120.0,0.13871400317938976,16.64568038152677,0.09858006933714798
1985-06-09,1.6444723618090453,0.004452831902831771,116.63331822074757,19.33356037225074,57.351807647984145,39.94795020051268,58.283172688678796,0.00012398346552074048,120.0,0.1385574404136087,16.626892849633045,0.18733988189287745
1985-06-10,1.6666666666666667,0.0029329737788594437,116.63331822074757,19.33356037225074,57.35180764798414,39.94795020051268,58.28317268867879,7.906272112665325e-05,120.0,0.13848464310094621,16.618157172113545,0.15192153752911886
1985-06-11,1.6901172529313233,0.002735792165464245,116.63331822074757,19.33356037225074,57.351807647984145,39.94795020051268,58.28317268867879,9.559742328734918e-05,120.0,0.13845859014709513,16.615030817651416,0.35199492428044876
1985-06-12,1.7103852596314908,0.0018235235271900569,116.63331822074755,19.33356037225074,57.35180764798414,39.94795020051267,58.28317268867879,5.956455514804625e-05,120.0,0.13842726083737072,16.611271300484486,0.30811775773005856
1985-06-13,1.7295644891122277,0.0016485144823162247,116.63331822074755,19.33356037225074,57.35180764798414,39.94795020051267,58.28317268867879,4.5168996704819554e-05,120.0,0.1383335802175912,16.600029626110945,0.10950651607400406
1985-06-14,1.751005025125628,0.0015481892117311304,116.63331822074755,19.33356037225074,57.35180764798414,39.94795020051267,58.28317268867879,4.1340585901865924e-05,120.0,0.1381790258260909,16.581483099130907,0.11032598023204129
1985-06-15,1.77428810720268,0.0014817141157656218,116.63331822074755,19.33356037225074,57.35180764798414,39.94795020051267,58.28317268867879,3.800948729481874e-05,120.0,0.13806011940214982,16.56721432825798,0.14821855153609872
1985-06-16,1.7954773869346732,0.0003868426086356471,116.63331822074755,19.33356037225074,57.35180764798414,39.94795020051267,58.283172688678796,9.869190862778376e-06,120.0,0.1380335470670923,16.56402564805108,0.13774757116966732
1985-06-17,1.8162479061976549,8.400712538164482e-05,116.63331822074757,19.33356037225074,57.35180764798414,39.94795020051268,58.283172688678796,2.22309032001701e-06,120.0,0.13827158983695886,16.592590780435064,0.1246712951036975
1985-06-18,1.837688442211055,0.0,116.63331822074757,19.33356037225074,57.35180764798414,39.94795020051268,58.283172688678796,0.0,120.0,0.13783594420389977,16.540313304467972,0.10542254425730188
1985-06-19,1.8592964824120601,0.0,116.63331822074757,19.33356037225074,57.35180764798414,39.94795020051268,58.2831726886788,0.0,120.0,0.1376807066154224,16.52168479385069,0.09465428751405162
1985-06-20,1.8806532663316582,0.0,116.63331822074755,19.33356037225074,57.35180764798414,39.94795020051267,58.2831726886788,0.0,120.0,0.13751446372099904,16.501735646519887,0.10349459013484827
1985-06-21,1.9030150753768844,0.0,116.63331822074755,19.33356037225074,57.35180764798414,39.94795020051267,58.2831726886788,0.0,120.0,0.1373938333275375,16.4872599993045,0.4133191230790811
1985-06-22,1.9212730318257956,0.0,116.63331822074755,19.33356037225074,57.35180764798414,39.94795020051267,58.28317268867881,0.0,120.0,0.13912458859783633,16.694950631740358,0.8586201828738884
1985-06-23,1.9399497487437185,0.0,116.63331822074755,19.33356037225074,57.35180764798414,39.94795020051267,58.28317268867881,0.0,120.0,0.1391934885856916,16.703218630282993,1.0
1985-06-24,1.956532663316583,0.0,116.63331822074755,19.33356037225074,57.35180764798414,39.94795020051267,58.28317268867881,0.0,120.0,0.14014910150212698,16.81789218025524,0.2471582242634338
1985-06-25,1.9738693467336683,0.0,116.63331822074755,19.33356037225074,57.35180764798414,39.94795020051267,58.2831726886788,0.0,120.0,0.1383625357122766,16.603504285473193,0.13695300390985327
1985-06-26,1.9943048576214406,0.0,116.63331822074755,19.33356037225074,57.35180764798414,39.94795020051267,58.2831726886788,0.0,120.0,0.1380129668190765,16.561556018289178,0.12520330906565041
1985-06-27,2.0,0.0,116.63331822074755,19.33356037225074,57.35180764798414,39.94795020051267,58.28317268867881,0.0,120.0,0.13790030127471706,16.54803615296605,0.10480269458774884
1985-06-28,,,,,,,,,,0.13776896529795213,16.532275835754263,
1985-06-29,,,,,,,,,,0.13626565289479914,16.517242711722734,
1985-06-30,,,,,,,,,,0.13508479440626173,16.505434126837358,
1985-07-01,,,,,,,,,,0.1338266535550988,16.49285271832573,
1985-07-02,,,,,,,,,,0.13330109178037078,16.487597100578448,
1985-07-03,,,,,,,,,,0.1382704102063816,16.53729028483856,
1985-07-04,,,,,,,,,,0.1310091621798779,16.46467780457352,
1985-07-05,,,,,,,,,,0.1342051261753276,16.496637444528016,
1985-07-06,,,,,,,,,,0.14332769386220295,16.587863121396772,
1985-07-07,,,,,,,,,,0.16079329947987225,16.762519177573463,
1985-07-08,,,,,,,,,,0.1381103343880386,16.535689526655126,
1985-07-09,,,,,,,,,,0.12509631432413276,16.405549326016068,
1985-07-10,,,,,,,,,,0.12348118696886487,16.38939805246339,
1985-07-11,,,,,,,,,,0.12145676458077384,16.36915382858248,
1985-07-12,,,,,,,,,,0.12310344556223207,16.38562063839706,
1985-07-13,,,,,,,,,,0.14920421235865544,16.646628306361297,
1985-07-14,,,,,,,,,,0.11746004511742365,16.32918663394898,
1985-07-15,,,,,,,,,,0.12036962391142778,16.35828242188902,
1985-07-16,,,,,,,,,,0.11482690436511385,16.30285522642588,
1985-07-17,,,,,,,,,,0.11776114970710502,16.33219767984579,
1985-07-18,,,,,,,,,,0.11182938127911132,16.272879995565855,
1985-07-19,,,,,,,,,,0.11019385274446362,16.256524710219377,
1985-07-20,,,,,,,,,,0.10899689498264371,16.244555132601178,
1985-07-21,,,,,,,,,,0.1173701252044503,16.328287434819245,
1985-07-22,,,,,,,,,,0.10689313204924425,16.223517503267182,
1985-07-23,,,,,,,,,,0.10775676017675537,16.232153784542295,
1985-07-24,,,,,,,,,,0.10517768184349521,16.206363001209695,
1985-07-25,,,,,,,,,,0.1047869117524947,16.20245530029969,
1985-07-26,,,,,,,,,,0.10729384848204537,16.227524667595194,
1985-07-27,,,,,,,,,,0.10115386102492241,16.166124793023965,
1985-07-28,,,,,,,,,,0.09886176975771047,16.143203880351845,
1985-07-29,,,,,,,,,,0.09725120847904009,16.12709826756514,
1985-07-30,,,,,,,,,,0.0980893405280384,16.135479588055126,
1985-07-31,,,,,,,,,,0.0963218015356785,16.117804198131527,
1985-08-01,,,,,,,,,,0.09402859050026276,16.094872087777368,
1985-08-02,,,,,,,,,,0.09250366084986192,16.079622791273362,
1985-08-03,,,,,,,,,,0.09116330705181577,16.0662192532929,
1985-08-04,,,,,,,,,,0.08972460087249724,16.051832191499713,
1985-08-05,,,,,,,,,,0.10844638517670417,16.239050034541783,
1985-08-06,,,,,,,,,,0.08587428365392902,16.013329019314032,
1985-08-07,,,,,,,,,,0.08429428613347713,15.997529044109513,
1985-08-08,,,,,,,,,,0.08492903166552941,16.003876499430035,
1985-08-09,,,,,,,,,,0.08434118284675468,15.997998011242288,
1985-08-10,,,,,,,,,,0.0846361988110921,16.000948170885664,
1985-08-11,,,,,,,,,,0.0798924568644891,15.953510751419632,
1985-08-12,,,,,,,,,,0.07825969664194517,15.937183149194192,
1985-08-13,,,,,,,,,,0.07652432885914182,15.91982947136616,
1985-08-14,,,,,,,,,,0.07593251578271398,15.913911340601882,
1985-08-15,,,,,,,,,,0.07461359855624826,15.900722168337223,
1985-08-16,,,,,,,,,,0.07331736608740802,15.887759843648821,
1985-08-17,,,,,,,,,,0.07197932496020694,15.874379432376811,
1985-08-18,,,,,,,,,,0.07072563844936589,15.8618425672684,
1985-08-19,,,,,,,,,,0.06939088396820645,15.848495022456806,
1985-08-20,,,,,,,,,,0.06855115185237853,15.840097701298527,
1985-08-21,,,,,,,,,,0.0755867613620049,15.91045379639479,
1985-08-22,,,,,,,,,,0.08845667934452713,16.039152976220013,
1985-08-23,,,,,,,,,,0.06744398476528524,15.829026030427594,
1985-08-24,,,,,,,,,,0.09095390122346206,16.06412519500936,
1985-08-25,,,,,,,,,,0.06724551933687636,15.827041376143505,
1985-08-26,,,,,,,,,,0.06416670518741768,15.796253234648917,
1985-08-27,,,,,,,,,,0.06311622707646343,15.785748453539375,
1985-08-28,,,,,,,,,,0.06183018831732514,15.772888065947992,
1985-08-29,,,,,,,,,,0.06098907714969709,15.764476954271712,
1985-08-30,,,,,,,,,,0.06055231666275598,15.7601093494023,
1985-08-31,,,,,,,,,,0.060567071250513894,15.76025689527988,
1985-09-01,,,,,,,,,,0.059903533433596966,15.75362151711071,
1985-09-02,,,,,,,,,,0.06621464690756021,15.816732651850343,
1985-09-03,,,,,,,,,,0.05982713316462709,15.752857514421013,
1985-09-04,,,,,,,,,,0.05596128067345109,15.714198989509253,
1985-09-05,,,,,,,,,,0.055450459641642545,15.709090779191166,
1985-09-06,,,,,,,,,,0.05918787079236735,15.746464890698414,
1985-09-07,,,,,,,,,,0.05559448612751748,15.710531044049915,
1985-09-08,,,,,,,,,,0.055605635980224874,15.71064254257699,
1985-09-09,,,,,,,,,,0.05272464412096504,15.681832623984391,
1985-09-10,,,,,,,,,,0.052367993638948354,15.678266119164224,
1985-09-11,,,,,,,,,,0.05077605375467274,15.66234672032147,
1985-09-12,,,,,,,,,,0.05176576613904617,15.672243844165203,
1985-09-13,,,,,,,,,,0.056157148343719855,15.71615766621194,
1985-09-14,,,,,,,,,,0.05099443101992686,15.66453049297401,
1985-09-15,,,,,,,,,,0.04871995763268742,15.641785759101616,
1985-09-16,,,,,,,,,,0.049767105014507686,15.652257232919817,
1985-09-17,,,,,,,,,,0.047521872174634716,15.62980490452109,
1985-09-18,,,,,,,,,,0.04702231303856322,15.624809313160373,
1985-09-19,,,,,,,,,,0.05570392450960201,15.71162542787076,
1985-09-20,,,,,,,,,,0.04615026513244976,15.616088834099239,
1985-09-21,,,,,,,,,,0.04576106320249188,15.61219681479966,
1985-09-22,,,,,,,,,,0.05704186033120506,15.725004786086792,
1985-09-23,,,,,,,,,,0.07050877802638979,15.85967396303864,
1985-09-24,,,,,,,,,,0.05526351087211436,15.707221291495884,
1985-09-25,,,,,,,,,,0.05426278595466908,15.697214042321432,
1985-09-26,,,,,,,,,,0.05362711739024144,15.690857356677157,
1985-09-27,,,,,,,,,,0.0530701391648883,15.685287574423624,
1985-09-28,,,,,,,,,,0.052897285383418244,15.683559036608923,
1985-09-29,,,,,,,,,,0.05225766585105203,15.677162841285261,
1985-09-30,,,,,,,,,,0.051681538045784646,15.671401563232587,
1985-10-01,,,,,,,,,,0.05090448197446281,15.66363100251937,
1985-10-02,,,,,,,,,,0.05024178462801336,15.657004029054875,
1985-10-03,,,,,,,,,,0.04941120273884718,15.648698210163213,
1985-10-04,,,,,,,,,,0.04859849422585516,15.640571125033293,
1985-10-05,,,,,,,,,,0.047809544849693436,15.632681631271675,
1985-10-06,,,,,,,,,,0.04707904104579084,15.62537659323265,
1985-10-07,,,,,,,,,,0.04620402432742442,15.616626426048985,
1985-10-08,,,,,,,,,,0.045392263928381874,15.60850882205856,
1985-10-09,,,,,,,,,,0.04452577505323596,15.5998439333071,
1985-10-10,,,,,,,,,,0.05865011068824903,15.741087289657232,
1985-10-11,,,,,,,,,,0.05591616436132198,15.71374782638796,
1985-10-12,,,,,,,,,,0.07061916451281955,15.860777827902936,
1985-10-13,,,,,,,,,,0.07828623357241624,15.937448518498904,
1985-10-14,,,,,,,,,,0.11442675397239319,16.298853722498674,
1985-10-15,-0.1,0.03445,25.0,0.0,16.25,8.75,25.0,0.0,10.0,0.1253727896630735,16.408314079405475,0.0
1985-10-16,-0.08775000000000001,0.03445,25.0,0.0,16.25,8.75,25.0,0.0,10.0,0.12357574337438666,16.390343616518606,0.0
1985-10-17,-0.07808333333333334,0.03445,25.0,0.0,16.25,8.75,25.0,0.0,10.0,0.12254420494093476,16.380028232184088,0.0
1985-10-18,-0.07016666666666667,0.03445,25.0,0.0,16.25,8.75,25.0,0.0,10.0,0.13061142958690777,16.46070047864382,0.0
1985-10-19,-0.06241666666666667,0.03445,25.0,0.0,16.25,8.75,25.0,0.0,10.0,0.13230325133563342,16.477618696131074,0.0
1985-10-20,-0.05433333333333334,0.03445,25.0,0.0,16.25,8.75,25.0,0.0,10.0,0.1492888526863035,16.647474709637777,0.0
1985-10-21,-0.045500000000000006,0.03445,25.0,0.0,16.25,8.75,25.0,0.0,10.0,0.14413053811547494,16.59589156392949,0.0
1985-10-22,-0.03508333333333334,0.03445,25.0,0.0,16.25,8.75,25.0,0.0,10.0,0.1439538786009529,16.59412496878427,0.0
1985-10-23,-0.02283333333333334,0.03445,25.0,0.0,16.25,8.75,25.0,0.0,10.0,0.1435247588443487,16.589833771218228,0.0
1985-10-24,-0.010666666666666673,0.03445,25.0,0.0,16.25,8.75,25.0,0.0,10.0,0.1459302092744395,16.613888275519137,0.0
1985-10-25,0.0,0.03445,25.0,0.0,16.25,8.75,25.0,0.0014390303954987214,10.0,0.15408599262718778,16.695446109046618,1.0
1985-10-26,0.0,0.0353015872885292,25.617987872662702,0.0,16.651692117230755,8.966295755431945,25.617987872662702,0.0015286523034749053,11.2,0.14704420478854724,16.636158518048926,1.0
1985-10-27,0.0,0.036472157332359686,26.46745815120441,0.0,17.20384779828287,9.263610352921544,26.467458151204415,0.0013477685185278416,12.399999999999999,0.14732503647626083,16.65077111836529,1.0
1985-10-28,0.0,0.03749553713049149,27.21011402793286,0.0,17.68657411815636,9.5235399097765,27.210114027932864,0.001273971152797388,13.599999999999998,0.15012618006108813,16.700333956532912,1.0
1985-10-29,0.0,0.038151472907466275,27.68611967160107,0.0,17.995977786540696,9.690141885060372,27.68611967160107,0.0024439485694004444,14.799999999999997,0.14707106794363603,16.669946954910387,1.0
1985-10-30,0.0,0.04057820869660332,29.44717612235364,0.0,19.140664479529867,10.306511642823772,29.447176122353643,0.002411523117904927,15.999999999999996,0.14531324519850958,16.652984314163184,1.0
1985-10-31,0.0,0.042185594317372045,30.61363883698987,0.0,19.898865244043417,10.714773592946452,30.613638836989875,0.002674131919646118,17.199999999999996,0.14555643756921072,16.666220358819913,0.6413275798262942
1985-11-01,0.0,0.04389962960597089,32.186904123569825,0.0,20.92148768032039,11.265416443249437,32.18690412356983,0.00327986777009192,18.399999999999995,0.14369203318596271,16.64126028489366,0.9179949938524175
1985-11-02,0.0,0.046794930013771226,34.366367178484026,0.0,22.33813866601462,12.028228512469408,34.36636717848403,0.003593258962324117,19.599999999999994,0.1429777289825929,16.634367603973224,0.9789634134506706
1985-11-03,0.0,0.05006557953414771,36.76127406399608,0.0,23.894828141597458,12.86644592239863,36.76127406399609,0.0038370526113397255,20.799999999999994,0.14234367041298532,16.62742970214696,1.0
1985-11-04,0.0,0.05408095295282258,39.675188010784815,0.0,25.788872207010133,13.886315803774684,39.675188010784815,0.002147240455582932,21.999999999999993,0.14178109746297596,16.620542743384792,1.0
1985-11-05,0.0,0.05550941339036658,40.71180661567887,0.0,26.462674300191264,14.249132315487602,40.71180661567887,0.0026003046833292516,23.199999999999992,0.14280521990906486,16.649116942732086,1.0
1985-11-06,0.0,0.05802434692923528,42.53686723895079,0.0,27.648963705318014,14.887903533632775,42.53686723895079,0.0040216561963287096,24.39999999999999,0.14107697297350671,16.612991223037803,1.0
1985-11-07,0.0,0.062455456527017505,45.75247652616575,0.0,29.739109742007738,16.013366784158013,45.75247652616575,0.0038641074491081373,25.59999999999999,0.14064134571458897,16.605808774420172,1.0
1985-11-08,0.0,0.06536345813100707,47.862782479714056,0.0,31.110808611814136,16.751973867899917,47.86278247971405,0.004149929319833719,26.79999999999999,0.1414061642648159,16.62975276806622,0.7929591156817275
1985-11-09,0.0,0.06714068669274857,49.44711905950203,0.0,32.14062738867632,17.306491670825707,49.44711905950203,0.0030778186690838837,27.99999999999999,0.13990479876407816,16.5920791728058,0.5176807333548787
1985-11-10,0.0,0.06783865708047901,50.65863414713724,0.0,32.92811219563921,17.730521951498034,50.65863414713724,0.002470272963608117,29.19999999999999,0.13957985781200283,16.585153897164552,0.34672475751669857
1985-11-11,0.0,0.06801750058280695,51.75323716379013,0.0,33.639604156463584,18.113633007326545,51.75323716379013,0.003910551642685829,30.399999999999988,0.13929616747285092,16.578702781871193,0.7509321945015058
1985-11-12,0.0,0.0701459833622256,53.66667102996446,0.0,34.883336169476905,18.78333486048756,53.66667102996446,0.0025219319987488994,31.599999999999987,0.13902467332144397,16.571956209296616,0.36033107360658523
1985-11-13,0.00016676769059304587,0.07045770215535999,54.86973704533321,0.0,35.66532907946659,19.204407965866622,54.86973704533321,0.0028601331526879686,32.79999999999999,0.1387955809333361,16.565948828594866,0.45813188118776565
1985-11-14,0.00047877827177936845,0.07145260174408165,56.422903274944524,0.0,36.67488712871394,19.748016146230583,56.422903274944524,0.0026060806704847534,33.99999999999999,0.13858467105848132,16.560009831612266,0.38744919298192365
1985-11-15,0.0010382860587788874,0.07200872224644743,57.779340842594834,0.0,37.556571547686644,20.222769294908193,57.779340842594834,0.002955971087459325,35.199999999999996,0.13838947620561792,16.554117819704107,0.48075172811662736
1985-11-16,0.0017408236270121578,0.07312309885108668,59.4020467513388,0.0,38.61133038837022,20.79071636296858,59.402046751338794,0.0022625951292066537,36.4,0.13824075455563248,16.549448964733834,0.2911239270820912
1985-11-17,0.0023250388571973033,0.07258500875239439,60.140048460992,0.0,39.0910314996448,21.0490169613472,60.140048460991984,0.0025859521450963454,37.6,0.13802474831572664,16.54189327722259,0.3916788881413529
1985-11-18,0.0029689961245925405,0.07273385257257477,61.209347167114025,0.0,39.786075658624114,21.42327150848991,61.20934716711402,0.001909935422452758,38.800000000000004,0.13787315273041806,16.53631830813395,0.20301029477568155
1985-11-19,0.004175464261387778,0.07177485030296467,61.775415151177356,0.0,40.15401984826528,21.621395302912077,61.77541515117735,0.001903951277235581,40.00000000000001,0.13770251034574413,16.52961763766595,0.2192734062190399
1985-11-20,0.00535842554387983,0.0709645254392047,62.407324562008405,0.0,40.56476096530546,21.842563596702945,62.4073245620084,0.0018916295864809909,41.20000000000001,0.13755921523225756,16.523634133047654,0.22948326611997277
1985-11-21,0.0070412979001101975,0.07016847568837324,63.020046535920905,0.0,40.96303024834859,22.057016287572317,63.02004653592089,0.002200598381520755,42.40000000000001,0.13770381012087604,16.52951325624624,0.8559789023195589
1985-11-22,0.008744325692935349,0.07064778347671179,63.587883992433696,0.0,41.3321245950819,22.255759397351795,63.58788399243368,0.0030655244806293727,43.600000000000016,0.13818306560559415,16.55033060916746,0.9092295117326823
1985-11-23,0.010197925201516335,0.07211496803217662,64.79221386870393,0.0,42.11493901465755,22.677274854046377,64.79221386870391,0.002123455825967594,44.80000000000002,0.13781661543624402,16.534410561949745,0.8685128262493339
1985-11-24,0.010978111476321257,0.07318009204725692,65.77159689847926,0.0,42.75153798401152,23.020058914467747,65.77159689847925,0.00464256783794442,46.00000000000002,0.1388648698862021,16.582687446813765,0.9849855429113445
1985-11-25,0.011959779141936366,0.07678592878160227,68.41223515312294,0.0,44.46795284952991,23.94428230359303,68.41223515312292,0.0029950059840062344,47.200000000000024,0.13716585163395917,16.5038088708138,0.4839140219232449
1985-11-26,0.01352925836123301,0.07783853854778944,70.03883457323957,0.0,45.52524247260572,24.513592100633854,70.03883457323955,0.0023810454809938477,48.40000000000003,0.13697032983026336,16.49362187911813,0.7744810922514832
1985-11-27,0.015392814454169821,0.07929234803785197,71.47601262540479,0.0,46.45940820651311,25.01660441889168,71.47601262540478,0.0023086360576772737,49.60000000000003,0.13691127204820946,16.48973425056703,0.7679191164677172
1985-11-28,0.01692604512487074,0.07949269982483455,72.02203507292424,0.0,46.81432279740075,25.207712275523487,72.02203507292423,0.003974782659073352,50.80000000000003,0.13686682807358438,16.486447264756382,0.7629808970649304
1985-11-29,0.018176463613576003,0.08126612391364244,73.71917784569563,0.0,47.917465599702155,25.80171224599347,73.71917784569561,0.004074315415407688,52.000000000000036,0.13676727411492906,16.480187894237062,0.7519193461032277
1985-11-30,0.019470325792697578,0.0832280138840255,75.58180960562859,0.0,49.12817624365858,26.45363336197001,75.58180960562858,0.0028081283947605715,53.20000000000004,0.13667124819623247,16.473877285942777,0.40416090532421783
1985-12-01,0.020688701180093756,0.08297052526195825,76.47457195052148,0.0,49.70847176783896,26.76610018268252,76.47457195052147,0.001986443512922427,54.40000000000004,0.13659411720742143,16.46836409962939,0.21676832002680194
1985-12-02,0.02219464733085217,0.08158937997283756,76.88706035948721,0.0,49.97658923366669,26.910471125820525,76.8870603594872,0.00205944144326065,55.600000000000044,0.13651462629146574,16.46253458699362,0.2471361476527449
1985-12-03,0.024087355822109576,0.08051171666316059,77.44229079332774,0.0,50.33748901566303,27.104801777664715,77.44229079332773,0.002230519278052716,56.80000000000005,0.13644306893125888,16.456964922126083,0.2982278501382551
1985-12-04,0.026876176914808734,0.07974230046818508,78.11399632291952,0.0,50.77409760989769,27.339898713021835,78.1139963229195,0.003703201452806477,58.00000000000005,0.13637577210991866,16.45147063084832,0.7084191233242948
1985-12-05,0.029764745398981433,0.0826245087273679,80.7117816317311,0.0,52.46265806062521,28.249123571105887,80.71178163173109,0.0038654805908444846,59.20000000000005,0.13630857777254268,16.44582089425002,0.6516090800443481
1985-12-06,0.03214312041994468,0.0836147974224529,82.0571064164026,0.0,53.33711917066169,28.719987245740914,82.05710641640259,0.0017758014303203167,60.400000000000055,0.13642992939599682,16.45139806727616,0.7144365995552016
1985-12-07,0.03341621018999584,0.08356898351155999,82.54368541893588,0.0,53.653395522308315,28.89028989662756,82.54368541893587,0.002246931521387128,61.60000000000006,0.136359883345282,16.44547638746978,0.7066537050313336
1985-12-08,0.03341621018999584,0.08283354396093758,82.54368541893588,0.0,53.653395522308315,28.89028989662756,82.54368541893587,0.0026293585054718255,62.80000000000006,0.13630071043895134,16.440069430609007,0.7000789376612588
1985-12-09,0.03341621018999584,0.08208823822587616,82.54368541893588,0.0,53.653395522308315,28.89028989662756,82.54368541893587,0.0028884706683798863,64.00000000000006,0.13616480735814052,16.429609727606312,0.6849785953489451
1985-12-10,0.03341621018999584,0.08131245166253878,82.54368541893588,0.0,53.653395522308315,28.89028989662756,82.54368541893587,0.0022802302851775203,65.20000000000006,0.1361032869991218,16.42367361067052,0.6781429999024214
1985-12-11,0.03341621018999584,0.08052732220965826,82.54368541893588,0.0,53.653395522308315,28.89028989662756,82.54368541893587,0.0026966000896461195,66.40000000000006,0.13607681669337082,16.41991716841006,0.6752018548189792
1985-12-12,0.03341621018999584,0.07974266846295551,82.54368541893588,0.0,53.653395522308315,28.89028989662756,82.54368541893587,0.002745438735392458,67.60000000000007,0.13604427873607736,16.415687024171522,0.4364689472571158
1985-12-13,0.03402136983794647,0.07839454436573183,82.54368541893588,0.0,53.653395522308315,28.89028989662756,82.54368541893587,0.002737420017953211,68.80000000000007,0.13599236460316397,16.410045707952833,0.446811131829858
1985-12-14,0.035141722127500184,0.07709353468768004,82.54368541893588,0.0,53.653395522308315,28.89028989662756,82.54368541893587,0.0015858329039209805,70.00000000000007,0.13594309398861856,16.404464844100907,0.1721850199879301
1985-12-15,0.03572439450667363,0.07517895920138379,82.54368541893588,0.0,53.653395522308315,28.89028989662756,82.54368541893587,0.002040343766519064,71.20000000000007,0.13587732195692595,16.397590829873195,0.30694373212983916
1985-12-16,0.0358304272505817,0.07361586173478957,82.54368541893588,0.0,53.65339552230832,28.89028989662756,82.54368541893587,0.002595525954040989,72.40000000000008,0.13584024542595333,16.392636517021543,0.4570076947708478
1985-12-17,0.03640870394050257,0.07241667634084545,82.54368541893588,0.0,53.65339552230832,28.89028989662756,82.54368541893587,0.00234310143551111,73.60000000000008,0.13580663072159851,16.387848010934633,0.40523440955435247
1985-12-18,0.037227214550100175,0.07112454792298621,82.54368541893588,0.0,53.653395522308315,28.89028989662756,82.54368541893587,0.0023180679881261053,74.80000000000008,0.13577093727923073,16.382823339953898,0.6412152532478579
1985-12-19,0.03757276163567193,0.07035899583555394,82.54368541893588,0.0,53.653395522308315,28.89028989662756,82.54368541893587,0.002616773199974063,76.00000000000009,0.13575200703494858,16.37898700776599,0.6391118927720634
1985-12-20,0.03792677741897692,0.0695972440905474,82.54368541893588,0.0,53.65339552230832,28.89028989662756,82.54368541893587,0.0015542418259380138,77.20000000000009,0.1357269054969067,16.37462881911355,0.6363228329896313
1985-12-21,0.03824906449498898,0.06883791623367001,82.54368541893588,0.0,53.653395522308315,28.89028989662756,82.54368541893587,0.001256849269197376,78.40000000000009,0.1358172204774686,16.379259041828348,0.6463578308298443
1985-12-22,0.03866134045478403,0.06810759653312916,82.54368541893588,0.0,53.653395522308315,28.89028989662756,82.54368541893587,0.001611014699150692,79.6000000000001,0.13575891502696372,16.37227583418358,0.6398794474404119
1985-12-23,0.03950574522645209,0.06737178817421868,82.54368541893588,0.0,53.653395522308315,28.89028989662756,82.54368541893587,0.0007800151289861652,80.8000000000001,0.13572030983666292,16.36674447448209,0.6355899818514341
1985-12-24,0.03950574522645209,0.06663525953768064,82.54368541893588,0.0,53.653395522308315,28.89028989662756,82.54368541893587,0.0015515681815109167,82.0000000000001,0.1357331068421011,16.365335442374477,0.6370118713445659
1985-12-25,0.04047909447681483,0.06590962529281907,82.54368541893588,0.0,53.653395522308315,28.89028989662756,82.54368541893587,0.001632255562111823,83.2000000000001,0.13573014428692518,16.362645927636816,0.6366826985472406
1985-12-26,0.04161690373729287,0.06519124207678459,82.54368541893588,0.0,53.653395522308315,28.89028989662756,82.54368541893587,0.0009136499874839444,84.4000000000001,0.1357254551843567,16.359803582166805,0.6361616871507424
1985-12-27,0.04246031632874322,0.06447966993089164,82.54368541893588,0.0,53.653395522308315,28.89028989662756,82.54368541893587,0.0009927733752290119,85.60000000000011,0.135737275630528,16.358363200222755,0.6374750700586667
1985-12-28,0.043373792582658256,0.06377840529616154,82.54368541893588,0.0,53.65339552230832,28.89028989662756,82.54368541893587,0.0010812716097845722,86.80000000000011,0.1357499214285775,16.357022827892543,0.6388801587308326
1985-12-29,0.04534722892364741,0.06308745586825303,82.54368541893588,0.0,53.65339552230832,28.89028989662756,82.54368541893587,0.0008484265871216161,88.00000000000011,0.13576400589828452,16.355839408583513,0.6404450998093905
1985-12-30,0.04656717250789364,0.06240695375131335,82.54368541893588,0.0,53.65339552230832,28.89028989662756,82.54368541893587,0.001666877660563752,89.20000000000012,0.1368295446195357,16.448479511239515,0.7588382910595208
1985-12-31,0.04792504985804061,0.061955448722820265,82.54368541893588,0.0,53.65339552230832,28.89028989662756,82.54368541893587,0.0026892809414272223,90.40000000000012,0.13627554114623044,16.39727029243862,0.6972823495811594
1986-01-01,0.04964285077146682,0.061392798486779754,82.5436854189359,0.0,53.65339552230833,28.89028989662756,82.54368541893587,0.0020845774223039373,91.60000000000012,0.13624393052629133,16.392582650670132,0.6937700584768133
1986-01-02,0.050519275644164544,0.06082878909406321,82.5436854189359,0.0,53.65339552230833,28.89028989662756,82.54368541893587,0.0026946367666830133,92.80000000000013,0.13622642427221748,16.389128028566084,0.6918249191352748
1986-01-03,0.05326656175634432,0.06026641158412423,82.5436854189359,0.0,53.65339552230833,28.89028989662756,82.54368541893587,0.0016891016694482216,94.00000000000013,0.1361975855880746,16.384566143025772,0.3107505339889671
1986-01-04,0.054975561538842796,0.05902025382404146,82.5436854189359,0.0,53.65339552230833,28.89028989662756,82.54368541893587,0.0021211651139684293,95.20000000000013,0.1361636671138207,16.379451448624945,0.6848519015356312
1986-01-05,0.054975561538842796,0.05846225020113553,82.54368541893588,0.0,53.65339552230832,28.89028989662756,82.54368541893587,0.002553338780884359,96.40000000000013,0.13614537124496998,16.375761369046778,0.6828190272188851
1986-01-06,0.054975561538842796,0.05790595679944246,82.5436854189359,0.0,53.65339552230833,28.89028989662756,82.54368541893587,0.0014957407841820686,97.60000000000014,0.13611918088154015,16.37125687671245,0.2714264971691809
1986-01-07,0.056871480204643284,0.05664029442603826,82.5436854189359,0.0,53.65339552230833,28.89028989662756,82.54368541893587,0.001300134974839471,98.80000000000014,0.13608753817128247,16.366150835639296,0.21531189752791338
1986-01-08,0.05877550337460202,0.055306945471339415,82.54368541893588,0.0,53.65339552230832,28.89028989662756,82.54368541893587,0.0022154995734521405,100.00000000000014,0.13605452276082594,16.36083158204164,0.5340451194013379
1986-01-09,0.06051932789028513,0.05453382923613817,82.54368541893588,0.0,53.65339552230832,28.89028989662756,82.54368541893587,0.0018149001644457896,101.20000000000014,0.13603000090870726,16.356292639562675,0.4125600093080732
1986-01-10,0.06306260640437834,0.05357276867197201,82.54368541893588,0.0,53.65339552230832,28.89028989662756,82.54368541893587,0.002412236241636887,102.40000000000015,0.13600859063085474,16.352013469843488,0.6676211812060814
1986-01-11,0.06414171490231083,0.05303857506485071,82.54368541893588,0.0,53.65339552230832,28.89028989662756,82.54368541893587,0.0020826659622012063,103.60000000000015,0.13598230979244622,16.347178325383844,0.6647010880495784
1986-01-12,0.06631097764024511,0.052505061769531354,82.54368541893588,0.0,53.65339552230832,28.89028989662756,82.54368541893587,0.00213284165078651,104.80000000000015,0.13596435872610163,16.343153067024325,0.6627065251224024
1986-01-13,0.06791787336514808,0.05197377332754411,82.5436854189359,0.0,53.65339552230833,28.89028989662756,82.54368541893587,0.001766637789790418,106.00000000000016,0.13594543729634104,16.33898186758348,0.6606041440378919
1986-01-14,0.06803328295232003,0.05144458282896164,82.5436854189359,0.0,53.65339552230833,28.89028989662756,82.54368541893587,0.0009405774955212075,107.20000000000016,0.1359389659311013,16.33609990362785,0.6598851034556992
1986-01-15,0.06803328295232003,0.05091967075996253,82.54368541893588,0.0,53.65339552230832,28.89028989662756,82.54368541893587,0.0022053622579461035,108.40000000000016,0.13597557542823044,16.337872373876426,0.6639528253589365
1986-01-16,0.06966771119299296,0.05040632841518637,82.54368541893588,0.0,53.65339552230832,28.89028989662756,82.54368541893587,0.0022596726605222774,109.60000000000016,0.13591047220909308,16.328584993215305,0.6567191343436746
1986-01-17,0.07383711427505193,0.049887222573598705,82.54368541893588,0.0,53.65339552230832,28.89028989662756,82.54368541893587,0.0009038282274720325,110.80000000000017,0.13594830477943215,16.330546650302242,0.6609227532702378
1986-01-18,0.07673238025153428,0.04937975391128119,82.5436854189359,0.0,53.65339552230833,28.89028989662756,82.54368541893587,0.0011868191790585564,112.00000000000017,0.13663924566789504,16.40574723718786,0.7376939630994475
1986-01-19,0.080300066231798,0.04899117568473341,82.5436854189359,0.0,53.65339552230833,28.89028989662756,82.54368541893587,0.0011292497031219991,113.20000000000017,0.1361320483788859,16.346976840515957,0.6813387087650989
1986-01-20,0.08430980692846429,0.048522827945649015,82.5436854189359,0.0,53.65339552230833,28.89028989662756,82.54368541893587,0.0010422430678852035,114.40000000000018,0.13612593147162821,16.3443127660228,0.6806590524031338
1986-01-21,0.08768342388948935,0.04805796816996172,82.5436854189359,0.0,53.65339552230833,28.89028989662756,82.54368541893587,0.0006767113742269675,115.60000000000018,0.13613633429084301,16.343543691332442,0.6818149212047783
1986-01-22,0.08768342388948935,0.04759922831829479,82.5436854189359,0.0,53.65339552230833,28.89028989662756,82.54368541893587,0.0016765817233425258,116.80000000000018,0.13616272705645055,16.34466720914687,0.6847474507167267
1986-01-23,0.08768342388948935,0.04714905497615702,82.5436854189359,0.0,53.65339552230833,28.89028989662756,82.54368541893587,0.0019622212451429156,118.00000000000018,0.13611421986963343,16.337015875212646,0.6793577632926021
1986-01-24,0.08958976067845464,0.04669551562277117,82.5436854189359,0.0,53.65339552230833,28.89028989662756,82.54368541893587,0.0015810807614364362,119.20000000000019,0.1360980126068098,16.333098274970087,0.6775569563121975
1986-01-25,0.09138579030079245,0.046243816297251834,82.5436854189359,0.0,53.65339552230833,28.89028989662756,82.54368541893587,0.0017915541130655629,120.0,0.13608307609026718,16.329969130832062,0.6758973433630189
1986-01-26,0.09375619424241508,0.045794183985802685,82.5436854189359,0.0,53.65339552230833,28.89028989662756,82.54368541893587,0.0015899698278033173,120.0,0.13605056867298038,16.326068240757646,0.4367847158816626
1986-01-27,0.09595543627775528,0.045020424455466744,82.5436854189359,0.0,53.65339552230833,28.89028989662756,82.54368541893587,0.0012155106788924843,120.0,0.13601495146499226,16.32179417579907,0.2960328673245486
1986-01-28,0.09842418033419287,0.04406963748199434,82.5436854189359,0.0,53.65339552230833,28.89028989662756,82.54368541893587,0.001320564612421733,120.0,0.13597813735789294,16.317376482947154,0.3523383820681655
1986-01-29,0.10256960393643254,0.04321337110059661,82.5436854189359,0.0,53.65339552230833,28.89028989662756,82.54368541893587,0.0012941782582684565,120.0,0.13594281739104092,16.31313808692491,0.3530948041112744
1986-01-30,0.10854570117915216,0.0423747224716913,82.5436854189359,0.0,53.65339552230833,28.89028989662756,82.54368541893587,0.001227620450098166,120.0,0.135908637892817,16.309036547138042,0.3361307557294786
1986-01-31,0.11230125846659277,0.04153078422218765,82.5436854189359,0.0,53.65339552230833,28.89028989662756,82.54368541893587,0.001812497875804781,120.0,0.13587738113377748,16.305285736053296,0.6530423481974967
1986-02-01,0.11399778845022612,0.04114444081253634,82.5768140891988,0.0,53.675064999424414,28.901749089774395,82.57522313337415,0.0017096165359227905,120.0,0.13583963242628228,16.300755891153873,0.6488480473646961
1986-02-02,0.11623360742417864,0.04080313849964813,82.64319981970903,0.0,53.71852547539332,28.924674344315708,82.63799307629665,0.0016425504679959267,120.0,0.13579859469151737,16.295831362982085,0.5429394931579885
1986-02-03,0.11888462543211695,0.04032054193404592,82.69853633831137,0.0,53.75479364959125,28.943742688720125,82.689849343686,0.0017293529024543,120.0,0.13576203745762455,16.291444494914945,0.6402263841805047
1986-02-04,0.11928542026658982,0.03988535391914352,82.69853633831137,0.0,53.75479364959125,28.943742688720125,82.689849343686,0.0009147176561763269,120.0,0.13572722829039557,16.28726739484747,0.22792592439717457
1986-02-05,0.12049736442664077,0.03896152048642709,82.69853633831137,0.0,53.75479364959125,28.943742688720125,82.689849343686,0.001631414605715466,120.0,0.13568621638699432,16.28234596643932,0.5747245329392818
1986-02-06,0.12104031252451855,0.03846443912175926,82.69853633831137,0.0,53.75479364959125,28.943742688720125,82.689849343686,0.0011010130403955394,120.0,0.13565037532971694,16.27804503956603,0.33790189512176116
1986-02-07,0.12179286401194746,0.037700422154327624,82.69853633831137,0.0,53.75479364959125,28.943742688720125,82.689849343686,0.001322392885512365,120.0,0.13561688332261315,16.27402599871358,0.4555366291020941
1986-02-08,0.1229652826403071,0.037084627186415045,82.69853633831137,0.0,53.75479364959124,28.943742688720125,82.689849343686,0.0007471524363396523,120.0,0.13558350140118183,16.27002016814182,0.17632170884992607
1986-02-09,0.12595483177514177,0.036168253115949726,82.69853633831136,0.0,53.754793649591235,28.943742688720125,82.689849343686,0.0009373977335374624,120.0,0.13554395777997805,16.265274933597365,0.29125735082269677
1986-02-10,0.12910885304892253,0.03539923361006432,82.69853633831136,0.0,53.754793649591235,28.943742688720125,82.689849343686,0.0010830524593787633,120.0,0.13551310937169594,16.261573124603512,0.37786568150276734
1986-02-11,0.131581970354485,0.03473854126774467,82.69853633831136,0.0,53.754793649591235,28.943742688720125,82.689849343686,0.0007333197371328992,120.0,0.1355157331523069,16.261887978276828,0.19938107235247898
1986-02-12,0.13507261295035006,0.03390417125801005,82.69853633831136,0.0,53.754793649591235,28.943742688720125,82.689849343686,0.0010893521175712516,120.0,0.13543646083278885,16.252375299934663,0.4077662331994153
1986-02-13,0.14096189405255982,0.033301795406378544,82.69853633831137,0.0,53.75479364959124,28.943742688720125,82.689849343686,0.0008506616306016373,120.0,0.13551010782095022,16.261212938514024,0.28515595464489013
1986-02-14,0.14646497813183373,0.03258762770200203,82.69853633831136,0.0,53.754793649591235,28.943742688720125,82.689849343686,0.0010742728093792403,120.0,0.13536838485685598,16.24420618282272,0.4246923245200817
1986-02-15,0.1512831709953952,0.032167701036296584,82.79954792308097,0.0,53.822015680050605,28.97753224303036,82.77368324547426,0.0005755147905249753,120.0,0.13533460785064236,16.24015294207708,0.13587689320086194
1986-02-16,0.15400644822881351,0.031333795423554474,82.79954792308097,0.0,53.822015680050605,28.97753224303036,82.77368324547426,0.0005505354007488913,120.0,0.1352802732055228,16.233632784662735,0.5866970228358657
1986-02-17,0.15452589249261775,0.03094528489552226,82.79954792308097,0.0,53.822015680050605,28.97753224303036,82.77368324547426,0.0006963029547502068,120.0,0.13555415496945955,16.266498596335147,0.617128329939949
1986-02-18,0.1557229398667688,0.030589842708269283,82.79954792308097,0.0,53.822015680050605,28.97753224303036,82.77368324547426,0.0012207018439363416,120.0,0.135246154412096,16.22953852945152,0.5829060457884438
1986-02-19,0.158815542579773,0.030207077554652233,82.79954792308098,0.0,53.82201568005061,28.97753224303036,82.77368324547426,0.0008007334360764891,120.0,0.13521364977183484,16.22563797262018,0.3126516987958085
1986-02-20,0.16406283958453857,0.02958419405140623,82.79954792308097,0.0,53.822015680050605,28.97753224303036,82.77368324547426,0.0010429677433297635,120.0,0.13518662157980643,16.222394589576773,0.576291286645158
1986-02-21,0.16613294707906875,0.029208141627491392,82.79954792308097,0.0,53.822015680050605,28.97753224303036,82.77368324547426,0.0006655665542770864,120.0,0.13515696233090865,16.21883547970904,0.24545473698109024
1986-02-22,0.16914756036312642,0.02854697568029312,82.79954792308098,0.0,53.82201568005061,28.97753224303036,82.77368324547426,0.000478210463433955,120.0,0.13511677291670232,16.21401275000428,0.11834078119762279
1986-02-23,0.1746805206696068,0.027791914551969388,82.79954792308097,0.0,53.822015680050605,28.97753224303036,82.77368324547426,0.0004547832645663553,120.0,0.13506768732502428,16.208122479002913,0.109556447986405
1986-02-24,0.18151560844684694,0.02704950061864197,82.79954792308097,0.0,53.822015680050605,28.97753224303036,82.77368324547426,0.0004737180081014375,120.0,0.13501907224771467,16.20228866972576,0.1441369683628561
1986-02-25,0.18713903995140554,0.02635498059052972,82.79954792308097,0.0,53.822015680050605,28.97753224303036,82.77368324547426,0.0004455668561733527,120.0,0.13497333429930886,16.196800115917064,0.13195862749168422
1986-02-26,0.19368641024516461,0.025668664184802716,82.79954792308098,0.0,53.82201568005061,28.97753224303036,82.77368324547426,0.0007942195383866765,120.0,0.1349289394167176,16.19147273000611,0.40113094313772035
1986-02-27,0.19368641024516461,0.025207499123464695,82.79954792308097,0.0,53.822015680050605,28.97753224303036,82.77368324547426,0.000480999027907329,120.0,0.1349010164261838,16.188121971142056,0.18292336062566994
1986-02-28,0.1937675521779317,0.024589605363339737,82.79954792308097,0.0,53.822015680050605,28.97753224303036,82.77368324547426,0.0005105782397164389,120.0,0.1348580441189268,16.182965294271217,0.21746236189924273
1986-03-01,0.19474909105434715,0.02401233661225401,82.79954792308098,0.0,53.82201568005061,28.97753224303036,82.77368324547426,0.0003667130108466452,120.0,0.1348243764184503,16.178925170214036,0.0882694636672802
1986-03-02,0.19738752440450089,0.023355553196111246,82.79954792308098,0.0,53.82201568005061,28.97753224303036,82.77368324547426,0.0003545255675341423,120.0,0.13475608228031202,16.17072987363744,0.09480125936462196
1986-03-03,0.20162614548639005,0.02272131067591237,82.79954792308098,0.0,53.82201568005061,28.97753224303036,82.77368324547426,0.00033826280529995463,120.0,0.13469814758510376,16.16377771021245,0.07413210753541911
1986-03-04,0.20991960433516707,0.02209020271502617,82.79954792308097,0.0,53.822015680050605,28.97753224303036,82.77368324547426,0.0003252198581025903,120.0,0.1346289036776964,16.155468441323567,0.07032166689500613
1986-03-05,0.22013650648152386,0.021474099229884462,82.79954792308098,0.0,53.82201568005061,28.97753224303036,82.77368324547426,0.00031031800829049385,120.0,0.1345582096465034,16.146985157580406,0.07174487972609332
1986-03-06,0.2318809676753955,0.020876095952982156,82.79954792308098,0.0,53.82201568005061,28.97753224303036,82.77368324547426,0.0002969100010514274,120.0,0.134493077352134,16.13916928225608,0.0810813859588137
1986-03-07,0.24466143518385924,0.020300592958191,82.79954792308098,0.0,53.82201568005061,28.97753224303036,82.77368324547426,0.0002887190950022806,120.0,0.13443813472913274,16.13257616749593,0.06410484047141891
1986-03-08,0.25806080905297535,0.019730616157637073,82.79954792308098,0.0,53.82201568005061,28.97753224303036,82.77368324547426,0.0003997040115374,120.0,0.13436578987680292,16.12389478521635,0.2251388171759201
1986-03-09,0.2665116968380529,0.019271961500424435,82.79954792308098,0.0,53.82201568005061,28.97753224303036,82.77368324547426,0.0003715885648963538,120.0,0.134588482222617,16.15061786671404,0.19860878962552206
1986-03-10,0.27213088323933626,0.018808630083830973,82.79954792308098,0.0,53.82201568005061,28.97753224303036,82.77368324547426,0.0004072812981151362,120.0,0.13429398805407733,16.11527856648928,0.253223725759019
1986-03-11,0.2777935500386837,0.018387254922903568,82.79954792308098,0.0,53.82201568005061,28.97753224303036,82.77368324547426,0.0002790874398827925,120.0,0.13426132499634422,16.111358999561308,0.12877145782914864
1986-03-12,0.28760121561762453,0.017906669883873415,82.79954792308098,0.0,53.82201568005061,28.97753224303036,82.77368324547426,0.0002548028992694011,120.0,0.13421667051700534,16.10600046204064,0.10851199460686532
1986-03-13,0.30260515851208314,0.017427762441333188,82.79954792308098,0.0,53.82201568005061,28.97753224303036,82.77368324547426,0.00030205420741775713,120.0,0.13468330169894038,16.161996203872846,0.5203668554378194
1986-03-14,0.31138648989747686,0.017176994466260607,82.79954792308098,0.0,53.82201568005061,28.97753224303036,82.77368324547426,0.0004462524947918926,120.0,0.1345794152306059,16.14952982767271,0.5088239145117661
1986-03-15,0.32059932193645047,0.017067720380933803,82.90378372211539,0.0,53.8898618035152,29.01392191860019,82.81152315026604,0.0005207042779865459,120.0,0.13430381922388296,16.116458306865955,0.4782021359869945
1986-03-16,0.3274002757008369,0.01680054337978353,82.90378372211539,0.0,53.8898618035152,29.01392191860019,82.81152315026604,0.0002744783640242082,120.0,0.13433346978922442,16.120016374706932,0.1501889338493161
1986-03-17,0.3332337581335095,0.016372224749338988,82.90378372211539,0.0,53.8898618035152,29.01392191860019,82.81152315026604,0.00024007735704328805,120.0,0.13490227997430498,16.1882735969166,0.544697774922775
1986-03-18,0.3356592097288523,0.016148595438603836,82.90378372211539,0.0,53.8898618035152,29.01392191860019,82.81152315026604,0.0006912926885218156,120.0,0.13553452812585404,16.264143375102485,0.6149475695393364
1986-03-19,0.3404521697355993,0.016372430542900898,83.21032741677405,0.0,54.083435757270806,29.126891659503247,82.90685057612679,0.0002705634565199151,120.0,0.134572816785839,16.14873801430068,0.14327810917427222
1986-03-20,0.3499195587142051,0.01595163195333709,83.21032741677406,0.0,54.08343575727081,29.126891659503247,82.90685057612679,0.00047965771411916694,120.0,0.1345425044085417,16.145100529025004,0.5047227120601888
1986-03-21,0.35640467462072983,0.015714617522975205,83.21032741677406,0.0,54.08343575727081,29.126891659503247,82.90685057612679,0.00034945510377884357,120.0,0.1346323663990287,16.155883967883444,0.5147073776698549
1986-03-22,0.3616882991039631,0.01548583188457601,83.21032741677406,0.0,54.08343575727081,29.126891659503247,82.90685057612679,0.0002498194989725768,120.0,0.13449256646216007,16.139107975459208,0.1384209503395666
1986-03-23,0.3702034818624794,0.015085563835026582,83.21032741677406,0.0,54.08343575727081,29.126891659503247,82.90685057612679,0.00022872007998176702,120.0,0.13444916668529303,16.133900002235162,0.11801751867237975
1986-03-24,0.3808268267573282,0.014686407744323294,83.21032741677406,0.0,54.08343575727082,29.126891659503247,82.90685057612679,0.0002055970603106679,120.0,0.13440202245737687,16.128242694885223,0.08332742968111066
1986-03-25,0.3932932894030859,0.014282528930251092,83.21032741677406,0.0,54.08343575727082,29.126891659503247,82.90685057612679,0.0002465803542852681,120.0,0.13434137087453077,16.120964504943693,0.16842798156278121
1986-03-26,0.4042668687912944,0.013926220387923585,83.21032741677406,0.0,54.08343575727082,29.126891659503247,82.90685057612679,0.00021656294714283812,120.0,0.13430284518072966,16.116341421687558,0.1346503154472727
1986-03-27,0.4168116355466854,0.013564688875332543,83.21032741677406,0.0,54.08343575727082,29.126891659503247,82.90685057612679,0.0003204132012079488,120.0,0.13425869010887162,16.111042813064593,0.28956640225758623
1986-03-28,0.4281413231601776,0.013275584553733772,83.21032741677406,0.0,54.08343575727082,29.126891659503247,82.90685057612679,0.0002061794803159995,120.0,0.13443941751161553,16.132730101393864,0.1273113767682763
1986-03-29,0.4412666719375861,0.012928021005529944,83.21032741677406,0.0,54.08343575727082,29.126891659503247,82.90685057612679,0.00021390768442507876,120.0,0.1342682910000897,16.11219492001076,0.15693058142336705
1986-03-30,0.4525516022347109,0.012601044430955586,83.21032741677406,0.0,54.08343575727082,29.126891659503247,82.90685057612679,0.00017226344417963562,120.0,0.13419061590096132,16.10287390811536,0.09379051575617081
1986-03-31,0.46422156257460423,0.012258468851714291,83.21032741677406,0.0,54.08343575727081,29.126891659503247,82.90685057612679,0.00015870305343203357,120.0,0.13408687457810745,16.090424949372892,0.07118607927561012
1986-04-01,0.47782683185464303,0.011916893756227134,83.21032741677406,0.0,54.08343575727081,29.126891659503247,82.90685057612679,0.00017191507584906747,120.0,0.13402493799914889,16.082992559897868,0.12316379725827557
1986-04-02,0.4921474202790207,0.01160341884013653,83.21032741677406,0.0,54.08343575727082,29.126891659503247,82.90685057612679,0.000359631341315608,120.0,0.1340938989384916,16.091267872618992,0.45487765983239986
1986-04-03,0.5032217109651387,0.011484861374216554,83.27666471912727,0.0,54.11702114361158,29.159643575515688,82.91703933486714,0.00016109222926850676,120.0,0.13403510721704429,16.084212866045313,0.1134762718987217
1986-04-04,0.5179463921582059,0.01117941331055065,83.27666471912727,0.0,54.11702114361158,29.159643575515688,82.91703933486714,0.00014116298888916748,120.0,0.13393168562114618,16.071802274537543,0.08041734183898079
1986-04-05,0.5355221118683388,0.010871001472286744,83.27666471912727,0.0,54.11702114361158,29.159643575515688,82.91703933486714,0.00014374629510763564,120.0,0.13385435073507082,16.0625220882085,0.10412428807111318
1986-04-06,0.5507628991566147,0.010578829486785799,83.27666471912727,0.0,54.11702114361158,29.159643575515688,82.91703933486714,0.0001276863702724475,120.0,0.1338085879113838,16.057030549366058,0.06650641951166607
1986-04-07,0.5699659268873571,0.01028257140433594,83.27666471912727,0.0,54.117021143611574,29.159643575515688,82.91703933486714,0.00014045354210360077,120.0,0.13374652707751455,16.049583249301747,0.11958877389925886
1986-04-08,0.5857309144185707,0.010010984665409147,83.27666471912727,0.0,54.117021143611574,29.159643575515688,82.91703933486714,0.00011953561888877057,120.0,0.13371671859779297,16.046006231735156,0.07604897696456826
1986-04-09,0.6042062517664076,0.009733494879713242,83.27666471912727,0.0,54.117021143611574,29.159643575515688,82.91703933486714,0.00012536971395161803,120.0,0.13364536379634498,16.037443655561397,0.10723868820798392
1986-04-10,0.623019030867314,0.009472804249999233,83.27666471912727,0.0,54.11702114361158,29.159643575515688,82.91703933486714,0.00011945347455274676,120.0,0.13360168748884252,16.032202498661103,0.10327192796240407
1986-04-11,0.6386495018494244,0.009217968365242492,83.27666471912727,0.0,54.11702114361158,29.159643575515688,82.91703933486714,0.00010623552780019736,120.0,0.13361305176387125,16.03356621166455,0.05488361787622006
1986-04-12,0.6547111041044146,0.008956606777885808,83.27666471912727,0.0,54.117021143611574,29.159643575515688,82.91703933486714,0.00010015689286734634,120.0,0.13348576634781442,16.01829196173773,0.07048796410479678
1986-04-13,0.6723224601636479,0.008706848563861046,83.27666471912727,0.0,54.117021143611574,29.159643575515688,82.91703933486714,9.677300104792138e-05,120.0,0.1334254812396169,16.011057748754027,0.07426891615325502
1986-04-14,0.6913892218299558,0.00846504255312367,83.27666471912727,0.0,54.117021143611574,29.159643575515688,82.91703933486714,9.036765681377733e-05,120.0,0.1333667173099781,16.00400607719737,0.05896424086781713
1986-04-15,0.7109120906084576,0.008226065320771721,83.27666471912727,0.0,54.11702114361158,29.159643575515688,82.91703933486714,8.670534047354384e-05,120.0,0.1333107718862365,15.99729262634838,0.05135593714432614
1986-04-16,0.7308949054708384,0.00799195707995533,83.27666471912727,0.0,54.11702114361158,29.159643575515688,82.91703933486714,8.196597886038304e-05,120.0,0.13323008622310067,15.987610346772081,0.05201116202987122
1986-04-17,0.7507703288649908,0.0077646684967953095,83.27666471912727,0.0,54.11702114361158,29.159643575515688,82.91703933486714,7.938603514920272e-05,120.0,0.13315772239054052,15.978926686864861,0.06758864918853803
1986-04-18,0.7700756026076869,0.007547472545544305,83.27666471912727,0.0,54.11702114361158,29.159643575515688,82.91703933486714,7.445816955756669e-05,120.0,0.13310354126697316,15.972424952036778,0.04916121175525105
1986-04-19,0.7926167979115353,0.00733217965605883,83.27666471912727,0.0,54.11702114361159,29.159643575515688,82.91703933486714,7.246659813935121e-05,120.0,0.13303117265677294,15.963740718812753,0.04088414624461647
1986-04-20,0.8175000738362447,0.007121207363537568,83.27666471912727,0.0,54.11702114361159,29.159643575515688,82.91703933486714,6.782129440762313e-05,120.0,0.13294841772492935,15.953810126991522,0.04145339016988277
1986-04-21,0.8352773128111122,0.006916427088251082,83.27666471912727,0.0,54.11702114361159,29.159643575515688,82.91703933486714,6.531923515569615e-05,120.0,0.13286922153269703,15.944306583923643,0.06650714284598037
1986-04-22,0.8510399044571062,0.006722734029733814,83.27666471912727,0.0,54.11702114361159,29.159643575515688,82.91703933486714,6.32829277851464e-05,120.0,0.13281886383557842,15.93826366026941,0.03518389181215028
1986-04-23,0.8735176813362652,0.00652814796724532,83.27666471912727,0.0,54.11702114361159,29.159643575515688,82.91703933486714,6.198251958125929e-05,120.0,0.13273197715099685,15.927837258119624,0.031117919257461067
1986-04-24,0.9017144606166245,0.0063383977996683254,83.27666471912727,0.0,54.11702114361159,29.159643575515688,82.91703933486714,5.479272600083156e-05,120.0,0.13262921248420068,15.915505498104082,0.03442322210911359
1986-04-25,0.9304280785123962,0.006154791507936493,83.27666471912727,0.0,54.11702114361159,29.159643575515688,82.91703933486714,0.00012819676543903512,120.0,0.13287557411019493,15.945068893223391,0.3195082344661029
1986-04-26,0.9467892666039976,0.0060291429597446305,83.27666471912727,0.0,54.11702114361159,29.159643575515688,82.91703933486714,0.00013105743356254092,120.0,0.13347753458590622,16.017304150308746,0.38639273176735706
1986-04-27,0.9611837304995767,0.005918157181505241,83.27666471912727,0.0,54.11702114361158,29.159643575515688,82.91703933486714,0.00014137248062437598,120.0,0.13318080248943123,15.981696298731746,0.32660965509006284
1986-04-28,0.9771155502261883,0.0057986002843346904,83.27666471912727,0.0,54.11702114361158,29.159643575515688,82.91703933486714,5.416037200672141e-05,120.0,0.13261137127027645,15.913364552433173,0.07919111397925628
1986-04-29,0.9968006697529326,0.005638418204285756,83.27666471912727,0.0,54.11702114361159,29.159643575515688,82.91703933486714,0.00011418635828040093,120.0,0.13255628422939864,15.906754107527837,0.2840315810442921
1986-04-30,1.0,0.00551731032327175,83.27666471912727,0.0,54.11702114361159,29.159643575515688,82.91703933486714,8.364237763190832e-05,120.0,0.1328139329002881,15.937671948034572,0.3126592111431203
1986-05-01,1.009715242881072,0.005403542150372775,83.27666471912727,0.0,54.11702114361159,29.159643575515688,82.91703933486714,5.854446341149855e-05,120.0,0.1329619598579911,15.955435182958933,0.09505488784112344
1986-05-02,1.0210217755443887,0.005256844878653046,83.27666471912727,0.0,54.11702114361158,29.159643575515688,82.91703933486714,4.521997753792436e-05,120.0,0.1324524262393575,15.8942911487229,0.07049507915497437
1986-05-03,1.0325795644891123,0.005110256983168237,83.27666471912727,0.0,54.11702114361158,29.159643575515688,82.91703933486714,3.8704015381815295e-05,120.0,0.13236991032338083,15.8843892388057,0.046137828020313174
1986-05-04,1.045644891122278,0.00496402255840806,83.27666471912727,0.0,54.11702114361158,29.159643575515688,82.91703933486714,3.6316447414244484e-05,120.0,0.13230482717927686,15.876579261513223,0.037974910104168584
1986-05-05,1.0614740368509212,0.0035072497359310553,83.27666471912727,0.0,54.11702114361158,29.159643575515688,82.91703933486714,2.5058207968805066e-05,120.0,0.13223465231246986,15.868158277496383,0.03364587503915014
1986-05-06,1.0789782244556114,0.0009828863171628724,83.27666471912727,0.0,54.11702114361158,29.159643575515688,82.91703933486714,7.098731999311951e-06,120.0,0.13215853948848996,15.859024738618794,0.026892485523599484
1986-05-07,1.0980737018425462,0.0009541926953296557,83.27666471912727,0.0,54.11702114361158,29.159643575515688,82.91703933486714,7.2754202521534875e-06,120.0,0.13205901528801706,15.847081834562045,0.02120100340146765
1986-05-08,1.1185092127303184,0.0009261738097471462,83.27666471912727,0.0,54.11702114361158,29.159643575515688,82.91703933486714,6.589951171196541e-06,120.0,0.13193217554598752,15.8318610655185,0.02005016816516569
1986-05-09,1.140033500837521,0.0008989456936737999,83.27666471912727,0.0,54.11702114361158,29.159643575515688,82.91703933486714,5.327583055803387e-06,120.0,0.13180387329681145,15.816464795617375,0.023779816556612064
1986-05-10,1.15678391959799,0.0008726186257742834,83.27666471912727,0.0,54.11702114361159,29.159643575515688,82.91703933486714,4.7693950325751695e-06,120.0,0.13170945984566557,15.805135181479868,0.025862007760164403
1986-05-11,1.1747906197654943,0.0008471170970911981,83.27666471912727,0.0,54.11702114361158,29.159643575515688,82.91703933486714,4.602719632517477e-06,120.0,0.13166001924193832,15.799202309032598,0.022186220517290963
1986-05-12,1.194137353433836,0.0008222674139800631,83.27666471912727,0.0,54.11702114361158,29.159643575515688,82.91703933486714,4.0855285571750235e-06,120.0,0.1315495670250341,15.78594804300409,0.022933192467249734
1986-05-13,1.2146566164154105,0.0007679222873230957,83.27666471912727,0.0,54.11702114361158,29.159643575515688,82.91703933486714,7.5577328587988e-06,120.0,0.1330797574733946,15.969570896807351,0.04680933694043713
1986-05-14,1.2341708542713568,0.0007459629966961442,83.27666471912727,0.0,54.11702114361158,29.159643575515688,82.91703933486714,3.7582055561405047e-06,120.0,0.13152290078210999,15.782748093853199,0.019620245377594724
1986-05-15,1.2537688442211055,0.000625411582749225,83.27666471912727,0.0,54.11702114361158,29.159643575515688,82.91703933486714,2.8493898755350906e-06,120.0,0.13128898006327108,15.754677607592528,0.014266056522961779
1986-05-16,1.2760469011725293,0.0006069168999764368,83.27666471912727,0.0,54.11702114361158,29.159643575515688,82.91703933486714,2.549950369036341e-06,120.0,0.13118087210213605,15.741704652256326,0.012922359883413248
1986-05-17,1.2993299832495813,0.0005889446769351683,83.27666471912727,0.0,54.11702114361158,29.159643575515688,82.91703933486714,2.237548232488091e-06,120.0,0.13106967793746463,15.728361352495757,0.011740196796013354
1986-05-18,1.3236180904522614,0.0005714837664193887,83.27666471912727,0.0,54.11702114361158,29.159643575515688,82.91703933486714,1.7515363776929407e-06,120.0,0.1309610105215885,15.71532126259062,0.014901389821624866
1986-05-19,1.343886097152429,0.0005545947304982115,83.27666471912727,0.0,54.11702114361158,29.159643575515688,82.91703933486714,4.725643054629441e-06,120.0,0.13152127935999153,15.782553523198985,0.16903103999905797
1986-05-20,1.3587939698492464,0.0005407692003054884,83.27666471912727,0.0,54.11702114361158,29.159643575515688,82.91703933486714,7.416096326108232e-06,120.0,0.13356346538053482,16.02761584566418,0.12821755365181148
1986-05-21,1.3742043551088778,0.0005266262074149263,83.27666471912727,0.0,54.11702114361158,29.159643575515688,82.91703933486714,3.0024850462897876e-06,120.0,0.13175272425108955,15.810326910130746,0.024023216754820446
1986-05-22,1.3922948073701844,0.0005112069588583633,83.27666471912727,0.0,54.11702114361159,29.159643575515688,82.91703933486714,2.558233122158915e-06,120.0,0.1314553114262057,15.774637371144683,0.016984330581103997
1986-05-23,1.410887772194305,0.00048157780100430115,83.27666471912727,0.0,54.11702114361159,29.159643575515688,82.91703933486714,2.192056681098427e-06,120.0,0.1313501635510938,15.762019626131258,0.016494769640656846
1986-05-24,1.430820770519263,7.120101904242515e-05,83.27666471912727,0.0,54.11702114361159,29.159643575515688,82.91703933486714,3.0525153905891483e-07,120.0,0.13125303092561308,15.75036371107357,0.014786526108164293
1986-05-25,1.4531825795644893,6.909657294296235e-05,83.27666471912727,0.0,54.11702114361159,29.159643575515688,82.91703933486714,2.607741414838861e-07,120.0,0.1311514567299146,15.738174807589752,0.01531988987365388
1986-05-26,1.4717755443886098,6.705543231131748e-05,83.27666471912727,0.0,54.11702114361159,29.159643575515688,82.91703933486714,5.798795270724054e-07,120.0,0.13113518796958826,15.736222556350592,0.11851835299748875
1986-05-27,1.486348408710218,6.528218832389011e-05,83.27666471912727,0.0,54.11702114361159,29.159643575515688,82.91703933486714,3.168663259812905e-07,120.0,0.1312812099723278,15.753745196679336,0.04451415544131151
1986-05-28,1.503098827470687,6.341090211853137e-05,83.27666471912727,0.0,54.11702114361159,29.159643575515688,82.91703933486714,9.151293980013834e-07,120.0,0.13182843656166449,15.819412387399739,0.20315961796272
1986-05-29,1.5195142378559465,6.189505109444759e-05,83.27666471912727,0.0,54.11702114361159,29.159643575515688,82.91703933486714,2.1702135295251346e-07,120.0,0.13106853245017164,15.728223894020598,0.014157278173732989
1986-05-30,1.5402847571189282,6.006448752529181e-05,83.27666471912727,0.0,54.11702114361159,29.159643575515688,82.91703933486714,1.862298371418734e-07,120.0,0.13088442348418908,15.706130818102688,0.00993681314779951
1986-05-31,1.5635678391959802,5.828045838721377e-05,83.27666471912727,0.0,54.11702114361159,29.159643575515688,82.91703933486713,1.551684626930115e-07,120.0,0.13077549133782,15.693058960538398,0.00908291906680786
1986-06-01,1.5876046901172531,0.0,83.27666471912727,0.0,54.11702114361159,29.159643575515688,82.91703933486713,0.0,120.0,0.13071299744502937,15.685559693403524,0.00923151786767768
1986-06-02,1.6108040201005027,0.0,83.27666471912727,0.0,54.11702114361159,29.159643575515688,82.91703933486714,0.0,120.0,0.13069317763088328,15.683181315705994,0.008603437143327307
1986-06-03,1.635175879396985,0.0,83.27666471912727,0.0,54.11702114361159,29.159643575515688,82.91703933486713,0.0,120.0,0.1305867331759514,15.670407981114169,0.006778462395878236
1986-06-04,1.6600502512562816,0.0,83.27666471912727,0.0,54.11702114361159,29.159643575515688,82.91703933486713,0.0,120.0,0.13038176723652692,15.645812068383231,0.004805664911613428
1986-06-05,1.6824120603015078,0.0,83.27666471912727,0.0,54.11702114361159,29.159643575515688,82.91703933486713,0.0,120.0,0.13028969773115914,15.634763727739097,0.003924819458645289
1986-06-06,1.7040201005025128,0.0,83.27666471912727,0.0,54.11702114361159,29.159643575515688,82.91703933486713,0.0,120.0,0.13021307306494953,15.625568767793945,0.0025927892306338196
1986-06-07,1.7260469011725297,0.0,83.27666471912727,0.0,54.11702114361159,29.159643575515688,82.91703933486713,0.0,120.0,0.13011103010952482,15.61332361314298,0.0012556749817090743
1986-06-08,1.747989949748744,0.0,83.27666471912727,0.0,54.11702114361159,29.159643575515688,82.91703933486713,0.0,120.0,0.13000628311771134,15.600753974125361,7.010101576098079e-05
1986-06-09,1.7696817420435516,0.0,83.27666471912727,0.0,54.11702114361159,29.159643575515688,82.91703933486713,0.0,120.0,0.12989846595748233,15.587815914897881,0.0
1986-06-10,1.791624790619766,0.0,83.27666471912727,0.0,54.11702114361159,29.159643575515688,82.91703933486713,0.0,120.0,0.12988346734537307,15.586016081444768,0.0
1986-06-11,1.8118927973199335,0.0,83.27666471912727,0.0,54.11702114361159,29.159643575515688,82.91703933486713,0.0,120.0,0.1299739759973788,15.596877119685457,0.0
1986-06-12,1.8287269681742049,0.0,83.27666471912727,0.0,54.11702114361159,29.159643575515688,82.91703933486713,0.0,120.0,0.13443184141806694,16.131820970168032,0.1837483209574427
1986-06-13,1.845477386934674,0.0,83.27666471912727,0.0,54.11702114361159,29.159643575515688,82.91703933486713,0.0,120.0,0.13251048432430818,15.90125811891698,0.12580093330827574
1986-06-14,1.8623115577889453,0.0,83.27666471912727,0.0,54.11702114361159,29.159643575515688,82.91703933486713,0.0,120.0,0.13245977879072243,15.895173454886692,0.07509417757924759
1986-06-15,1.8809882747068682,0.0,83.27666471912727,0.0,54.11702114361159,29.159643575515688,82.91703933486713,0.0,120.0,0.13269837206840113,15.923804648208137,0.29981911871123557
1986-06-16,1.8974874371859303,0.0,83.27666471912727,0.0,54.11702114361159,29.159643575515688,82.91703933486713,0.0,120.0,0.135562898859616,16.267547863153922,0.08501846635296971
1986-06-17,1.9172529313232838,0.0,83.27666471912728,0.0,54.11702114361159,29.15964357551569,82.91703933486713,0.0,120.0,0.13232703590493802,15.879244308592561,0.02925456624070731
1986-06-18,1.93961474036851,0.0,83.27666471912728,0.0,54.11702114361159,29.15964357551569,82.91703933486714,0.0,120.0,0.13222766403397612,15.867319684077135,0.028603483675373898
1986-06-19,1.9623115577889456,0.0,83.27666471912728,0.0,54.11702114361159,29.15964357551569,82.91703933486714,0.0,120.0,0.13213313216658476,15.85597585999017,0.03058414786150857
1986-06-20,1.9850083752093812,0.0,83.27666471912728,0.0,54.11702114361159,29.15964357551569,82.91703933486714,0.0,120.0,0.1320511814223083,15.846141770676995,0.03619484700758504
1986-06-21,2.0,0.0,83.27666471912728,0.0,54.11702114361159,29.159643575515695,82.91703933486714,0.0,120.0,0.13198613964163367,15.838336756996041,0.09669231907558373
1986-06-22,,,,,,,,,,0.1319662518813466,15.835950225761595,
1986-06-23,,,,,,,,,,0.13103112795719066,15.826598986520036,
1986-06-24,,,,,,,,,,0.1311309920445884,15.827597627394013,
1986-06-25,,,,,,,,,,0.1297094788991332,15.81338249593946,
1986-06-26,,,,,,,,,,0.12813331142411205,15.797620821189248,
1986-06-27,,,,,,,,,,0.12733615464128453,15.789649253360974,
1986-06-28,,,,,,,,,,0.13330737332147086,15.849361440162838,
1986-06-29,,,,,,,,,,0.1322360467810482,15.83864817475861,
1986-06-30,,,,,,,,,,0.12431656552208792,15.759453362169008,
1986-07-01,,,,,,,,,,0.12348187506393866,15.751106457587515,
1986-07-02,,,,,,,,,,0.12244859937487347,15.740773700696863,
1986-07-03,,,,,,,,,,0.1232806042088194,15.749093749036323,
1986-07-04,,,,,,,,,,0.12730507392483978,15.789338446196526,
1986-07-05,,,,,,,,,,0.1282607109816544,15.798894816764673,
1986-07-06,,,,,,,,,,0.12057551566877309,15.72204286363586,
1986-07-07,,,,,,,,,,0.11963386242448641,15.712626331192993,
1986-07-08,,,,,,,,,,0.1187937451035755,15.704225157983883,
1986-07-09,,,,,,,,,,0.11761980595029828,15.692485766451112,
1986-07-10,,,,,,,,,,0.1165466848825625,15.681754555773754,
1986-07-11,,,,,,,,,,0.12266100475024308,15.74289775445056,
1986-07-12,,,,,,,,,,0.11562225364021231,15.672510243350251,
1986-07-13,,,,,,,,,,0.11456791218211697,15.661966828769298,
1986-07-14,,,,,,,,,,0.11365848877482587,15.652872594696387,
1986-07-15,,,,,,,,,,0.11304731157797757,15.646760822727904,
1986-07-16,,,,,,,,,,0.14804411000873247,15.996728807035453,
1986-07-17,,,,,,,,,,0.14691713779000404,15.98545908484817,
1986-07-18,,,,,,,,,,0.1476565809502381,15.99285351645051,
1986-07-19,,,,,,,,,,0.13162402246445098,15.832527931592638,
1986-07-20,,,,,,,,,,0.13281090969145615,15.84439680386269,
1986-07-21,,,,,,,,,,0.13763584296625903,15.892646136610718,
1986-07-22,,,,,,,,,,0.13653500235367358,15.881637730484865,
1986-07-23,,,,,,,,,,0.13267792063598335,15.843066913307963,
1986-07-24,,,,,,,,,,0.12907979297985886,15.807085636746717,
1986-07-25,,,,,,,,,,0.1327658591274019,15.843946298222148,
1986-07-26,,,,,,,,,,0.13604843764367078,15.876772083384836,
1986-07-27,,,,,,,,,,0.1260852622594933,15.777140329543062,
1986-07-28,,,,,,,,,,0.1308238895710962,15.824526602659091,
1986-07-29,,,,,,,,,,0.12519725890572564,15.768260296005385,
1986-07-30,,,,,,,,,,0.12225900793235969,15.738877786271726,
1986-07-31,,,,,,,,,,0.12217895232712143,15.738077230219343,
1986-08-01,,,,,,,,,,0.1250741547055558,15.767029254003686,
1986-08-02,,,,,,,,,,0.11959717655970814,15.71225947254521,
1986-08-03,,,,,,,,,,0.1192462312580455,15.708750019528583,
1986-08-04,,,,,,,,,,0.12152378526201661,15.731525559568295,
1986-08-05,,,,,,,,,,0.11871600186547879,15.703447725602917,
1986-08-06,,,,,,,,,,0.12297540852060182,15.746041792154147,
1986-08-07,,,,,,,,,,0.12368262308097208,15.753113937757849,
1986-08-08,,,,,,,,,,0.1149503712788567,15.665791419736696,
1986-08-09,,,,,,,,,,0.1134216017070105,15.650503724018234,
1986-08-10,,,,,,,,,,0.11251632649681757,15.641450971916305,
1986-08-11,,,,,,,,,,0.11124650703114944,15.628752777259622,
1986-08-12,,,,,,,,,,0.11001426835397272,15.616430390487857,
1986-08-13,,,,,,,,,,0.10864807001822656,15.602768407130394,
1986-08-14,,,,,,,,,,0.10760175660451783,15.592305272993308,
1986-08-15,,,,,,,,,,0.10654006647345256,15.581688371682654,
1986-08-16,,,,,,,,,,0.10638909134619916,15.58017862041012,
1986-08-17,,,,,,,,,,0.10531858438673192,15.569473550815449,
1986-08-18,,,,,,,,,,0.10417521113362896,15.558039818284419,
1986-08-19,,,,,,,,,,0.10345289643961635,15.550816671344291,
1986-08-20,,,,,,,,,,0.10348361933239161,15.551123900272044,
1986-08-21,,,,,,,,,,0.10169469485218707,15.53323465547,
1986-08-22,,,,,,,,,,0.10104534275191686,15.526741134467297,
1986-08-23,,,,,,,,,,0.09979504407352627,15.514238147683391,
1986-08-24,,,,,,,,,,0.09879786523791188,15.504266359327248,
1986-08-25,,,,,,,,,,0.09802140480186264,15.496501754966754,
1986-08-26,,,,,,,,,,0.09759172072327707,15.492204914180899,
1986-08-27,,,,,,,,,,0.09683361041434171,15.484623811091545,
1986-08-28,,,,,,,,,,0.09602300655040522,15.476517772452182,
1986-08-29,,,,,,,,,,0.09498844068047439,15.466172113752872,
1986-08-30,,,,,,,,,,0.09393318305019874,15.455619537450115,
1986-08-31,,,,,,,,,,0.09307259987314045,15.447013705679533,
1986-09-01,,,,,,,,,,0.09213481240389229,15.437635830987052,
1986-09-02,,,,,,,,,,0.09212912174819676,15.437578924430095,
1986-09-03,,,,,,,,,,0.09035710106440566,15.419858717592184,
1986-09-04,,,,,,,,,,0.08937933655935275,15.410081072541656,
1986-09-05,,,,,,,,,,0.0889166428240352,15.405454135188482,
1986-09-06,,,,,,,,,,0.08820104863480696,15.398298193296199,
1986-09-07,,,,,,,,,,0.11484193344144908,15.66470704136262,
1986-09-08,,,,,,,,,,0.1291638503462984,15.807926210411113,
1986-09-09,,,,,,,,,,0.14105355593313001,15.92682326627943,
1986-09-10,,,,,,,,,,0.14711256276620763,15.987413334610205,
1986-09-11,,,,,,,,,,0.15633081995565565,16.079595906504686,
1986-09-12,,,,,,,,,,0.1441959116119876,15.958246823068006,
1986-09-13,,,,,,,,,,0.14448867000180024,15.961174406966132,
1986-09-14,,,,,,,,,,0.14213973509288894,15.937685057877019,
1986-09-15,,,,,,,,,,0.14145157543232262,15.930803461271354,
1986-09-16,,,,,,,,,,0.14080476474027268,15.924335354350855,
1986-09-17,,,,,,,,,,0.14009453972902616,15.91723310423839,
1986-09-18,,,,,,,,,,0.13939807775489352,15.910268484497063,
1986-09-19,,,,,,,,,,0.13871730974903976,15.903460804438525,
1986-09-20,,,,,,,,,,0.1380402703148684,15.896690410096813,
1986-09-21,,,,,,,,,,0.13738345848064143,15.890122291754544,
1986-09-22,,,,,,,,,,0.13670037714044722,15.8832914783526,
1986-09-23,,,,,,,,,,0.1358433846810942,15.87472155375907,
1986-09-24,,,,,,,,,,0.13501012413750632,15.866388948323191,
1986-09-25,,,,,,,,,,0.13425588211506717,15.8588465280988,
1986-09-26,,,,,,,,,,0.13357296529956342,15.852017359943762,
1986-09-27,,,,,,,,,,0.13299929152719958,15.846280622220124,
1986-09-28,,,,,,,,,,0.13587571271631146,15.875044834111243,
1986-09-29,,,,,,,,,,0.13635633465244834,15.879851053472612,
1986-09-30,,,,,,,,,,0.13204135598224997,15.836701266770628,
1986-10-01,,,,,,,,,,0.13111047242266455,15.827392431174774,
1986-10-02,,,,,,,,,,0.13051450383530003,15.821432745301129,
1986-10-03,,,,,,,,,,0.12993296140508565,15.815617320998985,
1986-10-04,,,,,,,,,,0.12954306041175523,15.81171831106568,
1986-10-05,,,,,,,,,,0.1290135684278779,15.806423391226907,
1986-10-06,,,,,,,,,,0.12853604406923924,15.80164814764052,
1986-10-07,,,,,,,,,,0.1278997637790405,15.795285344738534,
1986-10-08,,,,,,,,,,0.12746610898405236,15.790948796788653,
1986-10-09,,,,,,,,,,0.12690475153727485,15.785335222320878,
1986-10-10,,,,,,,,,,0.12622612009824108,15.778548907930539,
1986-10-11,,,,,,,,,,0.12574408178097923,15.77372852475792,
1986-10-12,,,,,,,,,,0.12532403939995074,15.769528100947635,
1986-10-13,,,,,,,,,,0.12486361445371949,15.764923851485324,
1986-10-14,,,,,,,,,,0.12419579080947889,15.758245615042917,
1986-10-15,-0.1,0.03445,25.0,0.0,16.25,8.75,25.0,0.0,10.0,0.12356014290379166,15.751889135986046,0.0
1986-10-16,-0.08191666666666667,0.03445,25.0,0.0,16.25,8.75,25.0,0.0,10.0,0.1228668513442039,15.744956220390169,0.0
1986-10-17,-0.06358333333333333,0.03445,25.0,0.0,16.25,8.75,25.0,0.0,10.0,0.1223948186804227,15.740235893752356,0.0
1986-10-18,-0.05191666666666666,0.03445,25.0,0.0,16.25,8.75,25.0,0.0,10.0,0.1415762729296312,15.93205043624444,0.0
1986-10-19,-0.042749999999999996,0.03445,25.0,0.0,16.25,8.75,25.0,0.0,10.0,0.1336361961087063,15.852649668035191,0.0
1986-10-20,-0.030499999999999996,0.03445,25.0,0.0,16.25,8.75,25.0,0.0,10.0,0.13405791083625615,15.85686681531069,0.0
1986-10-21,-0.020249999999999994,0.03445,25.0,0.0,16.25,8.75,25.0,0.0,10.0,0.144999265474724,15.966280361695368,0.0
1986-10-22,-0.00991666666666666,0.03445,25.0,0.0,16.25,8.75,25.0,0.0,10.0,0.13795967995524533,15.895884506500582,0.0
1986-10-23,0.0,0.03445,25.0,0.0,16.25,8.75,25.0,0.0008003078038644004,10.0,0.13503031840225982,15.866590890970727,0.5589242669177567
1986-10-24,0.0,0.03449375359981004,25.362558323621577,0.0,16.485662910354026,8.876895413267553,25.362558323621577,0.0007328910450116415,11.2,0.13511235683909298,15.871186601288354,0.2181435053074135
1986-10-25,0.0,0.0341641357932213,25.71049529877498,0.0,16.711821944203734,8.998673354571244,25.71049529877498,0.0004921876593104302,12.399999999999999,0.1339862923026715,15.860998726986024,0.44292136696349976
1986-10-26,0.0,0.03370704534235565,25.79313162035058,0.0,16.765535553227874,9.027596067122703,25.79313162035058,0.0018367027915517713,13.599999999999998,0.13911685716204278,15.933198457579064,1.0
1986-10-27,0.0,0.03552987521977606,27.115939949392967,0.0,17.62536096710543,9.49057898228754,27.115939949392967,0.0005463027428962515,14.799999999999997,0.13337816536105096,15.856846545261218,0.1696436107023371
1986-10-28,0.0,0.03492236489157884,27.317364796122632,0.0,17.75628711747971,9.561077678642922,27.317364796122632,0.0004250628329587493,15.999999999999996,0.1330638469607016,15.853511747031273,0.11973860793446144
1986-10-29,0.0,0.0340421557847752,27.347854766519447,0.0,17.77610559823764,9.571749168281807,27.347854766519447,0.00033348679424338815,17.199999999999996,0.1326779838006597,15.84819201477378,0.08730706308602738
1986-10-30,0.0,0.03315799326543213,27.382643253398705,0.0,17.798718114709157,9.583925138689548,27.382643253398705,0.00026228008378368457,18.399999999999995,0.1324265426669133,15.844419576216023,0.05530544693981403
1986-10-31,0.0,0.03221826799658433,27.382643253398705,0.0,17.798718114709157,9.583925138689548,27.382643253398705,0.0002608317457995269,19.599999999999994,0.13216021086923252,15.839751821924159,0.07444745041104252
1986-11-01,0.0,0.03134045007892893,27.39481530345093,0.0,17.806629947243103,9.588185356207827,27.39481530345093,0.0002544111372115876,20.799999999999994,0.1319846593468561,15.836333101044191,0.08203084067154606
1986-11-02,0.0,0.030477363080571036,27.39481530345093,0.0,17.806629947243103,9.588185356207827,27.39481530345093,0.00021343563274353795,21.999999999999993,0.13183677562328017,15.833101748084133,0.06571379696257695
1986-11-03,0.0,0.029623125685636846,27.39481530345093,0.0,17.806629947243103,9.588185356207827,27.39481530345093,0.0002402495948615501,23.199999999999992,0.13223046850573394,15.84208005144738,0.07148750904417597
1986-11-04,0.0,0.028797962419028805,27.39481530345093,0.0,17.806629947243103,9.588185356207827,27.39481530345093,0.00014637327846524903,24.39999999999999,0.1315660488108447,15.826185270841346,0.03480144612703661
1986-11-05,0.0,0.027964089868588768,27.39481530345093,0.0,17.806629947243103,9.588185356207827,27.39481530345093,0.00014016105171880226,25.59999999999999,0.13141688585226668,15.821886455417149,0.04228109959768258
1986-11-06,0.0,0.027160637746597875,27.39481530345093,0.0,17.806629947243103,9.588185356207827,27.39481530345093,0.00013394658322521302,26.79999999999999,0.13131255077700635,15.818431036165276,0.14583897522292696
1986-11-07,0.0,0.02646465100146089,27.39481530345093,0.0,17.806629947243103,9.588185356207827,27.39481530345093,0.0006991658994399927,27.99999999999999,0.1333346514455989,15.874265413560659,0.37051682728876467
1986-11-08,0.0,0.026380484606816475,27.6964155789723,0.0,18.002670126331992,9.693745452640306,27.696415578972296,0.00012024326614715123,29.19999999999999,0.13122939507984357,15.814434007157706,0.04120813524352239
1986-11-09,0.0,0.025621682785936,27.6964155789723,0.0,18.002670126331992,9.693745452640306,27.696415578972296,9.635239896535617e-05,30.399999999999988,0.13113577775193444,15.810703812227464,0.02744531855863478
1986-11-10,0.0001224858810875733,0.02487412815973997,27.6964155789723,0.0,18.002670126331992,9.693745452640306,27.696415578972296,0.00010040629495107332,31.599999999999987,0.13103288362132878,15.80645578874503,0.03884966486585488
1986-11-11,0.00045160982972988555,0.024156894861232858,27.6964155789723,0.0,18.002670126331992,9.693745452640306,27.696415578972296,0.0001681828980832091,32.79999999999999,0.13097583758231338,15.803464636753304,0.09424576872834174
1986-11-12,0.0008610353058938354,0.02350048856918447,27.6964155789723,0.0,18.002670126331992,9.693745452640306,27.696415578972296,0.00012514508934068005,33.99999999999999,0.13094190991704607,15.801122598975377,0.06607303724548645
1986-11-13,0.0014021064284996723,0.0228420563718045,27.6964155789723,0.0,18.002670126331992,9.693745452640306,27.696415578972296,8.604352834289836e-05,35.199999999999996,0.130902723344909,15.79851402127899,0.038621998094314866
1986-11-14,0.002234134644996533,0.02218326085638023,27.6964155789723,0.0,18.002670126331992,9.693745452640306,27.696415578972296,0.00036968811407446544,36.4,0.13462335181178087,15.932668663229403,0.5137057568645398
1986-11-15,0.00263736052215864,0.021960939216408824,27.76993235798644,0.0,18.050456032691187,9.719476325295256,27.76993235798644,0.0012390151562349377,37.6,0.13993326673458711,16.135509984243438,1.0
1986-11-16,0.00296730436911418,0.022752214907744886,28.344152743571392,0.0,18.423699283321405,9.92045346024999,28.344152743571392,0.0009637640954807127,38.800000000000004,0.13712535843601512,16.036123560082736,0.7917064928905672
1986-11-17,0.0035242601824653583,0.02336913093612904,28.89501645003976,0.0,18.781760692525843,10.113255757513915,28.895016450039755,0.0009188714317080085,40.00000000000001,0.1369052952732825,16.033511961439032,0.76725503036472
1986-11-18,0.004463109316233832,0.023977937571542166,29.455232753027488,0.0,19.145901289467865,10.309331463559621,29.455232753027488,0.0006875675137571469,41.20000000000001,0.1367133609807737,16.031531120657995,0.7459289978637422
1986-11-19,0.00549556762560668,0.024479441233499454,29.951797789889717,0.0,19.468668563428317,10.483129226461402,29.95179778988972,0.0006377429230878081,42.40000000000001,0.13678779695182278,16.04038373674979,0.7541996613136407
1986-11-20,0.006503178452508096,0.024901074343225364,30.38876786108516,0.0,19.752699109705354,10.636068751379806,30.388767861085164,0.0006283160614812339,43.600000000000016,0.1363707211999566,16.027985088052993,0.7078579111062886
1986-11-21,0.007579994599128372,0.025364930868940892,30.883757760900366,0.0,20.07444254458524,10.809315216315127,30.88375776090037,0.0004921702886745011,44.80000000000002,0.13621618445673975,16.02634720513921,0.6906871618599708
1986-11-22,0.00882788862807897,0.02555096807288642,31.189569202579946,0.0,20.273219981676966,10.916349220902982,31.189569202579953,0.0010477693368517941,46.00000000000002,0.1360925997985208,16.025762229951614,0.6769555331689782
1986-11-23,0.010657821954054689,0.026223838816253245,31.857561734590462,0.0,20.7074151274838,11.150146607106661,31.857561734590465,0.0005885435463999643,47.200000000000024,0.13591841072593036,16.022492123225952,0.6576011917700391
1986-11-24,0.012456040235682114,0.026141899806657185,31.993578661398104,0.0,20.795826129908768,11.197752531489336,31.993578661398107,0.0009600361604246777,48.40000000000003,0.13587291600086382,16.025032769146232,0.652546222318201
1986-11-25,0.013764396580739732,0.026176028370224116,32.21609072153961,0.0,20.940458969000748,11.275631752538862,32.216090721539615,0.0011461381914948804,49.60000000000003,0.1357010276380017,16.021195103291692,0.6334475153335222
1986-11-26,0.014173098322261274,0.026188831838444258,32.43426932484463,0.0,21.08227506114901,11.35199426369562,32.434269324844635,0.0008381386691643122,50.80000000000003,0.13548684514714107,16.014796363663958,0.6096494607934514
1986-11-27,0.014535392305908083,0.026088168660364525,32.58377698870534,0.0,21.179455042658468,11.404321946046867,32.583776988705345,0.0005647755503895733,52.000000000000036,0.1353611650992199,16.01248571309101,0.5956850110244309
1986-11-28,0.015270153465151879,0.02587739793565262,32.660456527179456,0.0,21.229296742666648,11.43115978451281,32.66045652717947,0.000811935095528529,53.20000000000004,0.13525285144236562,16.01079732240781,0.5836501602628461
1986-11-29,0.015796154852839396,0.02557958998383032,32.678898880356094,0.0,21.24128427223146,11.437614608124631,32.6788988803561,0.000770386363741731,54.40000000000004,0.13514036167839708,16.008621798721148,0.571151297599674
1986-11-30,0.015796154852839396,0.025250496764655378,32.678898880356094,0.0,21.24128427223146,11.437614608124631,32.6788988803561,0.0009512107727767663,55.600000000000044,0.1350313645486208,16.006370490062046,0.5590405054023104
1986-12-01,0.016869285407213677,0.024916463375904887,32.678898880356094,0.0,21.24128427223146,11.437614608124631,32.6788988803561,0.0009306802831721851,56.80000000000005,0.13491968635766746,16.003705304016627,0.5466318175186059
1986-12-02,0.018558161980611772,0.02457757342446694,32.678898880356094,0.0,21.24128427223146,11.437614608124631,32.6788988803561,0.0009112536041173433,58.00000000000005,0.13481066499416267,16.000926186304934,0.5345183326847397
1986-12-03,0.0203846437891945,0.024234361128781415,32.678898880356094,0.0,21.24128427223146,11.437614608124631,32.6788988803561,0.0004072991725134854,59.20000000000005,0.13470610379780026,15.99814945921566,0.1436895307907486
1986-12-04,0.02244581016197361,0.02361179701430622,32.678898880356094,0.0,21.24128427223146,11.437614608124631,32.6788988803561,0.00037222874912370697,60.400000000000055,0.13459175693177358,15.994530730807394,0.12543956154961175
1986-12-05,0.025331383737906558,0.02299229870782322,32.678898880356094,0.0,21.24128427223146,11.437614608124631,32.6788988803561,0.0004472967793503484,61.60000000000006,0.13448192014530733,15.990915390821584,0.20617137663999088
1986-12-06,0.02850013338473869,0.022480457138354056,32.704818165888916,0.0,21.258131807827795,11.446686358061122,32.70481816588893,0.0004336083423589636,62.80000000000006,0.1343883970112164,15.988060939917428,0.20637802442446068
1986-12-07,0.030059149596433653,0.022000264841304473,32.74475811300783,0.0,21.284092773455093,11.460665339552744,32.74475811300785,0.0005220775619875201,64.00000000000006,0.13430045685092307,15.985339343814495,0.2910143925223319
1986-12-08,0.031137100958439905,0.021604595104377594,32.79720107169331,0.0,21.31818069660065,11.479020375092658,32.797201071693316,0.0004899231376003647,65.20000000000006,0.13421864458846583,15.982806230265776,0.4687382876073135
1986-12-09,0.032625786577792235,0.02134185788843212,32.85641268981783,0.0,21.356668248381588,11.499744441436242,32.856412689817844,0.00048661621132371427,66.40000000000006,0.13414971751361898,15.980932343744488,0.27898857984430414
1986-12-10,0.03478191307321784,0.020941638073703604,32.90097864280656,0.0,21.385636117824262,11.515342524982296,32.90097864280657,0.00048486466803897787,67.60000000000007,0.1340708876752385,15.978223605428695,0.2878068215478092
1986-12-11,0.0378058196600889,0.020606407522790974,32.98240404377794,0.0,21.43856262845566,11.543841415322278,32.98240404377795,0.00047906599416893,68.80000000000007,0.13400024548269246,15.975888985534196,0.29171354833279417
1986-12-12,0.04154376133043256,0.020300725399901666,33.0783220808523,0.0,21.500909352553997,11.577412728298306,33.07832208085231,0.00047258072718292743,70.00000000000007,0.13393287904875334,15.973614127480072,0.43698656097259236
1986-12-13,0.045060268928563824,0.019980122671402513,33.09449385745995,0.0,21.511421007348968,11.583072850110982,33.09449385745996,0.00022760609712791385,71.20000000000007,0.1338869716778131,15.972705475270015,0.43188574197923296
1986-12-14,0.04759273896797195,0.01963959289440368,33.09449385745995,0.0,21.511421007348968,11.583072850110982,33.09449385745996,0.00022706515561177272,72.40000000000008,0.134191683861825,15.997071501148238,0.4657426513138887
1986-12-15,0.04948125316919683,0.01932481498953252,33.09449385745995,0.0,21.511421007348968,11.583072850110982,33.09449385745996,0.00032810196124841287,73.60000000000008,0.13393808482474218,15.981077130395514,0.43756498052690757
1986-12-16,0.05017534517687784,0.01901208424115762,33.104172981170876,0.0,21.51771243776107,11.586460543409805,33.104172981170876,0.00019496543262510023,74.80000000000008,0.1346748693542227,16.038554812732734,0.5194299282469668
1986-12-17,0.05055368072085895,0.018737985080519184,33.104172981170876,0.0,21.51771243776107,11.586460543409805,33.104172981170876,0.00016666858352662876,76.00000000000009,0.1348324832038988,16.053783806275565,0.5369425782109757
1986-12-18,0.05055368072085895,0.01847768218869199,33.104172981170876,0.0,21.51771243776107,11.586460543409805,33.104172981170876,0.0006083987264574877,77.20000000000009,0.1355275693090168,16.11088393117774,0.6141743676685322
1986-12-19,0.05055368072085895,0.018263807286257833,33.104172981170876,0.0,21.51771243776107,11.586460543409805,33.104172981170876,0.0004597927187846305,78.40000000000009,0.1346322238951284,16.04496243164209,0.5146915439031559
1986-12-20,0.05055368072085895,0.01799789988276151,33.104172981170876,0.0,21.51771243776107,11.586460543409805,33.104172981170876,0.00037103139622552935,79.6000000000001,0.1345724700944306,16.043405195523082,0.5080522327145104
1986-12-21,0.05055368072085895,0.017732279082866943,33.104172981170876,0.0,21.51771243776107,11.586460543409805,33.104172981170876,0.00033498983171919,80.8000000000001,0.13451637053657486,16.04199981310404,0.5018189485083173
1986-12-22,0.05080678934624773,0.017467262519701543,33.104172981170876,0.0,21.51771243776107,11.586460543409805,33.104172981170876,0.000372862047296284,82.0000000000001,0.13446431286029464,16.040791226035335,0.49603476225495946
1986-12-23,0.05173409500713986,0.01720317572644665,33.104172981170876,0.0,21.51771243776107,11.586460543409805,33.104172981170876,0.00039786947188240785,83.2000000000001,0.13441076440452024,16.039333667689643,0.49008493383558116
1986-12-24,0.055421956881863174,0.016940010971782975,33.104172981170876,0.0,21.51771243776107,11.586460543409805,33.104172981170876,0.00037993864682468156,84.4000000000001,0.13437311646648886,16.0390895967476,0.48590182960987266
1986-12-25,0.05795739157905029,0.016678746112373504,33.104172981170876,0.0,21.51771243776107,11.586460543409805,33.104172981170876,0.00042546383866807255,85.60000000000011,0.13430751248899483,16.036362133776286,0.4786124987772029
1986-12-26,0.059631321135143404,0.01641786341960171,33.104172981170876,0.0,21.51771243776107,11.586460543409805,33.104172981170876,0.00022354519005189275,86.80000000000011,0.13425336585481218,16.034471718658406,0.47259620609024117
1986-12-27,0.06055042460018545,0.016158098115940003,33.104172981170876,0.0,21.51771243776107,11.586460543409805,33.104172981170876,0.00030896220297396335,88.00000000000011,0.1348332262710163,16.088243972052528,0.5370251412240316
1986-12-28,0.06195824430886378,0.015933674320140537,33.104172981170876,0.0,21.51771243776107,11.586460543409805,33.104172981170876,0.00017206256555607558,89.20000000000012,0.13416733266196318,16.03228663139259,0.4630369624403523
1986-12-29,0.0626634120066256,0.015677000495267674,33.104172981170876,0.0,21.51771243776107,11.586460543409805,33.104172981170876,0.0001728072459681046,90.40000000000012,0.13412935555914912,16.03149479823494,0.4588172843499015
1986-12-30,0.06413099983785013,0.015422476844229366,33.104172981170876,0.0,21.51771243776107,11.586460543409805,33.104172981170876,0.0001995414778691159,91.60000000000012,0.13425194638552018,16.045319842343893,0.47243848728001936
1986-12-31,0.06652816963444126,0.015178387687814451,33.104172981170876,0.0,21.51771243776107,11.586460543409805,33.104172981170876,0.00020076910266503942,92.80000000000013,0.13405806641061602,16.030070614077797,0.4508962678462232
1987-01-01,0.06783908926554084,0.014928352407990775,33.104172981170876,0.0,21.51771243776107,11.586460543409805,33.104172981170876,0.00012879960500395026,94.00000000000013,0.1342865597584966,16.054059166213694,0.47628441761073226
1987-01-02,0.06783908926554084,0.014693806084726882,33.104172981170876,0.0,21.51771243776107,11.586460543409805,33.104172981170876,0.00026324792079408956,95.20000000000013,0.13711828915473004,16.3264241741877,0.7909210171922253
1987-01-03,0.06783908926554084,0.0146016411038338,33.104172981170876,0.0,21.51771243776107,11.586460543409805,33.104172981170876,0.0003604879999414793,96.40000000000013,0.13683183895968698,16.304992820113604,0.7590932177429967
1987-01-04,0.0683903795179597,0.014496112072613913,33.104172981170876,0.0,21.51771243776107,11.586460543409805,33.104172981170876,0.0003276958893843088,97.60000000000014,0.1365900137642225,16.28722938553028,0.7322237515802767
1987-01-05,0.06982886396381802,0.014379660637389621,33.104172981170876,0.0,21.51771243776107,11.586460543409805,33.104172981170876,0.00030451323131224677,98.80000000000014,0.13652254499310093,16.286111985202922,0.7247272214556578
1987-01-06,0.0712173007935718,0.014260910763244252,33.104172981170876,0.0,21.51771243776107,11.586460543409805,33.104172981170876,0.00018506151081044132,100.00000000000014,0.13645707800141912,16.285032837768846,0.7174531112687904
1987-01-07,0.071997973185372,0.01414002948424541,33.104172981170876,0.0,21.51771243776107,11.586460543409805,33.104172981170876,0.0006412558640207414,101.20000000000014,0.1363975607658008,16.28439868486836,0.6108746485514651
1987-01-08,0.07496600930324886,0.013974962165968921,33.104172981170876,0.0,21.51771243776107,11.586460543409805,33.104172981170876,0.000330029957897568,102.40000000000015,0.13631985246983816,16.28175892602313,0.21433753040315803
1987-01-09,0.07963495881298104,0.013645574067333794,33.104172981170876,0.0,21.51771243776107,11.586460543409805,33.104172981170876,0.00039192478244178826,103.60000000000015,0.13623546216831525,16.278240411491545,0.6928291298128046
1987-01-10,0.08240430652832698,0.013519828381519793,33.104172981170876,0.0,21.51771243776107,11.586460543409805,33.104172981170876,0.00025655843508377434,104.80000000000015,0.13623402243000038,16.283212579260507,0.6926691588889299
1987-01-11,0.08416495723547998,0.013395176574674698,33.104172981170876,0.0,21.51771243776107,11.586460543409805,33.104172981170876,0.00032898823065840216,106.00000000000016,0.13612006073726593,16.276253964489044,0.6800067485851022
1987-01-12,0.08593461894274217,0.013266585591512493,33.104172981170876,0.0,21.51771243776107,11.586460543409805,33.104172981170876,0.0006328655782043523,107.20000000000016,0.13605736884747818,16.274517964530897,0.6730409830531303
1987-01-13,0.08639373200700017,0.01313645669801522,33.104172981170876,0.0,21.51771243776107,11.586460543409805,33.104172981170876,0.0005943222528017678,108.40000000000016,0.13598898475081464,16.27201446881193,0.6654427500905145
1987-01-14,0.08639373200700017,0.01300460979322193,33.104172981170876,0.0,21.51771243776107,11.586460543409805,33.104172981170876,0.0006029302952688801,109.60000000000016,0.13592340729787852,16.26965445941349,0.658156366430946
1987-01-15,0.08958552683010029,0.01287124350127605,33.104172981170876,0.0,21.51771243776107,11.586460543409805,33.104172981170876,0.0003812365758837608,110.80000000000017,0.13585931508631316,16.267301628871888,0.65103500959035
1987-01-16,0.09396345961761707,0.012736495100326557,33.104172981170876,0.0,21.51771243776107,11.586460543409805,33.104172981170876,0.0005876490175631489,112.00000000000017,0.13614655211921795,16.304143852403186,0.6829502354686595
1987-01-17,0.09807413871260479,0.012615352017151164,33.104172981170876,0.0,21.51771243776107,11.586460543409805,33.104172981170876,0.0004048183263335566,113.20000000000017,0.13574242874273856,16.263413446471166,0.6380476380820616
1987-01-18,0.10173753647876611,0.012478367323380141,33.104172981170876,0.0,21.51771243776107,11.586460543409805,33.104172981170876,0.0002056184677006612,114.40000000000018,0.13578894109740655,16.273265872078852,0.6432156774896157
1987-01-19,0.10381868663391995,0.012344804748434903,33.104172981170876,0.0,21.51771243776107,11.586460543409805,33.104172981170876,0.0002956360846326137,115.60000000000018,0.1362331228390986,16.329200508477726,0.6925692043442887
1987-01-20,0.10501562415531288,0.012230949554054132,33.104172981170876,0.0,21.51771243776107,11.586460543409805,33.104172981170876,0.00047004424387406013,116.80000000000018,0.13568655359684995,16.270481466132384,0.6318392885388818
1987-01-21,0.10802778215622812,0.012135009409522717,33.1325097533252,0.0,21.53617871519435,11.596331038130852,33.13194689312008,0.00023460692071643202,118.00000000000018,0.13563101080713794,16.268391779004972,0.6256678674597697
1987-01-22,0.11099963476471572,0.011998733691002844,33.1325097533252,0.0,21.53617871519435,11.596331038130852,33.13194689312008,0.00021758938935765557,119.20000000000019,0.1356209660295043,16.271592152221988,0.624551781056032
1987-01-23,0.11380873161547118,0.011863586595186746,33.1325097533252,0.0,21.53617871519435,11.596331038130852,33.13194689312008,0.00035377113235436777,120.0,0.13559705977493353,16.271647172992022,0.6218955305481685
1987-01-24,0.11553058419905274,0.011729016341725677,33.1325097533252,0.0,21.53617871519435,11.596331038130852,33.13194689312008,0.00033562531675890143,120.0,0.1355367216239378,16.264406594872536,0.6151912915486422
1987-01-25,0.11658342915007835,0.011593613512829747,33.1325097533252,0.0,21.53617871519435,11.596331038130852,33.13194689312008,0.0004159512769492226,120.0,0.13552456354624803,16.262947625549764,0.6138403940275583
1987-01-26,0.11776863112088966,0.011459303956052413,33.1325097533252,0.0,21.53617871519435,11.596331038130852,33.13194689312008,0.00032568086365602957,120.0,0.13550924506326442,16.261109407591732,0.33568105885262517
1987-01-27,0.11984220218278185,0.011230924975941295,33.132509753325195,0.0,21.536178715194346,11.596331038130852,33.13194689312008,0.00023561549455765215,120.0,0.13548676083603797,16.258411300324557,0.195667346134378
1987-01-28,0.12389347448052558,0.010959922985203357,33.132509753325195,0.0,21.536178715194346,11.596331038130852,33.13194689312008,0.00022632063746068885,120.0,0.1354601420535637,16.255217046427642,0.19001646890996982
1987-01-29,0.12963329177593436,0.010693602271602463,33.132509753325195,0.0,21.536178715194346,11.596331038130852,33.13194689312008,0.00040379198815220185,120.0,0.13543423793716808,16.252108552460168,0.5049006161747545
1987-01-30,0.1349025388071495,0.010534770394736185,33.132509753325195,0.0,21.536178715194346,11.596331038130852,33.13194689312008,0.00028826860928214595,120.0,0.13541370186204862,16.249644223445834,0.6015224291165128
1987-01-31,0.1366508154754408,0.010408834303234893,33.132509753325195,0.0,21.536178715194346,11.596331038130852,33.13194689312008,0.00041900032781201467,120.0,0.13540002627404688,16.248003152885627,0.5499152033594037
1987-02-01,0.13913035929767417,0.010268288561115778,33.132509753325195,0.0,21.536178715194346,11.596331038130852,33.13194689312008,0.00025969110052332506,120.0,0.13538763257402342,16.24651590888281,0.5986258415581568
1987-02-02,0.14110314074527933,0.010144645790720103,33.132509753325195,0.0,21.536178715194346,11.596331038130852,33.13194689312008,0.00029822658997146867,120.0,0.13536527890765795,16.243833468918954,0.35788417977228504
1987-02-03,0.14309140425123307,0.009949224664135265,33.132509753325195,0.0,21.536178715194346,11.596331038130852,33.13194689312008,0.00030727518844149855,120.0,0.13534308336266218,16.24117000351946,0.3852895586015377
1987-02-04,0.14309140425123307,0.009765747895589375,33.132509753325195,0.0,21.536178715194346,11.596331038130852,33.13194689312008,0.0003597411595277009,120.0,0.1353217253816341,16.23860704579609,0.49181123816876393
1987-02-05,0.14437067864239797,0.009616862595646907,33.132509753325195,0.0,21.536178715194346,11.596331038130852,33.13194689312008,0.00040010900117485763,120.0,0.13530256633387175,16.23630796006461,0.58917403709686
1987-02-06,0.14776410425413403,0.009498336890567992,33.132509753325195,0.0,21.536178715194346,11.596331038130852,33.13194689312008,0.00019236775360790954,120.0,0.1352823941934501,16.23388730321401,0.18934190518325084
1987-02-07,0.1533056197524742,0.009267339779938927,33.132509753325195,0.0,21.536178715194346,11.596331038130852,33.13194689312008,0.0001712663795169539,120.0,0.1352530456443747,16.230365477324966,0.15265584719644404
1987-02-08,0.1608918579359777,0.009031760994701677,33.132509753325195,0.0,21.536178715194346,11.596331038130852,33.13194689312008,0.0001694595418403069,120.0,0.13522368131107176,16.22684175732861,0.16046026093047794
1987-02-09,0.17111194451320325,0.008804285326636772,33.132509753325195,0.0,21.536178715194346,11.596331038130852,33.13194689312008,0.000157023363959224,120.0,0.13519528327436606,16.223433992923926,0.1404332398355463
1987-02-10,0.18386820833160541,0.008577249196223354,33.132509753325195,0.0,21.536178715194342,11.596331038130852,33.13194689312008,0.0003204534477597512,120.0,0.13531654960716658,16.23798595285999,0.5010517750981116
1987-02-11,0.19361935656496596,0.008678472736393227,33.29226549753416,0.0,21.64448609160933,11.647779405924828,33.2458072525614,0.00019468915761957425,120.0,0.13622457399385132,16.346948879262158,0.6916193326501459
1987-02-12,0.19853475124077596,0.008598184539972435,33.29226549753416,0.0,21.644486091609334,11.647779405924828,33.2458072525614,0.00024798573764111534,120.0,0.13682887455253534,16.41946494630424,0.7587638391705922
1987-02-13,0.20219759680434546,0.008658120889010745,33.37665310803264,0.0,21.70210974250277,11.674543365529871,33.30240996939737,0.0003538169932509773,120.0,0.13622721423166642,16.34726570779997,0.6919126924073791
1987-02-14,0.20943849690865324,0.008823866691516503,33.546123656608025,0.0,21.81803876000794,11.728084896600082,33.41415434109404,0.00014833822140918355,120.0,0.13621531731688355,16.345838078026027,0.6905908129870599
1987-02-15,0.21199359918478433,0.008772371796270417,33.56701962571462,0.0,21.83238341441072,11.734636211303899,33.427439745587,0.00020784417317727617,120.0,0.13701282244157703,16.441538692989244,0.7792024935085579
1987-02-16,0.21515848894254072,0.008814225941977779,33.635620812439925,0.0,21.879535150385404,11.756085662054517,33.47049553210403,0.00015595795586222094,120.0,0.1368871508751469,16.42645810501763,0.7652389861274336
1987-02-17,0.2190172177593721,0.008804976580428418,33.671819599127716,0.0,21.904453894257976,11.76736570486974,33.49285281354021,0.00019056958754781004,120.0,0.13725762304098185,16.470914764917822,0.8064025601090935
1987-02-18,0.22111205066413642,0.008769879858922571,33.682791383459445,0.0,21.912020831155274,11.770770552304171,33.4994973110907,0.00024318730640412323,120.0,0.13731358897427612,16.477630676913133,0.8126209971417897
1987-02-19,0.22111205066413642,0.008720581118628034,33.682791383459445,0.0,21.912020831155274,11.770770552304171,33.4994973110907,0.0002803826291139475,120.0,0.1373675243224622,16.484102918695463,0.8186138136069084
1987-02-20,0.22111205066413642,0.008673127330060848,33.682791383459445,0.0,21.912020831155274,11.770770552304171,33.4994973110907,0.0001768599900521993,120.0,0.13688227507902623,16.425873009483148,0.764697231002913
1987-02-21,0.22111205066413642,0.008611903003762019,33.682791383459445,0.0,21.912020831155274,11.770770552304171,33.4994973110907,0.00023093447833424078,120.0,0.13686606796281087,16.423928155537304,0.7628964403123174
1987-02-22,0.22111205066413642,0.00855064561802571,33.682791383459445,0.0,21.912020831155274,11.770770552304171,33.4994973110907,0.0003996898326186192,120.0,0.1367776685035425,16.4133202204251,0.6231078516961661
1987-02-23,0.22485264354739076,0.008453965482134835,33.682791383459445,0.0,21.912020831155274,11.770770552304171,33.4994973110907,0.0002923359878920526,120.0,0.13675061501264948,16.41007380151794,0.4064390748245363
1987-02-24,0.23090208905138493,0.008303427174945513,33.682791383459445,0.0,21.912020831155274,11.770770552304171,33.4994973110907,0.00029685234744322714,120.0,0.1367234258638458,16.406811103661497,0.4285495193164752
1987-02-25,0.23414942273711595,0.008161077251432215,33.682791383459445,0.0,21.912020831155274,11.770770552304171,33.4994973110907,0.0002954011086926836,120.0,0.13669709584926962,16.403651501912353,0.4374367954541163
1987-02-26,0.23526726644580653,0.008023343598298848,33.682791383459445,0.0,21.912020831155274,11.770770552304171,33.4994973110907,0.00032295974884479677,120.0,0.1366692132946147,16.400305595353764,0.7410236994016328
1987-02-27,0.2370380958874396,0.007961007922993337,33.682791383459445,0.0,21.912020831155274,11.770770552304171,33.4994973110907,0.0002048873699396376,120.0,0.1366521394365052,16.398256732380624,0.2429701679636035
1987-02-28,0.24012148933258948,0.0077802063082698155,33.682791383459445,0.0,21.912020831155274,11.770770552304171,33.4994973110907,0.00016977095685561175,120.0,0.13662209166897102,16.39465100027652,0.15436253495734864
1987-03-01,0.24641969712292183,0.007582829290068792,33.682791383459445,0.0,21.912020831155274,11.770770552304171,33.4994973110907,0.00017139383865987578,120.0,0.13657829742431096,16.389395690917315,0.17816226230672302
1987-03-02,0.25449989925776767,0.007395873631996858,33.682791383459445,0.0,21.912020831155274,11.770770552304171,33.4994973110907,0.0001611720393889267,120.0,0.13654416695846594,16.385300035015913,0.15913532158957228
1987-03-03,0.26197981881404264,0.0072093057649028625,33.682791383459445,0.0,21.912020831155274,11.770770552304171,33.4994973110907,0.00015515280217166246,120.0,0.1365031207979016,16.380374495748192,0.15425745196495122
1987-03-04,0.2723675854529149,0.007026389266087681,33.682791383459445,0.0,21.91202083115527,11.770770552304171,33.4994973110907,0.00014446470995428817,120.0,0.13646387111267613,16.375664533521135,0.12004609945164257
1987-03-05,0.28444210617133653,0.006840902306843732,33.682791383459445,0.0,21.91202083115527,11.770770552304171,33.4994973110907,0.00014024154781172777,120.0,0.13641391941613976,16.36967032993677,0.12545880826050967
1987-03-06,0.29831418714670666,0.0066614227811637155,33.682791383459445,0.0,21.91202083115527,11.770770552304171,33.4994973110907,0.0001546226184706963,120.0,0.13660512146006415,16.3926145752077,0.733902384451571
1987-03-07,0.30140208533667107,0.00664849426511719,33.71149855022027,0.0,21.931006277145983,11.780492273074286,33.51077355017462,0.0002567370181498346,120.0,0.13748413316280722,16.498095979536867,0.8315703514230233
1987-03-08,0.30399551253714513,0.006745653747392301,33.8051064565475,0.0,21.99268249830367,11.812423958243832,33.54687352233331,0.0001250102682173746,120.0,0.13723262418635593,16.46791490236271,0.8036249095951019
1987-03-09,0.30652206661721987,0.006745132902847418,33.83327281776633,0.0,22.011182265468598,11.822090552297734,33.557568323482656,0.00026709008425317973,120.0,0.14008784254405965,16.810541105287157,1.0
1987-03-10,0.30915606024282144,0.006915299234122383,33.95585880041785,0.0,22.091449402862448,11.864409397555404,33.603409824620286,0.0003883754898689386,120.0,0.13974935147708586,16.769922177250304,1.0
1987-03-11,0.31154499779879613,0.00710937685668007,34.096121606689834,0.0,22.182995451238714,11.913126155451122,33.6550283432205,0.00030944831923837384,120.0,0.13947703012521015,16.737243615025218,1.0
1987-03-12,0.3156463852227168,0.007129670603544949,34.11083127421934,0.0,22.19256797334479,11.918263300874553,33.66036308177511,0.0002768396847082659,120.0,0.13936956829811734,16.72434819577408,1.0
1987-03-13,0.320677647510679,0.007129670603544949,34.11083127421934,0.0,22.19256797334479,11.918263300874553,33.66036308177511,0.0002742091228911932,120.0,0.13928782372078669,16.714538846494403,1.0
1987-03-14,0.3265620448307882,0.007129670603544949,34.11083127421934,0.0,22.19256797334479,11.918263300874553,33.66036308177511,0.000398866085183075,120.0,0.13950789149427248,16.740946979312696,0.7026454037236904
1987-03-15,0.3319437982000896,0.007066069393827944,34.11083127421934,0.0,22.19256797334479,11.918263300874553,33.66036308177511,0.0002599520223989825,120.0,0.13923626508511913,16.708351810214296,0.35831008212237436
1987-03-16,0.3404909427958726,0.006930042629156651,34.11083127421934,0.0,22.19256797334479,11.918263300874553,33.66036308177511,0.0002340912231851766,120.0,0.1392056606546445,16.70467927855734,0.29795068583275636
1987-03-17,0.3504911983947398,0.006788834290944185,34.114400244069294,0.0,22.19480788468253,11.919592359386764,33.66143764603767,0.000201382314331311,120.0,0.13917127564440215,16.70055307732826,0.19489933084413824
1987-03-18,0.36317817597037927,0.006624863440031362,34.114400244069294,0.0,22.19480788468253,11.919592359386764,33.66143764603767,0.00032313395788217313,120.0,0.13912439335260898,16.694927202313078,1.0
1987-03-19,0.3708845038243645,0.006870825162974965,34.304765755029734,0.0,22.310827565316302,11.993938189713436,33.71107560053762,0.0005074033940928261,120.0,0.1407632924173572,16.891595090082863,1.0
1987-03-20,0.3772276544400304,0.00731073319086349,34.64871802061802,0.0,22.518331352056173,12.130386668561844,33.79658883708585,0.00045354784715238535,120.0,0.1393635111259514,16.72362133511417,0.8155745819308399
1987-03-21,0.3854294186747529,0.007654765262484866,34.95188312363358,0.0,22.699690136195272,12.252192987438303,33.86898706041082,0.00038155419425432507,120.0,0.1393536278025253,16.722435336303036,1.0
1987-03-22,0.3915776362552425,0.007971553861540068,35.20444283232331,0.0,22.849118720655273,12.355324111668034,33.92615337203097,0.00028539859144117806,120.0,0.13953226635132537,16.743871962159044,1.0
1987-03-23,0.39602875451537606,0.00826058367906132,35.43680351957006,0.0,22.98545354024077,12.451349979329292,33.976615241038125,0.00030366318251033494,120.0,0.13983945098605682,16.78073411832682,1.0
1987-03-24,0.4008043866240696,0.008536035522946924,35.65960057062864,0.0,23.11538365528115,12.544216915347493,34.0235388865542,0.0005902720382726646,120.0,0.13931442175065262,16.717730610078313,0.9430301132489097
1987-03-25,0.4065958928925712,0.008838265719837755,35.917547063025616,0.0,23.264826629904828,12.65272043312079,34.07625087197324,0.00030836065079696914,120.0,0.13926536422633612,16.711843707160334,0.3189563158361983
1987-03-26,0.41074805806648795,0.008657688368414048,35.91754706302562,0.0,23.26482662990483,12.65272043312079,34.07625087197324,0.00032495614577293907,120.0,0.13923157327132196,16.707788792558635,0.3734138290371713
1987-03-27,0.4160248250350254,0.008498198095208739,35.92023274737089,0.0,23.26636123411205,12.653871513258835,34.076784277698415,0.0002776997931188233,120.0,0.13920019779206066,16.70402373504728,0.2743046359527163
1987-03-28,0.42514873275916515,0.008313185006395284,35.92023274737089,0.0,23.26636123411205,12.653871513258835,34.076784277698415,0.0005711546836150523,120.0,0.13918286970262836,16.701944364315402,1.0
1987-03-29,0.4333268346897043,0.00854102987761169,36.11219138359746,0.0,23.373835229968844,12.738356153628619,34.11333164349006,0.00038786358219945527,120.0,0.13914826814402834,16.6977921772834,0.5243609727377058
1987-03-30,0.44369677063841356,0.008658491978694439,36.3162149685147,0.0,23.486729340990973,12.829485627523729,34.151234003782434,0.0002802920856759107,120.0,0.13916392505399464,16.699671006479356,0.26924136287168304
1987-03-31,0.4548548906125221,0.008541587901613861,36.379317149735144,0.0,23.52112271686717,12.858194432867974,34.162590544186216,0.00048122987364899826,120.0,0.13907597204712382,16.68911664565486,1.0
1987-04-01,0.457431646157984,0.008721272947013112,36.53741182150688,0.0,23.60587981375361,12.931532007753272,34.19006564112097,0.00031945739338957405,120.0,0.13967255419619376,16.76070650354325,1.0
1987-04-02,0.4612712242137954,0.008923359272862082,36.71590241737506,0.0,23.701203552361612,13.014698865013454,34.220832158124104,0.00028698508562423146,120.0,0.1394364516594216,16.73237419913059,0.24929738824494985
1987-04-03,0.4720320915786081,0.008810328247931515,36.79401727743418,0.0,23.74268121671181,13.05133606072237,34.23413225883134,0.00025493170365457646,120.0,0.13912697050055992,16.69523646006719,0.15918368756579526
1987-04-04,0.48759818312556485,0.008588092216668694,36.79401727743418,0.0,23.74268121671181,13.05133606072237,34.23413225883134,0.00025287942658732993,120.0,0.1390717865356614,16.68861438427937,0.19702953159727155
1987-04-05,0.5042210023694856,0.008381212683771566,36.79401727743418,0.0,23.74268121671181,13.05133606072237,34.23413225883134,0.00030479568790048355,120.0,0.13946935131393426,16.73632215767211,1.0
1987-04-06,0.5189288949973324,0.008435851605463056,36.84616650396996,0.0,23.768454292981378,13.077712210988583,34.24183755265659,0.00025763854909738413,120.0,0.13932090709493516,16.71850885139222,0.212044494400667
1987-04-07,0.5366300099446649,0.008236439333954747,36.84616650396996,0.0,23.768454292981378,13.077712210988583,34.24183755265659,0.00024137487606619649,120.0,0.13907389906009376,16.688867887211252,0.19154012291452616
1987-04-08,0.5562822546753559,0.008036674412008218,36.84616650396996,0.0,23.768454292981378,13.077712210988583,34.24183755265659,0.00024920145410006517,120.0,0.139026679923496,16.683201590819518,0.24436770085093532
1987-04-09,0.5750836273881546,0.007854491289104471,36.84616650396996,0.0,23.768454292981378,13.077712210988583,34.24183755265659,0.00022513401636827082,120.0,0.13898669268521607,16.67840312222593,0.17268396869561084
1987-04-10,0.5953183025838968,0.007659546892267966,36.846166503969954,0.0,23.768454292981374,13.077712210988583,34.24183755265659,0.0004955473377726875,120.0,0.13910427148873875,16.69251257864865,1.0
1987-04-11,0.605555160339786,0.007832498634495075,37.066997721751065,0.0,23.850035303465862,13.216962418285206,34.26675786606847,0.0005192652956628971,120.0,0.13925577990452537,16.710693588543045,0.8942392982010299
1987-04-12,0.6141951946562634,0.00794687744118511,37.251786054020414,0.0,23.91570979557093,13.336076258449488,34.28691040984508,0.00035621612081792215,120.0,0.13890937598708553,16.669125118450264,0.5214998344498288
1987-04-13,0.6255645510995659,0.007956453337457486,37.42155453890851,0.0,23.974036852839227,13.447517686069279,34.30488522394115,0.00023528388904671638,120.0,0.13886190411044994,16.663428493253992,0.21731003220079897
1987-04-14,0.6377897100503161,0.007773999375406652,37.42783791326217,0.0,23.976097760454266,13.451740152807899,34.30552438613402,0.00021970259542740563,120.0,0.13882144902194093,16.65857388263291,0.176222082986959
1987-04-15,0.6495260011079126,0.007581877905036657,37.42783791326217,0.0,23.976097760454266,13.451740152807899,34.30552438613402,0.00021083064185947812,120.0,0.13877002713177786,16.652403255813343,0.14801432482659285
1987-04-16,0.6641724960922711,0.007388088364056507,37.42783791326217,0.0,23.976097760454266,13.451740152807899,34.30552438613402,0.00020439024027615272,120.0,0.13871506663811992,16.64580799657439,0.14140881435867672
1987-04-17,0.6827914272028852,0.007197787937612963,37.42783791326217,0.0,23.976097760454266,13.451740152807899,34.30552438613402,0.00020121123116872175,120.0,0.138658298046514,16.63899576558168,0.12200582451954724
1987-04-18,0.7049695095382444,0.007008199461045934,37.42783791326217,0.0,23.976097760454266,13.451740152807899,34.30552438613402,0.00019500298643982693,120.0,0.1385912709017773,16.630952508213277,0.11927736911156227
1987-04-19,0.7299382181825073,0.006823031065032234,37.42783791326217,0.0,23.976097760454266,13.451740152807899,34.30552438613402,0.00018747172221023585,120.0,0.13852132225090066,16.62255867010808,0.12094104133982322
1987-04-20,0.7574958648841714,0.006643095667544236,37.42783791326217,0.0,23.976097760454266,13.451740152807899,34.30552438613402,0.00038783853261541634,120.0,0.13887866537317192,16.665439844780632,0.9865183747968789
1987-04-21,0.7746883262611814,0.006691113286428411,37.553736873776714,0.0,24.00001493529555,13.553721938481164,34.3133472218017,0.0001966363892050496,120.0,0.13926686034799696,16.712023241759635,0.15681824621868526
1987-04-22,0.7977440573254712,0.006521858547360405,37.553736873776714,0.0,24.00001493529555,13.553721938481164,34.3133472218017,0.00017972667737047794,120.0,0.1385033492546867,16.620401910562403,0.11777506975369843
1987-04-23,0.8219963955371953,0.006349246161299767,37.553736873776714,0.0,24.00001493529555,13.553721938481164,34.3133472218017,0.00016978628200160133,120.0,0.13830963168039684,16.59715580164762,0.11927607014200166
1987-04-24,0.8491224110474144,0.006181488170375295,37.553736873776714,0.0,24.000014935295546,13.553721938481164,34.3133472218017,0.00035374017741475613,120.0,0.1388138697602292,16.657664371227504,0.9793188622476866
1987-04-25,0.8712558248420718,0.006194011848699269,37.6312500373632,0.0,24.00773139028373,13.623518647079472,34.316591701954465,0.0002622142992676451,120.0,0.13893702838106134,16.67244340572736,0.9930031534512586
1987-04-26,0.8840079273252317,0.006210558648802596,37.73958339351782,0.0,24.016149766046052,13.723433627471765,34.32060807384831,0.0001951654689289291,120.0,0.13900958619627798,16.68115034355336,0.25500279955121447
1987-04-27,0.8981604674578598,0.006072253855576489,37.74320980524945,0.0,24.01638593159856,13.726823873650892,34.320732599006064,0.0001605259426848104,120.0,0.13828427313136474,16.59411277576377,0.15934774521324668
1987-04-28,0.9157949244071627,0.00591911423871665,37.74320980524945,0.0,24.01638593159856,13.726823873650892,34.320732599006064,0.0001561663739735196,120.0,0.13823434137404841,16.58812096488581,0.12152420817901831
1987-04-29,0.9365804543422342,0.005763120281684587,37.74320980524945,0.0,24.01638593159856,13.726823873650892,34.320732599006064,0.00014932757982777348,120.0,0.13816755765528113,16.580106918633735,0.13658413658890467
1987-04-30,0.9616549699459823,0.005613841197466006,37.74320980524946,0.0,24.016385931598563,13.726823873650892,34.320732599006064,0.000147408176417279,120.0,0.13825393570482014,16.590472284578418,0.13009378442197214
1987-05-01,0.9900728776390861,0.005467335736937696,37.74320980524945,0.0,24.01638593159856,13.726823873650892,34.320732599006064,0.0002308488378038239,120.0,0.13806241669396602,16.56749000327592,0.8958240771073339
1987-05-02,1.0,0.00545024879455291,37.74320980524945,0.0,24.01638593159856,13.726823873650892,34.320732599006064,0.0002195133381473582,120.0,0.14051372869695108,16.86164744363413,1.0
1987-05-03,1.0081239530988275,0.00545024879455291,37.8552339694285,0.11202416417904465,24.01638593159856,13.726823873650892,34.32301880643829,0.00017350871142943422,120.0,0.1400347326602088,16.804167919225055,0.17422849136301582
1987-05-04,1.0209380234505863,0.0053152289894671636,37.8552339694285,0.11202416417904465,24.01638593159856,13.726823873650892,34.32301880643829,0.00017081670165140344,120.0,0.1398441299810254,16.781295597723048,0.21936623033142252
1987-05-05,1.0345896147403686,0.00519075157218618,37.8552339694285,0.11202416417904465,24.01638593159856,13.726823873650892,34.32301880643829,0.0003494369302846197,120.0,0.1398006666925438,16.776080003105253,1.0
1987-05-06,1.0477386934673367,0.00519075157218618,37.92908587126893,0.18587606601948248,24.01638593159856,13.726823873650892,34.32426093976709,0.00031678289465776735,120.0,0.1397809122304589,16.77370946765507,1.0
1987-05-07,1.0603015075376885,0.00519075157218618,38.03269424962546,0.2894844443760078,24.01638593159856,13.726823873650892,34.325862885914056,0.00016094657986986228,120.0,0.13976665530159232,16.77199863619108,0.1599054152907861
1987-05-08,1.074958123953099,0.005059929903595247,38.032694249625465,0.2894844443760078,24.016385931598563,13.726823873650892,34.325862885914056,0.00015575998958108515,120.0,0.13970319770805104,16.764383724966123,0.1671600593885339
1987-05-09,1.0905360134003352,0.004933506551982993,38.032694249625465,0.2894844443760078,24.016385931598563,13.726823873650892,34.325862885914056,0.00015104082216094413,120.0,0.1396492961560117,16.757915538721406,0.16199593713699675
1987-05-10,1.1091289782244558,0.004809477595941304,38.032694249625465,0.2894844443760078,24.016385931598563,13.726823873650892,34.325862885914056,0.0001684054443669072,120.0,0.13959375094831086,16.751250113797305,0.306115425744879
1987-05-11,1.1269681742043554,0.004709360926519825,38.032694249625465,0.2894844443760078,24.016385931598563,13.726823873650892,34.325862885914056,0.00014371110734772943,120.0,0.13957353741516804,16.748824489820166,0.18137637927473396
1987-05-12,1.1463986599664995,0.004593705103730732,38.032694249625465,0.2894844443760078,24.016385931598563,13.726823873650892,34.325862885914056,0.00026591619257550306,120.0,0.14068926026960457,16.88271123235255,1.0
1987-05-13,1.161809045226131,0.004593705103730732,38.032694249625465,0.2894844443760078,24.016385931598563,13.726823873650892,34.325862885914056,0.00017945167367332943,120.0,0.1423103445043938,17.07724134052726,0.20561682961901828
1987-05-14,1.1778894472361812,0.004484230243007825,38.032694249625465,0.2894844443760078,24.016385931598563,13.726823873650892,34.325862885914056,0.0001409634541935719,120.0,0.13977523960831165,16.773028752997398,0.14123130486402918
1987-05-15,1.1953936348408714,0.004368702746373513,38.032694249625465,0.2894844443760078,24.016385931598563,13.726823873650892,34.325862885914056,0.00013457337616983373,120.0,0.13970725418967325,16.76487050276079,0.1626782993091891
1987-05-16,1.2133165829145731,0.00425896245797133,38.032694249625465,0.2894844443760078,24.016385931598563,13.726823873650892,34.325862885914056,0.0001304400242716549,120.0,0.13964903284357127,16.757883941228553,0.15993928859317083
1987-05-17,1.2295644891122282,0.004151628847002379,38.032694249625465,0.2894844443760078,24.016385931598567,13.726823873650892,34.325862885914056,0.0001380744098482446,120.0,0.1395908799944633,16.750905599335596,0.10983535104325043
1987-05-18,1.2480737018425465,0.004040759849946661,38.032694249625465,0.2894844443760078,24.016385931598563,13.726823873650892,34.325862885914056,0.00013292401920865501,120.0,0.13950327910048924,16.740393492058708,0.10922260275417854
1987-05-19,1.2684254606365164,0.003932777323685734,38.032694249625465,0.2894844443760078,24.016385931598563,13.726823873650892,34.325862885914056,0.00012167794843450404,120.0,0.13941775981957769,16.73013117834932,0.12388003455320575
1987-05-20,1.290201005025126,0.0038294097816976096,38.032694249625465,0.2894844443760078,24.016385931598563,13.726823873650892,34.325862885914056,0.00011935668375666125,120.0,0.13934404375911927,16.72128525109431,0.11720649767214318
1987-05-21,1.3123953098827474,0.003727992439506608,38.032694249625465,0.2894844443760078,24.016385931598563,13.726823873650892,34.325862885914056,0.0001097250524779928,120.0,0.13926923907482414,16.712308688978897,0.15235700258993226
1987-05-22,1.3333333333333337,0.0036331922389342447,38.032694249625465,0.2894844443760078,24.016385931598563,13.726823873650892,34.325862885914056,0.0001080582519587174,120.0,0.1392239296175946,16.706871554111352,0.13141080662989557
1987-05-23,1.3558626465661645,0.003538519693449012,38.032694249625465,0.2894844443760078,24.016385931598563,13.726823873650892,34.325862885914056,0.00010967057221267798,120.0,0.1391424360803964,16.697092329647568,0.10999608551721442
1987-05-24,1.3803182579564492,0.003444040802089691,38.032694249625465,0.2894844443760078,24.016385931598563,13.726823873650892,34.325862885914056,0.000107346234182426,120.0,0.13904926702937256,16.68591204352471,0.10509769834707249
1987-05-25,1.4036850921273034,0.003351578400866391,38.032694249625465,0.2894844443760078,24.016385931598563,13.726823873650892,34.325862885914056,9.61191364399439e-05,120.0,0.13896041906433007,16.67525028771961,0.17615779227094341
1987-05-26,1.4224455611390288,0.0032687432483919873,38.032694249625465,0.2894844443760078,24.016385931598563,13.726823873650892,34.325862885914056,0.0002110989005100142,120.0,0.13899440207251876,16.67932824870225,0.9993780080576384
1987-05-27,1.4375209380234508,0.0032686822544331228,38.032694249625465,0.2894844443760078,24.016385931598563,13.726823873650892,34.325862885914056,0.00011413292343961355,120.0,0.1409208581909665,16.91050298291598,0.21269976682097844
1987-05-28,1.4528475711892799,0.003191479225400023,38.032694249625465,0.2894844443760078,24.016385931598563,13.726823873650892,34.325862885914056,9.519720772191385e-05,120.0,0.13902275152849794,16.682730183419753,0.1162948848377938
1987-05-29,1.4713567839195982,0.0031068694299074256,38.032694249625465,0.2894844443760078,24.016385931598563,13.726823873650892,34.325862885914056,9.037384560961343e-05,120.0,0.13876757780797366,16.65210933695684,0.11177226448080986
1987-05-30,1.4916247906197657,0.0015933057195907372,38.03269424962546,0.2894844443760078,24.01638593159856,13.726823873650892,34.325862885914056,4.628326156596487e-05,120.0,0.13869150218618603,16.642980262342324,0.10857892118755955
1987-05-31,1.512814070351759,0.0015506965304876688,38.03269424962546,0.2894844443760078,24.01638593159856,13.726823873650892,34.325862885914056,4.398018160938193e-05,120.0,0.13861160555554217,16.63339266666506,0.11251872468821077
1987-06-01,1.5350083752093804,0.001049958015230572,38.03269424962546,0.2894844443760078,24.01638593159856,13.726823873650892,34.325862885914056,6.019429440000038e-05,120.0,0.14003298126311253,16.803957751573503,1.0
1987-06-02,1.5505025125628142,0.0005802539955599319,38.03269424962546,0.2894844443760078,24.01638593159856,13.726823873650892,34.325862885914056,2.1352543939497937e-05,120.0,0.14075748976627536,16.890898771953044,0.1269705238952317
1987-06-03,1.5719430485762145,0.0005650566303073902,38.03269424962546,0.2894844443760078,24.01638593159856,13.726823873650893,34.325862885914056,1.787758439627131e-05,120.0,0.1390919503861182,16.691034046334185,0.10357118279596068
1987-06-04,1.5945561139028477,0.000525615073868442,38.03269424962546,0.2894844443760078,24.01638593159856,13.726823873650892,34.325862885914056,1.6800887557357862e-05,120.0,0.13900422377250984,16.680506852701182,0.09891596484282661
1987-06-05,1.6196817420435512,0.0005114063733174176,38.03269424962546,0.2894844443760078,24.01638593159856,13.726823873650892,34.325862885914056,1.5264700972107607e-05,120.0,0.13891755912692505,16.670107095231007,0.1110219007363479
1987-06-06,1.6435510887772196,0.0004977675013463265,38.03269424962546,0.2894844443760078,24.01638593159856,13.726823873650892,34.325862885914056,2.7141787971627793e-05,120.0,0.13931812206584812,16.718174647901776,1.0
1987-06-07,1.6551088777219432,0.00021343340837858755,38.032694249625465,0.2894844443760078,24.016385931598563,13.726823873650892,34.325862885914056,7.313482013084812e-06,120.0,0.14071273723883612,16.885528468660336,0.20812118510702612
1987-06-08,1.6693467336683419,8.541092282591297e-05,38.03269424962546,0.2894844443760078,24.01638593159856,13.726823873650892,34.325862885914056,2.4618626788070102e-06,120.0,0.13876803211660207,16.65216385399225,0.11541949679208081
1987-06-09,1.6877721943048578,8.3144337713129e-05,38.032694249625465,0.2894844443760078,24.016385931598563,13.726823873650892,34.325862885914056,2.4769967701745317e-06,120.0,0.13869620391516263,16.643544469819517,0.10233259621989607
1987-06-10,1.7075376884422113,8.090525885991018e-05,38.03269424962546,0.2894844443760078,24.01638593159856,13.726823873650893,34.325862885914056,2.3154917746509047e-06,120.0,0.13861520704842614,16.633824845811137,0.1096281159603569
1987-06-11,1.7269681742043554,7.874418582711578e-05,38.03269424962546,0.2894844443760078,24.01638593159856,13.726823873650893,34.325862885914056,2.2553191692603383e-06,120.0,0.13854174159478028,16.625008991373633,0.1058635886546408
1987-06-12,1.7484087102177557,7.66319445152227e-05,38.03269424962546,0.2894844443760078,24.01638593159856,13.726823873650893,34.325862885914056,4.993696470570374e-06,120.0,0.13872626793844942,16.64715215261393,0.9695853264943781
1987-06-13,1.7643216080402013,7.656202244804676e-05,38.03269424962546,0.2894844443760078,24.01638593159856,13.726823873650893,34.32586288591406,3.6294565887909744e-06,120.0,0.13971603011322828,16.765923613587393,1.0
1987-06-14,1.7789782244556118,3.470651216238904e-05,38.03269424962546,0.2894844443760078,24.01638593159856,13.726823873650893,34.32586288591406,1.9986642250645377e-06,120.0,0.1396579903093545,16.758958837122538,0.7256766436817853
1987-06-15,1.7951423785594645,3.4420887955314474e-05,38.03269424962546,0.2894844443760078,24.01638593159856,13.726823873650893,34.32586288591406,1.0246693961446724e-06,120.0,0.1392450421790657,16.70940506148788,0.1333419517056054
1987-06-16,1.813735343383585,3.3525953768037084e-05,38.03269424962546,0.2894844443760078,24.016385931598556,13.726823873650893,34.325862885914056,1.0267591236488684e-06,120.0,0.13908200606188353,16.689840727426024,0.11091301671053744
1987-06-17,1.8347571189279737,3.2631729095111304e-05,38.03269424962546,0.2894844443760078,24.016385931598556,13.726823873650895,34.32586288591406,1.0016032298087081e-06,120.0,0.13900278891095147,16.680334669314178,0.10708514809725293
1987-06-18,1.8555276381909553,5.006709713197781e-07,38.03269424962546,0.2894844443760078,24.016385931598553,13.726823873650895,34.32586288591406,1.4330966514692589e-08,120.0,0.13892079393124235,16.670495271749083,0.13157286901525572
1987-06-19,1.8764656616415416,0.0,38.03269424962546,0.2894844443760078,24.016385931598553,13.726823873650893,34.32586288591406,0.0,120.0,0.13889790342907687,16.667748411489224,0.20556321818728865
1987-06-20,1.8965661641541045,0.0,38.03269424962546,0.2894844443760078,24.016385931598553,13.726823873650895,34.32586288591406,0.0,120.0,0.13886311672508742,16.66357400701049,0.23536746100641048
1987-06-21,1.9154941373534344,0.0,38.03269424962546,0.2894844443760078,24.016385931598553,13.726823873650895,34.325862885914056,0.0,120.0,0.13972090117949426,16.766508141539312,0.3138473955705185
1987-06-22,1.9329983249581246,0.0,38.03269424962546,0.2894844443760078,24.016385931598553,13.726823873650893,34.325862885914056,0.0,120.0,0.1392609880208965,16.711318562507582,1.0
1987-06-23,1.950083752093803,0.0,38.03269424962546,0.2894844443760078,24.016385931598553,13.726823873650893,34.325862885914056,0.0,120.0,0.13931484522314055,16.717781426776867,0.33215980418837787
1987-06-24,1.9684254606365166,0.0,38.03269424962546,0.2894844443760078,24.016385931598553,13.726823873650895,34.325862885914056,0.0,120.0,0.13869849669744205,16.643819603693046,0.15556955832196942
1987-06-25,1.9875209380234513,0.0,38.03269424962546,0.2894844443760078,24.016385931598553,13.726823873650895,34.325862885914056,0.0,120.0,0.13865171048888175,16.63820525866581,0.10690513198404536
1987-06-26,2.0,0.0,38.03269424962546,0.2894844443760078,24.016385931598553,13.726823873650893,34.325862885914056,0.0,120.0,0.13856077772612102,16.627293327134524,0.11008089805069203
1987-06-27,,,,,,,,,,0.13848433764664278,16.61812051759712,
1987-06-28,,,,,,,,,,0.13789492996254282,16.61222644075612,
1987-06-29,,,,,,,,,,0.13717277476953743,16.605004888826066,
1987-06-30,,,,,,,,,,0.13620465907078194,16.595323731838512,
1987-07-01,,,,,,,,,,0.13525634687217614,16.585840609852454,
1987-07-02,,,,,,,,,,0.13749061457147913,16.608183286845485,
1987-07-03,,,,,,,,,,0.1374434256996709,16.6077113981274,
1987-07-04,,,,,,,,,,0.1425545080490118,16.65882222162081,
1987-07-05,,,,,,,,,,0.14032586219143306,16.63653576304502,
1987-07-06,,,,,,,,,,0.178557356457039,17.018850705701084,
1987-07-07,,,,,,,,,,0.18884889078742556,17.121766049004947,
1987-07-08,,,,,,,,,,0.13658239665476507,16.599101107678344,
1987-07-09,,,,,,,,,,0.1381673805636226,16.614950946766918,
1987-07-10,,,,,,,,,,0.13740099394983957,16.60728708062909,
1987-07-11,,,,,,,,,,0.1346785912830882,16.580063053961574,
1987-07-12,,,,,,,,,,0.1490824930199655,16.724102071330346,
1987-07-13,,,,,,,,,,0.15123272110300573,16.74560435216075,
1987-07-14,,,,,,,,,,0.13357036664822475,16.568980807612938,
1987-07-15,,,,,,,,,,0.13219124135704666,16.55518955470116,
1987-07-16,,,,,,,,,,0.1309786212846547,16.54306335397724,
1987-07-17,,,,,,,,,,0.13006487750338647,16.533925916164556,
1987-07-18,,,,,,,,,,0.13161044571337893,16.549381598264482,
1987-07-19,,,,,,,,,,0.14277754792616426,16.661052620392336,
1987-07-20,,,,,,,,,,0.18553898313185435,17.088666972449236,
1987-07-21,,,,,,,,,,0.2412761730836767,17.64603887196746,
1987-07-22,,,,,,,,,,0.22826538457718434,17.515930986902536,
1987-07-23,,,,,,,,,,0.21283470723666795,17.36162421349737,
1987-07-24,,,,,,,,,,0.21201654097319894,17.35344255086268,
1987-07-25,,,,,,,,,,0.2112183958434759,17.34546109956545,
1987-07-26,,,,,,,,,,0.21035194509252855,17.33679659205598,
1987-07-27,,,,,,,,,,0.20967540131743934,17.330031154305086,
1987-07-28,,,,,,,,,,0.2109532008723376,17.34280914985407,
1987-07-29,,,,,,,,,,0.2195458603142301,17.42873574427299,
1987-07-30,,,,,,,,,,0.20876403868042726,17.320917527934967,
1987-07-31,,,,,,,,,,0.2093226879440992,17.326504020571683,
1987-08-01,,,,,,,,,,0.20749525374684613,17.308229678599155,
1987-08-02,,,,,,,,,,0.2110729677102071,17.344006818232764,
1987-08-03,,,,,,,,,,0.2064556368089129,17.29783350921982,
1987-08-04,,,,,,,,,,0.20436077214343604,17.27688486256505,
1987-08-05,,,,,,,,,,0.205919550960786,17.292472650738553,
1987-08-06,,,,,,,,,,0.22202444935416468,17.453521634672338,
1987-08-07,,,,,,,,,,0.22217874062665866,17.455064547397278,
1987-08-08,,,,,,,,,,0.20148674512662623,17.248144592396955,
1987-08-09,,,,,,,,,,0.20055769430098563,17.23885408414055,
1987-08-10,,,,,,,,,,0.19975396269307413,17.230816768061434,
1987-08-11,,,,,,,,,,0.20078956404228357,17.241172781553527,
1987-08-12,,,,,,,,,,0.19820985447758943,17.215375685906587,
1987-08-13,,,,,,,,,,0.19763424582313224,17.209619599362014,
1987-08-14,,,,,,,,,,0.2052015772805494,17.285292913936185,
1987-08-15,,,,,,,,,,0.21125481193039236,17.345825260434616,
1987-08-16,,,,,,,,,,0.19612707698669576,17.19454791099765,
1987-08-17,,,,,,,,,,0.19541037078680518,17.187380848998743,
1987-08-18,,,,,,,,,,0.19455332318496985,17.17881037298039,
1987-08-19,,,,,,,,,,0.1958923769259887,17.19220091039058,
1987-08-20,,,,,,,,,,0.20419193139935135,17.275196455124206,
1987-08-21,,,,,,,,,,0.20789490527089255,17.312226193839617,
1987-08-22,,,,,,,,,,0.20982938925902445,17.331571033720937,
1987-08-23,,,,,,,,,,0.2461819781248194,17.695096922378887,
1987-08-24,,,,,,,,,,0.2654234530955226,17.887511672085918,
1987-08-25,,,,,,,,,,0.2602095531602216,17.83537267273291,
1987-08-26,,,,,,,,,,0.2414424737655926,17.64770187878662,
1987-08-27,,,,,,,,,,0.24235195220434483,17.65679666317414,
1987-08-28,,,,,,,,,,0.2572797696553617,17.80607483768431,
1987-08-29,,,,,,,,,,0.2742116383067307,17.975393524197997,
1987-08-30,,,,,,,,,,0.24815582956404647,17.714835436771157,
1987-08-31,,,,,,,,,,0.24525395407084108,17.685816681839103,
1987-09-01,,,,,,,,,,0.2446642038084494,17.679919179215187,
1987-09-02,,,,,,,,,,0.24410220217356765,17.67429916286637,
1987-09-03,,,,,,,,,,0.24353333381426498,17.66861047927334,
1987-09-04,,,,,,,,,,0.25141129464991574,17.74739008762985,
1987-09-05,,,,,,,,,,0.2647829310504427,17.88110645163512,
1987-09-06,,,,,,,,,,0.24460430241440786,17.67932016527477,
1987-09-07,,,,,,,,,,0.24155611158781384,17.64883825700883,
1987-09-08,,,,,,,,,,0.2410152833504461,17.643429974635154,
1987-09-09,,,,,,,,,,0.24042278891486485,17.637505030279343,
1987-09-10,,,,,,,,,,0.2397483902442088,17.63076104357278,
1987-09-11,,,,,,,,,,0.23917383927199967,17.62501553385069,
1987-09-12,,,,,,,,,,0.2388391513868861,17.621668654999553,
1987-09-13,,,,,,,,,,0.2384543114456011,17.617820255586704,
1987-09-14,,,,,,,,,,0.2378410783900987,17.611687925031678,
1987-09-15,,,,,,,,,,0.23816430723323267,17.61492021346302,
1987-09-16,,,,,,,,,,0.2372050608970821,17.605327750101512,
1987-09-17,,,,,,,,,,0.23660054608918474,17.59928260202254,
1987-09-18,,,,,,,,,,0.23601907046090967,17.593467845739788,
1987-09-19,,,,,,,,,,0.23531209789813542,17.586398120112047,
1987-09-20,,,,,,,,,,0.23449280247645055,17.5782051658952,
1987-09-21,,,,,,,,,,0.2338713592033505,17.5719907331642,
1987-09-22,,,,,,,,,,0.23332744259552746,17.566551567085966,
1987-09-23,,,,,,,,,,0.23271268003379436,17.560403941468635,
1987-09-24,,,,,,,,,,0.2321846980393854,17.555124121524546,
1987-09-25,,,,,,,,,,0.23467041342578945,17.579981275388587,
1987-09-26,,,,,,,,,,0.23118956900017737,17.545172831132465,
1987-09-27,,,,,,,,,,0.23068288871386108,17.540106028269303,
1987-09-28,,,,,,,,,,0.23019439363115488,17.53522107744224,
1987-09-29,,,,,,,,,,0.229891894650937,17.532196087640063,
1987-09-30,,,,,,,,,,0.22944335085500267,17.52771064968072,
1987-10-01,,,,,,,,,,0.2289173192408352,17.522450333539044,
1987-10-02,,,,,,,,,,0.22842830801289676,17.51756022125966,
1987-10-03,,,,,,,,,,0.2279627048169143,17.512904189299835,
1987-10-04,,,,,,,,,,0.22740712833340018,17.507348424464695,
1987-10-05,,,,,,,,,,0.22729082222018065,17.5061853633325,
1987-10-06,,,,,,,,,,0.22635751881696628,17.496852329300356,
1987-10-07,,,,,,,,,,0.22599752460899966,17.49325238722069,
1987-10-08,,,,,,,,,,0.2254361837368181,17.48763897849887,
1987-10-09,,,,,,,,,,0.2248482245528931,17.481759386659622,
1987-10-10,,,,,,,,,,0.22446471835799814,17.477924324710674,
1987-10-11,,,,,,,,,,0.22393991936241586,17.47267633475485,
1987-10-12,,,,,,,,,,0.22346761835651643,17.467953324695856,
1987-10-13,,,,,,,,,,0.2453683394505822,17.686960535636516,
1987-10-14,,,,,,,,,,0.2504547752402565,17.737824893533258,
1987-10-15,-0.1,0.03445,25.0,0.0,16.25,8.75,25.0,0.0,10.0,0.2583589186780216,17.81686632791091,0.0
1987-10-16,-0.08800000000000001,0.03445,25.0,0.0,16.25,8.75,25.0,0.0,10.0,0.2568023605551692,17.801300746682383,0.0
1987-10-17,-0.07391666666666667,0.03445,25.0,0.0,16.25,8.75,25.0,0.0,10.0,0.25629357177700957,17.796212858900788,0.0
1987-10-18,-0.060416666666666674,0.03445,25.0,0.0,16.25,8.75,25.0,0.0,10.0,0.25921990704113446,17.825476211542036,0.0
1987-10-19,-0.05075000000000001,0.03445,25.0,0.0,16.25,8.75,25.0,0.0,10.0,0.25678948780347016,17.801172019165392,0.0
1987-10-20,-0.04041666666666668,0.03445,25.0,0.0,16.25,8.75,25.0,0.0,10.0,0.25551296926361855,17.788406833766878,0.0
1987-10-21,-0.030916666666666676,0.03445,25.0,0.0,16.25,8.75,25.0,0.0,10.0,0.2572127312417323,17.805404453548014,0.0
1987-10-22,-0.023000000000000007,0.03445,25.0,0.0,16.25,8.75,25.0,0.0,10.0,0.2598730842770475,17.832007983901168,0.0
1987-10-23,-0.013500000000000005,0.03445,25.0,0.0,16.25,8.75,25.0,0.0,10.0,0.25664360967328326,17.799713237863525,0.0
1987-10-24,-0.002416666666666671,0.03445,25.0,0.0,16.25,8.75,25.0,0.0,10.0,0.2561319597421977,17.79459673855267,0.0
1987-10-25,0.0,0.03445,25.0,0.0,16.25,8.75,25.0,0.003929496956095459,10.0,0.25587738884132044,17.792051029543895,1.0
1987-10-26,0.0,0.03761409455111111,27.296149891952908,0.0,17.74249742976939,9.553652462183518,27.296149891952908,0.004076294577565836,11.2,0.2426841659667683,17.785158594782526,1.0
1987-10-27,0.0,0.04109145763124598,29.81963543631783,0.0,19.38276303360659,10.436872402711241,29.819635436317835,0.004965017228149232,12.399999999999999,0.2320390937297998,17.778199493028268,1.0
1987-10-28,0.0,0.044799240959155356,32.510334513175145,0.0,21.131717433563846,11.3786170796113,32.51033451317515,0.005419288156101301,13.599999999999998,0.22318243501897908,17.770014641860897,1.0
1987-10-29,0.0,0.04850617571134765,35.20041778762529,0.0,22.88027156195644,12.320146225668852,35.2004177876253,0.004563452296449404,14.799999999999997,0.21588596635560875,17.76366462248982,1.0
1987-10-30,0.0,0.05133454253516056,37.25293362493509,0.0,24.21440685620781,13.038526768727282,37.252933624935096,0.001839440598796196,15.999999999999996,0.21121676138090772,17.781839297345364,1.0
1987-10-31,0.0,0.05236978118791205,38.00419534681571,0.0,24.702726975430213,13.3014683713855,38.00419534681572,0.0015587239646028996,17.199999999999996,0.20914754855236958,17.833527745175626,1.0
1987-11-01,0.0,0.05360960676671407,38.90392363331935,0.0,25.28755036165758,13.616373271661773,38.90392363331936,0.0015248312909785374,18.399999999999995,0.2163664537838055,18.05115145452092,1.0
1987-11-02,0.0,0.054653218343512736,39.661261497469326,0.0,25.779819973355064,13.881441524114265,39.66126149746933,0.0021321784095332517,19.599999999999994,0.21865553719239794,18.189476028693928,1.0
1987-11-03,0.0,0.05596760972688353,40.61510139831896,0.0,26.399815908907325,14.215285489411636,40.61510139831896,0.004593730051124963,20.799999999999994,0.21174479148671335,18.141937957470596,1.0
1987-11-04,0.0,0.05993244135569151,43.49233770369485,0.0,28.270019507401653,15.222318196293198,43.49233770369486,0.005538215558411463,21.999999999999993,0.2064605491236738,18.113597170091808,1.0
1987-11-05,0.0,0.06390360989179697,46.37417263555659,0.0,30.14321221311178,16.230960422444806,46.37417263555659,0.004049039333718187,23.199999999999992,0.20260929687533558,18.105819571702803,1.0
1987-11-06,0.0,0.06700115604010091,48.62202905667701,0.0,31.60431888684005,17.017710169836953,48.62202905667701,0.004777083136335522,24.39999999999999,0.19922310767410553,18.100146506267222,1.0
1987-11-07,0.0,0.07176041402484196,52.0757721515544,0.0,33.84925189851036,18.22652025304404,52.0757721515544,0.005531575584577766,25.59999999999999,0.1961206961160429,18.093611294413773,1.0
1987-11-08,0.0,0.07694566116517862,55.83865106326461,0.0,36.295123191121995,19.54352787214261,55.83865106326461,0.008984294119662607,26.79999999999999,0.19326437966368842,18.086225643653954,1.0
1987-11-09,0.0,0.0828529310944846,60.12549426305124,0.0,39.081571270983304,21.043922992067934,60.12549426305124,0.011032405121210556,27.99999999999999,0.19048797084189206,18.074222247064114,1.0
1987-11-10,2.2112495346783022e-05,0.08975187144952045,65.1319821839771,0.0,42.33578841958512,22.796193764391987,65.1319821839771,0.00922270339088623,29.19999999999999,0.18785696346554703,18.059801191509138,1.0
1987-11-11,0.00011116956380293766,0.0972892687053784,70.60179151333702,0.0,45.891164483669066,24.710627029667958,70.60179151333702,0.00857433304822808,30.399999999999988,0.18552384694535262,18.048121600277913,1.0
1987-11-12,0.00022440077821648695,0.10462642626733645,75.9262890183864,0.0,49.352087861951155,26.574201156435237,75.9262890183864,0.004675895969494713,31.599999999999987,0.18349740343741267,18.040533396585463,1.0
1987-11-13,0.0003538369857776951,0.10796013577835242,78.34552668966067,0.0,50.92459234827944,27.420934341381237,78.34552668966069,0.009096241465483625,32.79999999999999,0.18158491991486211,18.031819615994728,1.0
1987-11-14,0.0005804394593856115,0.11510655441167403,83.53160697509,0.0,54.2955445338085,29.2360624412815,83.53160697509001,0.008817952768141476,33.99999999999999,0.17973054386918516,18.020491529163575,1.0
1987-11-15,0.0010022151181307939,0.12210162385484279,88.60785475677997,0.0,57.59510559190698,31.012749164872986,88.60785475677997,0.0071485422522376395,35.199999999999996,0.17802477222397872,18.009943814719357,1.0
1987-11-16,0.001592132160158731,0.13048827220217543,94.69395660535227,0.0,61.551071793478975,33.142884811873294,94.69395660535228,0.008081089830940252,36.4,0.176496081633547,18.001747998720447,1.0
1987-11-17,0.0024222990775197573,0.13716945015590415,99.54241665885644,0.0,64.70257082825668,34.83984583059975,99.54241665885644,0.007680728905104185,37.6,0.17524206708546736,18.000211144496937,1.0
1987-11-18,0.0033374643041804795,0.14321378403362015,103.92872571380272,0.0,67.55367171397177,36.375053999830946,103.92872571380272,0.009585228189143407,38.800000000000004,0.1737304997630666,17.985671607714377,1.0
1987-11-19,0.004312595104065951,0.1524915074147598,110.6614712734106,0.0,71.9299563277169,38.73151494569371,110.66147127341061,0.010995161873984506,40.00000000000001,0.17232433767817407,17.971720518858383,1.0
1987-11-20,0.0055278795665973535,0.1636782277590781,118.7795557032497,0.0,77.2067112071123,41.57284449613739,118.77955570324971,0.015054273050774135,41.20000000000001,0.17103302153437128,17.959126293771547,1.0
1987-11-21,0.007121043162768867,0.17551216203391,127.36731642518868,0.0,82.78875567637265,44.57856074881604,127.3673164251887,0.010768688408303119,42.40000000000001,0.16970876968264909,17.942036435923796,1.0
1987-11-22,0.008797700781153772,0.18644026650157883,135.29772605339537,0.0,87.943521934707,47.35420411868838,135.2977260533954,0.008775189055838555,43.600000000000016,0.16856986346800099,17.92984944340835,1.0
1987-11-23,0.010290058266617958,0.1958198877874146,142.10441784282628,0.0,92.36787159783708,49.73654624498919,142.10441784282628,0.014568173723116303,44.80000000000002,0.16754458879846099,17.920019769198586,1.0
1987-11-24,0.012195111100951082,0.2095848653015615,152.0935161840069,0.0,98.86078551960449,53.23273066440241,152.09351618400692,0.010375028810430571,46.00000000000002,0.1664321691366013,17.903720766135223,1.0
1987-11-25,0.014054340658488545,0.21672572411453245,157.2755617667144,0.0,102.22911514836436,55.04644661835004,157.27556176671442,0.011075838669344877,47.200000000000024,0.16547709062701427,17.892178458270664,1.0
1987-11-26,0.016288003228993642,0.2247215914885406,163.07807800329505,0.0,106.00075070214179,57.07732730115327,163.07807800329508,0.004637331088159828,48.40000000000003,0.16564338958343774,17.932618631338006,1.0
1987-11-27,0.01702071629743137,0.22660553433696412,164.4452353678985,0.0,106.88940298913403,57.55583237876447,164.4452353678985,0.005824637817034378,49.60000000000003,0.17011171018198787,18.186838195350248,1.0
1987-11-28,0.01702071629743137,0.22660553433696412,164.4452353678985,0.0,106.88940298913403,57.55583237876447,164.4452353678985,0.01119293415765,50.80000000000003,0.17039844898040127,18.23935737335206,1.0
1987-11-29,0.01702071629743137,0.22660553433696412,164.4452353678985,0.0,106.88940298913403,57.55583237876447,164.4452353678985,0.008364401572907779,52.000000000000036,0.1677508404085098,18.139978661214215,1.0
1987-11-30,0.01702071629743137,0.22660553433696412,164.4452353678985,0.0,106.88940298913403,57.55583237876447,164.4452353678985,0.008503875249387192,53.20000000000004,0.16691141033187476,18.13044078445147,1.0
1987-12-01,0.01702071629743137,0.22660553433696412,164.4452353678985,0.0,106.88940298913403,57.55583237876447,164.4452353678985,0.01023751982320859,54.40000000000004,0.16611540058680693,18.12125034154206,1.0
1987-12-02,0.01702071629743137,0.22660553433696412,164.4452353678985,0.0,106.88940298913403,57.55583237876447,164.4452353678985,0.010177614378098493,55.600000000000044,0.1653202241941244,18.110195809637105,1.0
1987-12-03,0.017054254036078752,0.22660553433696412,164.4452353678985,0.0,106.88940298913403,57.55583237876447,164.4452353678985,0.006877493179074857,56.80000000000005,0.16455920412800812,18.09917293373868,1.0
1987-12-04,0.01728247807407599,0.22660553433696412,164.4452353678985,0.0,106.88940298913403,57.55583237876447,164.4452353678985,0.010899054597759606,58.00000000000005,0.16389074348832117,18.091692056414473,1.0
1987-12-05,0.017653764643524958,0.22660553433696412,164.4452353678985,0.0,106.88940298913403,57.55583237876447,164.4452353678985,0.012286670199828343,59.20000000000005,0.16317247588398273,18.07965830124765,1.0
1987-12-06,0.017870584042765123,0.22660553433696412,164.4452353678985,0.0,106.88940298913403,57.55583237876447,164.4452353678985,0.009877189839219291,60.400000000000055,0.16246009691037236,18.066256377126393,1.0
1987-12-07,0.018097941845099604,0.22660553433696412,164.4452353678985,0.0,106.88940298913403,57.55583237876447,164.4452353678985,0.013313811880383148,61.60000000000006,0.16182128196525897,18.055676287623882,1.0
1987-12-08,0.018984520868105575,0.22660553433696412,164.4452353678985,0.0,106.88940298913403,57.55583237876447,164.4452353678985,0.010393566625334265,62.80000000000006,0.16114617962256325,18.04128419368493,1.0
1987-12-09,0.020040696061585844,0.22660553433696412,164.4452353678985,0.0,106.88940298913403,57.55583237876447,164.4452353678985,0.01626496206252053,64.00000000000006,0.16054645282393487,18.03009588894382,1.0
1987-12-10,0.02178978142636878,0.22660553433696412,164.4452353678985,0.0,106.88940298913403,57.55583237876447,164.4452353678985,0.014679172734700582,65.20000000000006,0.1598702844421427,18.01248424866372,1.0
1987-12-11,0.02296842038864006,0.22660553433696412,164.4452353678985,0.0,106.88940298913403,57.55583237876447,164.4452353678985,0.008884115751348898,66.40000000000006,0.1592436849556329,17.99654117891407,1.0
1987-12-12,0.02296842038864006,0.22660553433696412,164.4452353678985,0.0,106.88940298913403,57.55583237876447,164.4452353678985,0.01488359082345295,67.60000000000007,0.15873257059650167,17.98690106500759,1.0
1987-12-13,0.02335453794795113,0.22660553433696412,164.4452353678985,0.0,106.88940298913403,57.55583237876447,164.4452353678985,0.010566560246523452,68.80000000000007,0.15814447260613637,17.970737802810287,1.0
1987-12-14,0.024012135165285057,0.22660553433696412,164.4452353678985,0.0,106.88940298913403,57.55583237876447,164.4452353678985,0.01616152838799775,70.00000000000007,0.15764203876021882,17.95915959554745,1.0
1987-12-15,0.025352430658452833,0.22660553433696412,164.4452353678985,0.0,106.88940298913403,57.55583237876447,164.4452353678985,0.01736999747942421,71.20000000000007,0.15707222664496315,17.94157821427754,1.0
1987-12-16,0.027001769394921753,0.22660553433696412,164.4452353678985,0.0,106.88940298913403,57.55583237876447,164.4452353678985,0.018333136542195313,72.40000000000008,0.15650371624682793,17.922723528250533,1.0
1987-12-17,0.028981753134017612,0.22660553433696412,164.4452353678985,0.0,106.88940298913403,57.55583237876447,164.4452353678985,0.016419749381016632,73.60000000000008,0.1559400963551126,17.90286435854051,1.0
1987-12-18,0.03134796124928902,0.22660553433696412,164.4452353678985,0.0,106.88940298913403,57.55583237876447,164.4452353678985,0.010955441673439384,74.80000000000008,0.15542223259453833,17.885075059699716,1.0
1987-12-19,0.03377354884584748,0.22852907760432264,165.84113033695402,0.0,107.79673471902012,58.0443956179339,165.84113033695402,0.00994241609467728,76.00000000000009,0.15499892489634554,17.873229148574538,1.0
1987-12-20,0.03541655884416807,0.23118290991455617,167.76698832696383,0.0,109.0485424125265,58.71844591443734,167.76698832696385,0.013203023835014673,77.20000000000009,0.15460222588997996,17.86242148998276,1.0
1987-12-21,0.037689227507325146,0.2365400814887332,171.6546309787614,0.0,111.57551013619491,60.07912084256648,171.65463097876142,0.020668223580898936,78.40000000000009,0.15417420479175853,17.848206101774206,0.8507223981493411
1987-12-22,0.04130059913638104,0.2440279915559474,177.8572537294146,0.0,115.60721492411949,62.250038805295105,177.85725372941462,0.01602911547173952,79.6000000000001,0.15365103801386462,17.82538986682799,1.0
1987-12-23,0.044308046014360815,0.2542451519678818,185.2717387888735,0.0,120.42663021276779,64.84510857610573,185.27173878887353,0.021192986601566613,80.8000000000001,0.15321232948850003,17.808142258419196,1.0
1987-12-24,0.04872228398172547,0.2688967082801622,195.9042179704994,0.0,127.3377416808246,68.56647628967478,195.90421797049942,0.023615498097121032,82.0000000000001,0.15271845305010673,17.785317980681178,0.9324939377741661
1987-12-25,0.054054818299021944,0.284362089119518,207.5224658493094,0.0,134.88960280205112,72.63286304725828,207.52246584930944,0.017807417686254434,83.2000000000001,0.1522078003337209,17.75991261316203,1.0
1987-12-26,0.057866820516056114,0.29876712038954023,217.9760444197174,0.0,141.6844288728163,76.29161554690108,217.97604441971745,0.021419476123996296,84.4000000000001,0.15178835803086924,17.740979838025847,0.6287374727124613
1987-12-27,0.06322156364474225,0.3064829568260436,225.99017179423896,0.0,146.89361166625534,79.09656012798361,225.99017179423896,0.021577429125948462,85.60000000000011,0.15132471593665928,17.717256899222548,0.6240835718155334
1987-12-28,0.0697389477669297,0.3149967798238113,234.6768063012429,0.0,152.5399240958079,82.136882205435,234.67680630124295,0.025244344753363145,86.80000000000011,0.1508715266260234,17.693328521007373,1.0
1987-12-29,0.07687705696447655,0.3350830250785581,249.25318166753232,0.0,162.01456808389602,87.2386135836363,249.25318166753237,0.026290197181347428,88.00000000000011,0.15039864947084616,17.66657995812703,1.0
1987-12-30,0.0803871423898697,0.35018993695032385,260.21610755415475,0.0,169.1404699102006,91.07563764395415,260.2161075541548,0.02770136427881094,89.20000000000012,0.14992585519735016,17.63870388312023,0.8893265982700392
1987-12-31,0.0819740799708298,0.35783911924626033,266.61079815150833,0.0,173.29701879848045,93.31377935302791,266.6107981515084,0.0267653500315198,90.40000000000012,0.14944377875828582,17.608853994089664,1.0
1988-01-01,0.0860125807788166,0.3740686006583173,278.38836085982257,0.0,180.9524345588847,97.4359263009379,278.3883608598226,0.023913239649700883,91.60000000000012,0.14899223469566836,17.580643887287877,1.0
1988-01-02,0.08833005039412307,0.3846891360111527,286.0955708401095,0.0,185.9621210460712,100.1334497940383,286.09557084010953,0.022324072412152358,92.80000000000013,0.1485838369571326,17.55535405361059,1.0
1988-01-03,0.09115059746929431,0.3982787806206713,295.9574319500649,0.0,192.37233076754222,103.58510118252272,295.95743195006503,0.011889753575696308,94.00000000000013,0.14820448159087624,17.531814048355077,1.0
1988-01-04,0.09357627457993731,0.40158936058326083,298.35988475310523,0.0,193.93392508951843,104.42595966358682,298.3598847531053,0.014312345157944602,95.20000000000013,0.14797779496892852,17.521897654678735,1.0
1988-01-05,0.09457214842706999,0.4022414655237904,298.83311039935313,0.0,194.24152175957954,104.59158863977359,298.8331103993532,0.013795664972854393,96.40000000000013,0.1476796539351846,17.504549007812564,1.0
1988-01-06,0.09529413557854195,0.4022414655237904,298.83311039935313,0.0,194.24152175957954,104.59158863977359,298.8331103993532,0.01950627610528015,97.60000000000014,0.14741874751287745,17.490118920541637,1.0
1988-01-07,0.09746886581284252,0.4022414655237904,298.83311039935313,0.0,194.24152175957954,104.59158863977359,298.8331103993532,0.02493016768703741,98.80000000000014,0.14713277532461266,17.47258616018056,0.6528849264039599
1988-01-08,0.10122091147129061,0.39805274324653034,298.83311039935313,0.0,194.24152175957957,104.59158863977359,298.8331103993532,0.02248171753177126,100.00000000000014,0.14672893865091444,17.442580618024298,0.5458779421689132
1988-01-09,0.10521483213624223,0.3926298073198776,298.83311039935313,0.0,194.24152175957954,104.59158863977359,298.8331103993532,0.027522238579149594,101.20000000000014,0.1463870721346083,17.417877247779245,1.0
1988-01-10,0.10578000513937406,0.3926298073198776,298.83311039935313,0.0,194.24152175957954,104.59158863977359,298.8331103993532,0.029780227525313438,102.40000000000015,0.1460103409263528,17.38878325343944,1.0
1988-01-11,0.10702949918961167,0.3926298073198776,298.83311039935313,0.0,194.24152175957954,104.59158863977359,298.8331103993532,0.012812271607208821,103.60000000000015,0.14562089736552278,17.3574681044731,1.0
1988-01-12,0.10771452952790671,0.3926298073198776,298.83311039935313,0.0,194.24152175957954,104.59158863977359,298.8331103993532,0.01835823204716671,104.80000000000015,0.14553063514773748,17.356572495711855,1.0
1988-01-13,0.10960837091797093,0.3926298073198776,298.83311039935313,0.0,194.24152175957954,104.59158863977359,298.8331103993532,0.013276875618815949,106.00000000000016,0.1451487102047264,17.324544008753996,1.0
1988-01-14,0.11191656266140983,0.3926298073198776,298.83311039935313,0.0,194.24152175957954,104.59158863977359,298.8331103993532,0.012199374473494909,107.20000000000016,0.1450185624252129,17.31858941385985,1.0
1988-01-15,0.11493425958506813,0.3926298073198776,298.83311039935313,0.0,194.24152175957954,104.59158863977359,298.8331103993532,0.010779086908310306,108.40000000000016,0.1447849850060746,17.30111069135954,1.0
1988-01-16,0.11610170832840594,0.3926298073198776,298.83311039935313,0.0,194.24152175957954,104.59158863977359,298.8331103993532,0.010579582514092467,109.60000000000016,0.14487193372032187,17.31820104727236,1.0
1988-01-17,0.11645405225083345,0.3926298073198776,298.83311039935313,0.0,194.24152175957954,104.59158863977359,298.8331103993532,0.02136557964576453,110.80000000000017,0.14446554684241036,17.280838496488183,1.0
1988-01-18,0.11734035816200152,0.3926298073198776,298.83311039935313,0.0,194.24152175957954,104.59158863977359,298.8331103993532,0.01657234099076072,112.00000000000017,0.14415095023032898,17.252781126969985,1.0
1988-01-19,0.11799443392504987,0.3926298073198776,298.83311039935313,0.0,194.24152175957954,104.59158863977359,298.8331103993532,0.025294378767322153,113.20000000000017,0.1439373263918768,17.235398843557626,1.0
1988-01-20,0.120508002719975,0.3926298073198776,298.83311039935313,0.0,194.24152175957954,104.59158863977359,298.8331103993532,0.018871037111614277,114.40000000000018,0.14364809330540848,17.20885416495993,1.0
1988-01-21,0.12291772912070718,0.3926298073198776,298.83311039935313,0.0,194.24152175957954,104.59158863977359,298.8331103993532,0.01571379605184728,115.60000000000018,0.1434226154625295,17.18898543311364,1.0
1988-01-22,0.1254650313565537,0.3926298073198776,298.83311039935313,0.0,194.24152175957954,104.59158863977359,298.8331103993532,0.016683062518210712,116.80000000000018,0.14323470607366348,17.172963549873153,0.3775937444278255
1988-01-23,0.12668637781340392,0.38529854987387796,298.83311039935313,0.0,194.24152175957954,104.59158863977359,298.8331103993532,0.021254596109723238,118.00000000000018,0.14301791787636187,17.15308298470399,1.0
1988-01-24,0.12668637781340392,0.38529854987387796,298.83311039935313,0.0,194.24152175957954,104.59158863977359,298.8331103993532,0.021454788830594373,119.20000000000019,0.14278519350994914,17.130782536503254,1.0
1988-01-25,0.12668637781340392,0.38529854987387796,298.83311039935313,0.0,194.24152175957954,104.59158863977359,298.8331103993532,0.018710878810651414,120.0,0.14256988282619967,17.10838593914396,1.0
1988-01-26,0.12755968452873856,0.38529854987387796,298.83311039935313,0.0,194.24152175957954,104.59158863977359,298.8331103993532,0.023444080972567564,120.0,0.14240318416464706,17.08838209975765,1.0
1988-01-27,0.12881639426321867,0.38529854987387796,298.83311039935313,0.0,194.24152175957954,104.59158863977359,298.8331103993532,0.02618220744841396,120.0,0.14219761823605867,17.06371418832704,1.0
1988-01-28,0.13210805300513545,0.38529854987387796,298.83311039935313,0.0,194.24152175957954,104.59158863977359,298.8331103993532,0.023675184880954263,120.0,0.1419681031574991,17.03617237889989,1.0
1988-01-29,0.13536061613920042,0.38529854987387796,298.83311039935313,0.0,194.24152175957954,104.59158863977359,298.8331103993532,0.022192423306515045,120.0,0.14176026612291595,17.011231934749915,0.7511413993412064
1988-01-30,0.13812375787508152,0.38242200413515365,298.83311039935313,0.0,194.24152175957957,104.59158863977359,298.8331103993532,0.021595407297690054,120.0,0.14156109727335955,16.987331672803148,1.0
1988-01-31,0.1393540266416569,0.38242200413515365,298.83311039935313,0.0,194.24152175957957,104.59158863977359,298.8331103993532,0.02592775377444201,120.0,0.14137693480138427,16.96523217616611,0.9607940836118838
1988-02-01,0.14176831931067357,0.3819722079815807,298.83311039935313,0.0,194.24152175957957,104.59158863977359,298.8331103993532,0.0207813273993681,120.0,0.14114245445331713,16.937094534398057,1.0
1988-02-02,0.1445302133373208,0.3819722079815807,298.83311039935313,0.0,194.24152175957957,104.59158863977359,298.8331103993532,0.01675388370155224,120.0,0.14095852874846349,16.915023449815617,0.5027012230340602
1988-02-03,0.1463859259428776,0.37627357862565414,298.83311039935313,0.0,194.24152175957957,104.59158863977359,298.8331103993532,0.01724432567248227,120.0,0.14080197515128284,16.89623701815394,0.5472628190983707
1988-02-04,0.15012667773129118,0.37116298744861176,298.83311039935313,0.0,194.24152175957954,104.59158863977359,298.8331103993532,0.01155300636662713,120.0,0.14064144268463516,16.87697312215622,0.1834630779729987
1988-02-05,0.15847562638941998,0.3620709389483627,298.83311039935313,0.0,194.24152175957957,104.59158863977359,298.8331103993532,0.013079221392729445,120.0,0.14050726531562968,16.86087183787556,0.3513164303746089
1988-02-06,0.16234413158679908,0.3559301785348429,299.4709664782096,0.0,194.66856122208873,104.80240525612088,299.337392040956,0.014812900673374242,120.0,0.1403780031961495,16.845360383537937,0.47283614962559833
1988-02-07,0.16446495850591691,0.3516498948752492,300.41939716517004,0.0,195.30475086446262,105.11464630070742,300.07552769956084,0.023652312843490734,120.0,0.14026280824068948,16.83153698888274,1.0
1988-02-08,0.16605117194428584,0.3549324248724916,302.7252648344614,0.0,196.853114070709,105.8721507637524,301.85471019068115,0.015826673836859463,120.0,0.14002752861240278,16.803303433488335,0.5449725105870354
1988-02-09,0.16841500149275979,0.3514881041632559,303.70850554181754,0.0,197.51386859749857,106.19463694431899,302.60848683456356,0.017712046367517668,120.0,0.13988081259967805,16.785697511961367,0.6630290974560415
1988-02-10,0.17058777170358652,0.34945848225848436,304.7767003304491,0.0,198.23255539279535,106.54414493765377,303.41954362413856,0.020057298648507735,120.0,0.13971924588262913,16.766309505915494,0.8027139187063591
1988-02-11,0.17270758653692578,0.3484540793388808,305.5217870376882,0.0,198.73439308929744,106.7873939483908,303.98028004208584,0.014434120714297196,120.0,0.1395376486920785,16.74451784304942,0.4974473320225341
1988-02-12,0.17619822913279085,0.3432005835216992,305.5217870376882,0.0,198.73439308929744,106.7873939483908,303.98028004208584,0.01209244759882271,120.0,0.1394026100479126,16.72831320574951,0.3748840360696791
1988-02-13,0.18065110021007139,0.33676437861401076,305.5217870376882,0.0,198.73439308929744,106.7873939483908,303.98028004208584,0.021569471309096817,120.0,0.1392845139212659,16.714141670551907,1.0
1988-02-14,0.18434395926326835,0.33676437861401076,305.5217870376882,0.0,198.73439308929744,106.7873939483908,303.98028004208584,0.016163095264060748,120.0,0.13909211388011503,16.691053665613804,0.638653545095992
1988-02-15,0.18558500894024632,0.33311372018350704,305.5217870376882,0.0,198.73439308929744,106.7873939483908,303.98028004208584,0.01276090167912113,120.0,0.13894169066924755,16.673002880309706,0.45323465391682083
1988-02-16,0.18676264233848125,0.3276496690284713,305.5217870376882,0.0,198.73439308929744,106.7873939483908,303.98028004208584,0.009438663432634695,120.0,0.13881899962850294,16.658279955420355,0.9798888476114367
1988-02-17,0.18676264233848125,0.3274519866557545,305.5217870376882,0.0,198.73439308929744,106.7873939483908,303.98028004208584,0.01903587876780897,120.0,0.13891124402254013,16.669349282704815,0.9901382247266792
1988-02-18,0.18676264233848125,0.3273551089185984,305.5217870376882,0.0,198.73439308929744,106.7873939483908,303.98028004208584,0.01503858919260332,120.0,0.13856201767827545,16.627442121393052,0.6139186414626558
1988-02-19,0.18842208769667862,0.32356353776333546,305.5217870376882,0.0,198.73439308929744,106.7873939483908,303.98028004208584,0.01608354632044934,120.0,0.1384228435969919,16.610741231639025,0.9358715107768754
1988-02-20,0.18979094778487834,0.3229410485380019,305.5217870376882,0.0,198.73439308929744,106.7873939483908,303.98028004208584,0.01263439992771315,120.0,0.13827838821386024,16.593406585663228,0.4902081213208374
1988-02-21,0.1930877856465375,0.3180020668228977,305.5217870376882,0.0,198.73439308929744,106.7873939483908,303.98028004208584,0.012480228682077908,120.0,0.1381571475724255,16.57885770869106,0.4957804322886489
1988-02-22,0.19741646113133826,0.31319178088295496,305.5217870376882,0.0,198.73439308929744,106.7873939483908,303.98028004208584,0.01673222081140662,120.0,0.1380570623334489,16.566847480013866,0.8952291481609862
1988-02-23,0.20240391830901072,0.3122073797927924,305.5217870376882,0.0,198.73439308929744,106.7873939483908,303.98028004208584,0.012713988715625181,120.0,0.13788497580595394,16.546197096714472,0.8761084228837693
1988-02-24,0.2057036158566439,0.31104698385269675,305.5217870376882,0.0,198.73439308929744,106.7873939483908,303.98028004208584,0.012329965221107905,120.0,0.13778867543336792,16.53464105200415,0.5142421858920216
1988-02-25,0.2079213071542163,0.3065141787638618,305.5217870376882,0.0,198.73439308929744,106.7873939483908,303.98028004208584,0.007994352664083814,120.0,0.13778392539279888,16.534071047135864,0.8648805991998741
1988-02-26,0.2079213071542163,0.3052716983987223,305.5217870376882,0.0,198.73439308929744,106.7873939483908,303.98028004208584,0.007818435027780039,120.0,0.13881337769256466,16.65760532310776,0.9792641880627386
1988-02-27,0.20800179940156327,0.3050817967028894,305.5217870376882,0.0,198.73439308929744,106.7873939483908,303.98028004208584,0.007927506985334237,120.0,0.1387704304038358,16.652451648460296,0.9744922670928651
1988-02-28,0.20832636713263167,0.30484833835333564,305.5217870376882,0.0,198.73439308929744,106.7873939483908,303.98028004208584,0.0069250462191095315,120.0,0.13882462923547567,16.65895550825708,0.9805143594972955
1988-02-29,0.20832636713263167,0.30467013339946564,305.5217870376882,0.0,198.73439308929744,106.7873939483908,303.98028004208584,0.006344844442571768,120.0,0.13931618121814315,16.71794174617718,1.0
1988-03-01,0.20832636713263167,0.30467013339946564,305.5217870376882,0.0,198.73439308929744,106.7873939483908,303.98028004208584,0.009767098267821923,120.0,0.13912400240047135,16.694880288056563,1.0
1988-03-02,0.20882502843638334,0.30467013339946564,305.5217870376882,0.0,198.73439308929744,106.7873939483908,303.98028004208584,0.01582497584105826,120.0,0.13904885353058513,16.685862423670216,1.0
1988-03-03,0.20991406848723285,0.30467013339946564,305.5217870376882,0.0,198.73439308929744,106.7873939483908,303.98028004208584,0.01932001454709056,120.0,0.13888988481605838,16.666786177927005,0.9305275767721964
1988-03-04,0.21109618939672867,0.30403514822589367,305.5217870376882,0.0,198.73439308929744,106.7873939483908,303.98028004208584,0.018299776370677694,120.0,0.13871421158457703,16.645705390149242,0.9682457316196686
1988-03-05,0.21390464750830668,0.3037455158150791,305.5217870376882,0.0,198.73439308929744,106.7873939483908,303.98028004208584,0.012124669366988848,120.0,0.13854864152769827,16.625836983323794,0.49346898253528765
1988-03-06,0.21870804469269572,0.2991298200597944,305.5217870376882,0.0,198.73439308929744,106.7873939483908,303.98028004208584,0.008823675856763575,120.0,0.1384307058419554,16.611684701034648,0.28435961898801543
1988-03-07,0.2205234437330276,0.29270773870780525,305.5217870376882,0.0,198.73439308929744,106.7873939483908,303.98028004208584,0.008279356685365426,120.0,0.13833391861300365,16.600070233560437,0.26025951460053615
1988-03-08,0.22287575270413165,0.28621190576644856,305.5217870376882,0.0,198.73439308929744,106.7873939483908,303.98028004208584,0.007407970277867731,120.0,0.13823929626899345,16.588715552279215,0.20320876393705972
1988-03-09,0.22831933953037487,0.2793703716213012,305.5217870376882,0.0,198.73439308929744,106.7873939483908,303.98028004208584,0.006849480782914918,120.0,0.13814894469635297,16.577873363562357,0.15965899408863057
1988-03-10,0.23699029806687566,0.27232738024799885,305.5217870376882,0.0,198.73439308929744,106.7873939483908,303.98028004208584,0.006685937740291257,120.0,0.13806039496108832,16.5672473953306,0.17035703174634853
1988-03-11,0.24875949676160466,0.26687529188644527,306.42085179053913,0.0,199.35983956147533,107.06101222906378,304.47643719561364,0.0064307606525474004,120.0,0.13797698451876078,16.557238142251293,0.1579575056634364
1988-03-12,0.26169702835922165,0.2625956311175781,308.08082786659384,0.0,200.52113641281431,107.55969145377955,305.3372619528486,0.006207580329810469,120.0,0.13788932730547465,16.546719276656958,0.13814426628797355
1988-03-13,0.2779017532869069,0.25653723393223615,308.5802189205903,0.0,200.8660370375551,107.71418188303522,305.5787671305437,0.012482990420168556,120.0,0.13787930819180844,16.545516983017013,0.8754786879787139
1988-03-14,0.29204025790117333,0.25898701743959174,310.95243636241435,0.0,202.47363802618818,108.47879833622619,306.6272831558585,0.007730324983315647,120.0,0.13959990655418592,16.75198878650231,1.0
1988-03-15,0.29801406864016144,0.2645795934985912,314.91122248626823,0.0,205.11164560118794,109.79957688508026,308.2407337042877,0.006013421506892408,120.0,0.14105563829891032,16.92667659586924,1.0
1988-03-16,0.29801406864016144,0.2675072697981238,316.99859080506957,0.0,206.4926249877599,110.50596581730966,309.0621156812053,0.013088625164984132,120.0,0.14224803712187425,17.06976445462491,1.0
1988-03-17,0.29801406864016144,0.2728435739770855,320.80325742221925,0.0,209.00974960047768,111.79350782174156,310.55925663105984,0.013120472457482043,120.0,0.1413075405935122,16.956904871221465,0.5533158728053161
1988-03-18,0.3031829470788101,0.27941250218571606,328.09358060232915,0.0,213.8329453644916,114.26063523783755,313.42800768573,0.012192560825037944,120.0,0.14117839633456739,16.941407560148086,0.4696196163826772
1988-03-19,0.31179827104934144,0.28678027172524734,336.5694037112029,0.0,219.40540613922434,117.16399757197853,316.662041359559,0.019068689957439423,120.0,0.14106729569853924,16.92807548382471,1.0
1988-03-20,0.3193324498230981,0.2971236269748061,344.06898988668354,0.0,224.2843472946766,119.78464259200692,319.37767716487053,0.0074889838398627465,120.0,0.14091084652464728,16.909301582957674,1.0
1988-03-21,0.32269475631242833,0.2971236269748061,344.06898988668354,0.0,224.2843472946766,119.78464259200692,319.37767716487053,0.00764179103198738,120.0,0.14137862488382474,16.96543498605897,1.0
1988-03-22,0.32530736920424586,0.2971236269748061,344.06898988668354,0.0,224.2843472946766,119.78464259200692,319.37767716487053,0.017549461510596543,120.0,0.1415561763905688,16.986741166868256,1.0
1988-03-23,0.3310576201106319,0.30178902692476506,347.5088433206904,0.0,226.4850076484308,121.02383567225958,320.52204050090904,0.019288782877579624,120.0,0.14090647493694639,16.908776992433566,1.0
1988-03-24,0.3389105099662273,0.314520390316659,356.96381172052696,0.0,232.49036773894682,124.47344398158015,323.55268368724717,0.016514239807509195,120.0,0.1407318318712337,16.887819824548043,1.0
1988-03-25,0.3467205349362135,0.3296836480239439,368.3373260297865,0.0,239.64284778955292,128.69447824023356,327.01368601718116,0.021872370566320777,120.0,0.14058156368691277,16.869787642429532,1.0
1988-03-26,0.3545859045685618,0.3475881008836252,381.9016962384251,0.0,248.08834442147804,133.81335181694703,330.92771834859343,0.017723281223557725,120.0,0.1403977107672951,16.847725292075413,0.6571415290083017
1988-03-27,0.36360954957045827,0.35878911127310464,393.2104088384014,0.0,255.05825769204193,138.15215114635947,334.0326123838203,0.01598586279145027,120.0,0.1402174127657737,16.826089531892844,0.5384996373383131
1988-03-28,0.37340307904283226,0.3658694960661341,402.54027339504216,0.0,260.7411935138238,141.79907988121838,336.4589881114485,0.02028650615613194,120.0,0.14008607737837456,16.810329285404947,1.0
1988-03-29,0.3818413602559977,0.38504472869753964,417.5831121832702,0.0,269.7861145663736,147.7969976168966,340.1400491695466,0.02389361472151286,120.0,0.14006241111296935,16.807489333556322,1.0
1988-03-30,0.3912592229864379,0.4060491080543079,434.24800306561275,0.0,279.69384067805674,154.554162387556,344.00243331675864,0.011775923667895283,120.0,0.13975015948406216,16.77001913808746,0.21257917886543656
1988-03-31,0.4028030878301072,0.4047424616026882,440.9059402547242,0.0,283.60200068321365,157.30393957151057,345.45148232976305,0.011858694560531296,120.0,0.13954211688001034,16.74505402560124,0.238098694543783
1988-04-01,0.41743499339414525,0.40445041057693853,448.22046268501634,0.0,287.82802109373716,160.39244159127918,346.9377486666236,0.012589397399587789,120.0,0.13941698475891426,16.73003817106971,0.29262199419183266
1988-04-02,0.43185246617418555,0.40533637389140653,456.11104965266793,0.0,292.29450366964954,163.81654598301841,348.47467915179885,0.015913952267889334,120.0,0.13929084327359728,16.714901192831675,0.4725838837519137
1988-04-03,0.44510467924794606,0.40968346942350353,465.26443770960225,0.0,297.3702223559013,167.89421535370096,350.1827398720016,0.012413119741124341,120.0,0.1391380512394069,16.696566148728827,0.28702605577914214
1988-04-04,0.4597158197298637,0.41033875162247907,473.43204784430856,0.0,301.8127182857524,171.61932955855616,351.64626990534066,0.01098695618049047,120.0,0.13901146943564477,16.681376332277374,0.19633298473599
1988-04-05,0.47772765925237165,0.4054238080328529,477.84419981582164,0.0,304.1609862118287,173.68321360399298,352.4012600081195,0.011135096833141307,120.0,0.13889471259849986,16.667365511819984,0.2265442834796095
1988-04-06,0.48824104873624186,0.3997155422513469,481.2137963334601,0.0,305.90582351210617,175.3079728213539,352.94483441941395,0.014388759990303363,120.0,0.1390451142510529,16.685413710126348,1.0
1988-04-07,0.4919123472024149,0.4117195527291105,492.3292056301158,0.0,311.5680926053909,180.76111302472486,354.6752072688918,0.012035656301463738,120.0,0.13913197011941672,16.695836414330007,0.26145744767067336
1988-04-08,0.5022368004262061,0.4115004188540713,500.6210006103167,0.0,315.76763902258625,184.85336158773043,355.94978329454403,0.010372094943138909,120.0,0.1385161681484081,16.62194017780897,0.18189369600931962
1988-04-09,0.5177682808467219,0.4073143025054325,506.23409345949585,0.0,318.55698631227534,187.67710714722054,356.78354877702003,0.009955300171617871,120.0,0.13841116209781124,16.60933945173735,0.1359432199396223
1988-04-10,0.5362606690509087,0.39931288790616126,508.7696632387172,0.0,319.7630551526481,189.0066080860691,357.14467895836526,0.009608171109457527,120.0,0.13827592978789366,16.59311157454724,0.1385266063409594
1988-04-11,0.5576392155006543,0.3902760802735664,510.1136685697322,0.0,320.3682981845795,189.74537038515277,357.32642977607054,0.01782817624440301,120.0,0.13815862348121322,16.579034817745587,0.6337177763679129
1988-04-12,0.5741359287713286,0.3904940325067665,515.1623359271631,0.0,322.4940000471222,192.6683358800409,357.9677367411459,0.009774806154949257,120.0,0.13854013474435628,16.624816169322752,0.12981438119887959
1988-04-13,0.5916324865357052,0.3824862034949032,517.7505172711893,0.0,323.5252452016449,194.22527206954445,358.28032098193887,0.008823038272991569,120.0,0.13787462510800694,16.544955012960834,0.12251283993307079
1988-04-14,0.6112682042666839,0.3735990133713227,519.238901072013,0.0,324.08260928207187,195.15629178994112,358.450322480248,0.008635974768340509,120.0,0.1377595940198149,16.531151282377788,0.10891895503761512
1988-04-15,0.6314780965706825,0.3641192635752852,519.9275756888371,0.0,324.32197729193865,195.60559839689844,358.523978516279,0.008371491544680641,120.0,0.13763999002496,16.5167988029952,0.10347371164549775
1988-04-16,0.6548945436729886,0.3543259888185394,519.9275756888371,0.0,324.32197729193865,195.60559839689844,358.523978516279,0.018200514059618048,120.0,0.1375233755509786,16.502805066117432,0.8359306167753987
1988-04-17,0.6731656063223259,0.3583264960238852,529.232088204951,0.0,327.031660593223,202.200427611728,359.37203960851275,0.00847252525453787,120.0,0.13804871796285786,16.565846155542943,0.1457892638459785
1988-04-18,0.6903893914519331,0.35084615374411815,532.1712211734061,0.0,327.83460772472995,204.33661344867613,359.62086041472406,0.008432518616240196,120.0,0.1372542136719298,16.470505640631576,0.0785327682197796
1988-04-19,0.7141098974736187,0.34114735672197827,532.1712211734061,0.0,327.83460772472995,204.33661344867613,359.62086041472406,0.00736910692083234,120.0,0.13710988137334768,16.45318576480172,0.09463357237542563
1988-04-20,0.7390214231423475,0.33188145581250994,532.1712211734061,0.0,327.83460772472995,204.33661344867613,359.62086041472406,0.00697243788938079,120.0,0.13699577861229473,16.439493433475366,0.1469162359329837
1988-04-21,0.7596068973068919,0.3240191951828396,533.6017490238246,0.0,328.13244726095024,205.46930176287438,359.7157338381814,0.007260247914849102,120.0,0.13690466637666887,16.428559965200265,0.19456652898024257
1988-04-22,0.7773525106325437,0.31662341230078667,534.690048994526,0.0,328.3369256899792,206.3531233045468,359.78283812353766,0.006474096594690004,120.0,0.13681994307931789,16.418393169518147,0.09894540246231935
1988-04-23,0.7975780485129702,0.30806456286053585,534.6900489945259,0.0,328.3369256899791,206.3531233045468,359.78283812353766,0.006332676414730782,120.0,0.13671934983654505,16.406321980385407,0.08954718553220911
1988-04-24,0.8180365012637075,0.29965021541171094,534.6900489945259,0.0,328.3369256899791,206.3531233045468,359.78283812353766,0.006127109782404297,120.0,0.1368163063104331,16.41795675725197,0.10098062636327419
1988-04-25,0.8389691977926682,0.29156847494262456,534.6900489945259,0.0,328.3369256899791,206.3531233045468,359.78283812353766,0.005737265479681591,120.0,0.13652006227141592,16.38240747256991,0.09399390035565322
1988-04-26,0.8626777265618571,0.283643590439764,534.6900489945259,0.0,328.3369256899791,206.3531233045468,359.78283812353766,0.012620771205760106,120.0,0.13643763784509239,16.372516541411088,0.6431533678775785
1988-04-27,0.8825012885117631,0.28211846308537075,542.9631457995823,0.0,329.049845711089,213.91330008849332,360.1048491514824,0.005489302638236387,120.0,0.13640425930949285,16.368511117139143,0.13505609695964535
1988-04-28,0.904631764501457,0.2748349462426537,543.2250347585217,0.0,329.0672902840641,214.15774447445762,360.1139264513229,0.0054256663860296865,120.0,0.13622340431987898,16.346808518385476,0.07599235354762206
1988-04-29,0.9314270801956583,0.26721645848743747,543.2250347585217,0.0,329.0672902840641,214.15774447445762,360.1139264513229,0.005175643006469779,120.0,0.13611464740567092,16.33375768868051,0.07526371678931364
1988-04-30,0.9600921001295717,0.2598033158484056,543.2250347585217,0.0,329.0672902840641,214.15774447445762,360.1139264513229,0.0052892789009188175,120.0,0.13601382710324264,16.321659252389118,0.06494500978606849
1988-05-01,0.9918855262634313,0.2525154042396603,543.2250347585217,0.0,329.0672902840641,214.15774447445762,360.1139264513229,0.0045220346688427965,120.0,0.13590503062960063,16.308603675552074,0.08716866729046795
1988-05-02,1.0,0.24560028505020703,543.2250347585217,0.0,329.0672902840641,214.15774447445762,360.1139264513229,0.0043207861697658724,120.0,0.1358120086401877,16.297441036822523,0.0880658471527637
1988-05-03,1.0220268006700168,0.23888114641361802,543.2250347585216,0.0,329.06729028406403,214.15774447445762,360.1139264513229,0.004559375885087393,120.0,0.1360925344829522,16.331104137954263,0.07884408960201715
1988-05-04,1.0450586264656618,0.23227974301657153,543.2250347585217,0.0,329.0672902840641,214.15774447445762,360.1139264513229,0.004771146074503887,120.0,0.13656026860948842,16.38723223313861,0.15224426215485765
1988-05-05,1.0629815745393636,0.2263722484687467,543.2250347585217,0.0,329.0672902840641,214.15774447445762,360.1139264513229,0.0038123514351789674,120.0,0.13555530806306182,16.26663696756742,0.08646868513035376
1988-05-06,1.0804857621440538,0.22016830433493714,543.2250347585216,0.0,329.06729028406403,214.15774447445762,360.1139264513229,0.0046107116859194905,120.0,0.13549707039765793,16.259648447718952,0.21455976825803671
1988-05-07,1.0962311557788946,0.2149804330155651,543.2250347585216,0.0,329.06729028406403,214.15774447445762,360.1139264513229,0.00968598270097877,120.0,0.13856657113894894,16.627988536673872,0.9518412376609915
1988-05-08,1.10820770519263,0.21466983726813108,547.5795916523407,4.354556893819144,329.06729028406403,214.15774447445762,360.159586999147,0.012362394216187098,120.0,0.13802641180393221,16.563169416471865,0.8918235337702447
1988-05-09,1.1190117252931324,0.2139731705360776,554.7677077171538,11.542672958632249,329.06729028406403,214.15774447445762,360.2261796351275,0.011248255037716587,120.0,0.13811074085054467,16.57328890206536,0.9011934278382956
1988-05-10,1.130067001675042,0.21333891187062035,561.6670097283628,18.441974969841098,329.0672902840641,214.15774447445762,360.2825121188511,0.005719983930733413,120.0,0.13776686426662516,16.53202371199502,0.2422079899828583
1988-05-11,1.1437185929648244,0.20848891618538112,563.9582341359427,20.73319937742105,329.06729028406403,214.15774447445762,360.2986481824477,0.004916681959531102,120.0,0.13777682600968608,16.53321912116233,0.13614900998881255
1988-05-12,1.1595477386934676,0.2030858154857881,563.9582341359427,20.73319937742105,329.06729028406403,214.15774447445762,360.2986481824477,0.0047182341909996085,120.0,0.13765366621552297,16.518439945862756,0.12851153245687263
1988-05-13,1.1754606365159133,0.19777620710226443,563.9582341359427,20.73319937742105,329.06729028406403,214.15774447445762,360.2986481824477,0.008832572376176802,120.0,0.13752427729162864,16.502913274995436,0.8360308101809586
1988-05-14,1.189447236180905,0.19680333096894317,569.5228554099173,26.297820651395686,329.06729028406403,214.15774447445762,360.3123370003449,0.0047116029576295656,120.0,0.13760668772541332,16.512802527049598,0.09999286548667471
1988-05-15,1.2072864321608046,0.1914895989099021,569.5228554099173,26.297820651395686,329.06729028406403,214.15774447445762,360.3123370003449,0.004572887603530018,120.0,0.13734173881009806,16.481008657211767,0.08820015157167065
1988-05-16,1.227051926298158,0.1862515932920526,569.5228554099173,26.297820651395686,329.06729028406403,214.15774447445762,360.3123370003449,0.0043269035592118955,120.0,0.13723705575032452,16.46844669003894,0.09017847571075177
1988-05-17,1.2480737018425467,0.1811679220367443,569.5228554099173,26.297820651395686,329.06729028406403,214.15774447445762,360.3123370003449,0.00430051106208677,120.0,0.1371380795042433,16.456569540509197,0.08212319888831535
1988-05-18,1.270435510887773,0.17617922705445016,569.5228554099173,26.297820651395686,329.06729028406403,214.15774447445762,360.3123370003449,0.004370478934038521,120.0,0.13703255419327498,16.443906503193,0.22671512517444628
1988-05-19,1.2904522613065335,0.17209212510826027,569.5228554099173,26.297820651395686,329.06729028406403,214.15774447445762,360.3123370003449,0.004287080146389987,120.0,0.13807570919375634,16.56908510325076,0.1598981634430713
1988-05-20,1.3105527638190964,0.16775487779744724,569.5228554099173,26.297820651395686,329.06729028406403,214.15774447445762,360.3123370003449,0.0035830798003949364,120.0,0.13689625756000384,16.427550907200462,0.13978665736620213
1988-05-21,1.3278056951423793,0.16342572827224924,569.5228554099173,26.297820651395686,329.06729028406403,214.15774447445762,360.3123370003449,0.006269033969035434,120.0,0.13714451219554305,16.457341463465166,0.793834688393671
1988-05-22,1.3404522613065335,0.16241494678643706,573.1187146182376,29.893679859716034,329.06729028406403,214.15774447445762,360.3123370003449,0.003852289494390688,120.0,0.13772192867989766,16.526631441587718,0.1430287250761039
1988-05-23,1.3565326633165837,0.15823939846600896,573.1187146182376,29.893679859716034,329.06729028406403,214.15774447445762,360.3123370003449,0.003517774568610219,120.0,0.13668619007923583,16.402342809508298,0.18154328267164782
1988-05-24,1.3746231155778903,0.15435403550739388,573.1187146182376,29.893679859716034,329.067290284064,214.15774447445762,360.3123370003449,0.0031648167100836893,120.0,0.13662865714165515,16.395438856998616,0.09928579964839779
1988-05-25,1.394472361809046,0.15018316935750134,573.1187146182376,29.893679859716034,329.067290284064,214.15774447445762,360.3123370003449,0.003050882476582182,120.0,0.13655111620412147,16.386133944494578,0.0969919441016321
1988-05-26,1.4134840871021783,0.14611467100379616,573.1187146182376,29.893679859716034,329.067290284064,214.15774447445762,360.3123370003449,0.0029450602405809334,120.0,0.13647558371978577,16.377070046374293,0.09409024330307164
1988-05-27,1.4324120603015082,0.14214366982202914,573.1187146182376,29.893679859716034,329.067290284064,214.15774447445762,360.3123370003449,0.0029066265035234346,120.0,0.1363927734956248,16.367132819474975,0.08289733596621932
1988-05-28,1.4523450586264663,0.1382328596739495,573.1187146182376,29.893679859716034,329.067290284064,214.15774447445762,360.3123370003449,0.002685472684157393,120.0,0.13630686838369271,16.356824206043125,0.11076388725431503
1988-05-29,1.4711055276381917,0.13454521015024404,573.1187146182376,29.893679859716034,329.067290284064,214.15774447445762,360.3123370003449,0.00312967257707459,120.0,0.1362413787803515,16.34896545364218,0.2235464328807293
1988-05-30,1.4895309882747076,0.09638641395380289,573.1187146182376,29.893679859716034,329.067290284064,214.15774447445762,360.3123370003449,0.004247835098506523,120.0,0.1361982387237423,16.343788646849074,0.6886931915269198
1988-05-31,1.506113902847572,0.08742725068349301,573.1187146182376,29.893679859716034,329.0672902840639,214.15774447445762,360.3123370003449,0.0022852439608095744,120.0,0.13743325859568417,16.4919910314821,0.22618757841890516
1988-06-01,1.522361809045227,0.06719778400770507,573.1187146182376,29.893679859716034,329.0672902840639,214.15774447445762,360.3123370003449,0.0013966732622212959,120.0,0.1360964407122193,16.331572885466315,0.0702131931146955
1988-06-02,1.5430485762144064,0.05777969263642075,573.1187146182376,29.893679859716034,329.0672902840639,214.15774447445764,360.3123370003449,0.0011679385373923848,120.0,0.1360090520951261,16.32108625141513,0.07155436382823184
1988-06-03,1.564572864321609,0.037098299078787096,573.1187146182376,29.893679859716034,329.0672902840639,214.15774447445764,360.3123370003449,0.0007321573413316771,120.0,0.13593289708808595,16.311947650570314,0.0734611235546062
1988-06-04,1.585929648241207,0.022281844420192102,573.1187146182376,29.893679859716034,329.0672902840639,214.15774447445764,360.31233700034494,0.0004718953158987785,120.0,0.13585821781966398,16.302986138359678,0.062013266115675356
1988-06-05,1.6088777219430497,0.01972497847860183,573.1187146182376,29.893679859716034,329.0672902840639,214.15774447445762,360.3123370003449,0.00041312009092971585,120.0,0.13577406130421954,16.292887356506345,0.06087002436958115
1988-06-06,1.632747068676718,0.01393537530231674,573.1187146182376,29.893679859716034,329.0672902840639,214.15774447445762,360.3123370003449,0.0002705322038206178,120.0,0.13568813629037546,16.282576354845055,0.06702990727929771
1988-06-07,1.6578726968174216,0.010567523724223432,573.1187146182375,29.893679859716034,329.06729028406386,214.15774447445762,360.3123370003449,0.00021601137064355578,120.0,0.13561411725591607,16.27369407070993,0.05903278790894178
1988-06-08,1.682998324958125,0.010060063543305948,573.1187146182375,29.893679859716034,329.06729028406386,214.15774447445762,360.3123370003449,0.00019602325795624299,120.0,0.13552785695200062,16.263342834240074,0.0612471722624097
1988-06-09,1.7081239530988286,0.004315534944582997,573.1187146182376,29.893679859716034,329.0672902840639,214.15774447445764,360.3123370003449,7.495955126923642e-05,120.0,0.1354527205122252,16.254326461467024,0.08485718379341825
1988-06-10,1.7304020100502524,0.0026132870257884215,573.1187146182375,29.893679859716034,329.06729028406386,214.15774447445764,360.3123370003449,7.473247421224395e-05,120.0,0.13635827466384853,16.362992959661824,0.3088875593370865
1988-06-11,1.7509212730318269,0.002559104770552061,573.1187146182376,29.893679859716034,329.0672902840639,214.15774447445764,360.3123370003449,4.7316548492887006e-05,120.0,0.1354078647067324,16.24894376480789,0.14367323079622019
1988-06-12,1.7716917922948086,0.0015483729394601285,573.1187146182375,29.893679859716034,329.06729028406386,214.15774447445764,360.3123370003449,3.064679296287377e-05,120.0,0.1356794290201123,16.281531482413474,0.1598694360439136
1988-06-13,1.7929648241206042,0.001509347876534839,573.1187146182375,29.893679859716034,329.06729028406386,214.15774447445764,360.3123370003449,2.6917139322272398e-05,120.0,0.13531659628769635,16.23799155452356,0.06576959078549287
1988-06-14,1.8168341708542726,0.0014670455160045734,573.1187146182375,29.893679859716034,329.0672902840638,214.15774447445767,360.3123370003449,2.5361773562299696e-05,120.0,0.1352414985443397,16.228979825320764,0.06815580711190826
1988-06-15,1.8408710217755455,0.0014260337806608321,573.1187146182375,29.893679859716034,329.0672902840638,214.15774447445767,360.3123370003449,2.3623690788199243e-05,120.0,0.1351817890804788,16.221814689657453,0.07837514201006113
1988-06-16,1.8636515912897833,0.0,573.1187146182375,29.893679859716034,329.0672902840638,214.15774447445764,360.3123370003449,0.0,120.0,0.13517920112499618,16.22150413499954,0.09682344616117912
1988-06-17,1.8839195979899508,0.0,573.1187146182375,29.893679859716034,329.0672902840638,214.15774447445764,360.3123370003449,0.0,120.0,0.13510311158410224,16.212373390092267,0.094577579225646
1988-06-18,1.9047738693467346,0.0,573.1187146182375,29.893679859716034,329.0672902840638,214.15774447445764,360.3123370003449,0.0,120.0,0.1350443945250052,16.205327343000622,0.21415108153187895
1988-06-19,1.9227805695142388,0.0,573.1187146182375,29.893679859716034,329.0672902840638,214.15774447445764,360.3123370003449,0.0,120.0,0.13505348100247558,16.20641772029707,0.1249505559210828
1988-06-20,1.9411222780569524,0.0,573.1187146182375,29.893679859716034,329.0672902840638,214.15774447445767,360.3123370003449,0.0,120.0,0.1349873966217827,16.198487594613923,0.10673867081862873
1988-06-21,1.960971524288108,0.0,573.1187146182375,29.893679859716034,329.0672902840638,214.15774447445767,360.3123370003449,0.0,120.0,0.13495761221183336,16.194913465420004,0.21231900421519817
1988-06-22,1.9793132328308216,0.0,573.1187146182375,29.893679859716034,329.0672902840638,214.15774447445767,360.3123370003449,0.0,120.0,0.13519498136577818,16.22339776389338,0.13471874391453553
1988-06-23,1.9971524288107212,0.0,573.1187146182375,29.893679859716034,329.0672902840638,214.15774447445764,360.3123370003449,0.0,120.0,0.13494394071027277,16.193272885232734,0.06889038673718013
1988-06-24,2.0,0.0,573.1187146182374,29.893679859716034,329.0672902840638,214.15774447445762,360.3123370003449,0.0,120.0,0.13482648118748805,16.179177742498567,0.06431509607857772
1988-06-25,,,,,,,,,,0.1347614685539872,16.171376226478447,
1988-06-26,,,,,,,,,,0.13392620198444433,16.163023560783017,
1988-06-27,,,,,,,,,,0.133250059799474,16.156262138933315,
1988-06-28,,,,,,,,,,0.13286034702975463,16.15236501123612,
1988-06-29,,,,,,,,,,0.14076672356207648,16.23142877655934,
1988-06-30,,,,,,,,,,0.13160098126108175,16.139771353549392,
1988-07-01,,,,,,,,,,0.13084560222012698,16.132217563139847,
1988-07-02,,,,,,,,,,0.13085552479150914,16.132316788853668,
1988-07-03,,,,,,,,,,0.13091938400827258,16.1329553810213,
1988-07-04,,,,,,,,,,0.15024739725383224,16.3262355134769,
1988-07-05,,,,,,,,,,0.12873475236377047,16.11110906457628,
1988-07-06,,,,,,,,,,0.12657134057428146,16.08947494668139,
1988-07-07,,,,,,,,,,0.1254091292632877,16.077852833571452,
1988-07-08,,,,,,,,,,0.1241792838965847,16.065554379904423,
1988-07-09,,,,,,,,,,0.12306597486294371,16.054421289568012,
1988-07-10,,,,,,,,,,0.12207677064131617,16.044529247351736,
1988-07-11,,,,,,,,,,0.1212123908214161,16.035885449152737,
1988-07-12,,,,,,,,,,0.12092136287098512,16.032975169648427,
1988-07-13,,,,,,,,,,0.13376687125765224,16.161430253515096,
1988-07-14,,,,,,,,,,0.12906249252253157,16.11438646616389,
1988-07-15,,,,,,,,,,0.11859656421375483,16.009727183076123,
1988-07-16,,,,,,,,,,0.11760623538180151,15.99982389475659,
1988-07-17,,,,,,,,,,0.11608814807701624,15.984643021708738,
1988-07-18,,,,,,,,,,0.11496620776772522,15.973423618615827,
1988-07-19,,,,,,,,,,0.11380919299951031,15.961853470933677,
1988-07-20,,,,,,,,,,0.11276881801541656,15.951449721092741,
1988-07-21,,,,,,,,,,0.11498214440677763,15.97358298500635,
1988-07-22,,,,,,,,,,0.11886522182685393,16.012413759207114,
1988-07-23,,,,,,,,,,0.1108576469621465,15.93233801056004,
1988-07-24,,,,,,,,,,0.11752096470553083,15.998971187993883,
1988-07-25,,,,,,,,,,0.1536709527279111,16.360471068217684,
1988-07-26,,,,,,,,,,0.13429981051439158,16.16675964608249,
1988-07-27,,,,,,,,,,0.12240228260787629,16.04778436701734,
1988-07-28,,,,,,,,,,0.11721911802314008,15.995952721169976,
1988-07-29,,,,,,,,,,0.1180001096408804,16.00376263734738,
1988-07-30,,,,,,,,,,0.11694628852031641,15.993224426141738,
1988-07-31,,,,,,,,,,0.11910561139224898,16.014817654861066,
1988-08-01,,,,,,,,,,0.12179093956910389,16.041670936629615,
1988-08-02,,,,,,,,,,0.11463350475141894,15.970096588452764,
1988-08-03,,,,,,,,,,0.11412525997656608,15.965014140704236,
1988-08-04,,,,,,,,,,0.11334296225122335,15.957191163450808,
1988-08-05,,,,,,,,,,0.1123069371578302,15.946830912516877,
1988-08-06,,,,,,,,,,0.11141162281298185,15.937877769068393,
1988-08-07,,,,,,,,,,0.1107952959385445,15.93171450032402,
1988-08-08,,,,,,,,,,0.11023305103025198,15.926092051241096,
1988-08-09,,,,,,,,,,0.1265945756146775,16.08970729708535,
1988-08-10,,,,,,,,,,0.11339845608558519,15.957746101794427,
1988-08-11,,,,,,,,,,0.10844354575130855,15.908196998451661,
1988-08-12,,,,,,,,,,0.10759291002446894,15.899690641183264,
1988-08-13,,,,,,,,,,0.10653764514054687,15.889137992344043,
1988-08-14,,,,,,,,,,0.10570130624748246,15.8807746034134,
1988-08-15,,,,,,,,,,0.10490898870311763,15.872851427969751,
1988-08-16,,,,,,,,,,0.11390019686158429,15.962763509554417,
1988-08-17,,,,,,,,,,0.11803625656309738,16.00412410656955,
1988-08-18,,,,,,,,,,0.10351484356854765,15.858909976624052,
1988-08-19,,,,,,,,,,0.10339781104279641,15.85773965136654,
1988-08-20,,,,,,,,,,0.13179503249529395,16.141711865891516,
1988-08-21,,,,,,,,,,0.13476384835508654,16.17140002448944,
1988-08-22,,,,,,,,,,0.11635369856093647,15.98729852654794,
1988-08-23,,,,,,,,,,0.11625926977885488,15.986354238727124,
1988-08-24,,,,,,,,,,0.1155475281090987,15.979236822029563,
1988-08-25,,,,,,,,,,0.11521913538182933,15.975952894756869,
1988-08-26,,,,,,,,,,0.12968066560035355,16.12056819694211,
1988-08-27,,,,,,,,,,0.11445448494152635,15.968306390353838,
1988-08-28,,,,,,,,,,0.11309083102406248,15.9546698511792,
1988-08-29,,,,,,,,,,0.11241179887673014,15.947879529705876,
1988-08-30,,,,,,,,,,0.1118746231490789,15.942507772429364,
1988-08-31,,,,,,,,,,0.11682989716665196,15.992060512605095,
1988-09-01,,,,,,,,,,0.12380536976767738,16.06181523861535,
1988-09-02,,,,,,,,,,0.12415493761813608,16.065310917119938,
1988-09-03,,,,,,,,,,0.13340581316263198,16.157819672564894,
1988-09-04,,,,,,,,,,0.12137442715141464,16.03750581245272,
1988-09-05,,,,,,,,,,0.12022220616141258,16.0259836025527,
1988-09-06,,,,,,,,,,0.11968047114038312,16.020566252342405,
1988-09-07,,,,,,,,,,0.11907403067096563,16.01450184764823,
1988-09-08,,,,,,,,,,0.12079293378732095,16.031690878811784,
1988-09-09,,,,,,,,,,0.17985000756532615,16.622261616591835,
1988-09-10,,,,,,,,,,0.21156615000707518,16.939423041009327,
1988-09-11,,,,,,,,,,0.19218843162084248,16.745645857147,
1988-09-12,,,,,,,,,,0.19189581457915633,16.742719686730137,
1988-09-13,,,,,,,,,,0.19856444524674072,16.80940599340598,
1988-09-14,,,,,,,,,,0.2166360269275323,16.9901218102139,
1988-09-15,,,,,,,,,,0.2154632346665326,16.9783938876039,
1988-09-16,,,,,,,,,,0.20699026005490376,16.893664141487612,
1988-09-17,,,,,,,,,,0.20648899035800689,16.888651444518644,
1988-09-18,,,,,,,,,,0.20593150601576687,16.883076601096242,
1988-09-19,,,,,,,,,,0.20553713862876796,16.879132927226255,
1988-09-20,,,,,,,,,,0.20515865847410444,16.87534812567962,
1988-09-21,,,,,,,,,,0.2046674259424758,16.87043580036333,
1988-09-22,,,,,,,,,,0.20421890320459085,16.865950572984485,
1988-09-23,,,,,,,,,,0.2037423092092226,16.861184633030803,
1988-09-24,,,,,,,,,,0.20671886364387157,16.89095017737729,
1988-09-25,,,,,,,,,,0.2031613030777716,16.85537457171629,
1988-09-26,,,,,,,,,,0.2027347052838977,16.851108593777553,
1988-09-27,,,,,,,,,,0.20232719570176777,16.847033497956254,
1988-09-28,,,,,,,,,,0.2019411513060735,16.84317305399931,
1988-09-29,,,,,,,,,,0.20150525975926498,16.838814138531227,
1988-09-30,,,,,,,,,,0.20116598128218696,16.835421353760445,
1988-10-01,,,,,,,,,,0.2008061508563263,16.83182304950184,
1988-10-02,,,,,,,,,,0.20050438955058744,16.828805436444448,
1988-10-03,,,,,,,,,,0.20027079637853248,16.8264695047239,
1988-10-04,,,,,,,,,,0.20182062603112905,16.841967801249865,
1988-10-05,,,,,,,,,,0.2050263549370705,16.87402509030928,
1988-10-06,,,,,,,,,,0.19997817235557977,16.823543264494372,
1988-10-07,,,,,,,,,,0.1995510814712507,16.819272355651083,
1988-10-08,,,,,,,,,,0.19930075945524078,16.816769135490983,
1988-10-09,,,,,,,,,,0.19896768307477364,16.81343837168631,
1988-10-10,,,,,,,,,,0.19851687376126598,16.808930278551234,
1988-10-11,,,,,,,,,,0.1981017228305794,16.80477876924437,
1988-10-12,,,,,,,,,,0.19773636176947168,16.80112515863329,
1988-10-13,,,,,,,,,,0.19747386244276818,16.798500165366256,
1988-10-14,,,,,,,,,,0.19717162421925885,16.79547778313116,
1988-10-15,-0.1,0.03445,25.0,0.0,16.25,8.75,25.0,0.0,10.0,0.1989087452448903,16.81284899338748,0.0
1988-10-16,-0.0895,0.03445,25.0,0.0,16.25,8.75,25.0,0.0,10.0,0.2082011329375207,16.905772870313783,0.0
1988-10-17,-0.07933333333333333,0.03445,25.0,0.0,16.25,8.75,25.0,0.0,10.0,0.21686773563333203,16.992438897271896,0.0
1988-10-18,-0.06733333333333333,0.03445,25.0,0.0,16.25,8.75,25.0,0.0,10.0,0.2095637025438084,16.91939856637666,0.0
1988-10-19,-0.05366666666666666,0.03445,25.0,0.0,16.25,8.75,25.0,0.0,10.0,0.20800191207789953,16.90378066171757,0.0
1988-10-20,-0.03924999999999999,0.03445,25.0,0.0,16.25,8.75,25.0,0.0,10.0,0.2077928994015923,16.901690534954497,0.0
1988-10-21,-0.024166666666666656,0.03445,25.0,0.0,16.25,8.75,25.0,0.0,10.0,0.20757618714232384,16.899523412361813,0.0
1988-10-22,-0.008916666666666654,0.03445,25.0,0.0,16.25,8.75,25.0,0.0,10.0,0.2073824347978725,16.8975858889173,0.0
1988-10-23,0.0,0.03445,25.0,0.0,16.25,8.75,25.0,0.0014893850976708666,10.0,0.2077638890231044,16.90140043116962,1.0
1988-10-24,0.0,0.035540787679594725,25.791573062115184,0.0,16.76452249037487,9.027050571740315,25.791573062115184,0.0030423831498523225,11.2,0.20061943160835452,16.90898541268736,1.0
1988-10-25,0.0,0.038233384304549596,27.745561904607836,0.0,18.034615237995094,9.710946666612742,27.745561904607833,0.004572122076674681,12.399999999999999,0.1925373750388196,16.88779746689037,1.0
1988-10-26,0.0,0.04167171238841515,30.240720165758447,0.0,19.65646810774299,10.584252058015457,30.240720165758447,0.004827815941805662,13.599999999999998,0.18690024604762595,16.880463600391934,1.0
1988-10-27,0.0,0.04547490220508066,33.00065472066811,0.0,21.450425568434273,11.55022915223384,33.00065472066811,0.00657166519183141,14.799999999999997,0.18216001166627988,16.872874664540383,1.0
1988-10-28,0.0,0.04932964255542271,35.797998951685564,0.0,23.268699318595615,12.529299633089947,35.79799895168556,0.005697294977792325,15.999999999999996,0.17798604760260653,16.86296949125636,1.0
1988-10-29,0.0,0.05348583999333252,38.81410739719341,0.0,25.229169808175715,13.584937589017693,38.8141073971934,0.004993264519944067,17.199999999999996,0.1744936960904967,16.854770540106415,1.0
1988-10-30,0.0,0.05772456463832949,41.89010496250326,0.0,27.228568225627118,14.66153673687614,41.89010496250325,0.00785396115836191,18.399999999999995,0.1715261603584392,16.84784655568037,0.9904370143909335
1988-10-31,0.0,0.06291641272629224,45.6697919460958,0.0,29.68536476496227,15.98442718113353,45.66979194609579,0.008017675373049524,19.599999999999994,0.16872749830163605,16.837110409532368,0.943660972224836
1988-11-01,0.0,0.06809466992289055,49.50476776780939,0.0,32.1780990490761,17.326668718733288,49.50476776780938,0.0075328254742837095,20.799999999999994,0.16624854966494473,16.826307513586368,1.0
1988-11-02,0.0,0.07351603842023764,53.43899744658086,0.0,34.73534834027756,18.703649106303303,53.438997446580856,0.007097708923725333,21.999999999999993,0.16408261016541642,16.816441341929895,1.0
1988-11-03,0.0,0.07958819738686675,57.84549887374277,0.0,37.5995742679328,20.245924605809968,57.84549887374276,0.009003559876854205,23.199999999999992,0.16217442037892346,16.80735670881697,0.974243091798491
1988-11-04,0.0,0.08593281239547598,62.49434748435942,0.0,40.62132586483362,21.873021619525797,62.494347484359416,0.008788521503100891,24.39999999999999,0.1603612842832278,16.79601173027192,0.8164741995990149
1988-11-05,0.0,0.09153452469069041,66.9027937401519,0.0,43.48681593109874,23.415977809053167,66.9027937401519,0.007676046664903369,25.59999999999999,0.1587224325202445,16.784776904014638,1.0
1988-11-06,0.0,0.0994546263191976,72.65032757796556,0.0,47.222712925677605,25.427614652287943,72.65032757796556,0.009972446346093443,26.79999999999999,0.15730074763935786,16.775428905966386,0.92995064637933
1988-11-07,0.0,0.10691349011282526,78.21481652010998,0.0,50.839630738071484,27.37518578203849,78.21481652010998,0.009037358586352807,27.99999999999999,0.15590423894085878,16.763373797310855,0.6347802479565373
1988-11-08,0.0,0.11086980679371188,81.93595166623466,0.0,53.25836858305253,28.67758308318213,81.93595166623467,0.00953372570352693,29.19999999999999,0.15463849132775837,16.751785291472572,0.7452193285576116
1988-11-09,0.0,0.11631138383843453,86.49981346540036,0.0,56.22487875251024,30.27493471289013,86.49981346540038,0.008477991524092869,30.399999999999988,0.15346634992422778,16.740004620133767,0.44003335551471134
1988-11-10,0.0,0.11722558927396146,88.58117797572721,0.0,57.57776568422269,31.003412291504524,88.58117797572721,0.010147462955020614,31.599999999999987,0.15237959260968392,16.72810894663847,0.8599801331987299
1988-11-11,0.0,0.12220473816841633,92.55183562183034,0.0,60.15869315418972,32.393142467640615,92.55183562183034,0.008070719147830092,32.79999999999999,0.15137000805916276,16.71613632224821,0.3694356061086109
1988-11-12,0.0,0.12313913638076056,94.90752278580632,0.0,61.689889810774105,33.21763297503221,94.90752278580634,0.007885874718426774,33.99999999999999,0.15044600731226895,16.704650544260033,0.2950285937006127
1988-11-13,0.0,0.12281501944766435,96.56221812052975,0.0,62.76544177834434,33.79677634218541,96.56221812052976,0.007433381024123641,35.199999999999996,0.1495592771041881,16.692259087445525,0.31520417149090796
1988-11-14,0.0,0.12262049825081874,98.25204046670908,0.0,63.863826303360895,34.388214163348174,98.25204046670909,0.008503920617494965,36.4,0.14876095232039593,16.68095743557573,0.6560822219145068
1988-11-15,0.0,0.12737761959296762,102.62233249960721,0.0,66.70451612474469,35.91781637486252,102.62233249960721,0.009856048406859694,37.6,0.14803389290366634,16.670419382026388,0.8471546357783253
1988-11-16,0.0,0.1341352540576984,107.9501313563141,0.0,70.16758538160417,37.782545974709926,107.9501313563141,0.009967808859450427,38.800000000000004,0.1473382368954372,16.659354838126713,1.0
1988-11-17,0.0,0.1410962303429772,113.00163809454253,0.0,73.45106476145264,39.55057333308988,113.00163809454254,0.010513603335087501,40.00000000000001,0.14694480048175051,16.658709503588984,1.0
1988-11-18,4.777667883014731e-05,0.14946487819001844,119.07467717076983,0.0,77.3985401610004,41.67613700976944,119.07467717076986,0.01144443621169803,41.20000000000001,0.14602077555700427,16.635259675002757,1.0
1988-11-19,0.00021084656290410266,0.15784008553647344,125.1524764062234,0.0,81.34910966404522,43.80336674217819,125.15247640622343,0.007582450259891772,42.40000000000001,0.14540114256983216,16.622498404750278,0.32242966820855884
1988-11-20,0.0006516147153478053,0.1577367410965232,127.40580611149036,0.0,82.81377397246874,44.592032139021626,127.40580611149039,0.009633038084219362,43.600000000000016,0.1448657502156497,16.611922906926935,0.653489451631206
1988-11-21,0.0012425714279083178,0.16374604396778605,132.9566233908233,0.0,86.42180520403514,46.53481818678815,132.95662339082332,0.009252183570965293,44.80000000000002,0.1443426226140491,16.600611928369226,0.583712327632679
1988-11-22,0.002019133969260385,0.16863604732280343,137.98925556796303,0.0,89.69301611917598,48.29623944878706,137.98925556796306,0.008423059055107839,46.00000000000002,0.14385472249316275,16.589665907680526,0.4684737895500271
1988-11-23,0.002795225464063539,0.17024860289186458,141.1108738150049,0.0,91.72206797975319,49.38880583525172,141.11087381500494,0.01261083691378074,47.200000000000024,0.14340190154277202,16.579204663549092,0.9540113592874028
1988-11-24,0.0032596757338499978,0.1778092832981088,146.76803307563677,0.0,95.3992214991639,51.36881157647287,146.7680330756368,0.012018007818227478,48.40000000000003,0.1428990455656461,16.56523495384274,0.8512642434655359
1988-11-25,0.0038579505515836097,0.18450489439932874,152.2027275961925,0.0,98.93177293752511,53.27095465866738,152.20272759619252,0.0123299189129904,49.60000000000003,0.14243277735745796,16.5518731431306,0.8537899870675172
1988-11-26,0.004619764311224319,0.19144954637311407,157.82968395589663,0.0,102.5892945713328,55.24038938456382,157.82968395589663,0.010976909030222205,50.80000000000003,0.14198184170550923,16.53817118257577,0.6913225312975104
1988-11-27,0.005206744201002965,0.19492638012833116,161.6393491198864,0.0,105.06557692792614,56.57377219196024,161.6393491198864,0.013050545893154478,52.000000000000036,0.14157771091924107,16.52582082947165,0.885882546336167
1988-11-28,0.005931288125742879,0.20169777774065795,167.03755860964793,0.0,108.57441309627114,58.46314551337677,167.03755860964793,0.01346330697070514,53.20000000000004,0.14115641268461288,16.511587254227734,1.0
1988-11-29,0.006778902496802701,0.21071321974402552,173.57996935229494,0.0,112.8269800789917,60.75298927330323,173.57996935229494,0.01065873761676565,54.40000000000004,0.14074920724501497,16.49710921127036,0.6080596515526132
1988-11-30,0.008032324002849138,0.2135873718820844,177.4636867116035,0.0,115.35139636254226,62.11229034906123,177.46368671160351,0.008537557890482363,55.600000000000044,0.14040222610516942,16.48500234632418,0.4119181218479161
1988-12-01,0.009598747662832339,0.2139119615497469,180.43378508013905,0.0,117.28196030209038,63.15182477804868,180.43378508013907,0.014527005175756235,56.80000000000005,0.14010236976839638,16.47473941545689,1.0
1988-12-02,0.01080687223952699,0.2237602779269521,187.58060393152164,0.0,121.92739255548906,65.65321137603259,187.58060393152167,0.010841090699333113,58.00000000000005,0.1397219520949257,16.45908427185288,0.604096658320433
1988-12-03,0.012280479164536949,0.2274515118145365,192.1879022918825,0.0,124.9221364897236,67.26576580215888,192.1879022918825,0.012414074713316157,59.20000000000005,0.13941541469817378,16.446889838214293,1.0
1988-12-04,0.01381514399363944,0.23544159569511397,197.98622150855704,0.0,128.69104398056206,69.29517752799497,197.986221508557,0.014834216080582493,60.400000000000055,0.13910017797494947,16.433434275504567,1.0
1988-12-05,0.014808754891052333,0.24396962267314481,204.17492033151117,0.0,132.71369821548225,71.46122211602892,204.17492033151117,0.007867082027982236,61.60000000000006,0.13875953408763678,16.41765706335126,0.32192511145251873
1988-12-06,0.016424407119363188,0.24201352558209618,206.35691826332777,0.0,134.13199687116304,72.22492139216473,206.35691826332777,0.006814373773042425,62.80000000000006,0.13853226901713786,16.408182495564308,0.23952667600477554
1988-12-07,0.019393789213011544,0.23865119416826477,207.92369148082065,0.0,135.15039946253341,72.77329201828724,207.92369148082065,0.006900588151390438,64.00000000000006,0.13832254480363038,16.39928510645561,0.26742027321806316
1988-12-08,0.022294080785288262,0.23360791496119224,208.0700279042797,0.0,135.2455181377818,72.8245097664979,208.0700279042797,0.007062958942895587,65.20000000000006,0.13813508266789323,16.39133586670512,0.30359401038616085
1988-12-09,0.024138324895407362,0.22982406861002966,208.8659148308709,0.0,135.76284464006608,73.10307019080481,208.8659148308709,0.007012075989879628,66.40000000000006,0.1379279151831048,16.381628282651857,0.3171493962751453
1988-12-10,0.025316442176206797,0.22704747529327382,210.26756345443403,0.0,136.67391624538212,73.59364720905191,210.26756345443405,0.007327583049015888,67.60000000000007,0.13773581867768767,16.372442294840603,0.3595938994959967
1988-12-11,0.02701999744284817,0.22549166923856212,212.30404501738298,0.0,137.99762926129893,74.30641575608404,212.304045017383,0.005478998589180793,68.80000000000007,0.13755628649363089,16.363659700725936,0.1931378532949215
1988-12-12,0.029690291330649314,0.22150161326039478,213.36947665091762,0.0,138.69015982309645,74.67931682782117,213.36947665091768,0.005023340744389574,70.00000000000007,0.13739954555872233,16.35604161680991,0.15149162612762201
1988-12-13,0.033340087294798426,0.21691412728696305,214.13209873865264,0.0,139.1858641801242,74.94623455852842,214.1320987386527,0.005395342132202014,71.20000000000007,0.13724547141455257,16.348237230150705,0.22321257899546346
1988-12-14,0.035753672264720246,0.21334821188390504,215.212628174344,0.0,139.88820831332362,75.32441986102039,215.21262817434405,0.007921342776053877,72.40000000000008,0.13710277825102202,16.34088704854377,0.4725779956281287
1988-12-15,0.037094968624526964,0.21252848843592329,217.0674995809094,0.0,141.09387472759113,75.97362485331828,217.06749958090947,0.010957170854901091,73.60000000000008,0.13693697491826948,16.331493494889628,0.7455900990285634
1988-12-16,0.037094968624526964,0.21090640788502552,217.64776768980215,0.0,141.4710489983714,76.17671869143074,217.64776768980218,0.010072032993883125,74.80000000000008,0.13674042500066283,16.31940216868979,0.7489361111847577
1988-12-17,0.037313807766776924,0.20996527732421158,218.12194876320427,0.0,141.7792666960828,76.34268206712149,218.12194876320433,0.009576923441221767,76.00000000000009,0.13656463955017925,16.30841722218905,0.7294043944643601
1988-12-18,0.038210131653180227,0.20857661278445283,218.35583629959302,0.0,141.93129359473548,76.42454270485754,218.35583629959308,0.0074041654561820755,77.20000000000009,0.1364482010016257,16.301591971436146,0.716466777958409
1988-12-19,0.03986927456621301,0.20679565933714741,218.35583629959305,0.0,141.9312935947355,76.42454270485754,218.35583629959308,0.00793024408788234,78.40000000000009,0.13626717717762935,16.289423782571998,0.5205189377930819
1988-12-20,0.043065301228870596,0.20380951933747335,218.35583629959302,0.0,141.93129359473548,76.42454270485754,218.35583629959308,0.005129821909423727,79.6000000000001,0.13618564882945525,16.284740976405715,0.6872943143839152
1988-12-21,0.045627530204853,0.2018900462004114,218.35583629959305,0.0,141.9312935947355,76.42454270485754,218.35583629959308,0.0074411904034032824,80.8000000000001,0.1360344188819113,16.274230612974726,0.6704909868790336
1988-12-22,0.04883105742415467,0.19988640414827546,218.35583629959305,0.0,141.9312935947355,76.42454270485754,218.35583629959308,0.006224432389056052,82.0000000000001,0.13591123974309452,16.265657463985256,0.65680441589939
1988-12-23,0.05174256473972922,0.19782016753850323,218.35583629959302,0.0,141.93129359473548,76.42454270485754,218.35583629959308,0.004437233534421277,83.2000000000001,0.13610638352718177,16.283273152248245,0.6784870585757509
1988-12-24,0.05474738386367172,0.19734229530240568,219.39929974348246,0.0,142.6095448332636,76.78975491021885,219.39929974348252,0.003232366276899623,84.4000000000001,0.1357474613422566,16.254594017808394,0.6386068158062876
1988-12-25,0.05648476569456038,0.19549192365775167,219.61544079704584,0.0,142.7500365180798,76.86540427896603,219.6154407970459,0.004338324249210148,85.60000000000011,0.1358243494878764,16.262358834419373,0.6471499430973755
1988-12-26,0.05672677052849302,0.1936159873709193,219.76196334567265,0.0,142.84527617468723,76.91668717098541,219.7619633456727,0.0029846336301256097,86.80000000000011,0.13561347783724947,16.245330632265624,0.623719759694385
1988-12-27,0.05771410872373122,0.1914213449461455,219.76196334567265,0.0,142.84527617468723,76.91668717098541,219.7619633456727,0.0035884664606336877,88.00000000000011,0.13566309786983768,16.2507196062733,0.6292330966486306
1988-12-28,0.05974000048095287,0.1892832699054793,219.76196334567265,0.0,142.84527617468723,76.91668717098541,219.7619633456727,0.005853121632624761,89.20000000000012,0.13554127593881715,16.24093504520529,0.615697326535238
1988-12-29,0.06146078753141064,0.18709178914394684,219.76196334567265,0.0,142.84527617468723,76.91668717098541,219.7619633456727,0.003313683765361738,90.40000000000012,0.13562006025296022,16.248992916065617,0.6244511392178015
1988-12-30,0.06296334920577744,0.18497491712311925,219.76196334567265,0.0,142.84527617468723,76.91668717098541,219.7619633456727,0.003553472466074894,91.60000000000012,0.13536998902390923,16.227116701523318,0.5966654471010248
1988-12-31,0.06509359360631425,0.18272703855460856,219.76196334567265,0.0,142.84527617468723,76.91668717098541,219.7619633456727,0.0037881267910309037,92.80000000000013,0.1354365115974285,16.234020220909812,0.6040568441587217
1989-01-01,0.0668464433517097,0.1805470549488029,219.76196334567265,0.0,142.84527617468723,76.91668717098541,219.7619633456727,0.003316767303633285,94.00000000000013,0.13529327766121932,16.22136628255828,0.5881419623577011
1989-01-02,0.06947571796980286,0.1783063825087848,219.76196334567265,0.0,142.84527617468723,76.91668717098541,219.7619633456727,0.0036678335061247464,95.20000000000013,0.13521873604803783,16.21490809191208,0.5798595608930912
1989-01-03,0.07392632147153409,0.17604889240548643,219.76196334567265,0.0,142.84527617468723,76.91668717098541,219.7619633456727,0.004110435979804564,96.40000000000013,0.13516623110878492,16.21039533676096,0.5740256787538793
1989-01-04,0.07773022421322424,0.1737889047891961,219.76196334567265,0.0,142.84527617468723,76.91668717098541,219.7619633456727,0.005242697153768906,97.60000000000014,0.13519189584896205,16.213385930468004,0.39730853262513605
1989-01-05,0.08121578267818863,0.17067442567246485,219.79259550703011,0.0,142.86518707956958,76.92740842746053,219.7925955070302,0.002225620398116798,98.80000000000014,0.1354318159944959,16.23760655360072,0.6035351104995449
1989-01-06,0.08382604391812574,0.16863492264080587,219.79259550703011,0.0,142.86518707956958,76.92740842746053,219.7925955070302,0.0027162877593684426,100.00000000000014,0.1365170361120335,16.34693298228309,0.7241151235592769
1989-01-07,0.08644687266202641,0.16793315456948252,220.30098787076753,0.0,143.1956421159989,77.10534575476862,220.30098787076759,0.003166141114482109,101.20000000000014,0.13683768174651337,16.38148900156211,0.7597424162792619
1989-01-08,0.0880148917431689,0.1677729060359754,221.06726599257985,0.0,143.6937228951769,77.37354309740293,221.0672659925799,0.002781744431583415,102.40000000000015,0.13652348031510567,16.351806230816994,0.7248311461228507
1989-01-09,0.08964621145138858,0.16687816725055285,221.42781634893313,0.0,143.92808062680655,77.49973572212659,221.42781634893322,0.003350610714311703,103.60000000000015,0.13677263537016587,16.37973310863457,0.7525150411295404
1989-01-10,0.09258511106767407,0.16584816832635277,221.5837908815433,0.0,144.02946407300317,77.55432680854014,221.58379088154337,0.002488707083951687,104.80000000000015,0.1373267856757406,16.440221460838217,0.8140872973045109
1989-01-11,0.09281229180408092,0.16491871016339218,221.5837908815433,0.0,144.02946407300317,77.55432680854014,221.58379088154337,0.005219545457113551,106.00000000000016,0.13808478087454054,16.523647332457116,0.8983089860600588
1989-01-12,0.09281229180408092,0.16441314824488254,221.5837908815433,0.0,144.02946407300317,77.55432680854014,221.58379088154337,0.004583308317079869,107.20000000000016,0.1374199590432659,16.45636640692914,0.8244398936962097
1989-01-13,0.09281229180408092,0.16354300516575151,221.5837908815433,0.0,144.02946407300317,77.55432680854014,221.58379088154337,0.004024902297965542,108.40000000000016,0.13733219826185908,16.450043326811773,0.8146886957621187
1989-01-14,0.09281229180408092,0.16262936883803972,221.5837908815433,0.0,144.02946407300317,77.55432680854014,221.58379088154337,0.004488537961844058,109.60000000000016,0.13726150795268477,16.445380544575713,0.8068342169649731
1989-01-15,0.09281229180408092,0.1616823022411675,221.5837908815433,0.0,144.02946407300317,77.55432680854014,221.58379088154337,0.005337908830555893,110.80000000000017,0.13718895400962028,16.440341614962605,0.7987726677355853
1989-01-16,0.09380462323591805,0.16070142819221797,221.5837908815433,0.0,144.02946407300317,77.55432680854014,221.58379088154337,0.005661669076713146,112.00000000000017,0.13710829880432338,16.434221214516114,0.7898109782581516
1989-01-17,0.09503782696441437,0.15968305583882306,221.5837908815433,0.0,144.02946407300317,77.55432680854014,221.58379088154337,0.0023902471079019845,113.20000000000017,0.137026304349812,16.427755638565827,0.7807004833124433
1989-01-18,0.09527417520739252,0.1586272427107593,221.5837908815433,0.0,144.02946407300317,77.55432680854014,221.58379088154337,0.0023355380977882517,114.40000000000018,0.1376161566807211,16.49795254817682,0.8462396311912329
1989-01-19,0.09610663526945405,0.15789183676315283,221.5837908815433,0.0,144.02946407300317,77.55432680854014,221.58379088154337,0.003068475166513998,115.60000000000018,0.13750769411370548,16.488839901181898,0.8341882348561627
1989-01-20,0.09706418528656839,0.15710244949883773,221.5837908815433,0.0,144.02946407300317,77.55432680854014,221.58379088154337,0.00504404518556647,116.80000000000018,0.13743688968845538,16.48386541498435,0.8263210764950413
1989-01-21,0.09947391168730058,0.15627972171029308,221.5837908815433,0.0,144.02946407300317,77.55432680854014,221.58379088154337,0.004144528321018511,118.00000000000018,0.13735541000136367,16.477461317268887,0.8172677779292955
1989-01-22,0.10183926376344378,0.15541861805354185,221.5837908815433,0.0,144.02946407300317,77.55432680854014,221.58379088154337,0.005018906748417676,119.20000000000019,0.13737617125940924,16.483048788964773,0.8195745843788027
1989-01-23,0.10391555274008912,0.1545730458947719,221.5837908815433,0.0,144.02946407300317,77.55432680854014,221.58379088154337,0.006936870787696478,120.0,0.13722930315643883,16.46751637877266,0.80325590627098
1989-01-24,0.10655982635058937,0.1536559863267656,221.5837908815433,0.0,144.02946407300317,77.55432680854014,221.58379088154337,0.005795964424235351,120.0,0.13715746628174383,16.45889595380926,0.7952740313048686
1989-01-25,0.10928483681206742,0.15270735418276726,221.5837908815433,0.0,144.02946407300317,77.55432680854014,221.58379088154337,0.007506664027820612,120.0,0.1371011683569778,16.452140202837338,0.7890187063308659
1989-01-26,0.11308995892888267,0.15173574124950773,221.5837908815433,0.0,144.02946407300317,77.55432680854014,221.58379088154337,0.006168018107605486,120.0,0.13702843449033159,16.44341213883979,0.5306776360211402
1989-01-27,0.11403249122974275,0.14958809370803153,221.5837908815433,0.0,144.02946407300317,77.55432680854014,221.58379088154337,0.008033930146530982,120.0,0.13696399922264096,16.435679906716917,0.7737776914045504
1989-01-28,0.11403249122974275,0.1485674621062207,221.5837908815433,0.0,144.02946407300317,77.55432680854014,221.58379088154337,0.007433692362086218,120.0,0.13688595558185088,16.426314669822105,0.7651061757612073
1989-01-29,0.11403249122974275,0.14751490002659642,221.5837908815433,0.0,144.02946407300317,77.55432680854014,221.58379088154337,0.005550737251748129,120.0,0.13681252574509795,16.417503089411753,0.7569473050108817
1989-01-30,0.11544619165275169,0.1464334527895386,221.5837908815433,0.0,144.02946407300317,77.55432680854014,221.58379088154337,0.0059861619370771895,120.0,0.13675906911660443,16.41108829399253,0.7510076796227134
1989-01-31,0.11855423906304736,0.14533365573541002,221.5837908815433,0.0,144.02946407300317,77.55432680854014,221.58379088154337,0.006423868202776882,120.0,0.13669965637943213,16.403958765531854,0.7444062643813463
1989-02-01,0.12044652250633073,0.14421313332097221,221.5837908815433,0.0,144.02946407300317,77.55432680854014,221.58379088154337,0.005682767454026061,120.0,0.13663536335597617,16.396243602717142,0.7372625951084627
1989-02-02,0.12202474766441486,0.14307012516958478,221.5837908815433,0.0,144.02946407300317,77.55432680854014,221.58379088154337,0.004614361131488437,120.0,0.13657979922190536,16.389575906628643,0.3876618819715318
1989-02-03,0.12348280756878093,0.14042721749336398,221.5837908815433,0.0,144.02946407300317,77.55432680854014,221.58379088154337,0.006709627747189052,120.0,0.13652815361618978,16.383378433942774,0.7253504017988632
1989-02-04,0.12455159379404195,0.13926358075507408,221.5837908815433,0.0,144.02946407300317,77.55432680854014,221.58379088154337,0.0065048982391085084,120.0,0.13646148774594474,16.37537852951337,0.7179430828827481
1989-02-05,0.12589819841632077,0.13807840700611426,221.5837908815433,0.0,144.02946407300317,77.55432680854014,221.58379088154337,0.0064180112249368326,120.0,0.1363958444018699,16.367501328224385,0.7106493779855418
1989-02-06,0.12868080741794435,0.13687287379270774,221.5837908815433,0.0,144.02946407300317,77.55432680854014,221.58379088154337,0.00400737655423507,120.0,0.13633093633873766,16.35971236064852,0.7034373709708502
1989-02-07,0.13039115170755552,0.1356480183854088,221.5837908815433,0.0,144.02946407300317,77.55432680854014,221.58379088154337,0.0021892882533830443,120.0,0.13642865912606117,16.37143909512734,0.7142954584512399
1989-02-08,0.13114977552590587,0.1344785071766901,221.5837908815433,0.0,144.02946407300317,77.55432680854014,221.58379088154337,0.004086347302682544,120.0,0.13649394534671266,16.37927344160552,0.7215494829680726
1989-02-09,0.13344408067589528,0.13334845933112202,221.5837908815433,0.0,144.02946407300317,77.55432680854014,221.58379088154337,0.005052394916137589,120.0,0.13622807981141874,16.347369577370248,0.6920088679354144
1989-02-10,0.1356869402483616,0.1321089668640393,221.5837908815433,0.0,144.02946407300317,77.55432680854014,221.58379088154337,0.0044941617863503164,120.0,0.13617595012917308,16.341114015500768,0.43212459837983935
1989-02-11,0.13823071804836867,0.12984470152937727,221.5837908815433,0.0,144.02946407300317,77.55432680854014,221.58379088154337,0.0026255685272853204,120.0,0.13612518753443817,16.33502250413258,0.15927455888761993
1989-02-12,0.14300363751618417,0.12654962164996622,221.5837908815433,0.0,144.02946407300317,77.55432680854014,221.58379088154337,0.0025767820989496685,120.0,0.13608080922256557,16.32969710670787,0.16512631470441083
1989-02-13,0.14910838012213332,0.12336000599322502,221.5837908815433,0.0,144.02946407300317,77.55432680854014,221.58379088154337,0.0023860650365741427,120.0,0.13603925513398704,16.324710616078445,0.13921561934688662
1989-02-14,0.15417701019514876,0.12015376626267757,221.5837908815433,0.0,144.02946407300317,77.55432680854014,221.58379088154337,0.004597357389436652,120.0,0.1359945497397402,16.319345968768825,0.6660610821933551
1989-02-15,0.15899520305871023,0.11990655862575819,222.26481446468475,0.0,144.48442800924744,77.78038645543731,222.13165909761534,0.0032892846727879672,120.0,0.13598028595339695,16.317634314407634,0.6644762170441045
1989-02-16,0.1645153596129365,0.11994722419062707,223.14927467716274,0.0,145.0767201173023,78.07255455986045,222.82943108970443,0.00201915510012563,120.0,0.13600865642581192,16.32103877109743,0.6676284917568788
1989-02-17,0.16881932637017152,0.1194293062034745,223.6312012273936,0.0,145.40033626318407,78.23086496420952,223.20120416345065,0.0025124520199216204,120.0,0.1371128929995576,16.45354715994691,0.7903214443952865
1989-02-18,0.1697171119007848,0.11929211886955914,224.06515706660542,0.0,145.69236240818142,78.372794658424,223.53015460940506,0.006175737645290023,120.0,0.1368668736167377,16.424024834008524,0.7629859574152976
1989-02-19,0.17303600261717958,0.12060261488238606,225.58162116092524,0.0,146.71330523514172,78.86831592578353,224.67547486848187,0.004868890212481024,120.0,0.1367237912774244,16.406854953290928,0.747087919713821
1989-02-20,0.17805515627391186,0.12134810464665201,226.74740062487,0.0,147.49944317736572,79.24795744750429,225.54408671436826,0.002803493583896962,120.0,0.13667361057470864,16.400833268965037,0.741512286078737
1989-02-21,0.18096864089584322,0.1205425114235171,226.84621539733135,0.0,147.56624378030114,79.27997161703021,225.61621544338573,0.0032105784741159296,120.0,0.13769029314570977,16.522835177485174,0.8544770161899731
1989-02-22,0.18135512977841473,0.12001276939875888,226.84621539733135,0.0,147.56624378030114,79.27997161703021,225.61621544338573,0.0021621186736784296,120.0,0.13736784655293074,16.48414158635169,0.8186496169923038
1989-02-23,0.18135512977841473,0.11935548826344802,226.84621539733135,0.0,147.56624378030114,79.27997161703021,225.61621544338573,0.002572266229196335,120.0,0.1392354373495692,16.708252481948303,1.0
1989-02-24,0.18135512977841473,0.11935548826344802,226.84621539733135,0.0,147.56624378030114,79.27997161703021,225.61621544338573,0.0025523025424833566,120.0,0.13997530221504448,16.79703626580534,1.0
1989-02-25,0.18135512977841473,0.11935548826344802,226.84621539733135,0.0,147.56624378030114,79.27997161703021,225.61621544338573,0.0048501757760243975,120.0,0.14012833483782144,16.815400180538575,1.0
1989-02-26,0.18215358957033656,0.11935548826344802,226.84621539733135,0.0,147.56624378030114,79.27997161703021,225.61621544338573,0.004919186890802751,120.0,0.1396905264953233,16.762863179438796,1.0
1989-02-27,0.1836024500225818,0.11935548826344802,226.84621539733135,0.0,147.56624378030114,79.27997161703021,225.61621544338573,0.007099792657878822,120.0,0.13964108997947838,16.756930797537407,1.0
1989-02-28,0.1871726950643343,0.11935548826344802,226.84621539733135,0.0,147.56624378030114,79.27997161703021,225.61621544338573,0.006284322919224693,120.0,0.13957000250597898,16.748400300717478,1.0
1989-03-01,0.19224397925914735,0.11935548826344802,226.84621539733135,0.0,147.56624378030114,79.27997161703021,225.61621544338573,0.00387961768050296,120.0,0.14000521103106536,16.800625323727843,1.0
1989-03-02,0.19628408032657027,0.11935548826344802,226.84621539733135,0.0,147.56624378030114,79.27997161703021,225.61621544338573,0.002706233765536261,120.0,0.13975250797554872,16.770300957065846,1.0
1989-03-03,0.19910982771449637,0.11935548826344802,226.84621539733135,0.0,147.56624378030114,79.27997161703021,225.61621544338573,0.0038607025913712074,120.0,0.14098563849570941,16.91827661948513,1.0
1989-03-04,0.20112036319298776,0.11935548826344802,226.84621539733135,0.0,147.56624378030114,79.27997161703021,225.61621544338573,0.008366303025905936,120.0,0.14065087821323427,16.878105385588114,1.0
1989-03-05,0.20475116312929637,0.11935548826344802,226.84621539733135,0.0,147.56624378030114,79.27997161703021,225.61621544338573,0.0054742575061065505,120.0,0.14035893116552817,16.84307173986338,0.512393193991007
1989-03-06,0.20832556436221383,0.11759783496073613,226.84621539733135,0.0,147.56624378030114,79.27997161703021,225.61621544338573,0.005014857965024279,120.0,0.14029551794040582,16.8354621528487,0.4519795761532023
1989-03-07,0.21381516114437274,0.115651308430619,226.84621539733135,0.0,147.56624378030114,79.27997161703021,225.61621544338573,0.005253705622365163,120.0,0.1402375627544379,16.828507530532548,0.5075739779725215
1989-03-08,0.21839688253187697,0.11393100456295704,226.84621539733135,0.0,147.56624378030114,79.27997161703021,225.61621544338573,0.003959294153611912,120.0,0.1402000562752685,16.82400675303222,0.28924456448314584
1989-03-09,0.22414697112790913,0.11148464233697375,226.84621539733135,0.0,147.56624378030114,79.27997161703021,225.61621544338573,0.003667884158940635,120.0,0.14011734055793362,16.814080866952036,0.24561878088990735
1989-03-10,0.23275135030487423,0.10919025582082241,227.014573360829,0.0,147.6826435003191,79.33192986050989,225.71552725695994,0.003847458376417861,120.0,0.14006129405095796,16.807355286114955,0.3067842700475006
1989-03-11,0.24407668390356915,0.10943329974796087,228.73384652033903,0.0,148.8762496651566,79.85759685518244,226.68555302105682,0.0035706702121572984,120.0,0.140008601889104,16.80103222669248,0.24490218144178647
1989-03-12,0.2570049703485366,0.10874763004606644,229.95793883446217,0.0,149.73069738980686,80.2272414446553,227.33633783108692,0.0035356919314041657,120.0,0.1399525890168656,16.794310682023873,0.24528040963673542
1989-03-13,0.27102062957928835,0.10767487138554421,230.91408723403157,0.0,150.3946430365552,80.51944419747635,227.81067995743854,0.003667237962908225,120.0,0.13989688774289533,16.78762652914744,0.2875970428303105
1989-03-14,0.2826988950299666,0.1069366151744241,232.005032857884,0.0,151.1399590821718,80.8650737757122,228.31183329834712,0.003319332123984769,120.0,0.1398431260476792,16.781175125721504,0.20556253635658042
1989-03-15,0.29601645421501754,0.10565570077935203,232.90579446578863,0.0,151.7469290802939,81.1588653854947,228.6992750483968,0.006684010690653317,120.0,0.13978565694382375,16.77427883325885,1.0
1989-03-16,0.30686121832579594,0.11051081449163998,236.3590415011772,0.0,154.03707705778822,82.32196444338896,230.07426025806242,0.0033338987234638696,120.0,0.13971916434629827,16.766299721555793,0.1769646797953064
1989-03-17,0.3170466638431607,0.1087177145538169,237.04749465055963,0.0,154.48767723448864,82.55981741607098,230.3311813400429,0.005934574012826082,120.0,0.13965527479584827,16.758632975501794,0.6962107477024048
1989-03-18,0.32413644542954745,0.1102316061156532,238.8806826869117,0.0,155.6725815463074,83.2081011406043,230.97374884452032,0.00614351094082489,120.0,0.13975499647671902,16.770599577206283,1.0
1989-03-19,0.332124712107459,0.11598298176092328,243.11503856554327,0.0,158.38549458652915,84.72954397901412,232.3930123382219,0.0038469062174609327,120.0,0.1395295357939382,16.743544295272585,1.0
1989-03-20,0.34055068829841817,0.11850553261794726,244.99093648085568,0.0,159.57537706625743,85.41555941459826,232.9901205130346,0.004132429980516255,120.0,0.13950726945922626,16.740872335107152,0.32599541345081
1989-03-21,0.3518042717832699,0.11896685274412389,247.15091113884142,0.0,160.93088957325725,86.22002156558418,233.6401949495808,0.0035057199310578636,120.0,0.1394531409827442,16.734376917929303,0.18505857734842174
1989-03-22,0.360834466354614,0.1172059158830749,248.04094935291644,0.0,161.4814285693152,86.55952078360124,233.8885979620354,0.006968117426582584,120.0,0.13937322907910318,16.724787489492382,0.7956780055613826
1989-03-23,0.3681884878278781,0.1202847965212533,250.97470071948055,0.0,163.27492591220587,87.69977480727466,234.66453742380273,0.004592301809265478,120.0,0.13991154835472513,16.789385802567015,1.0
1989-03-24,0.3748158956521875,0.12329719051924792,253.32162023351773,0.0,164.69586647729767,88.62575375622006,235.25792530560872,0.007067548477671808,120.0,0.1395900987010777,16.750811844129323,1.0
1989-03-25,0.38168717427583343,0.13043323373191645,258.9303403124869,0.0,168.06192459648094,90.86841571600598,236.61815316773868,0.004265901447650052,120.0,0.13947874818544928,16.737449782253915,0.28133727687384685
1989-03-26,0.39038694892594467,0.13037888926332053,261.13158671619203,0.0,169.3708963440435,91.76069037214852,237.12884613361769,0.004028522606884918,120.0,0.13932969143919563,16.719562972703475,0.24528587495117732
1989-03-27,0.4008409212221038,0.12998203069941058,263.1969223766655,0.0,170.58467436886946,92.61224800779603,237.58102451109596,0.0038010784592294677,120.0,0.13933860555330913,16.720632666397094,0.19268900021528326
1989-03-28,0.40996482894624353,0.12834019248966183,264.439096320774,0.0,171.3042996001075,93.13479672066651,237.83483941108588,0.003648174354750893,120.0,0.13920178585537954,16.704214302645546,0.149743825190558
1989-03-29,0.42218149973136987,0.1261391614712276,265.34041298393834,0.0,171.81987809164295,93.5205348922954,238.0142564018555,0.0035723802716130467,120.0,0.1391314800229479,16.695777602753747,0.14127397091729066
1989-03-30,0.43905806215770066,0.12309646494191898,265.53124860015384,0.0,171.9271763329121,93.60407226724178,238.0509113679286,0.003684830693157049,120.0,0.1390612790107215,16.68735348128658,0.23498555235524393
1989-03-31,0.45451564120440147,0.12078061389007382,265.9847786145144,0.0,172.17605253844818,93.80872607606622,238.13370769965908,0.0033805268056145356,120.0,0.13900724175034132,16.680869010040958,0.17164355446018234
1989-04-01,0.4723467895789978,0.11796185581696969,266.1629400671661,0.0,172.27161611232282,93.89132395484333,238.1647034952619,0.004620712085256768,120.0,0.13894923827952213,16.673908593542656,0.433749549229083
1989-04-02,0.4880164189419038,0.11780911762052225,267.8475764952097,0.0,173.15120281084666,94.69637368436304,238.4413669795323,0.006808528258432473,120.0,0.13903946936985281,16.68473632438234,1.0
1989-04-03,0.5037920594476001,0.12106975942017997,270.86578338169915,0.0,174.68924139559084,96.17654198610829,238.9115835512035,0.004639122675372239,120.0,0.13897868509942707,16.677442211931247,0.4167328198008597
1989-04-04,0.5198840324657379,0.12036488460081197,272.22671223089833,0.0,175.36263633649165,96.86407589440667,239.11289793583754,0.003811173761445991,120.0,0.13876424310433189,16.651709172519826,0.2904384918071352
1989-04-05,0.5326952498448105,0.11896449220439301,273.40287789659953,0.0,175.91868229772322,97.48419559887628,239.27944046519204,0.003253229718464922,120.0,0.1387108126704333,16.645297520451997,0.17981887242905858
1989-04-06,0.5465505110159705,0.11710232959544993,274.52684632397256,0.0,176.43032619832667,98.09652012564587,239.43298678292422,0.0031737550517572793,120.0,0.1386526433255062,16.638317199060744,0.17537252712607454
1989-04-07,0.5628569926644222,0.11496442515324182,275.36901826641633,0.0,176.79770869792654,98.57130956848977,239.5435355889118,0.003077924050816889,120.0,0.13859505464160468,16.631406556992562,0.16569339843209646
1989-04-08,0.5822932786618089,0.11218364199140403,275.50201380491285,0.0,176.85275482390404,98.64925898100884,239.56016538257023,0.002970019458778132,120.0,0.1385364343400407,16.624372120804885,0.1540422265279183
1989-04-09,0.6013120082845822,0.10936839434086548,275.56550153573204,0.0,176.87734168448634,98.68815985124571,239.56763840229542,0.002876910872071749,120.0,0.1384771352492967,16.617256229915604,0.13722124745722436
1989-04-10,0.6214373068576449,0.10651687595433622,275.56550153573204,0.0,176.87734168448634,98.68815985124571,239.56763840229542,0.002830674982327507,120.0,0.13841814261674854,16.610177114009826,0.11876213307694697
1989-04-11,0.6372879253183764,0.10367973543372716,275.56550153573204,0.0,176.87734168448634,98.68815985124571,239.56763840229542,0.0027000919756641354,120.0,0.1383452248232503,16.601426978790034,0.15978385918867508
1989-04-12,0.6520202915246778,0.10104617847504395,275.56550153573204,0.0,176.87734168448634,98.68815985124571,239.56763840229542,0.004847015734494242,120.0,0.13829057648150547,16.594869177780655,0.9211751646117179
1989-04-13,0.6642813621988276,0.10262409211197197,278.4829519970482,0.0,177.7352440245727,100.74770797247548,239.83654777549913,0.0035401524356056388,120.0,0.1389360814914443,16.672329778973314,0.9928979434938088
1989-04-14,0.6758335766201788,0.10332271115925448,279.6885571796864,0.0,178.07517547573332,101.61338170395312,239.9424030846102,0.007044484642593628,120.0,0.13878221173928867,16.65386540871464,0.9758013043654069
1989-04-15,0.6888112061550211,0.10714836740280788,286.49006847446225,0.0,179.91538536908806,106.5746831053742,240.5118056416923,0.0029960681820247422,120.0,0.13856965636942706,16.628358764331246,0.20997520097671654
1989-04-16,0.7055013981139413,0.10521196937894395,287.628447171954,0.0,180.20880486803875,107.41964230391527,240.60192406009563,0.002850818317276182,120.0,0.13852407460689842,16.62288895282781,0.11662446048469223
1989-04-17,0.7284609389313244,0.10240252830954986,287.628447171954,0.0,180.20880486803875,107.41964230391527,240.60192406009563,0.0026799454013108435,120.0,0.13843117717811032,16.61174126137324,0.14540049653629059
1989-04-18,0.7525925311096945,0.09975663343887478,287.628447171954,0.0,180.20880486803873,107.41964230391527,240.60192406009563,0.0026155353062226466,120.0,0.13837141744515524,16.60457009341863,0.1250996645887578
1989-04-19,0.7786016026141349,0.09711733271983325,287.628447171954,0.0,180.20880486803873,107.41964230391527,240.60192406009563,0.00255374800825361,120.0,0.13830365444901033,16.59643853388124,0.1755309329318129
1989-04-20,0.8026709396067276,0.09469544802090502,287.628447171954,0.0,180.20880486803873,107.41964230391527,240.60192406009563,0.004994037354714478,120.0,0.13827009968972662,16.592411962767194,0.9188999655251783
1989-04-21,0.824658577286169,0.0952434070972222,290.1600111321689,0.0,180.57687026894394,109.58314086322497,240.73366668304635,0.005037364372078869,120.0,0.13820739190141068,16.58488702816928,0.9119324334900744
1989-04-22,0.8446558950460121,0.09569186606101421,292.8378665810364,0.0,180.9081000832035,111.92976649783292,240.8600488624006,0.003058552706341061,120.0,0.13943654042740178,16.732384851288213,0.25985607669701705
1989-04-23,0.865359110592606,0.09362078853132907,293.1620624966356,0.0,180.9418028416494,112.22025965498621,240.87393342921325,0.002687756677437752,120.0,0.1380995068996916,16.571940827962994,0.25245793497977387
1989-04-24,0.8820154359058984,0.0916541780105614,294.01415228750534,0.0,181.01297551048577,113.00117677701958,240.90660609458,0.002329356646520814,120.0,0.13816532275647814,16.579838730777375,0.13538930517124995
1989-04-25,0.9027131688057671,0.08925608200798148,294.0141522875054,0.0,181.0129755104858,113.00117677701958,240.90660609458,0.0022363697713864497,120.0,0.13798174498202534,16.55780939784304,0.1193408459031885
1989-04-26,0.925691013846178,0.08687683093604469,294.0141522875054,0.0,181.0129755104858,113.00117677701958,240.90660609458,0.002172844884462737,120.0,0.13791679840392865,16.55001580847144,0.1139095968507548
1989-04-27,0.9515768564819251,0.08454615336368608,294.0141522875054,0.0,181.0129755104858,113.00117677701958,240.90660609458,0.0021361270239117383,120.0,0.13785012086210766,16.54201450345292,0.1779121632467296
1989-04-28,0.9712788014873532,0.08324091141181343,294.0141522875054,0.0,181.0129755104858,113.00117677701958,240.90660609458,0.004809560463772699,120.0,0.13893177057123887,16.671812468548666,0.9924189523598733
1989-04-29,0.9858286724419033,0.08322197981236282,297.31801811304274,1.4060461008492142,181.01297551048577,114.89899650170776,240.98394133049885,0.003322128633592938,120.0,0.1382783929262126,16.593407151145513,0.9198214362458439
1989-04-30,1.0,0.08302180124793883,299.9873425312262,3.3188131052546064,181.01297551048577,115.65555391548583,241.04236180498924,0.003625131330499963,120.0,0.13807808578531358,16.56937029423763,0.5410504815703026
1989-05-01,1.0120603015075378,0.0818787167768816,302.53029912190783,5.8617696959362044,181.01297551048577,115.65555391548583,241.09425887826845,0.0038143842724206547,120.0,0.13802821580818245,16.563385896981895,0.8920239786869373
1989-05-02,1.0243718592964826,0.081613488634848,305.1515590278382,8.483029601866493,181.0129755104858,115.65555391548583,241.14446635572506,0.0036521723850178266,120.0,0.13816367064578763,16.579640477494515,0.9070745161986247
1989-05-03,1.0365159128978225,0.08138596944736466,307.12735203732257,10.458822611350989,181.01297551048577,115.65555391548583,241.17978717395553,0.0023864450481136503,120.0,0.13791023358617902,16.54922803034148,0.27265984506831575
1989-05-04,1.0504187604690118,0.07961011093855132,307.2417361604243,10.573206734452693,181.01297551048577,115.65555391548583,241.18168825195,0.0019577586762591433,120.0,0.1377365200697955,16.52838240837546,0.163394621042757
1989-05-05,1.0661641541038527,0.07761204352763407,307.2417361604243,10.573206734452693,181.01297551048577,115.65555391548583,241.18168825195,0.0018962980370733832,120.0,0.13773344883933994,16.528013860720794,0.156519647994014
1989-05-06,1.0823283082077053,0.07564811651379628,307.2417361604243,10.573206734452693,181.01297551048577,115.65555391548583,241.18168825195,0.0018333943341232,120.0,0.1376262286748663,16.515147440983956,0.10772008007705566
1989-05-07,1.1003350083752095,0.07362313765343874,307.2417361604243,10.573206734452693,181.01297551048577,115.65555391548583,241.18168825195,0.004052400667986403,120.0,0.13755868188747494,16.507041826496994,0.8398535430527702
1989-05-08,1.117001675041876,0.07326942311410264,308.15386650191914,11.485337075947557,181.01297551048577,115.65555391548583,241.19087051323396,0.002146670801244663,120.0,0.1375378240553244,16.504538886638926,0.2867186713726061
1989-05-09,1.1345896147403685,0.07170157177010496,308.15386650191914,11.485337075947557,181.01297551048577,115.65555391548583,241.19087051323396,0.0018932161825125878,120.0,0.13748669500412042,16.49840340049445,0.22746694534921943
1989-05-10,1.1532663316582914,0.07003981674222032,308.1538665019191,11.485337075947557,181.01297551048575,115.65555391548583,241.19087051323396,0.0033535022351945977,120.0,0.13854431818489035,16.62531818218684,0.9493686872100379
1989-05-11,1.1683417085427135,0.0699334305061435,309.19029645783684,12.521767031865222,181.01297551048577,115.65555391548583,241.19573687289974,0.0021509822110738147,120.0,0.1386652746595896,16.639832959150752,0.2674229774106361
1989-05-12,1.1834170854271355,0.06839648177715398,309.19029645783684,12.521767031865222,181.01297551048577,115.65555391548583,241.19573687289974,0.002177769592309511,120.0,0.1377784621911901,16.533415462942813,0.32716320258918974
1989-05-13,1.1982412060301506,0.06701589168456076,309.1902964578368,12.521767031865222,181.01297551048575,115.65555391548583,241.19573687289974,0.0016902698772592397,120.0,0.13793412407409963,16.552094888891958,0.11303137637690869
1989-05-14,1.2125628140703517,0.0652326618883109,309.19029645783684,12.521767031865222,181.01297551048577,115.65555391548583,241.19573687289974,0.0016001300832968537,120.0,0.13763251569048007,16.51590188285761,0.10354605570137973
1989-05-15,1.2284757118927974,0.06347831957690465,309.19029645783684,12.521767031865222,181.01297551048577,115.65555391548583,241.19573687289974,0.001596639226675819,120.0,0.13756772062647674,16.508126475177207,0.1914075549990323
1989-05-16,1.2437185929648242,0.06193847688796739,309.19029645783684,12.521767031865222,181.01297551048577,115.65555391548583,241.19573687289974,0.0014660246760634617,120.0,0.13752731016975459,16.50327722037055,0.11720840485971395
1989-05-17,1.2604690117252932,0.06029811388359274,309.19029645783684,12.521767031865222,181.01297551048577,115.65555391548583,241.19573687289974,0.0014785917468399343,120.0,0.13746867651518882,16.496241181822658,0.09453946132167183
1989-05-18,1.279564489112228,0.058660187003242985,309.19029645783684,12.521767031865222,181.01297551048577,115.65555391548583,241.19573687289974,0.001406479226173843,120.0,0.13739859236874966,16.487831084249958,0.09778691850499557
1989-05-19,1.2988274706867673,0.05707246736092492,309.19029645783684,12.521767031865222,181.01297551048577,115.65555391548583,241.19573687289974,0.001322400075734363,120.0,0.13733021327682657,16.47962559321919,0.14360505908456037
1989-05-20,1.3169179229480739,0.055606170191521184,309.19029645783684,12.521767031865222,181.01297551048577,115.65555391548583,241.19573687289974,0.0012722868302834204,120.0,0.13728321598402535,16.47398591808304,0.13198201270335166
1989-05-21,1.3355108877721944,0.05415815551359361,309.19029645783684,12.521767031865222,181.01297551048577,115.65555391548583,241.19573687289974,0.0012292990498552494,120.0,0.13723137351038883,16.46776482124666,0.12723499841776525
1989-05-22,1.3547738693467337,0.05274013523311824,309.19029645783684,12.521767031865222,181.01297551048577,115.65555391548583,241.19573687289974,0.0016544212283392647,120.0,0.13729171992002756,16.47500639040331,0.33407345336544514
1989-05-23,1.3714405360134003,0.05168650354937334,309.19029645783684,12.521767031865222,181.01297551048577,115.65555391548583,241.19573687289974,0.0012376086695884963,120.0,0.1372256633432725,16.467079601192697,0.08959768416677999
1989-05-24,1.3912060301507538,0.0502748381735132,309.1902964578368,12.521767031865222,181.01297551048575,115.65555391548583,241.19573687289974,0.001670286801989367,120.0,0.13707879985706672,16.449455982848008,0.3762721682338434
1989-05-25,1.403852596314908,0.04933410369932241,309.1902964578368,12.521767031865222,181.01297551048575,115.65555391548583,241.19573687289974,0.0012125319895579104,120.0,0.13749143560861796,16.498972273034155,0.09573849311134909
1989-05-26,1.4209380234505864,0.0479957757707579,309.1902964578368,12.521767031865222,181.01297551048572,115.65555391548583,241.19573687289974,0.0011771660042240906,120.0,0.13698199290213597,16.437839148256316,0.20695031206040984
1989-05-27,1.4375209380234508,0.045447708701764185,309.1902964578368,12.521767031865222,181.01297551048575,115.65555391548583,241.19573687289974,0.0021669593540199193,120.0,0.13698225071031894,16.437870085238274,0.7758056344798813
1989-05-28,1.4522613065326635,0.04140687951528171,309.1902964578368,12.521767031865222,181.01297551048572,115.65555391548583,241.19573687289974,0.0009461440682181607,120.0,0.137249034758958,16.46988417107496,0.13183444450601392
1989-05-29,1.470854271356784,0.034592271150358914,309.1902964578368,12.521767031865222,181.01297551048572,115.65555391548583,241.19573687289974,0.0007500955802570125,120.0,0.13687634023952486,16.425160828742982,0.12192612210523267
1989-05-30,1.489782244556114,0.022107998420226687,309.1902964578368,12.521767031865222,181.01297551048575,115.65555391548583,241.19573687289974,0.000503479141092252,120.0,0.13682213272390717,16.418655926868862,0.08443697848280797
1989-05-31,1.5102177554438863,0.01948936652794691,309.1902964578368,12.521767031865222,181.01297551048575,115.65555391548583,241.19573687289974,0.00043908235477758685,120.0,0.13675828507919813,16.410994209503777,0.08409246889543912
1989-06-01,1.5319932998324959,0.0189538528005648,309.1902964578368,12.521767031865222,181.01297551048575,115.65555391548583,241.19573687289974,0.000416708594411542,120.0,0.1366956830138202,16.403481961658425,0.0872199344464882
1989-06-02,1.5552763819095479,0.018434831830511065,309.19029645783684,12.521767031865222,181.01297551048577,115.65555391548583,241.19573687289974,0.0004248690854129267,120.0,0.13663983716389028,16.396780459666832,0.07542144614039542
1989-06-03,1.5792294807370186,0.013406316323577347,309.19029645783684,12.521767031865222,181.01297551048577,115.65555391548583,241.19573687289974,0.00031447945134214464,120.0,0.1365668540205822,16.388022482469864,0.19935803149452078
1989-06-04,1.599748743718593,0.010799901611056727,309.19029645783684,12.521767031865222,181.01297551048577,115.65555391548583,241.19573687289974,0.000842530161674153,120.0,0.14282339218124676,17.13880706174961,1.0
1989-06-05,1.6165829145728645,0.00971521654177742,309.19029645783684,12.521767031865222,181.01297551048577,115.65555391548583,241.19573687289972,0.0003565790504303295,120.0,0.14132846085740283,16.95941530288834,0.15658847441201268
1989-06-06,1.6376884422110554,0.008819667855553411,309.19029645783684,12.521767031865222,181.01297551048577,115.65555391548583,241.19573687289972,0.00033618048162491567,120.0,0.1412664754877784,16.95197705853341,0.29044484137175863
1989-06-07,1.658961474036851,0.008631926630824543,309.19029645783684,12.521767031865222,181.01297551048577,115.65555391548583,241.19573687289972,0.0006378073154060566,120.0,0.1430879248742304,17.170550984907646,0.9117588197526248
1989-06-08,1.6785594639865997,0.008609075889013162,309.1902964578369,12.521767031865222,181.0129755104858,115.65555391548583,241.19573687289974,0.0004227275459797631,120.0,0.14541097262210745,17.449316714652895,0.2368538265716322
1989-06-09,1.6985762144053602,0.006948790750135814,309.1902964578369,12.521767031865222,181.0129755104858,115.65555391548583,241.19573687289972,0.0002520449986936532,120.0,0.1414370493564939,16.97244592277927,0.1986369980268145
1989-06-10,1.719179229480737,0.0023268910997631988,309.1902964578369,12.521767031865222,181.01297551048583,115.65555391548584,241.19573687289972,0.00014001836513448466,120.0,0.141508523682644,16.98102284191728,0.7135990935590608
1989-06-11,1.7347571189279734,0.0017048417619877632,309.1902964578369,12.521767031865222,181.0129755104858,115.65555391548583,241.19573687289972,6.454643989323705e-05,120.0,0.14189533721517264,17.027440465820717,0.18850398875944638
1989-06-12,1.7541876046901175,0.0016633375932982814,309.1902964578369,12.521767031865222,181.0129755104858,115.65555391548584,241.19573687289972,6.022818779346187e-05,120.0,0.14140194260136646,16.968233112163976,0.19967077493446606
1989-06-13,1.7767169179229483,0.0016234010626862778,309.1902964578369,12.521767031865222,181.0129755104858,115.65555391548584,241.19573687289972,6.762928878630703e-05,120.0,0.14292637904561534,17.15116548547384,0.26675726039718234
1989-06-14,1.7969849246231158,0.0015876906514059315,309.1902964578369,12.521767031865222,181.0129755104858,115.65555391548583,241.19573687289972,5.9112839321943414e-05,120.0,0.14130439255094224,16.956527106113068,0.2613809432743773
1989-06-15,1.8164154103852599,0.0009245431120687478,309.1902964578369,12.521767031865222,181.01297551048583,115.65555391548584,241.19573687289972,7.170334275337152e-05,120.0,0.14231831868605826,17.07819824232699,1.0
1989-06-16,1.8334170854271359,0.00022233590583843854,309.1902964578369,12.521767031865222,181.01297551048583,115.65555391548584,241.19573687289972,8.458363631216371e-06,120.0,0.1415821589623212,16.989859075478545,0.26421104373196946
1989-06-17,1.8520100502512564,0.00015088605793307414,309.19029645783695,12.521767031865222,181.01297551048586,115.65555391548584,241.1957368728997,6.1982111302847426e-06,120.0,0.14122423608415557,16.94690833009867,0.3596362179241596
1989-06-18,1.8719430485762145,0.0,309.19029645783695,12.521767031865222,181.01297551048586,115.65555391548584,241.1957368728997,0.0,120.0,0.14116408987196136,16.939690784635363,0.15407931505444203
1989-06-19,1.8927135678391962,0.0,309.19029645783695,12.521767031865222,181.01297551048586,115.65555391548584,241.1957368728997,0.0,120.0,0.14107772462773288,16.929326955327944,0.16663134534748184
1989-06-20,1.9134840871021779,0.0,309.19029645783695,12.521767031865222,181.01297551048586,115.65555391548584,241.19573687289972,0.0,120.0,0.14105800592100928,16.926960710521115,0.22453867049090226
1989-06-21,1.933165829145729,0.0,309.19029645783695,12.521767031865222,181.01297551048586,115.65555391548585,241.19573687289972,0.0,120.0,0.14109228273506325,16.93107392820759,0.20381480812803748
1989-06-22,1.9505025125628144,0.0,309.19029645783695,12.521767031865222,181.01297551048586,115.65555391548584,241.1957368728997,0.0,120.0,0.1409959384021971,16.919512608263652,0.1496809028500824
1989-06-23,1.9697654941373537,0.0,309.19029645783695,12.521767031865222,181.01297551048586,115.65555391548585,241.19573687289966,0.0,120.0,0.14089917319250128,16.907900783100153,0.1373062533856759
1989-06-24,1.9896984924623118,0.0,309.19029645783695,12.521767031865222,181.01297551048586,115.65555391548584,241.1957368728997,0.0,120.0,0.14083933029177123,16.900719635012546,0.13569440004457742
1989-06-25,2.0,0.0,309.19029645783695,12.521767031865222,181.01297551048586,115.65555391548584,241.19573687289972,0.0,120.0,0.14077853668361634,16.89342440203396,0.13341346129580198
1989-06-26,,,,,,,,,,0.1407176953527694,16.886123442332348,
1989-06-27,,,,,,,,,,0.15700947576573468,17.049041246462,
1989-06-28,,,,,,,,,,0.14005988212744622,16.879545310079116,
1989-06-29,,,,,,,,,,0.13902643343809268,16.869210823185583,
1989-06-30,,,,,,,,,,0.13831237741617783,16.862070262966434,
1989-07-01,,,,,,,,,,0.1377138807329025,16.856085296133678,
1989-07-02,,,,,,,,,,0.13738368381889582,16.852783326993613,
1989-07-03,,,,,,,,,,0.13644835133624716,16.843430002167125,
1989-07-04,,,,,,,,,,0.13580572214082606,16.837003710212915,
1989-07-05,,,,,,,,,,0.13634845920696698,16.842431080874324,
1989-07-06,,,,,,,,,,0.17328385380730454,17.2117850268777,
1989-07-07,,,,,,,,,,0.16627593457626882,17.141705834567343,
1989-07-08,,,,,,,,,,0.171064206725322,17.189588556057874,
1989-07-09,,,,,,,,,,0.1595846686979235,17.07479317578389,
1989-07-10,,,,,,,,,,0.15893557298832026,17.068302218687858,
1989-07-11,,,,,,,,,,0.16477372887317407,17.126683777536396,
1989-07-12,,,,,,,,,,0.1618950447123931,17.097896935928585,
1989-07-13,,,,,,,,,,0.1568095082235423,17.047041571040076,
1989-07-14,,,,,,,,,,0.16059246963037727,17.084871185108426,
1989-07-15,,,,,,,,,,0.16135501718060702,17.092496660610724,
1989-07-16,,,,,,,,,,0.15980735190332024,17.077020007837856,
1989-07-17,,,,,,,,,,0.15351731806295865,17.01411966943424,
1989-07-18,,,,,,,,,,0.1526951220009733,17.005897708814388,
1989-07-19,,,,,,,,,,0.15188127847913674,16.99775927359602,
1989-07-20,,,,,,,,,,0.15106882378024405,16.989634726607093,
1989-07-21,,,,,,,,,,0.15023579862839684,16.981304475088624,
1989-07-22,,,,,,,,,,0.14953141156321442,16.9742606044368,
1989-07-23,,,,,,,,,,0.15231015116043173,17.002048000408973,
1989-07-24,,,,,,,,,,0.1862632810182746,17.3415792989874,
1989-07-25,,,,,,,,,,0.1783548798769819,17.262495287574474,
1989-07-26,,,,,,,,,,0.16486481264229363,17.12759461522759,
1989-07-27,,,,,,,,,,0.1702213419452538,17.181159908257193,
1989-07-28,,,,,,,,,,0.16343039695656417,17.113250458370295,
1989-07-29,,,,,,,,,,0.1633129935833628,17.112076424638282,
1989-07-30,,,,,,,,,,0.1657942855859935,17.13688934466459,
1989-07-31,,,,,,,,,,0.196962672482468,17.448573213629334,
1989-08-01,,,,,,,,,,0.1887869437595981,17.366815926400633,
1989-08-02,,,,,,,,,,0.18477301295801304,17.326676618384784,
1989-08-03,,,,,,,,,,0.18485542057889354,17.32750069459359,
1989-08-04,,,,,,,,,,0.18245011395702804,17.303447628374933,
1989-08-05,,,,,,,,,,0.19085568423975371,17.38750333120219,
1989-08-06,,,,,,,,,,0.20641442921697933,17.54309078097445,
1989-08-07,,,,,,,,,,0.20620418623156245,17.54098835112028,
1989-08-08,,,,,,,,,,0.19374208612895358,17.41636735009419,
1989-08-09,,,,,,,,,,0.18962858607021743,17.375232349506827,
1989-08-10,,,,,,,,,,0.18829838655379863,17.36193035434264,
1989-08-11,,,,,,,,,,0.18815927913633018,17.360539280167956,
1989-08-12,,,,,,,,,,0.1866170929030935,17.34511741783559,
1989-08-13,,,,,,,,,,0.19222189577209794,17.401165446525635,
1989-08-14,,,,,,,,,,0.2008433524136704,17.487380012941358,
1989-08-15,,,,,,,,,,0.1866402017844618,17.345348506649273,
1989-08-16,,,,,,,,,,0.18781664330643943,17.35711292186905,
1989-08-17,,,,,,,,,,0.18596609931108193,17.338607481915474,
1989-08-18,,,,,,,,,,0.1844373453901364,17.323319942706018,
1989-08-19,,,,,,,,,,0.1834281824095984,17.313228312900637,
1989-08-20,,,,,,,,,,0.18489769203028422,17.3279234091075,
1989-08-21,,,,,,,,,,0.18282804182646703,17.307226907069325,
1989-08-22,,,,,,,,,,0.18201291986722934,17.299075687476947,
1989-08-23,,,,,,,,,,0.18158286319769157,17.29477512078157,
1989-08-24,,,,,,,,,,0.18081323283700546,17.28707881717471,
1989-08-25,,,,,,,,,,0.18048768955974995,17.283823384402154,
1989-08-26,,,,,,,,,,0.18080379557562404,17.286984444560893,
1989-08-27,,,,,,,,,,0.1811988199588945,17.290934688393598,
1989-08-28,,,,,,,,,,0.18502045792819197,17.329151068086574,
1989-08-29,,,,,,,,,,0.19977984943427968,17.47674498314745,
1989-08-30,,,,,,,,,,0.17855783521418295,17.264524840946486,
1989-08-31,,,,,,,,,,0.1783482044133464,17.262428532938117,
1989-09-01,,,,,,,,,,0.1809143515725796,17.28809000453045,
1989-09-02,,,,,,,,,,0.18586013760693504,17.337547864874004,
1989-09-03,,,,,,,,,,0.17740403200544275,17.25298680885908,
1989-09-04,,,,,,,,,,0.1767992153107285,17.24693864191194,
1989-09-05,,,,,,,,,,0.17900117431037418,17.268958231908396,
1989-09-06,,,,,,,,,,0.17619450543071918,17.240891543111847,
1989-09-07,,,,,,,,,,0.17572340032545158,17.23618049205917,
1989-09-08,,,,,,,,,,0.17578320844814027,17.236778573286056,
1989-09-09,,,,,,,,,,0.17516760957829033,17.230622584587557,
1989-09-10,,,,,,,,,,0.17490205075355977,17.227966996340253,
1989-09-11,,,,,,,,,,0.17430626637512203,17.222009152555874,
1989-09-12,,,,,,,,,,0.1740125963612609,17.21907245241726,
1989-09-13,,,,,,,,,,0.17343459150896498,17.213292403894304,
1989-09-14,,,,,,,,,,0.17289376055194242,17.20788409432408,
1989-09-15,,,,,,,,,,0.17253017749098304,17.204248263714483,
1989-09-16,,,,,,,,,,0.17900706052176316,17.269017094022285,
1989-09-17,,,,,,,,,,0.17574247932268136,17.236371282031467,
1989-09-18,,,,,,,,,,0.17210405411249877,17.19998702992964,
1989-09-19,,,,,,,,,,0.17147402071898407,17.193686695994494,
1989-09-20,,,,,,,,,,0.17117444936377008,17.190690982442355,
1989-09-21,,,,,,,,,,0.1715128140875558,17.194074629680212,
1989-09-22,,,,,,,,,,0.17132525362231887,17.192199025027843,
1989-09-23,,,,,,,,,,0.17045516549232878,17.18349814372794,
1989-09-24,,,,,,,,,,0.17002813514987802,17.179227840303433,
1989-09-25,,,,,,,,,,0.1699540157101996,17.178486645906652,
1989-09-26,,,,,,,,,,0.189190286187296,17.370849350677613,
1989-09-27,,,,,,,,,,0.18202984262427638,17.299244915047417,
1989-09-28,,,,,,,,,,0.18373529937853714,17.316299482590026,
1989-09-29,,,,,,,,,,0.18155892144300603,17.294535703234715,
1989-09-30,,,,,,,,,,0.1812577067806151,17.291523556610805,
1989-10-01,,,,,,,,,,0.18095702317069987,17.28851672051165,
1989-10-02,,,,,,,,,,0.18056095878404574,17.28455607664511,
1989-10-03,,,,,,,,,,0.1801551119698047,17.2804976085027,
1989-10-04,,,,,,,,,,0.1797706949748325,17.27665343855298,
1989-10-05,,,,,,,,,,0.18125571473133895,17.291503636118044,
1989-10-06,,,,,,,,,,0.17935601237517634,17.272506612556416,
1989-10-07,,,,,,,,,,0.1789915146976194,17.268861635780848,
1989-10-08,,,,,,,,,,0.17864576174117275,17.26540410621638,
1989-10-09,,,,,,,,,,0.1782987764927932,17.261934253732587,
1989-10-10,,,,,,,,,,0.17794134505474754,17.25835993935213,
1989-10-11,,,,,,,,,,0.1776003182439122,17.254949671243775,
1989-10-12,,,,,,,,,,0.1772291222591123,17.251237711395778,
1989-10-13,,,,,,,,,,0.1768356349140759,17.247302837945412,
1989-10-14,,,,,,,,,,0.17637827333517028,17.242729222156356,
1989-10-15,-0.1,0.03445,25.0,0.0,16.25,8.75,25.0,0.0,10.0,0.17987658739215065,17.27771236272616,0.0
1989-10-16,-0.08708333333333335,0.03445,25.0,0.0,16.25,8.75,25.0,0.0,10.0,0.18608835242671024,17.339830013071758,0.0
1989-10-17,-0.07850000000000001,0.03445,25.0,0.0,16.25,8.75,25.0,0.0,10.0,0.17587401978597036,17.237686686664357,0.0
1989-10-18,-0.06858333333333334,0.03445,25.0,0.0,16.25,8.75,25.0,0.0,10.0,0.17568068800670375,17.23575336887169,0.0
1989-10-19,-0.05891666666666668,0.03445,25.0,0.0,16.25,8.75,25.0,0.0,10.0,0.17553871281044967,17.23433361690915,0.0
1989-10-20,-0.046916666666666676,0.03445,25.0,0.0,16.25,8.75,25.0,0.0,10.0,0.17526753228273656,17.23162181163202,0.0
1989-10-21,-0.03458333333333334,0.03445,25.0,0.0,16.25,8.75,25.0,0.0,10.0,0.17502639825481386,17.229210471352793,0.0
1989-10-22,-0.019916666666666673,0.03445,25.0,0.0,16.25,8.75,25.0,0.0,10.0,0.17475578565117605,17.226504345316414,0.0
1989-10-23,-0.00583333333333334,0.03445,25.0,0.0,16.25,8.75,25.0,0.0,10.0,0.1745416770917289,17.224363259721944,0.0
1989-10-24,0.0,0.03445,25.0,0.0,16.25,8.75,25.0,0.004878735232975439,10.0,0.1742746178398104,17.22169266720276,0.9127712576828337
1989-10-25,0.0,0.037074635431473546,26.97009168117441,0.0,17.530559592763368,9.439532088411044,26.97009168117441,0.00462327543637752,11.2,0.16994812440375456,17.213504247703383,1.0
1989-10-26,0.0,0.04011188435995263,29.174191048720914,0.0,18.963224181668593,10.21096686705232,29.174191048720914,0.002950731097494028,12.399999999999999,0.16653553131947074,17.206264608319444,1.0
1989-10-27,0.0,0.04160843832456255,30.260224404751334,0.0,19.669145863088367,10.591078541662966,30.260224404751334,0.0023251009703688674,13.599999999999998,0.16625169564183315,17.233385846263616,1.0
1989-10-28,0.0,0.04297323538590502,31.250643172053564,0.0,20.312918061834818,10.937725110218748,31.250643172053568,0.004843212081447129,14.799999999999997,0.16266416415056442,17.210931180539713,1.0
1989-10-29,0.0,0.04666917209196462,33.93274528095022,0.0,22.056284432617645,11.876460848332577,33.93274528095022,0.004753596861042737,15.999999999999996,0.15976591621709182,17.190894976161506,0.8178433332308728
1989-10-30,0.0,0.049295395365977476,36.02364244995405,0.0,23.415367592470137,12.608274857483917,36.023642449954046,0.0045617700295444,17.199999999999996,0.15802395055702176,17.183791031845487,0.6840982107344189
1989-10-31,0.0,0.05053805469025315,37.26445118162,0.0,24.221893268052998,13.042557913566997,37.26445118161999,0.004758877485439822,18.399999999999995,0.1564902875480638,17.176339138725766,0.811444323270482
1989-11-01,0.0,0.053952413773046055,39.94967338472183,0.0,25.96728770006919,13.982385684652636,39.94967338472182,0.004434987133069118,19.599999999999994,0.15516902830590146,17.169369568213735,0.5903736284570616
1989-11-02,0.0,0.05585873783051173,41.81421184782832,0.0,27.17923770108841,14.63497414673991,41.81421184782832,0.0020538781410171783,20.799999999999994,0.1540669970676061,17.16378891800095,1.0
1989-11-03,0.0,0.057270593599223,42.83878062047802,0.0,27.845207403310713,14.993573217167302,42.83878062047801,0.0017777898079326766,21.999999999999993,0.16219367529939052,17.35859500115801,1.0
1989-11-04,0.0,0.05847986661353951,43.71633723464094,0.0,28.415619202516613,15.300718032124326,43.71633723464094,0.002465280333114156,23.199999999999992,0.16656861861891042,17.48586486210682,1.0
1989-11-05,0.0,0.06099604147246551,45.542298670726574,0.0,29.602494135972275,15.939804534754298,45.542298670726574,0.0021531374077947583,24.39999999999999,0.163750349764126,17.44812020996945,1.0
1989-11-06,0.0,0.06230141586759613,46.48959503874589,0.0,30.21823677518483,16.27135826356106,46.48959503874589,0.002445709591274447,25.59999999999999,0.16399309736320478,17.481973733799492,1.0
1989-11-07,0.0,0.06386390339641798,47.62347568375449,0.0,30.955259194440423,16.66821648931407,47.62347568375449,0.0020275377261380167,26.79999999999999,0.16363393391060935,17.50027863568246,1.0
1989-11-08,0.0,0.06525735054162794,48.634685513369845,0.0,31.6125455836904,17.022139929679444,48.634685513369845,0.002780851058145826,27.99999999999999,0.16488554480106862,17.562823226884728,1.0
1989-11-09,0.0,0.06804271366769156,50.655994022849974,0.0,32.92639611485249,17.729597907997487,50.655994022849974,0.004699291722744679,29.19999999999999,0.16145109251056072,17.491538639339854,1.0
1989-11-10,0.0,0.07270667859216169,54.04058395352496,0.0,35.126379569791226,18.914204383733733,54.04058395352496,0.003758742641767446,30.399999999999988,0.16019799374319169,17.478324513401187,1.0
1989-11-11,0.0,0.07504175256046555,55.73512239206187,0.0,36.22782955484022,19.50729283722165,55.73512239206187,0.003434594224284486,31.599999999999987,0.1593077974494471,17.473570668587364,1.0
1989-11-12,0.0,0.07834587220218847,58.132887008696784,0.0,37.786376555652915,20.346510453043873,58.13288700869679,0.0037625702625185705,32.79999999999999,0.16036066790698386,17.530412942110583,1.0
1989-11-13,0.0,0.08020921357853507,59.48509410328793,0.0,38.665311167137155,20.819782936150773,59.485094103287935,0.006253544795305682,33.99999999999999,0.15833176345295905,17.485001757738797,1.0
1989-11-14,0.0,0.08313168416265544,61.605900042417375,0.0,40.0438350275713,21.56206501484608,61.60590004241738,0.0039833934760332935,35.199999999999996,0.15693209266067745,17.45687022757071,1.0
1989-11-15,5.439723449236939e-05,0.08585833993066115,63.58460524416317,0.0,41.329993408706066,22.25461183545711,63.58460524416318,0.004413624360558568,36.4,0.15625696116411633,17.45175271786538,1.0
1989-11-16,0.00024656334389116955,0.08990591936800574,66.52189075747565,0.0,43.23922899235917,23.282661765116476,66.52189075747565,0.004391873400491817,37.6,0.15561841291263276,17.446390422583214,1.0
1989-11-17,0.0005957032342709033,0.09458389081725117,69.91664507478004,0.0,45.44581929860702,24.470825776173008,69.91664507478002,0.007640513105285049,38.800000000000004,0.15502019908232453,17.44106058703909,1.0
1989-11-18,0.0012055638422954987,0.10078981899059619,74.4202213979622,0.0,48.373143908675424,26.047077489286764,74.42022139796218,0.00862764818696344,40.00000000000001,0.1543634503199257,17.431953641018602,1.0
1989-11-19,0.0014641570874487724,0.10419928046448274,76.89443146609466,0.0,49.98138045296153,26.91305101313313,76.89443146609466,0.0062575201209238,41.20000000000001,0.15371994701324915,17.421816210744115,1.0
1989-11-20,0.001829174147574809,0.1068191062231425,78.79561126192904,0.0,51.21714732025388,27.578463941675164,78.79561126192904,0.007630741992070337,42.40000000000001,0.15317872931733492,17.41447128242993,1.0
1989-11-21,0.002650549154235524,0.11147154535028474,82.17183704359974,0.0,53.411694078339835,28.76014296525991,82.17183704359974,0.003829777733945858,43.600000000000016,0.15263286328934067,17.405624764366856,1.0
1989-11-22,0.0036240609664580626,0.1147230076727793,84.53138880157839,0.0,54.94540272102595,29.585986080552434,84.53138880157839,0.00640917138021106,44.80000000000002,0.15221328165426853,17.401125708639512,1.0
1989-11-23,0.004850286189839647,0.12160762016799118,89.5274791464346,0.0,58.192861445182494,31.33461770125211,89.52747914643462,0.008134087979813322,46.00000000000002,0.1517539436638931,17.39379086464404,1.0
1989-11-24,0.006430392094138862,0.12920858792293166,95.04342091344512,0.0,61.77822359373933,33.26519731970579,95.04342091344513,0.005932835843004742,47.200000000000024,0.1512757866151285,17.384465349915697,1.0
1989-11-25,0.008002107909943563,0.1360880224699647,100.03575367616867,0.0,65.02323988950963,35.012513786659035,100.03575367616868,0.00633513843430982,48.40000000000003,0.15087757627138199,17.377861678793195,1.0
1989-11-26,0.009764064138878878,0.14392857627531055,105.72556050152849,0.0,68.72161432599351,37.00394617553498,105.72556050152852,0.010718249286064243,49.60000000000003,0.1504851386147481,17.37058862812649,1.0
1989-11-27,0.011777378675008693,0.15099100742228927,110.85069195797169,0.0,72.0529497726816,38.79774218529009,110.8506919579717,0.011901027608406304,50.80000000000003,0.1500200155386153,17.358681307773317,1.0
1989-11-28,0.01273957248701538,0.1569125999212949,115.14792889484076,0.0,74.84615378164649,40.30177511319427,115.14792889484079,0.008194704362398438,52.000000000000036,0.1495487014166017,17.345335757651625,1.0
1989-11-29,0.013403346711550286,0.16167015113464342,118.60043340380196,0.0,77.09028171247128,41.510151691330684,118.60043340380199,0.009443200565429542,53.20000000000004,0.1491815050158066,17.336398116405924,1.0
1989-11-30,0.014655501916336336,0.16849924786318948,123.55623654498199,0.0,80.31155375423829,43.244682790743695,123.55623654498201,0.009110842458448377,54.40000000000004,0.1488054500269582,17.326097296608218,1.0
1989-12-01,0.01631908429190833,0.17652699593192617,129.38188826394912,0.0,84.09822737156692,45.28366089238219,129.38188826394912,0.011355460314830632,55.600000000000044,0.14845250648067485,17.316178941043887,0.5778374745719412
1989-12-02,0.01888886873359166,0.18016440321000318,133.64393452689725,0.0,86.86855744248321,46.77537708441404,133.64393452689725,0.010246459816057575,56.80000000000005,0.1480544636549179,17.30285188189438,0.4088038872773254
1989-12-03,0.022366028352859845,0.18181239128932503,137.15871168523142,0.0,89.15316259540042,48.005549089831,137.15871168523142,0.009858068939492407,58.00000000000005,0.14768211889142274,17.29006000757424,0.338070670550009
1989-12-04,0.02626339269404341,0.18187584182107,139.82479235235786,0.0,90.88611502903261,48.93867732332525,139.82479235235786,0.01084547279268258,59.20000000000005,0.14732443431371847,17.277242388820532,1.0
1989-12-05,0.029332147986284602,0.19275920176816116,147.72273135605246,0.0,96.0197753814341,51.70295597461836,147.72273135605246,0.005128818657521135,60.400000000000055,0.14699753604736385,17.26542582028585,1.0
1989-12-06,0.03139147269955766,0.19835650206958025,151.78463288103,0.0,98.66001137266952,53.124621508360505,151.78463288103,0.005290766259999061,61.60000000000006,0.14678454223444518,17.25984121024357,1.0
1989-12-07,0.03351328898297626,0.20321838513392546,155.31284990885672,0.0,100.95335244075687,54.35949746809985,155.31284990885672,0.006704568685441159,62.80000000000006,0.14663668681699407,17.25783610628565,1.0
1989-12-08,0.034809505736387046,0.20880998303533685,159.37061326256602,0.0,103.59089862066791,55.7797146418981,159.37061326256602,0.009802932238885394,64.00000000000006,0.14635324418448445,17.24679856756211,1.0
1989-12-09,0.03642238311589967,0.21669803233127097,165.09488706222794,0.0,107.31167659044816,57.783210471779775,165.09488706222794,0.014998886446362361,65.20000000000006,0.14608875484951883,17.236316521520408,1.0
1989-12-10,0.038954314199505645,0.22543454181492362,171.43487943062607,0.0,111.43267162990695,60.00220780071913,171.4348794306261,0.009584303658907849,66.40000000000006,0.14574776654266144,17.220120169341175,1.0
1989-12-11,0.04218613091757849,0.2338679940806781,177.55494638690655,0.0,115.41071515148926,62.144231235417294,177.55494638690658,0.012220353248959556,67.60000000000007,0.14558357453271015,17.21505687489634,1.0
1989-12-12,0.04516811293557424,0.2414554220532728,183.06106247732362,0.0,118.98969061026034,64.07137186706326,183.06106247732362,0.009529934920461813,68.80000000000007,0.1452396623008304,17.197234768358943,1.0
1989-12-13,0.04669278636597353,0.24404199868717844,184.93811373560055,0.0,120.20977392814036,64.7283398074602,184.93811373560058,0.005771246481288037,70.00000000000007,0.1454807303969761,17.21953589542681,1.0
1989-12-14,0.04775719072708143,0.24661535423591222,186.80557059244654,0.0,121.42362088509026,65.3819497073563,186.80557059244657,0.007701087386541804,71.20000000000007,0.1449753533982482,17.189268695170433,1.0
1989-12-15,0.04930275777521053,0.25051539775718074,189.63579085461532,0.0,123.26326405549995,66.37252679911536,189.63579085461532,0.012327772484164343,72.40000000000008,0.1446690232235647,17.172199580177924,1.0
1989-12-16,0.05194804267752298,0.2565634594550189,194.02480514912776,0.0,126.11612334693304,67.90868180219472,194.02480514912776,0.006238895691417288,73.60000000000008,0.14442608747495023,17.15906110252485,1.0
1989-12-17,0.05381043028700411,0.25922778978537975,195.95828144111675,0.0,127.37288293672587,68.58539850439087,195.95828144111675,0.0066050248612175575,74.80000000000008,0.14427771636241882,17.15241301385412,1.0
1989-12-18,0.05595325000092238,0.2604491258185587,196.8445920602597,0.0,127.9489848391688,68.89560722109091,196.8445920602597,0.007126768073508189,76.00000000000009,0.14412877902956356,17.145365801768698,1.0
1989-12-19,0.057884496004311725,0.2604491258185587,196.8445920602597,0.0,127.9489848391688,68.89560722109091,196.8445920602597,0.010646592216592903,77.20000000000009,0.14397766166834466,17.13779284189475,1.0
1989-12-20,0.06067710946495102,0.26101769400459235,197.25719596884724,0.0,128.2171773797507,69.04001858909655,197.2571959688472,0.008379607428930364,78.40000000000009,0.14378402150658925,17.126523412791816,1.0
1989-12-21,0.06267357999884324,0.26157291682329925,197.6601152857608,0.0,128.4790749357445,69.1810403500163,197.66011528576078,0.007336684033960059,79.6000000000001,0.14364354593586,17.11902114874635,1.0
1989-12-22,0.06397537735930285,0.26189726675171493,197.8954925923034,0.0,128.6320701849972,69.26342240730621,197.89549259230336,0.004576098954474395,80.8000000000001,0.144153061637663,17.163701038151743,1.0
1989-12-23,0.06407813498532679,0.26189726675171493,197.8954925923034,0.0,128.6320701849972,69.26342240730621,197.89549259230336,0.005674686576543449,82.0000000000001,0.1444993383082112,17.19621816467857,1.0
1989-12-24,0.06475711940684296,0.26189726675171493,197.8954925923034,0.0,128.6320701849972,69.26342240730621,197.89549259230336,0.006151829816976206,83.2000000000001,0.1441303302188293,17.17005466318852,1.0
1989-12-25,0.06630319906998157,0.26189726675171493,197.8954925923034,0.0,128.6320701849972,69.26342240730621,197.89549259230336,0.007456276962391225,84.4000000000001,0.1438990743113831,17.154631826439335,1.0
1989-12-26,0.06867909908508148,0.26189726675171493,197.8954925923034,0.0,128.6320701849972,69.26342240730621,197.89549259230336,0.0058574043282519925,85.60000000000011,0.14374860250287771,17.14556909438161,1.0
1989-12-27,0.06981446218895694,0.26189726675171493,197.8954925923034,0.0,128.6320701849972,69.26342240730621,197.89549259230336,0.007803667704217034,86.80000000000011,0.14364621838971584,17.140319241939288,1.0
1989-12-28,0.07133057572137975,0.26189726675171493,197.8954925923034,0.0,128.6320701849972,69.26342240730621,197.89549259230336,0.007403332394178342,88.00000000000011,0.14349863979556904,17.130846553298706,1.0
1989-12-29,0.07301212946219643,0.26189726675171493,197.8954925923034,0.0,128.6320701849972,69.26342240730621,197.89549259230336,0.00661779135360919,89.20000000000012,0.14342819076312122,17.12789963293572,1.0
1989-12-30,0.07447971729342096,0.26189726675171493,197.8954925923034,0.0,128.6320701849972,69.26342240730621,197.89549259230336,0.007169180337172691,90.40000000000012,0.14325814857498786,17.115780413620886,1.0
1989-12-31,0.07644103803608643,0.26189726675171493,197.8954925923034,0.0,128.6320701849972,69.26342240730621,197.89549259230336,0.005023262238832365,91.60000000000012,0.1431411540409751,17.10811225817198,1.0
1990-01-01,0.0773696061081153,0.26189726675171493,197.8954925923034,0.0,128.6320701849972,69.26342240730621,197.89549259230336,0.00697449274761047,92.80000000000013,0.14305228528389002,17.102773387940328,1.0
1990-01-02,0.07890334963533631,0.26189726675171493,197.8954925923034,0.0,128.6320701849972,69.26342240730621,197.89549259230336,0.010047187969825242,94.00000000000013,0.1429449658113823,17.09548686544195,1.0
1990-01-03,0.07989237263572103,0.26189726675171493,197.8954925923034,0.0,128.6320701849972,69.26342240730621,197.89549259230336,0.0067630069867832135,95.20000000000013,0.14280434140025766,17.08477214605322,1.0
1990-01-04,0.08099495314055877,0.26189726675171493,197.8954925923034,0.0,128.6320701849972,69.26342240730621,197.89549259230336,0.008066288726119503,96.40000000000013,0.1427024999637857,17.077458606834305,1.0
1990-01-05,0.08293137450998342,0.26189726675171493,197.8954925923034,0.0,128.6320701849972,69.26342240730621,197.89549259230336,0.008343178736308287,97.60000000000014,0.14259055887686073,17.06891492228365,1.0
1990-01-06,0.08437534881292735,0.26189726675171493,197.8954925923034,0.0,128.6320701849972,69.26342240730621,197.89549259230336,0.01143370035273513,98.80000000000014,0.14247976193439732,17.06021562059717,1.0
1990-01-07,0.0857136443417277,0.26189726675171493,197.8954925923034,0.0,128.6320701849972,69.26342240730621,197.89549259230336,0.009734488813496978,100.00000000000014,0.14233659356925912,17.048013263981307,1.0
1990-01-08,0.08823367500784955,0.26189726675171493,197.8954925923034,0.0,128.6320701849972,69.26342240730621,197.89549259230336,0.008311975423786694,101.20000000000014,0.1423036037867054,17.046617375846655,1.0
1990-01-09,0.09160881923175233,0.26189726675171493,197.8954925923034,0.0,128.6320701849972,69.26342240730621,197.89549259230336,0.0068437127716274495,102.40000000000015,0.14283374700154225,17.10280713116667,1.0
1990-01-10,0.09392602854459282,0.26189726675171493,197.8954925923034,0.0,128.6320701849972,69.26342240730621,197.89549259230336,0.00850327637225651,103.60000000000015,0.1424008541686729,17.060498695659938,1.0
1990-01-11,0.09545949851533898,0.26189726675171493,197.8954925923034,0.0,128.6320701849972,69.26342240730621,197.89549259230336,0.008196683782374712,104.80000000000015,0.14221729081723,17.043281047007802,1.0
1990-01-12,0.09705790263802741,0.26189726675171493,197.8954925923034,0.0,128.6320701849972,69.26342240730621,197.89549259230336,0.009584688093995939,106.00000000000016,0.14211728113483205,17.03447953523097,1.0
1990-01-13,0.09832046356473689,0.26189726675171493,197.8954925923034,0.0,128.6320701849972,69.26342240730621,197.89549259230336,0.010391572044744555,107.20000000000016,0.14200578366667643,17.024206509583166,1.0
1990-01-14,0.10016701695948801,0.26189726675171493,197.8954925923034,0.0,128.6320701849972,69.26342240730621,197.89549259230336,0.007502645367508295,108.40000000000016,0.14188952401103905,17.01314966888876,1.0
1990-01-15,0.10115357172299169,0.26189726675171493,197.8954925923034,0.0,128.6320701849972,69.26342240730621,197.89549259230336,0.006672188936903239,109.60000000000016,0.14234562706421341,17.064544757906596,1.0
1990-01-16,0.10115357172299169,0.26189726675171493,197.8954925923034,0.0,128.6320701849972,69.26342240730621,197.89549259230336,0.00951545979029432,110.80000000000017,0.14206769040046577,17.035702893617092,1.0
1990-01-17,0.10209315551613174,0.26189726675171493,197.8954925923034,0.0,128.6320701849972,69.26342240730621,197.89549259230336,0.008775533687554482,112.00000000000017,0.14179725534101265,17.007034161015575,1.0
1990-01-18,0.10439755088516871,0.26189726675171493,197.8954925923034,0.0,128.6320701849972,69.26342240730621,197.89549259230336,0.008472472180642175,113.20000000000017,0.1417734409627323,17.00563384538013,1.0
1990-01-19,0.1058246252772742,0.26189726675171493,197.8954925923034,0.0,128.6320701849972,69.26342240730621,197.89549259230336,0.007813256465253047,114.40000000000018,0.14161394701201407,16.98865463214992,1.0
1990-01-20,0.1058246252772742,0.26189726675171493,197.8954925923034,0.0,128.6320701849972,69.26342240730621,197.89549259230336,0.008232807890077515,115.60000000000018,0.14153344734896978,16.980424373093093,1.0
1990-01-21,0.1058246252772742,0.26189726675171493,197.8954925923034,0.0,128.6320701849972,69.26342240730621,197.89549259230336,0.009996674437575273,116.80000000000018,0.14144877426039223,16.971513458742674,1.0
1990-01-22,0.10703762634196301,0.26189726675171493,197.8954925923034,0.0,128.6320701849972,69.26342240730621,197.89549259230336,0.00816801429643291,118.00000000000018,0.14135088441953406,16.96083975221056,1.0
1990-01-23,0.10703762634196301,0.26189726675171493,197.8954925923034,0.0,128.6320701849972,69.26342240730621,197.89549259230336,0.015602166881854148,119.20000000000019,0.14127143384518354,16.952129070628093,1.0
1990-01-24,0.10888246839580039,0.26189726675171493,197.8954925923034,0.0,128.6320701849972,69.26342240730621,197.89549259230336,0.01425862067906035,120.0,0.14112978208169238,16.935573849803085,1.0
1990-01-25,0.10888246839580039,0.26189726675171493,197.8954925923034,0.0,128.6320701849972,69.26342240730621,197.89549259230336,0.009348531867174693,120.0,0.14105531562777432,16.92663787533292,1.0
1990-01-26,0.10888246839580039,0.26189726675171493,197.8954925923034,0.0,128.6320701849972,69.26342240730621,197.89549259230336,0.006819018119031328,120.0,0.14091703463393035,16.910044156071642,1.0
1990-01-27,0.10932231680286843,0.26189726675171493,197.8954925923034,0.0,128.6320701849972,69.26342240730621,197.89549259230336,0.006912237614558198,120.0,0.14085529085293746,16.902634902352496,1.0
1990-01-28,0.11128465182208805,0.26189726675171493,197.8954925923034,0.0,128.6320701849972,69.26342240730621,197.89549259230336,0.00531491176047162,120.0,0.14150399775916025,16.98047973109923,1.0
1990-01-29,0.11198618504708245,0.26189726675171493,197.8954925923034,0.0,128.6320701849972,69.26342240730621,197.89549259230336,0.005953955689038218,120.0,0.14138819143202458,16.96658297184295,1.0
1990-01-30,0.11198618504708245,0.26189726675171493,197.8954925923034,0.0,128.6320701849972,69.26342240730621,197.89549259230336,0.006591975741536398,120.0,0.14186239913360182,17.02348789603222,1.0
1990-01-31,0.11198618504708245,0.26189726675171493,197.8954925923034,0.0,128.6320701849972,69.26342240730621,197.89549259230336,0.00693686652013852,120.0,0.14201992231576804,17.042390677892165,1.0
1990-02-01,0.11198618504708245,0.26189726675171493,197.8954925923034,0.0,128.6320701849972,69.26342240730621,197.89549259230336,0.00914863035478099,120.0,0.14157170030836233,16.98860403700348,1.0
1990-02-02,0.11198618504708245,0.26189726675171493,197.8954925923034,0.0,128.6320701849972,69.26342240730621,197.89549259230336,0.007719782063344224,120.0,0.14148979567210507,16.978775480652608,1.0
1990-02-03,0.11198618504708245,0.26189726675171493,197.8954925923034,0.0,128.6320701849972,69.26342240730621,197.89549259230336,0.008349356912034601,120.0,0.1414264894495936,16.97117873395123,1.0
1990-02-04,0.11198618504708245,0.26189726675171493,197.8954925923034,0.0,128.6320701849972,69.26342240730621,197.89549259230336,0.010026684587963124,120.0,0.14134609788982136,16.96153174677856,1.0
1990-02-05,0.11198618504708245,0.26189726675171493,197.8954925923034,0.0,128.6320701849972,69.26342240730621,197.89549259230336,0.007829291133496787,120.0,0.14125716922338763,16.950860306806515,1.0
1990-02-06,0.11266487016942967,0.26189726675171493,197.8954925923034,0.0,128.6320701849972,69.26342240730621,197.89549259230336,0.007936618650079665,120.0,0.14118707316820261,16.942448780184314,1.0
1990-02-07,0.1140331456011186,0.26189726675171493,197.8954925923034,0.0,128.6320701849972,69.26342240730621,197.89549259230336,0.005820876298231157,120.0,0.1413112877358345,16.95735452830014,1.0
1990-02-08,0.11534349583281467,0.26189726675171493,197.8954925923034,0.0,128.6320701849972,69.26342240730621,197.89549259230336,0.00816163969855416,120.0,0.14111418979647755,16.933702775577306,1.0
1990-02-09,0.11777684977977312,0.26189726675171493,197.8954925923034,0.0,128.6320701849972,69.26342240730621,197.89549259230336,0.0054592956727851985,120.0,0.1410817673737325,16.9298120848479,1.0
1990-02-10,0.12051033488371644,0.26189726675171493,197.8954925923034,0.0,128.6320701849972,69.26342240730621,197.89549259230336,0.009560054150082552,120.0,0.14221750552766269,17.06610066331952,1.0
1990-02-11,0.12361939663928068,0.26189726675171493,197.8954925923034,0.0,128.6320701849972,69.26342240730621,197.89549259230336,0.01206446970927866,120.0,0.14154871907101507,16.98584628852181,0.5016732480391725
1990-02-12,0.1302444938110246,0.2579819543230809,197.8954925923034,0.0,128.6320701849972,69.26342240730621,197.89549259230336,0.01066193085106333,120.0,0.14142290754120393,16.97074890494447,0.4070846312447099
1990-02-13,0.1378574669431494,0.2549387096001787,198.99998688532432,0.0,129.36112643239733,69.63886045292699,198.87398889307923,0.0069606350717297,120.0,0.14136070225047792,16.96328427005735,1.0
1990-02-14,0.14191237100156176,0.2569480606791422,200.43038186355597,0.0,130.3089335451159,70.12144831844006,200.10302520686096,0.007187591697162573,120.0,0.14152253254699165,16.982703905639,1.0
1990-02-15,0.14636554925424736,0.26000273851905714,202.60048602253607,0.0,131.7498193186607,70.85066670387536,201.93745070083807,0.00982401753650459,120.0,0.1413416103465849,16.960993241590188,1.0
1990-02-16,0.15100248075979744,0.26551291389180853,206.50629274376573,0.0,134.34895864543023,72.1573340983355,205.18035005480078,0.008695458065701912,120.0,0.14120056008157844,16.944067209789413,1.0
1990-02-17,0.15478700325322822,0.27028742871866374,209.88279475757716,0.0,136.60108828073928,73.28170647683788,207.93177328944822,0.008116834730911305,120.0,0.1416675819991958,17.000109839903494,1.0
1990-02-18,0.1585277762974502,0.2796896719956762,216.51944055559204,0.0,141.0361086944244,75.48333186116764,213.2576387959486,0.01138559303158021,120.0,0.1420706884578641,17.048482614943694,1.0
1990-02-19,0.16162037901045442,0.2862781006242632,221.1612723337454,0.0,144.14385804753147,77.01741428621393,216.92664127732775,0.02016220647626486,120.0,0.14130268929323314,16.956322715187977,0.9854097636462743
1990-02-20,0.16717186714593105,0.29530283518932515,227.59795923635176,0.0,148.45991489639567,79.13804433995608,221.95087556484532,0.007306061112917643,120.0,0.1411215657930653,16.934587895167837,1.0
1990-02-21,0.17184877667061033,0.2985053717902105,229.8446153047607,0.0,149.9705453685114,79.8740699362493,223.6653751858297,0.007738400253291452,120.0,0.14374108870794003,17.248930644952804,1.0
1990-02-22,0.17656394103798256,0.3016134243751808,232.01994496887312,0.0,151.43660790859172,80.58333706028138,225.29407510586276,0.01028935178053285,120.0,0.14360849805522555,17.233019766627066,1.0
1990-02-23,0.1795252437372256,0.30593388204243305,235.03680274755067,0.0,153.47455963842768,81.56224310912297,227.50969470557683,0.010448679431614424,120.0,0.14366101911020143,17.239322293224173,1.0
1990-02-24,0.18031088601047157,0.3065305007972422,235.45279748594993,0.0,153.75598357937542,81.69681390657452,227.8115198428341,0.014393307122672406,120.0,0.1433778684212255,17.205344210547057,1.0
1990-02-25,0.1807069023136095,0.3065305007972422,235.45279748594993,0.0,153.75598357937542,81.69681390657452,227.8115198428341,0.020228738845996103,120.0,0.14309980224675323,17.171976269610386,1.0
1990-02-26,0.182223975918261,0.3065305007972422,235.45279748594993,0.0,153.75598357937542,81.69681390657452,227.8115198428341,0.02237704610665594,120.0,0.1429143082487373,17.149716989848475,1.0
1990-02-27,0.18423628210193496,0.3065305007972422,235.45279748594993,0.0,153.75598357937542,81.69681390657452,227.8115198428341,0.017571604958790538,120.0,0.14271517469280087,17.125820963136103,1.0
1990-02-28,0.18658939815218092,0.3065305007972422,235.45279748594993,0.0,153.75598357937542,81.69681390657452,227.8115198428341,0.010642182217922923,120.0,0.14260356836317262,17.112428203580713,1.0
1990-03-01,0.18863427081137973,0.3065305007972422,235.45279748594993,0.0,153.75598357937542,81.69681390657452,227.8115198428341,0.016255581887718702,120.0,0.14260691778598267,17.11283013431792,1.0
1990-03-02,0.19250946979441805,0.3065305007972422,235.45279748594993,0.0,153.75598357937542,81.69681390657452,227.8115198428341,0.01296162000183356,120.0,0.14232118765045135,17.07854251805416,1.0
1990-03-03,0.19683120109359917,0.3065305007972422,235.45279748594993,0.0,153.75598357937542,81.69681390657452,227.8115198428341,0.015449565690916399,120.0,0.1422897478620576,17.07476974344691,1.0
1990-03-04,0.20194131210143149,0.3065305007972422,235.45279748594993,0.0,153.75598357937542,81.69681390657452,227.8115198428341,0.021960952811962576,120.0,0.14210074674874343,17.05208960984921,1.0
1990-03-05,0.20810522827237402,0.3083021834519373,236.67461512833611,0.0,154.5916829447976,82.0829321835385,228.61818908548318,0.012275815427813384,120.0,0.14189029765158437,17.026835718190124,0.3618927849357082
1990-03-06,0.21457319240812942,0.3043967281618583,238.0473103157281,0.0,155.53339999212955,82.51391032359858,229.49682411968615,0.011021354617658637,120.0,0.1417500978857344,17.01001174628813,0.2726002813893402
1990-03-07,0.2238368869780226,0.302816366289495,241.51701710497318,0.0,157.92122119966015,83.59579590531303,231.64618642892918,0.010744824309507921,120.0,0.14163487960522894,16.996185552627473,0.2567996916703427
1990-03-08,0.23533441423345772,0.3035504729759711,246.62492905271708,0.0,161.45221327054918,85.1727157821679,234.66407355261484,0.0116339261959767,120.0,0.14152614508002326,16.98313740960279,0.34334210076143373
1990-03-09,0.24526638544478596,0.3078360264043897,253.59097472508125,0.0,166.29439152778352,87.29658319729772,238.54178816533468,0.010517276699751669,120.0,0.14141966208805148,16.97035945056618,0.2249661824573034
1990-03-10,0.2579973546351935,0.30701729271790484,257.8720304809853,0.0,169.28437560097044,88.58765488001488,240.80349124893485,0.015280985552115626,120.0,0.14129378540043527,16.95525424805223,0.5944591286657994
1990-03-11,0.2703844382587661,0.31285011267218354,264.37898392914525,0.0,173.7976122832267,90.58137164591857,244.01425628412693,0.01081047166128598,120.0,0.14142056308198234,16.97046756983788,0.24453402433470123
1990-03-12,0.2813511915879454,0.31351929258582467,269.7325499019694,0.0,177.45780491617376,92.27474498579562,246.48226586300024,0.01032586445012897,120.0,0.14103748809204028,16.924498571044833,0.2148210561589887
1990-03-13,0.291234028225014,0.31223440818767356,273.99593893023064,0.0,180.3352473749655,93.66069155526517,248.3301985996661,0.01654719263488626,120.0,0.14092487435379766,16.910984922455718,1.0
1990-03-14,0.3001058887999478,0.32897083022596657,285.83160230064493,0.0,188.22978607227353,97.60181622837138,253.17668195597037,0.012036013828849718,120.0,0.14134283522531457,16.96114022703775,0.314970310691144
1990-03-15,0.3122376379205764,0.33330320681997766,293.76073618802957,0.0,193.46234275276984,100.29839343525974,256.25829083272356,0.01077113999659342,120.0,0.140661013082894,16.87932156994728,0.2360498623393573
1990-03-16,0.3239095450567532,0.33309316039663345,299.1499716536507,0.0,196.9664769502422,102.18349470340854,258.20449062380726,0.01087245017659035,120.0,0.14054143376668973,16.864972052002766,0.25596378407719206
1990-03-17,0.3360394847183421,0.33430508007325893,305.51432204547433,0.0,201.04521323088557,104.46910881458878,260.3407720439833,0.0106560980222928,120.0,0.14042793690542704,16.851352428651246,0.24036154078194166
1990-03-18,0.3490063220934442,0.33507815842628863,311.7857160073966,0.0,205.00351900027155,106.78219700712508,262.28610323906844,0.010438616061665998,120.0,0.140315425030085,16.8378510036102,0.22452839658773174
1990-03-19,0.36084775269834835,0.3350565794156491,317.69242207303205,0.0,208.67037225161985,109.02204982141217,263.9636916358026,0.010151782536040207,120.0,0.14020194398788355,16.824233278546025,0.19857030124734487
1990-03-20,0.3759955750641177,0.3329819264962193,322.3074418878406,0.0,211.49163446188194,110.81580742595864,265.18420691490087,0.009925140513111599,120.0,0.1400902320257718,16.810827843092618,0.18272881379479974
1990-03-21,0.3934481664007945,0.32892258198974533,325.538737125222,0.0,213.42783800674027,112.11089911848173,265.96198485031493,0.02011623832543681,120.0,0.13997894892916124,16.79747387149935,0.8615824065334736
1990-03-22,0.40430361306634643,0.3528393087360836,345.91622098270284,0.0,225.35358655080293,120.5626344318999,270.3310299049679,0.01188926439682274,120.0,0.14108156276344272,16.929787531613126,1.0
1990-03-23,0.4117543979800482,0.36778418612486824,358.14305913919964,0.0,232.40305701721076,125.74000212198888,272.8048324818197,0.01336298667865718,120.0,0.14049481413088435,16.859377695706122,1.0
1990-03-24,0.4210132765581274,0.3845330246846182,371.9889130860686,0.0,240.30345256426264,131.6854605218059,275.5467642852426,0.011511055335276903,120.0,0.14102287771960773,16.922745326352928,1.0
1990-03-25,0.42778639405857843,0.3939200187926522,379.8509708174307,0.0,244.73127997371265,135.1196908437181,277.06210151040534,0.016365541618587616,120.0,0.14065625024232573,16.878750029079086,1.0
1990-03-26,0.4344100861217313,0.4062230101837346,390.2554182072415,0.0,250.5345777996949,139.72084040754666,279.0274880457243,0.011064064764379156,120.0,0.14106196250663483,16.92743550079618,1.0
1990-03-27,0.4423750173949954,0.41635046062264497,398.9021910018393,0.0,255.31167706333187,143.59051393850743,280.62857181003693,0.01215712204433625,120.0,0.1420543017803549,17.04651621364259,1.0
1990-03-28,0.45019550972997235,0.4296342490798246,410.3761666677826,0.0,261.57761501483174,148.7985516529509,282.702002214913,0.01161243956392226,120.0,0.14271101088552302,17.125321306262762,1.0
1990-03-29,0.45584950612639447,0.44043268808205915,419.8114982645363,0.0,266.67121831777257,153.1402799467637,284.3660395392246,0.029195722244516522,120.0,0.14252444443524512,17.102933332229416,0.9123979539483849
1990-03-30,0.46601610999767806,0.4741481701869467,450.53984810822493,0.0,283.1207306968327,167.41911741139222,289.6894495163747,0.018511096998566814,120.0,0.14212072360657704,17.054486832789244,0.3663247656604027
1990-03-31,0.4794263275812397,0.4837802218971462,467.2230249152799,0.0,291.9158864967604,175.3071384185195,292.48671558075733,0.0170830838769292,120.0,0.1419468534677883,17.033622416134595,0.27415263728620454
1990-04-01,0.49571142262855894,0.4859639370705332,478.8389853044929,0.0,297.9150530624685,180.92393224202442,294.3499355196252,0.01639167257756603,120.0,0.14178160653708263,17.013792784449915,0.2202468940817232
1990-04-02,0.5134564995892008,0.4835191468875478,487.19969800310446,0.0,302.12409386240495,185.07560414069948,295.61822349270057,0.01812712917926128,120.0,0.14161743991731568,16.994092790077882,0.3547314725594113
1990-04-03,0.5302768844992478,0.4870461588812806,499.82261840321485,0.0,308.20286868824286,191.61974971497196,297.43739321462704,0.0326758683753291,120.0,0.14190583661674416,17.0287003940093,0.9607526955892182
1990-04-04,0.5381651065669624,0.5014292257258999,515.2088397263843,0.0,315.25783298560646,199.95100674077787,299.5537514879005,0.01624313194991742,120.0,0.1411749587457704,16.94099504949245,0.2369440201680625
1990-04-05,0.548117622547399,0.4985906406119313,524.3115541070308,0.0,319.3332914575927,204.97826264943808,300.7780201624284,0.015607321034200816,120.0,0.14100319197120062,16.920383036544074,0.18710564917321532
1990-04-06,0.563358409835675,0.49363937384983403,532.143872883341,0.0,322.73318706691305,209.410685816428,301.8014298871433,0.018102750328289726,120.0,0.14084395717631484,16.90127486115778,0.3729051159157216
1990-04-07,0.5794503325150682,0.48827610207322647,536.6227415489077,0.0,324.5838898976235,212.03885165128415,302.3606160748144,0.0149267714710381,120.0,0.14069574890827066,16.88348986899248,0.16977419468663418
1990-04-08,0.5935956295464996,0.48064860208110916,542.0900756230798,0.0,326.7225137701015,215.3675618529783,303.0099964546547,0.014541412101942788,120.0,0.14052260734376926,16.86271288125231,0.1594720638409937
1990-04-09,0.6115275746194001,0.47270658127476956,547.3907606566684,0.0,328.69323854340746,218.69752211326085,303.6115615237757,0.015160854944295919,120.0,0.14036894246886736,16.844273096264082,0.27876747616566616
1990-04-10,0.6274965615306346,0.4691762090843558,556.4893371619821,0.0,331.85246902876753,224.63686813321462,304.58381704625066,0.02823676078476199,120.0,0.14022253557491562,16.826704268989875,1.0
1990-04-11,0.6437874749486087,0.4844311923821812,578.606470396048,0.0,339.04821586736443,239.55825452868362,306.8180830453562,0.018311917768764313,120.0,0.14023198137195508,16.82783776463461,1.0
1990-04-12,0.6567475264233249,0.49494226299707605,594.9680127103918,0.0,344.00626804420165,250.9617446661901,308.3745047248904,0.020754876965831597,120.0,0.14019476413085555,16.823371695702665,0.5120155673055715
1990-04-13,0.6693429899340424,0.4993114177155963,613.8997054637325,0.0,349.4849842240478,264.41472123968475,310.08751421327366,0.013682314868603883,120.0,0.13963164647724635,16.75579757726956,0.16083335800010612
1990-04-14,0.6844842418455221,0.49068856668818667,620.6223817364121,0.0,351.346924575033,269.2754571613791,310.66572317317394,0.013296810489161861,120.0,0.13948319013875463,16.737982816650554,0.14991334139264012
1990-04-15,0.7020886784319169,0.48106824129864517,625.8313410369074,0.0,352.71178718476995,273.11955385213736,311.08597002415144,0.012842052573341515,120.0,0.1393404532277285,16.72085438732742,0.15285844954621197
1990-04-16,0.7219579545734887,0.47103517323757405,630.0594158266249,0.0,353.74618285135637,276.3132329752685,311.4021710231993,0.012489820060977475,120.0,0.13920362008227033,16.70443440987244,0.1779354928373581
1990-04-17,0.740919565397795,0.46198487601302274,635.4385951359527,0.0,354.95672138992387,280.4818737460288,311.779870694409,0.012020657746305325,120.0,0.13907322019906915,16.6887864238883,0.1529955242889911
1990-04-18,0.7585011539848933,0.45232205071139076,640.1852473341999,0.0,355.93609517727424,284.2491521569256,312.0926233016295,0.011622937033447505,120.0,0.1389419443977883,16.673033327734593,0.15382387342728857
1990-04-19,0.7782680483282679,0.44254323685268493,644.437263769034,0.0,356.73963751988083,287.6976262491531,312.3558616111162,0.013687799077304956,120.0,0.13902068299816467,16.68248195977976,0.31211062314180416
1990-04-20,0.798151413669975,0.4368191424475714,653.924340186901,0.0,358.3474343773471,295.57690580955386,312.9010806563007,0.011750909946831839,120.0,0.13877741602036153,16.653289922443385,0.2230564560933351
1990-04-21,0.8162795192035569,0.42916858523805274,661.8912611806296,0.0,359.54128209803855,302.34997908259106,313.3236572792569,0.01727469556045194,120.0,0.13873899692319086,16.648679630782905,0.9709996581323165
1990-04-22,0.8301600103545068,0.43394841588701133,680.3115537720412,0.0,361.97204234317155,318.3395114288697,314.2269193778246,0.01094818855753418,120.0,0.13865026420700516,16.638031704840618,0.17335175294856003
1990-04-23,0.8473141032359702,0.4247298102835915,686.4661820670747,0.0,362.69990805812085,323.76627400895376,314.5099712877441,0.010366820675490208,120.0,0.13828707412020777,16.594448894424932,0.17495650286614856
1990-04-24,0.8611150584955554,0.41548181144615615,692.352789799191,0.0,363.29642607838775,329.0563637208032,314.7586796986187,0.009905487392476542,120.0,0.13817453792375423,16.580944550850507,0.1237617589489463
1990-04-25,0.8796592700532413,0.40503034701579554,694.8822347488053,0.0,363.51829736100467,331.3639373878006,314.85798600402563,0.00963023469722834,120.0,0.13805714237131347,16.56685708455762,0.11459416988764524
1990-04-26,0.9031183265081111,0.39429822752236166,695.0614097101159,0.0,363.53073482570875,331.5306748844072,314.8643054547345,0.00928237939387685,120.0,0.13793747007644233,16.55249640917308,0.11135252829505245
1990-04-27,0.9291251310253337,0.383786463832797,695.0614097101159,0.0,363.53073482570875,331.5306748844072,314.8643054547345,0.008901677804386101,120.0,0.137820511670859,16.538461400503078,0.1110058486981326
1990-04-28,0.9572186451997403,0.37355094618191154,695.0614097101159,0.0,363.53073482570875,331.5306748844072,314.8643054547345,0.008422112603927981,120.0,0.13770617823524203,16.524741388229042,0.1260933064783312
1990-04-29,0.9853402445236608,0.3637574860147198,695.0614097101159,0.0,363.53073482570875,331.5306748844072,314.8643054547345,0.011641973480942596,120.0,0.1378951951321099,16.54742341585319,0.36787123038437614
1990-04-30,1.0,0.35685923885253107,700.9803701863823,4.183550211142751,363.53073482570875,333.2660851495308,314.9941489325043,0.015175376285938421,120.0,0.13804259583336448,16.565111500003738,0.8936217592627186
1990-05-01,1.0151591289782245,0.3557203771119317,714.4027703419216,17.60595036668208,363.53073482570875,333.2660851495308,315.2680754662908,0.015327623866701274,120.0,0.138307909981466,16.59694919777592,0.5722222130095934
1990-05-02,1.0277219430485762,0.3511552988406817,729.4072922184525,32.610472243213074,363.53073482570875,333.2660851495308,315.5506433652396,0.016248474838246398,120.0,0.13721349506594774,16.465619407913728,0.8014994517719697
1990-05-03,1.0380234505862647,0.3490641632606901,742.3807888591055,45.58396888386593,363.53073482570875,333.2660851495308,315.7780662416772,0.007593838969469109,120.0,0.13711993075955156,16.45439169114619,0.16614065510648363
1990-05-04,1.0500837520938024,0.34033205082561924,745.8271778166298,49.03035784139031,363.53073482570875,333.2660851495308,315.83480875648024,0.007342461914510293,120.0,0.1369802071785162,16.437624861421945,0.08793080091848442
1990-05-05,1.0645728643216081,0.33101985939507045,745.8271778166298,49.03035784139031,363.53073482570875,333.2660851495308,315.83480875648024,0.007403849297376169,120.0,0.13686975960684578,16.424371152821493,0.07724036573038652
1990-05-06,1.0826633165829147,0.32185630646332924,745.8271778166298,49.03035784139031,363.53073482570875,333.2660851495308,315.83480875648024,0.0069643990412110975,120.0,0.13675369121108824,16.41044294533059,0.07869892122010742
1990-05-07,1.1018425460636516,0.31296050959262595,745.8271778166298,49.03035784139031,363.5307348257087,333.2660851495308,315.83480875648024,0.0063922792952060235,120.0,0.13664319529019753,16.397183434823702,0.08665565955013484
1990-05-08,1.1220268006700167,0.30438528828600403,745.8271778166298,49.03035784139031,363.53073482570875,333.2660851495308,315.83480875648024,0.006373231486457811,120.0,0.1365458234350962,16.385498812211544,0.07718229241818544
1990-05-09,1.1443048576214405,0.2959585242672724,745.8271778166298,49.03035784139031,363.5307348257087,333.2660851495308,315.83480875648024,0.006544391455511368,120.0,0.13644103297482615,16.37292395697914,0.06726834786173863
1990-05-10,1.1675879396984925,0.28767702776814597,745.8271778166298,49.03035784139031,363.5307348257087,333.2660851495308,315.83480875648024,0.0055384653433605754,120.0,0.13632553934065003,16.359064720878003,0.08769816848841906
1990-05-11,1.1896984924623115,0.27980357938864536,745.8271778166298,49.03035784139031,363.53073482570875,333.2660851495308,315.83480875648024,0.005232738911095271,120.0,0.13624108090059947,16.348929708071935,0.09695128785565452
1990-05-12,1.2106365159128978,0.27222329152803654,745.8271778166298,49.03035784139031,363.53073482570875,333.2660851495308,315.83480875648024,0.005269586585248134,120.0,0.13616530042271494,16.339836050725793,0.07749980006506636
1990-05-13,1.233500837520938,0.26468951030218973,745.8271778166298,49.03035784139031,363.53073482570875,333.2660851495308,315.83480875648024,0.0051686070149751795,120.0,0.1360623180831654,16.327478169979848,0.16041138101701968
1990-05-14,1.2510887772194303,0.25802260128977283,745.8271778166298,49.03035784139031,363.53073482570875,333.2660851495308,315.83480875648024,0.004891860623900388,120.0,0.13613884649533012,16.336661579439614,0.0822917321386015
1990-05-15,1.269011725293132,0.25091891705481095,745.8271778166298,49.03035784139031,363.53073482570875,333.2660851495308,315.83480875648024,0.00488439206328792,120.0,0.13592249642880486,16.31069957145658,0.1652554280610645
1990-05-16,1.2841708542713566,0.24463532093456197,745.8271778166298,49.03035784139031,363.53073482570875,333.2660851495308,315.83480875648024,0.011704630738110148,120.0,0.13932506355731716,16.71900762687806,1.0
1990-05-17,1.2959798994974872,0.24463532093456197,757.9234167369801,61.12659676174065,363.53073482570875,333.2660851495308,315.83480875648024,0.009734210877059443,120.0,0.1401235412500986,16.814824950011833,0.4246456165187576
1990-05-18,1.3087102177554435,0.24041276080694074,763.6954341349821,66.89861415974258,363.53073482570875,333.2660851495308,315.83480875648024,0.006275586522865861,120.0,0.1383326562955342,16.599918755464106,0.10772580607735371
1990-05-19,1.327051926298157,0.23397733773620882,763.6954341349821,66.89861415974258,363.53073482570875,333.2660851495308,315.83480875648024,0.005940684545848504,120.0,0.13818655288793316,16.582386346551978,0.1102057937525014
1990-05-20,1.3480737018425457,0.22773158735088203,763.6954341349821,66.89861415974258,363.53073482570875,333.2660851495308,315.83480875648024,0.006367064930920826,120.0,0.13809153864171556,16.570984637005868,0.2549655236329108
1990-05-21,1.3652428810720265,0.22264155083285572,763.6954341349821,66.89861415974258,363.53073482570875,333.2660851495308,315.83480875648024,0.007193696268546747,120.0,0.13801809707262824,16.56217164871539,0.3492984103920093
1990-05-22,1.3808207705192628,0.2182953545016639,764.8346232785308,68.03780330329127,363.5307348257087,333.2660851495308,315.83480875648024,0.010209572331610465,120.0,0.13800975944693558,16.56117113363227,0.88997327188173
1990-05-23,1.3931323283082075,0.2175748047930868,772.3781323274552,75.58131235221573,363.5307348257087,333.2660851495308,315.83480875648024,0.00604488960538305,120.0,0.13850478193553112,16.620573832263734,0.22770925417754892
1990-05-24,1.4070351758793969,0.212533874545112,773.6494540856842,76.85263411044464,363.5307348257087,333.2660851495308,315.83480875648024,0.00507439139818354,120.0,0.1377834222464213,16.534010669570556,0.11298667040225026
1990-05-25,1.4237855946398659,0.2068782631537349,773.6494540856842,76.85263411044464,363.5307348257087,333.2660851495308,315.83480875648024,0.005139105254930525,120.0,0.13768860012177647,16.522632014613176,0.09310696097400198
1990-05-26,1.4426298157453936,0.20124976945033757,773.6494540856842,76.85263411044464,363.5307348257087,333.2660851495308,315.83480875648024,0.004820485366292653,120.0,0.13759515525104785,16.511418630125743,0.09882710501616565
1990-05-27,1.46214405360134,0.19580894432982587,773.6494540856842,76.85263411044464,363.53073482570863,333.2660851495308,315.83480875648024,0.004691008491845737,120.0,0.1375086056557451,16.501032678689413,0.09460874365016556
1990-05-28,1.4831658291457286,0.1904904331464864,773.6494540856842,76.85263411044464,363.5307348257087,333.2660851495308,315.83480875648024,0.0043934747406719574,120.0,0.13742030666204172,16.490436799445007,0.10309471253658985
1990-05-29,1.5041038525963148,0.18536487684547803,773.6494540856842,76.85263411044464,363.53073482570863,333.2660851495308,315.83480875648024,0.00983284401624212,120.0,0.13808088790654333,16.5697065487852,0.8978764340603682
1990-05-30,1.5219430485762144,0.1847969731787754,777.4025125437769,80.60569256853739,363.53073482570863,333.2660851495308,315.83480875648024,0.0048550896214186005,120.0,0.13852996950129592,16.623596340155512,0.1706347049851547
1990-05-31,1.5408710217755444,0.1704692087532172,777.4025125437768,80.60569256853739,363.53073482570863,333.26608514953074,315.83480875648024,0.004268020293741623,120.0,0.13750564633445894,16.500677560135074,0.20754468473250798
1990-06-01,1.557788944723618,0.15182347845737054,777.4025125437768,80.60569256853739,363.53073482570863,333.26608514953074,315.8348087564803,0.0034674344191617636,120.0,0.13711595654028702,16.453914784834442,0.09068933707781796
1990-06-02,1.5778894472361809,0.1301820788422041,777.4025125437768,80.60569256853739,363.53073482570863,333.26608514953074,315.8348087564803,0.002826664722840468,120.0,0.13703655818980295,16.444386982776354,0.12344636963155994
1990-06-03,1.5989112227805695,0.10233855190101689,777.4025125437768,80.60569256853739,363.53073482570863,333.26608514953074,315.8348087564803,0.0023330862526289996,120.0,0.13697918604337672,16.437502325205205,0.08726428053887038
1990-06-04,1.6203517587939698,0.08649080124864691,777.4025125437768,80.60569256853739,363.53073482570863,333.26608514953074,315.8348087564803,0.0021367178651777816,120.0,0.13690822266780106,16.428986720136127,0.07274406102446229
1990-06-05,1.643467336683417,0.07803342863788738,777.4025125437768,80.60569256853739,363.53073482570863,333.26608514953074,315.83480875648036,0.0018469084437691555,120.0,0.136824796186204,16.41897554234448,0.07575704867856538
1990-06-06,1.6674204355108877,0.07385549211847862,777.4025125437769,80.60569256853739,363.53073482570863,333.2660851495308,315.83480875648036,0.0015942559957067266,120.0,0.13674861591539722,16.409833909847666,0.09264407099312683
1990-06-07,1.6911222780569513,0.04139186957679506,777.4025125437768,80.60569256853739,363.53073482570863,333.26608514953074,315.8348087564803,0.0016474566418642233,120.0,0.13699381510748734,16.439257812898482,0.4981832114195558
1990-06-08,1.7089614740368508,0.02582967773143264,777.4025125437768,80.60569256853739,363.53073482570863,333.26608514953074,315.8348087564803,0.0006183222249292244,120.0,0.13737660545161592,16.48519265419391,0.09972218435011905
1990-06-09,1.7283082077051926,0.022936168998790248,777.4025125437768,80.60569256853739,363.53073482570863,333.26608514953074,315.8348087564803,0.0005600399461242945,120.0,0.1366044653070913,16.392535836850957,0.0676959735398198
1990-06-10,1.7510887772194303,0.020743250185627043,777.4025125437768,80.60569256853739,363.53073482570863,333.26608514953074,315.8348087564803,0.0004948173235367478,120.0,0.13652336125617373,16.382803350740847,0.06793930880107464
1990-06-11,1.7743718592964823,0.01610063605468111,777.4025125437768,80.60569256853739,363.53073482570863,333.26608514953074,315.83480875648036,0.00033653531739766376,120.0,0.13645171183379678,16.374205420055613,0.08863240241315451
1990-06-12,1.7974874371859295,0.010988596950526666,777.4025125437768,80.60569256853739,363.53073482570863,333.26608514953074,315.83480875648036,0.00023299408066465026,120.0,0.13640062716305107,16.36807525956613,0.08153528578012545
1990-06-13,1.8218592964824118,0.003304428062978909,777.4025125437767,80.60569256853739,363.5307348257086,333.26608514953074,315.83480875648036,7.090680602235955e-05,120.0,0.13634575138992458,16.36149016679095,0.07682488171521969
1990-06-14,1.8464824120603014,0.0004967345443205501,777.4025125437767,80.60569256853739,363.5307348257086,333.26608514953074,315.83480875648036,1.0658707592240401e-05,120.0,0.1362874187151316,16.35449024581579,0.16580915269274182
1990-06-15,1.8674204355108877,0.0,777.4025125437767,80.60569256853739,363.5307348257086,333.26608514953074,315.83480875648036,0.0,120.0,0.13712318288920017,16.45478194670402,0.1093920913319227
1990-06-16,1.8876046901172527,0.0,777.4025125437767,80.60569256853739,363.5307348257086,333.26608514953074,315.83480875648036,0.0,120.0,0.136223293767421,16.346795252090523,0.08068317047418098
1990-06-17,1.9096314907872696,0.0,777.4025125437767,80.60569256853739,363.5307348257086,333.26608514953074,315.83480875648036,0.0,120.0,0.1361598156345049,16.33917787614059,0.09271473623970629
1990-06-18,1.9329983249581237,0.0,777.4025125437767,80.60569256853739,363.5307348257086,333.26608514953074,315.83480875648036,0.0,120.0,0.1371630768366481,16.45956922039777,0.12181113457664366
1990-06-19,1.9554438860971521,0.0,777.4025125437767,80.60569256853739,363.5307348257086,333.26608514953074,315.83480875648036,0.0,120.0,0.13793718347366796,16.552462016840156,0.881909274851994
1990-06-20,1.974120603015075,0.0,777.4025125437767,80.60569256853739,363.5307348257086,333.26608514953074,315.83480875648036,0.0,120.0,0.13993117502081764,16.791741002498117,0.518509538170337
1990-06-21,1.9921273031825792,0.0,777.4025125437767,80.60569256853739,363.5307348257086,333.26608514953074,315.83480875648036,0.0,120.0,0.13879910985529154,16.655893182634983,0.1988649918315728
1990-06-22,2.0,0.0,777.4025125437767,80.60569256853739,363.5307348257086,333.26608514953074,315.83480875648036,0.0,120.0,0.1380428605907245,16.56514327088694,0.10703733621890055
